2366.0115139103737,1043.780301502354,3.0,0
2366.0115139103737,1043.340301502354,0.0,0
2366.046055641494,1042.681206009416,3.0,0
2366.046055641494,1041.8012060094159,0.0,0
2366.1036251933615,1040.7027135211858,3.0,0
2366.1036251933615,1039.382713521186,0.0,0
2366.1842225659757,1037.8448240376638,3.0,0
2366.1842225659757,1036.0848240376638,0.0,0
2366.2878477593367,1034.1075375588498,3.0,0
2366.2878477593367,1031.9075375588498,0.0,0
2366.4145007734446,1029.4908540847437,3.0,0
2366.4145007734446,1026.8508540847436,0.0,0
2366.5641816082994,1023.9947736153455,3.0,0
2366.5641816082994,1020.9147736153454,0.0,0
2366.736890263901,1017.6192961506554,3.0,0
2366.736890263901,1014.0992961506554,0.0,0
2366.9326267402494,1010.3644216906733,3.0,0
2366.9326267402494,1006.4044216906733,0.0,0
2367.151391037345,1002.2301502353992,3.0,0
2367.151391037345,997.8301502353992,0.0,0
2367.3931831551877,993.216481784833,3.0,0
2367.3931831551877,988.376481784833,0.0,0
2367.658003093777,983.3234163389749,3.0,0
2367.658003093777,978.0434163389749,0.0,0
2367.9458508531134,972.5509538978248,3.0,0
2367.9458508531134,966.8309538978248,0.0,0
2367.6349752730302,960.8990944613826,-3.0,-2.3853543307086613
2366.9910799393015,954.772839585914,-6.0,-4.859055118110236
2365.997721086296,948.5010186231349,-9.0,-7.421102362204724
2364.6774818496033,942.2897813584752,-12.0,-10.059448818897637
2363.0339809132024,936.1561523615396,-15.0,-12.69779527559055
2361.0717229989214,930.1169434830654,-18.0,-15.336141732283464
2359.4282220625205,923.9833144861298,-15.0,-15.336141732283464
2357.4659641482394,917.9441056076555,-18.0,-15.336141732283464
2355.8224632118386,911.8104766107199,-15.0,-15.336141732283464
2353.8602052975575,905.7712677322456,-18.0,-15.336141732283464
2352.2167043611566,899.63763873531,-15.0,-15.336141732283464
2350.2544464468756,893.5984298568358,-18.0,-15.336141732283464
2348.6109455104747,887.4648008599002,-15.0,-15.336141732283464
2346.6486875961937,881.4255919814259,-18.0,-15.336141732283464
2345.005186659793,875.2919629844903,-15.0,-15.336141732283464
2343.0429287455117,869.252754106016,-18.0,-15.336141732283464
2341.399427809111,863.1191251090804,-15.0,-15.336141732283464
2339.43716989483,857.0799162306062,-18.0,-15.336141732283464
2337.793668958429,850.9462872336705,-15.0,-15.336141732283464
2335.831411044148,844.9070783551963,-18.0,-15.336141732283464
2334.187910107747,838.7734493582607,-15.0,-15.336141732283464
2332.225652193466,832.7342404797864,-18.0,-15.336141732283464
2330.582151257065,826.6006114828508,-15.0,-17.974488188976377
2328.7786538181954,820.5121061664378,-16.5,-20.612834645669288
2326.8163959039143,814.4728972879635,-18.0,-23.251181102362203
2324.69672234778,808.4871238195282,-19.5,-25.889527559055118
2322.421085868167,802.5588881112709,-21.0,-28.527874015748033
2319.9910460726487,796.6922530798242,-22.5,-31.166220472440948
2317.4082683891174,790.8912394237938,-24.0,-33.80456692913386
2314.6745229243847,785.1598228681721,-25.5,-36.44291338582678
2311.7916832510386,779.501931439576,-27.0,-39.08125984251969
2308.76172512339,773.9214427741725,-28.5,-41.71960629921261
2305.58672512339,768.4221814601414,-30.0,-44.35795275590552
2302.153909553206,762.8203355803349,-31.5,-46.99629921259844
2298.4558105054543,757.1257624239855,-33.0,-49.72299212598426
2294.499462940534,751.3692409964607,-34.5,-52.538031496063
2290.393782953271,745.7182572907517,-36.0,-55.43137795275591
2286.141584371645,740.1766842088174,-37.5,-58.32472440944882
2281.745781440162,734.7483196680405,-39.0,-61.21807086614173
2277.2093868225757,729.4368839983243,-40.5,-64.11141732283464
2272.535509537159,724.2460173923647,-42.0,-67.00476377952755
2267.7273528259384,719.1792774108438,-43.5,-69.89811023622046
2262.7882119593505,714.2401365442558,-45.0,-72.79145669291337
2257.72147197783,709.431979833035,-46.5,-75.68480314960628
2252.5306053718705,704.7581025476184,-48.0,-78.57814960629919
2247.2191697021544,700.221707930032,-49.5,-81.4714960629921
2241.7908051613776,695.8259049985489,-51.0,-84.36484251968501
2236.2492320794436,691.5737064169231,-52.5,-87.25818897637792
2230.5982483737344,687.4680264296602,-54.0,-90.15153543307083
2224.8417269462097,683.5116788647402,-55.5,-93.04488188976374
2218.983613029111,679.7073752051602,-57.0,-95.93822834645665
2213.0279214810976,676.0577227306194,-58.5,-98.83157480314956
2206.9787340356634,672.5652227306194,-60.0,-101.72492125984247
2200.8401965037197,669.232268790206,-61.5,-104.61826771653539
2194.616515932264,666.0611451495253,-63.0,-107.5116141732283
2188.2354009106307,663.2200896976408,-66.0,-110.4049606299212
2181.7143416315475,660.7168895700669,-69.0,-113.29830708661412
2175.071211865226,658.5584058643578,-72.0,-116.19165354330703
2168.324219968597,656.7505548343167,-75.0,-119.08499999999994
2161.491858977471,655.2982916739547,-78.0,-121.97834645669285
2154.592855918414,654.2055969356487,-81.0,-124.87169291338576
2147.6461204792668,653.4754656197241,-84.0,-127.76503937007867
2140.670693179006,653.1098989653672,-87.0,-130.6583858267716
2133.6856931790057,653.1098989653672,-90.0,-133.5517322834645
2126.710265878745,653.4754656197241,-93.0,-136.4450787401574
2119.7635304395976,654.2055969356487,-96.0,-139.33842519685032
2112.8645273805405,655.2982916739547,-99.0,-142.23177165354323
2106.0321663894147,656.7505548343167,-102.0,-145.12511811023614
2099.2851744927857,658.5584058643578,-105.0,-148.01846456692905
2092.642044726464,660.7168895700669,-108.0,-150.91181102362196
2086.120985447381,663.2200896976408,-111.0,-153.80515748031488
2079.7398704257475,666.0611451495253,-114.0,-156.69850393700779
2073.516189854292,669.232268790206,-117.0,-159.5918503937007
2067.65752799769,672.6147687902061,-120.0,-162.4851968503936
2062.1684291304873,676.1794312743795,-123.0,-165.2901968503936
2057.051396641066,679.8971729951294,-126.0,-165.2901968503936
2052.306920546371,683.7391739824886,-129.0,-162.66188976377944
2047.9335132484368,687.6770076009105,-132.0,-160.12192913385817
2043.927753333015,691.6827675163323,-135.0,-157.67031496062984
2040.284337181391,695.7291910910567,-138.0,-155.3070472440944
2036.9961381381556,699.7897787396694,-141.0,-153.03212598425188
2034.0542729504318,703.838908796516,-144.0,-150.84555118110228
2031.448175167885,707.8519474641348,-147.0,-148.7473228346456
2028.7649354911698,711.5451100434565,-144.0,-146.7374409448818
2026.3984788840296,715.1891336611793,-147.0,-144.81590551181094
2023.973864718323,718.5263287629759,-144.0,-142.98271653543298
2021.5163685912735,721.5610837424654,-141.0,-141.23787401574793
2019.050622306841,724.2995724243495,-138.0,-139.58137795275582
2016.8700271518533,726.9923831807979,-141.0,-138.0132283464566
2014.6986983342188,729.4038881394721,-138.0,-136.5334251968503
2012.4536343039515,731.6489521697393,-135.0,-135.1419685039369
2010.0941494830608,733.7734418449287,-132.0,-133.778622047244
2007.8490854527936,736.018505875196,-135.0,-132.4152755905511
2005.489600631903,738.1429955503853,-132.0,-131.05192913385818
2003.022162204277,740.1410877919685,-129.0,-129.68858267716527
2000.4535332471366,742.0073059679971,-126.0,-128.32523622047236
1997.9860948195108,744.0053982095803,-129.0,-126.96188976377945
1995.4174658623704,745.871616385609,-126.0,-125.59854330708654
1992.7546868091435,747.6008453217817,-123.0,-124.23519685039363
1990.005056152128,749.1883453217816,-120.0,-122.87185039370073
1987.3422770989011,750.9175742579544,-123.0,-121.50850393700782
1984.5926464418856,752.5050742579543,-120.0,-120.14515748031491
1981.9298673886587,754.234303194127,-123.0,-120.14515748031491
1979.1802367316432,755.821803194127,-120.0,-120.14515748031491
1976.5174576784163,757.5510321302997,-123.0,-120.14515748031491
1973.7678270214008,759.1385321302997,-120.0,-120.14515748031491
1971.105047968174,760.8677610664724,-123.0,-120.14515748031491
1968.3554173111584,762.4552610664724,-120.0,-120.14515748031491
1965.6926382579315,764.1844900026451,-123.0,-120.14515748031491
1962.943007600916,765.7719900026451,-120.0,-120.14515748031491
1960.2802285476891,767.5012189388178,-123.0,-120.14515748031491
1957.5305978906736,769.0887189388178,-120.0,-120.14515748031491
1954.8678188374467,770.8179478749905,-123.0,-120.14515748031491
1952.1181881804312,772.4054478749905,-120.0,-120.14515748031491
1949.4554091272043,774.1346768111632,-123.0,-120.14515748031491
1946.7057784701888,775.7221768111632,-120.0,-120.14515748031491
1944.042999416962,777.4514057473359,-123.0,-120.14515748031491
1941.2933687599464,779.0389057473359,-120.0,-120.14515748031491
1938.6305897067195,780.7681346835086,-123.0,-120.14515748031491
1935.880959049704,782.3556346835086,-120.0,-120.14515748031491
1933.2181799964771,784.0848636196813,-123.0,-120.14515748031491
1930.4685493394616,785.6723636196813,-120.0,-120.14515748031491
1927.8057702862347,787.401592555854,-123.0,-120.14515748031491
1924.8656140403866,789.099092555854,-120.0,-120.14515748031491
1921.8338199372638,791.0679626674333,-123.0,-120.14515748031491
1918.5126125137506,792.9854626674334,-120.0,-120.14515748031491
1915.111803360732,795.1939739544193,-123.0,-120.14515748031491
1911.4095447595535,797.3314739544194,-120.0,-120.14515748031491
1907.4044704333267,799.3721612507486,-117.0,-118.34007874015742
1903.0971036005417,801.289924522851,-114.0,-116.44665354330704
1898.699986403672,803.5303676390657,-117.0,-114.46488188976373
1893.9906595695245,805.6270950341215,-114.0,-112.39476377952751
1888.972664777102,807.5533227629275,-111.0,-110.23629921259837
1883.6515035684306,809.2822728464553,-108.0,-107.98948818897632
1878.0346448885596,810.7873055937264,-105.0,-105.65433070866136
1872.2950188127184,812.6522231547792,-108.0,-105.65433070866136
1866.2531527692802,814.2711362818955,-105.0,-105.65433070866136
1860.213943890806,816.2333941961764,-108.0,-105.65433070866136
1854.0803148938703,817.8768951325774,-105.0,-105.65433070866136
1848.041106015396,819.8391530468583,-108.0,-105.65433070866136
1841.9074770184604,821.4826539832593,-105.0,-105.65433070866136
1835.8682681399862,823.4449118975402,-108.0,-105.65433070866136
1829.7346391430506,825.0884128339412,-105.0,-105.65433070866136
1823.6954302645763,827.0506707482222,-108.0,-105.65433070866136
1817.5618012676407,828.6941716846231,-105.0,-105.65433070866136
1811.5225923891664,830.6564295989041,-108.0,-108.29267716535428
1805.5943566809092,832.9320660785168,-111.0,-110.93102362204719
1799.7933430248786,835.514843762048,-114.0,-113.5693700787401
1794.1354515962826,838.3976834353941,-117.0,-116.20771653543302
1788.6361902822514,841.5726834353941,-120.0,-118.84606299212594
1783.310632175798,845.0311413077395,-123.0,-121.48440944881885
1778.173374261517,848.7635776597967,-126.0,-124.12275590551177
1773.2384974062652,852.7597621429632,-129.0,-126.76110236220468
1768.5195277644837,857.0087414933419,-132.0,-129.39944881889758
1764.0293997039491,861.4988695538765,-135.0,-132.0377952755905
1759.3104300621676,865.7478489042552,-132.0,-134.6761417322834
1754.820302001633,870.2379769647898,-135.0,-134.6761417322834
1750.1013323598515,874.4869563151685,-132.0,-134.6761417322834
1745.611204299317,878.9770843757032,-135.0,-134.6761417322834
1740.8922346575355,883.2260637260819,-132.0,-134.6761417322834
1736.402106597001,887.7161917866165,-135.0,-134.6761417322834
1731.6831369552194,891.9651711369952,-132.0,-134.6761417322834
1727.193008894685,896.4552991975298,-135.0,-134.6761417322834
1722.4740392529034,900.7042785479085,-132.0,-134.6761417322834
1717.9839111923689,905.1944066084432,-135.0,-134.6761417322834
1713.2649415505873,909.4433859588219,-132.0,-134.6761417322834
1708.7748134900528,913.9335140193565,-135.0,-132.0377952755905
1704.0558438482713,918.1824933697352,-132.0,-129.39944881889758
1699.1209669930195,922.1786778529016,-129.0,-126.76110236220467
1693.9837090787385,925.9111142049588,-126.0,-124.12275590551175
1688.658150972285,929.3695720773043,-123.0,-121.48440944881884
1683.1588896582539,932.5445720773042,-120.0,-118.84606299212592
1677.5009982296579,935.4274117506503,-117.0,-116.20771653543301
1671.6999845736273,938.0101894341816,-114.0,-113.56937007874009
1665.77174886537,940.2858259137943,-111.0,-110.93102362204718
1659.7325399868957,942.2480838280752,-108.0,-108.29267716535426
1653.5989109899601,943.8915847644762,-105.0,-105.65433070866135
1647.3876737253004,945.211824001169,-102.0,-103.01598425196843
1641.1158527625212,946.2051828541745,-99.0,-100.37763779527552
1634.8006387269327,946.8689385959241,-96.0,-97.7392913385826
1628.4593411812411,947.2012719180668,-93.0,-95.10094488188969
1622.1093411812412,947.2012719180668,-90.0,-92.46259842519677
1615.7680436355497,946.8689385959241,-87.0,-89.82425196850386
1609.4180436355498,946.8689385959241,-90.0,-87.18590551181094
1603.0767460898583,946.5366052737813,-87.0,-84.54755905511803
1596.7615320542698,945.8728495320318,-84.0,-81.90921259842511
1590.4897110914906,944.8794906790263,-81.0,-79.2708661417322
1584.2784738268308,943.5592514423334,-78.0,-76.63251968503928
1578.1448448298952,941.9157505059325,-75.0,-73.99417322834637
1572.105635951421,939.9534925916515,-72.0,-71.35582677165345
1566.1774002431637,937.6778561120389,-69.0,-68.71748031496054
1560.376386587133,935.0950784285076,-66.0,-66.07913385826762
1554.718495158537,932.2122387551615,-63.0,-63.44078740157471
1549.2192338445059,929.0372387551615,-60.0,-60.802440944881795
1543.8936757380525,925.5787808828161,-57.0,-58.16409448818888
1538.7564178237715,921.8463445307589,-54.0,-55.525748031495965
1533.8215409685197,917.8501600475925,-51.0,-52.88740157480305
1529.1025713267381,913.6011806972137,-48.0,-50.249055118110135
1524.6124432662036,909.1110526366791,-45.0,-47.61070866141722
1520.363463915825,904.3920829948977,-42.0,-44.972362204724305
1515.8733358552904,899.9019549343631,-45.0,-42.33401574803139
1511.6243565049117,895.1829852925816,-42.0,-39.695669291338476
1507.6281720217453,890.2481084373298,-39.0,-37.05732283464556
1503.895735669688,885.110850523049,-36.0,-34.418976377952646
1500.4372777973426,879.7852924165956,-33.0,-31.78062992125973
1497.2622777973427,874.2860311025644,-30.0,-31.78062992125973
1493.8038199249972,868.960472996111,-33.0,-31.78062992125973
1490.6288199249973,863.4612116820798,-30.0,-31.78062992125973
1487.1703620526519,858.1356535756264,-33.0,-31.78062992125973
1483.995362052652,852.6363922615952,-30.0,-31.78062992125973
1480.5369041803065,847.3108341551418,-33.0,-31.78062992125973
1477.3619041803065,841.8115728411107,-30.0,-31.78062992125973
1473.903446307961,836.4860147346573,-33.0,-34.418976377952646
1470.1710099559039,831.3487568203764,-36.0,-37.05732283464556
1466.1748254727374,826.4138799651246,-39.0,-39.695669291338476
1461.9258461223587,821.6949103233432,-42.0,-42.33401574803139
1457.4357180618242,817.2047822628085,-45.0,-44.972362204724305
1452.7167484200427,812.9558029124298,-48.0,-47.61070866141722
1447.781871564791,808.9596184292634,-51.0,-50.249055118110135
1442.6446136505099,805.2271820772062,-54.0,-52.88740157480305
1437.3190555440565,801.7687242048607,-57.0,-55.525748031495965
1431.8197942300253,798.5937242048608,-60.0,-58.16409448818888
1426.1619028014293,795.7108845315147,-63.0,-60.802440944881795
1420.3608891453987,793.1281068479834,-66.0,-63.44078740157471
1414.4326534371414,790.8524703683707,-69.0,-66.07913385826762
1408.6316397811108,788.2696926848395,-66.0,-68.71748031496054
1402.7034040728536,785.9940562052268,-69.0,-71.35582677165345
1396.6641951943793,784.0317982909459,-72.0,-73.99417322834637
1390.5305661974437,782.3882973545449,-75.0,-76.63251968503928
1384.319328932784,781.068058117852,-78.0,-79.2708661417322
1378.0475079700047,780.0746992648466,-81.0,-79.2708661417322
1371.836270705345,778.7544600281537,-78.0,-79.2708661417322
1365.5644497425658,777.7611011751483,-81.0,-79.2708661417322
1359.353212477906,776.4408619384554,-78.0,-79.2708661417322
1353.0813915151268,775.44750308545,-81.0,-79.2708661417322
1346.870154250467,774.1272638487571,-78.0,-79.2708661417322
1340.5983332876879,773.1339049957517,-81.0,-79.2708661417322
1334.2831192520994,772.4701492540021,-84.0,-81.90921259842511
1327.9418217064078,772.1378159318593,-87.0,-84.54755905511803
1321.591821706408,772.1378159318593,-90.0,-87.18590551181094
1315.2505241607164,771.8054826097166,-87.0,-89.82425196850386
1308.9005241607165,771.8054826097166,-90.0,-92.46259842519677
1302.559226615025,772.1378159318593,-93.0,-95.10094488188969
1296.2440125794365,772.8015716736089,-96.0,-97.7392913385826
1289.9721916166573,773.7949305266144,-99.0,-100.37763779527552
1283.7609543519975,775.1151697633072,-102.0,-103.01598425196843
1277.6273253550619,776.7586706997082,-105.0,-105.65433070866135
1271.5881164765876,778.7209286139891,-108.0,-108.29267716535426
1265.6598807683304,780.9965650936018,-111.0,-110.93102362204718
1259.8588671122998,783.5793427771331,-114.0,-113.56937007874009
1254.2009756837037,786.4621824504792,-117.0,-116.20771653543301
1248.7017143696726,789.6371824504791,-120.0,-118.84606299212592
1243.3761562632192,793.0956403228246,-123.0,-121.48440944881884
1238.2388983489382,796.8280766748818,-126.0,-124.12275590551175
1233.3040214936864,800.8242611580482,-129.0,-126.76110236220467
1228.5850518519048,805.0732405084269,-132.0,-129.39944881889758
1224.0949237913703,809.5633685689616,-135.0,-132.0377952755905
1219.3759541495888,813.8123479193403,-132.0,-134.6761417322834
1214.8858260890543,818.3024759798749,-135.0,-134.6761417322834
1210.1668564472727,822.5514553302536,-132.0,-134.6761417322834
1205.6767283867382,827.0415833907882,-135.0,-134.6761417322834
1200.9577587449567,831.2905627411669,-132.0,-134.6761417322834
1196.4676306844221,835.7806908017016,-135.0,-134.6761417322834
1191.7486610426406,840.0296701520803,-132.0,-134.6761417322834
1187.258532982106,844.5197982126149,-135.0,-134.6761417322834
1182.5395633403245,848.7687775629936,-132.0,-134.6761417322834
1178.04943527979,853.2589056235282,-135.0,-134.6761417322834
1173.3304656380085,857.5078849739069,-132.0,-134.6761417322834
1168.840337577474,861.9980130344416,-135.0,-134.6761417322834
1164.5913582270953,866.716982676223,-138.0,-137.31448818897633
1160.5951737439289,871.6518595314748,-141.0,-139.95283464566924
1156.8627373918716,876.7891174457557,-144.0,-142.59118110236216
1153.4042795195262,882.1146755522091,-147.0,-145.22952755905507
1150.2292795195262,887.6139368662402,-150.0,-147.867874015748
1147.3464398461801,893.2718282948364,-153.0,-150.5062204724409
1144.7636621626489,899.0728419508669,-156.0,-153.14456692913382
1141.8808224893028,904.730733379463,-153.0,-155.78291338582673
1139.2980448057715,910.5317470354935,-156.0,-158.42125984251965
1137.022408326159,916.4599827437507,-159.0,-161.05960629921256
1135.060150411878,922.499191622225,-162.0,-163.69795275590548
1133.416649475477,928.6328206191606,-165.0,-166.3362992125984
1132.0964102387843,934.8440578838203,-168.0,-166.3362992125984
1130.4529093023832,940.9776868807559,-165.0,-166.3362992125984
1129.1326700656905,947.1889241454155,-168.0,-166.3362992125984
1127.4891691292894,953.3225531423511,-165.0,-166.3362992125984
1126.1689298925967,959.5337904070108,-168.0,-166.3362992125984
1124.5254289561956,965.6674194039464,-165.0,-166.3362992125984
1123.2051897195029,971.878656668606,-168.0,-166.3362992125984
1121.5616887831018,978.0122856655416,-165.0,-166.3362992125984
1120.241449546409,984.2235229302013,-168.0,-166.3362992125984
1118.597948610008,990.3571519271369,-165.0,-166.3362992125984
1117.2777093733152,996.5683891917965,-168.0,-166.3362992125984
1115.6342084369142,1002.7020181887322,-165.0,-166.3362992125984
1114.3139692002214,1008.9132554533918,-168.0,-166.3362992125984
1112.6704682638203,1015.0468844503274,-165.0,-166.3362992125984
1111.3502290271276,1021.258121714987,-168.0,-166.3362992125984
1109.7067280907265,1027.3917507119227,-165.0,-166.3362992125984
1108.3864888540338,1033.6029879765824,-168.0,-166.3362992125984
1106.7429879176327,1039.736616973518,-165.0,-166.3362992125984
1105.42274868094,1045.9478542381778,-168.0,-166.3362992125984
1104.4293898279345,1052.219675200957,-171.0,-168.9746456692913
1103.765634086185,1058.5348892365455,-174.0,-171.61299212598422
1103.4333007640423,1064.876186782237,-177.0,-174.25133858267714
1102.7695450222927,1071.1914008178255,-174.0,-176.88968503937005
1102.43721170015,1077.532698363517,-177.0,-179.52803149606297
1102.43721170015,1083.882698363517,-180.0,-182.16637795275588
1102.7695450222927,1090.2239959092085,-183.0,-184.8047244094488
1103.4333007640423,1096.539209944797,-186.0,-187.4430708661417
1104.4266596170478,1102.8110309075762,-189.0,-190.08141732283462
1105.7468988537405,1109.022268172236,-192.0,-192.71976377952754
1107.3903997901416,1115.1558971691716,-195.0,-195.35811023622045
1109.3526577044224,1121.1951060476458,-198.0,-197.99645669291337
1111.628294184035,1127.123341755903,-201.0,-200.63480314960628
1114.2110718675663,1132.9243554119337,-204.0,-203.2731496062992
1117.0939115409124,1138.5822468405297,-207.0,-205.91149606299211
1120.2689115409123,1144.0815081545609,-210.0,-208.54984251968503
1123.7273694132577,1149.4070662610143,-213.0,-211.18818897637794
1127.459805765315,1154.5443241752953,-216.0,-213.82653543307086
1131.4559902484814,1159.479201030547,-219.0,-216.46488188976377
1135.70496959886,1164.1981706723286,-222.0,-219.1032283464567
1139.7011540820265,1169.1330475275804,-219.0,-221.7415748031496
1143.9501334324052,1173.852017169362,-222.0,-224.37992125984252
1148.4402614929397,1178.3421452298965,-225.0,-227.01826771653543
1153.1592311347213,1182.5911245802752,-228.0,-229.65661417322835
1158.094107989973,1186.5873090634416,-231.0,-232.29496062992126
1163.231365904254,1190.3197454154988,-234.0,-234.93330708661418
1168.5569240107075,1193.7782032878442,-237.0,-237.5716535433071
1174.0561853247386,1196.9532032878442,-240.0,-240.21
1179.7140767533347,1199.8360429611903,-243.0,-242.84834645669292
1185.5150904093653,1202.4188206447216,-246.0,-245.48669291338584
1191.4433261176225,1204.6944571243341,-249.0,-248.12503937007875
1197.4290995860579,1206.8141306804687,-250.5,-250.76338582677167
1203.4683084645321,1208.7763885947495,-252.0,-253.40173228346458
1209.556813780945,1210.5798860336195,-253.5,-256.04007874015747
1215.6904427778807,1212.2233869700206,-255.0,-258.67842519685036
1221.8649917724058,1213.7057650305055,-256.5,-261.31677165354324
1228.0762290370656,1215.0260042671982,-258.0,-263.9551181102361
1234.3198977000966,1216.1831998540733,-259.5,-266.593464566929
1240.5917186628758,1217.1765587070788,-261.0,-269.2318110236219
1246.8873935325994,1218.0054000276762,-262.5,-271.8701574803148
1253.202607568188,1218.6691557694257,-264.0,-274.5085039370077
1259.5330326373933,1219.1673710272976,-265.5,-277.14685039370056
1265.8743301830848,1219.4997043494402,-267.0,-279.78519685039345
1272.2243301830847,1219.4997043494402,-270.0,-282.42354330708633
1278.7853262264223,1219.1558571169242,-273.0,-285.0618897637792
1285.5381298959728,1218.4461088513367,-276.0,-287.78858267716504
1291.809950858752,1217.4527499983312,-279.0,-290.6036220472438
1298.0211881234118,1216.1325107616385,-282.0,-293.2419685039367
1304.1548171203474,1214.4890098252374,-285.0,-295.88031496062956
1310.1940259988216,1212.5267519109566,-288.0,-298.51866141732245
1316.122261707079,1210.251115431344,-291.0,-301.15700787401533
1321.9232753631095,1207.6683377478128,-294.0,-303.7953543307082
1327.5811667917055,1204.7854980744667,-297.0,-306.4337007874011
1333.0804281057367,1201.6104980744667,-300.0,-303.7953543307082
1338.40598621219,1198.1520402021213,-303.0,-301.15700787401533
1343.9052475262213,1194.9770402021213,-300.0,-298.51866141732245
1349.5631389548173,1192.0942005287752,-297.0,-295.88031496062956
1355.364152610848,1189.511422845244,-294.0,-293.2419685039367
1361.2923883191052,1187.2357863656314,-291.0,-290.6036220472438
1367.3315971975794,1185.2735284513506,-288.0,-287.9652755905509
1373.465226194515,1183.6300275149495,-285.0,-285.326929133858
1379.6764634591748,1182.3097882782567,-282.0,-282.68858267716513
1385.948284421954,1181.3164294252513,-279.0,-280.05023622047224
1392.2634984575425,1180.6526736835017,-276.0,-277.41188976377936
1398.604796003234,1180.320340361359,-273.0,-274.77354330708647
1404.954796003234,1180.320340361359,-270.0,-272.1351968503936
1411.2960935489255,1180.6526736835017,-267.0,-269.4968503937007
1417.611307584514,1181.3164294252513,-264.0,-266.8585039370078
1423.9526051302055,1181.648762747394,-267.0,-264.2201574803149
1430.267819165794,1182.3125184891435,-264.0,-261.58181102362204
1436.5396401285732,1183.305877342149,-261.0,-258.94346456692915
1442.750877393233,1184.6261165788417,-258.0,-256.30511811023626
1448.8845063901686,1186.2696175152428,-255.0,-253.66677165354335
1454.9237152686428,1188.2318754295236,-252.0,-251.02842519685043
1460.8519509769,1190.5075119091362,-249.0,-248.39007874015752
1466.6529646329307,1193.0902895926674,-246.0,-245.7517322834646
1472.3108560615267,1195.9731292660135,-243.0,-243.1133858267717
1477.8101173755579,1199.1481292660135,-240.0,-240.47503937007878
1483.1356754820113,1202.606587138359,-237.0,-237.83669291338586
1488.2729333962923,1206.3390234904161,-234.0,-235.19834645669295
1493.207810251544,1210.3352079735826,-231.0,-232.56000000000003
1497.9267798933256,1214.5841873239613,-228.0,-229.92165354330712
1502.4169079538601,1219.0743153844958,-225.0,-227.2833070866142
1507.1358775956417,1223.3232947348745,-228.0,-227.2833070866142
1511.6260056561762,1227.813422795409,-225.0,-227.2833070866142
1516.1814834363527,1231.9151934123888,-228.0,-227.2833070866142
1520.7744160685634,1235.6344769234934,-231.0,-229.8333070866142
1525.3777227665569,1238.9789750090376,-234.0,-232.2949606299213
1529.9652507732183,1241.9581505305698,-237.0,-234.66826771653547
1534.2125899936868,1245.0440231051052,-234.0,-236.95322834645674
1538.4311029504522,1247.7835574512308,-237.0,-239.14984251968508
1542.5966851426554,1250.1885574512307,-240.0,-241.25811023622052
1547.0784479593228,1252.4721296649207,-243.0,-243.27803149606305
1551.8745616119465,1254.6074970410687,-246.0,-245.3862992125985
1556.9812465448863,1256.5677697250815,-249.0,-247.58291338582683
1562.3927581226058,1258.326076423075,-252.0,-249.8678740157481
1568.1013797559742,1259.855696979631,-255.0,-252.24118110236228
1573.9313562008635,1261.7499711551493,-252.0,-254.70283464566936
1580.0649851977992,1263.3934720915504,-255.0,-257.25283464566934
1586.276222462459,1264.713711328243,-258.0,-259.8911811023622
1592.5480434252381,1265.7070701812486,-261.0,-262.5295275590551
1598.8632574608266,1266.3708259229982,-264.0,-265.167874015748
1605.2045550065181,1266.7031592451408,-267.0,-267.8062204724409
1611.554555006518,1266.7031592451408,-270.0,-270.44456692913377
1617.8958525522096,1266.3708259229982,-273.0,-273.08291338582666
1624.211066587798,1265.7070701812486,-276.0,-275.72125984251954
1630.4828875505773,1264.713711328243,-279.0,-278.35960629921243
1636.694124815237,1263.3934720915504,-282.0,-280.9979527559053
1642.8277538121727,1261.7499711551493,-285.0,-283.6362992125982
1648.866962690647,1259.7877132408685,-288.0,-286.2746456692911
1654.7951983989042,1257.512076761256,-291.0,-288.912992125984
1660.5962120549348,1254.9292990777246,-294.0,-291.55133858267686
1666.2541034835308,1252.0464594043785,-297.0,-294.18968503936975
1672.0551171395614,1249.4636817208473,-294.0,-296.82803149606264
1677.7130085681574,1246.5808420475012,-297.0,-299.4663779527555
1683.2122698821886,1243.4058420475012,-300.0,-302.1047244094484
1688.537827988642,1239.9473841751558,-303.0,-304.7430708661413
1693.675085902923,1236.2149478230986,-306.0,-304.7430708661413
1699.0006440093764,1232.7564899507531,-303.0,-304.7430708661413
1704.1379019236574,1229.024053598696,-306.0,-304.7430708661413
1709.4634600301108,1225.5655957263505,-303.0,-304.7430708661413
1714.6007179443918,1221.8331593742932,-306.0,-304.7430708661413
1719.9262760508452,1218.3747015019478,-303.0,-304.7430708661413
1725.0635339651262,1214.6422651498906,-306.0,-304.7430708661413
1730.3890920715796,1211.1838072775452,-303.0,-304.7430708661413
1735.5263499858606,1207.451370925488,-306.0,-304.7430708661413
1740.851908092314,1203.9929130531425,-303.0,-304.7430708661413
1745.989166006595,1200.2604767010853,-306.0,-304.7430708661413
1751.3147241130484,1196.8020188287398,-303.0,-304.7430708661413
1756.4519820273294,1193.0695824766826,-306.0,-304.7430708661413
1761.7775401337828,1189.6111246043372,-303.0,-304.7430708661413
1766.9147980480639,1185.87868825228,-306.0,-304.7430708661413
1772.2403561545173,1182.4202303799345,-303.0,-304.7430708661413
1777.3776140687983,1178.6877940278773,-306.0,-304.7430708661413
1782.7031721752517,1175.2293361555319,-303.0,-304.7430708661413
1787.8404300895327,1171.4968998034747,-306.0,-304.7430708661413
1793.165988195986,1168.0384419311292,-303.0,-304.7430708661413
1798.303246110267,1164.306005579072,-306.0,-304.7430708661413
1803.6288042167205,1160.8475477067266,-303.0,-304.7430708661413
1808.7660621310015,1157.1151113546694,-306.0,-304.7430708661413
1814.091620237455,1153.656653482324,-303.0,-304.7430708661413
1819.228878151736,1149.9242171302667,-306.0,-304.7430708661413
1824.5544362581893,1146.4657592579213,-303.0,-304.7430708661413
1829.6916941724703,1142.733322905864,-306.0,-304.7430708661413
1835.0172522789237,1139.2748650335186,-303.0,-304.7430708661413
1840.1545101932047,1135.5424286814614,-306.0,-304.7430708661413
1845.4800682996581,1132.083970809116,-303.0,-304.7430708661413
1850.6173262139391,1128.3515344570587,-306.0,-304.7430708661413
1855.9428843203925,1124.8930765847133,-303.0,-304.7430708661413
1861.0801422346735,1121.160640232656,-306.0,-304.7430708661413
1866.405700341127,1117.7021823603106,-303.0,-304.7430708661413
1871.542958255408,1113.9697460082534,-306.0,-304.7430708661413
1876.8685163618613,1110.511288135908,-303.0,-302.1047244094484
1882.3677776758925,1107.336288135908,-300.0,-299.4663779527555
1888.0256691044885,1104.453448462562,-297.0,-296.82803149606264
1893.8266827605191,1101.8706707790307,-294.0,-294.18968503936975
1899.7549184687764,1099.595034299418,-291.0,-291.55133858267686
1905.7941273472507,1097.6327763851373,-288.0,-288.912992125984
1911.9277563441863,1095.9892754487362,-285.0,-286.2746456692911
1918.138993608846,1094.6690362120435,-282.0,-283.6362992125982
1924.4108145716252,1093.675677359038,-279.0,-280.9979527559053
1930.7260286072137,1093.0119216172884,-276.0,-278.35960629921243
1937.0673261529053,1092.6795882951458,-273.0,-275.72125984251954
1943.3825401884937,1092.0158325533962,-276.0,-273.08291338582666
1949.7238377341853,1091.6834992312536,-273.0,-270.44456692913377
1956.0738377341852,1091.6834992312536,-270.0,-267.8062204724409
1962.4151352798767,1092.0158325533962,-267.0,-265.167874015748
1968.7303493154652,1092.6795882951458,-264.0,-262.5295275590551
1975.0021702782444,1093.6729471481513,-261.0,-259.8911811023622
1981.2134075429042,1094.993186384844,-258.0,-257.25283464566934
1987.3470365398398,1096.636687321245,-255.0,-254.61448818897642
1993.386245418314,1098.598945235526,-252.0,-251.9761417322835
1999.3144811265713,1100.8745817151384,-249.0,-251.9761417322835
2005.3536900050456,1102.8368396294193,-252.0,-251.9761417322835
2011.2819257133028,1105.1124761090318,-249.0,-251.9761417322835
2017.321134591777,1107.0747340233127,-252.0,-251.9761417322835
2023.2493703000343,1109.3503705029252,-249.0,-251.9761417322835
2029.2885791785086,1111.312628417206,-252.0,-251.9761417322835
2035.2168148867659,1113.5882648968186,-249.0,-251.9761417322835
2041.2560237652401,1115.5505228110994,-252.0,-251.9761417322835
2047.1842594734974,1117.826159290712,-249.0,-251.9761417322835
2053.2234683519714,1119.7884172049928,-252.0,-251.9761417322835
2059.1517040602284,1122.0640536846054,-249.0,-251.9761417322835
2065.1909129387027,1124.0263115988862,-252.0,-251.9761417322835
2071.1191486469597,1126.3019480784988,-249.0,-249.3377952755906
2076.9201623029903,1128.88472576203,-246.0,-246.69944881889768
2082.5780537315864,1131.7675654353761,-243.0,-244.06110236220476
2088.0773150456175,1134.942565435376,-240.0,-241.42275590551185
2093.402873152071,1138.4010233077215,-237.0,-238.78440944881893
2098.540131066352,1142.1334596597787,-234.0,-236.14606299212602
2103.8656891728056,1145.5919175321242,-237.0,-236.14606299212602
2109.0029470870863,1149.3243538841814,-234.0,-236.14606299212602
2114.32850519354,1152.7828117565268,-237.0,-236.14606299212602
2119.4657631078207,1156.515248108584,-234.0,-236.14606299212602
2124.7913212142744,1159.9737059809295,-237.0,-236.14606299212602
2129.928579128555,1163.7061423329867,-234.0,-236.14606299212602
2135.254137235009,1167.1646002053321,-237.0,-236.14606299212602
2140.3913951492896,1170.8970365573894,-234.0,-236.14606299212602
2145.716953255743,1174.3554944297348,-237.0,-236.14606299212602
2151.2162145697744,1177.5304944297347,-240.0,-238.78440944881893
2156.8741059983704,1180.4133341030808,-243.0,-241.42275590551185
2162.675119654401,1182.9961117866121,-246.0,-244.06110236220476
2168.603355362658,1185.2717482662247,-249.0,-246.69944881889768
2174.6425642411323,1187.2340061805055,-252.0,-249.3377952755906
2180.5707999493893,1189.509642660118,-249.0,-251.9761417322835
2186.6100088278636,1191.471900574399,-252.0,-254.61448818897642
2192.743637824799,1193.1154015108,-255.0,-257.25283464566934
2198.9548750894587,1194.4356407474927,-258.0,-259.8911811023622
2205.226696052238,1195.4289996004982,-261.0,-262.5295275590551
2211.5419100878266,1196.0927553422478,-264.0,-265.167874015748
2217.8832076335184,1196.4250886643904,-267.0,-267.8062204724409
2224.2332076335183,1196.4250886643904,-270.0,-270.44456692913377
2230.57450517921,1196.0927553422478,-273.0,-273.08291338582666
2236.889719214799,1195.4289996004982,-276.0,-275.72125984251954
2243.161540177578,1194.4356407474927,-279.0,-278.35960629921243
2249.3727774422377,1193.1154015108,-282.0,-280.9979527559053
2255.506406439173,1191.471900574399,-285.0,-283.6362992125982
2261.5456153176474,1189.509642660118,-288.0,-286.2746456692911
2267.4738510259044,1187.2340061805055,-291.0,-288.912992125984
2273.274864681935,1184.6512284969742,-294.0,-291.55133858267686
2278.932756110531,1181.7683888236281,-297.0,-294.18968503936975
2284.7337697665616,1179.1856111400969,-294.0,-296.82803149606264
2290.3916611951577,1176.3027714667508,-297.0,-299.4663779527555
2295.890922509189,1173.1277714667508,-300.0,-302.1047244094484
2301.2164806156425,1169.6693135944054,-303.0,-304.7430708661413
2306.3537385299232,1165.9368772423481,-306.0,-307.3814173228342
2311.288615385175,1161.9406927591817,-309.0,-310.01976377952707
2316.0075850269563,1157.691713408803,-312.0,-312.65811023621995
2320.497713087491,1153.2015853482685,-315.0,-315.29645669291284
2324.7466924378696,1148.482615706487,-318.0,-317.9348031496057
2328.742876921036,1143.5477388512352,-321.0,-320.5731496062986
2332.475313273093,1138.4104809369542,-324.0,-323.2114960629915
2335.933771145438,1133.0849228305008,-327.0,-325.8498425196844
2339.1087711454384,1127.5856615164696,-330.0,-328.4881889763773
2342.5672290177836,1122.2601034100162,-327.0,-328.4881889763773
2345.7422290177838,1116.760842095985,-330.0,-328.4881889763773
2349.200686890129,1111.4352839895316,-327.0,-328.4881889763773
2352.375686890129,1105.9360226755005,-330.0,-328.4881889763773
2355.8341447624744,1100.610464569047,-327.0,-328.4881889763773
2359.0091447624745,1095.1112032550159,-330.0,-328.4881889763773
2361.8919844358206,1089.4533118264198,-333.0,-331.12653543307016
2364.474762119352,1083.6522981703893,-336.0,-333.76488188976305
2366.7503985989647,1077.724062462132,-339.0,-336.40322834645593
2368.7126565132457,1071.6848535836577,-342.0,-339.0415748031488
2370.9882929928585,1065.7566178754005,-339.0,-341.6799212598417
2372.9505509071396,1059.7174089969262,-342.0,-344.3182677165346
2374.5940518435405,1053.5837799999906,-345.0,-346.9566141732275
2375.9142910802334,1047.3725427353309,-348.0,-349.59496062992037
2376.9076499332386,1041.1007217725517,-351.0,-349.59496062992037
2378.2278891699316,1034.889484507892,-348.0,-349.59496062992037
2379.221248022937,1028.6176635451127,-351.0,-349.59496062992037
2380.54148725963,1022.406426280453,-348.0,-349.59496062992037
2381.534846112635,1016.134605317674,-351.0,-349.59496062992037
2382.855085349328,1009.9233680530143,-348.0,-349.59496062992037
2383.848444202333,1003.6515470902352,-351.0,-349.59496062992037
2385.168683439026,997.4403098255756,-348.0,-349.59496062992037
2386.1620422920314,991.1684888627965,-351.0,-349.59496062992037
2387.4822815287243,984.9572515981368,-348.0,-349.59496062992037
2388.4756403817296,978.6854306353578,-351.0,-349.59496062992037
2389.7958796184225,972.4741933706981,-348.0,-349.59496062992037
2390.789238471428,966.202372407919,-351.0,-349.59496062992037
2392.1094777081207,959.9911351432594,-348.0,-349.59496062992037
2393.102836561126,953.7193141804803,-351.0,-352.23330708661325
2393.766592302876,947.4041001448918,-354.0,-354.87165354330614
2394.0989256250186,941.0628025992003,-357.0,-357.509999999999
2394.0989256250186,934.7128025992002,-360.0,-360.1483464566919
2393.766592302876,928.3715050535087,-363.0,-362.7866929133848
2393.102836561126,922.0562910179202,-366.0,-365.4250393700777
2392.1094777081207,915.7844700551411,-369.0,-368.06338582677057
2390.789238471428,909.5732327904815,-372.0,-370.70173228346346
2389.7958796184225,903.3014118277024,-369.0,-370.70173228346346
2388.4756403817296,897.0901745630428,-372.0,-370.70173228346346
2387.4822815287243,890.8183536002637,-369.0,-370.70173228346346
2386.1620422920314,884.607116335604,-372.0,-370.70173228346346
2385.168683439026,878.3352953728249,-369.0,-370.70173228346346
2383.848444202333,872.1240581081653,-372.0,-370.70173228346346
2382.855085349328,865.8522371453862,-369.0,-370.70173228346346
2381.534846112635,859.6409998807266,-372.0,-373.34007874015634
2379.891345176234,853.5073708837909,-375.0,-375.97842519684923
2377.929087261953,847.4681620053167,-378.0,-378.6167716535421
2375.6534507823403,841.5399262970594,-381.0,-381.255118110235
2373.070673098809,835.738912641029,-384.0,-383.8934645669279
2370.187833425463,830.0810212124328,-387.0,-386.5318110236208
2367.1578752978144,824.5005325470294,-388.5,-389.17015748031366
2363.982875297814,819.0012712329982,-390.0,-391.80850393700655
2360.6650094118677,813.5870061893497,-391.5,-394.44685039369944
2357.2065515395225,808.2614480828963,-393.0,-397.0851968503923
2353.60987193505,803.0282467851465,-394.5,-399.7235433070852
2349.877435582993,797.8909888708656,-396.0,-402.3618897637781
2346.0118005087875,792.8531951600163,-397.5,-405.000236220471
2342.015616025621,787.9183183047645,-399.0,-407.63858267716387
2337.8916209187246,783.0897404232043,-400.5,-410.27692913385675
2333.642641568346,778.3707707814228,-402.0,-412.91527559054964
2329.2715900126905,773.7646435254948,-403.5,-415.5536220472425
2324.781461952156,769.2745154649601,-405.0,-418.1919685039354
2320.1753346962278,764.9034639093048,-406.5,-420.8303149606283
2315.2928731928414,760.5072758255271,-408.0,-423.4686614173212
2310.1297166864174,756.0975235773652,-409.5,-426.195354330707
2304.7013521456406,751.7017206458821,-411.0,-429.01039370078576
2299.1597790637065,747.4495220642563,-412.5,-431.9037401574787
2293.5087953579973,743.3438420769934,-414.0,-434.79708661417163
2287.7522739304727,739.3874945120734,-415.5,-437.6904330708646
2281.894160013374,735.5831908524934,-417.0,-440.5837795275575
2275.9384684653605,731.9335383779526,-418.5,-443.47712598425045
2269.8892810199263,728.4410383779526,-420.0,-446.3704724409434
2263.7507434879826,725.1080844375392,-421.5,-449.2638188976363
2257.527062916527,721.9369607968584,-423.0,-452.15716535432927
2251.2225047053435,718.9298407856525,-424.5,-455.0505118110222
2244.84138968371,716.088785333768,-426.0,-457.94385826771514
2238.3880911491187,713.4157415586978,-427.5,-460.8372047244081
2231.8670318700356,710.9125414311239,-429.0,-463.730551181101
2225.2826810547567,708.5809005193761,-430.5,-466.62389763779396
2218.639551288435,706.422416813667,-432.0,-469.5172440944869
2211.9421954403806,704.4385696309101,-433.5,-472.41059055117984
2205.1952035437516,702.630718600869,-435.0,-475.3039370078728
2198.403199649774,701.0001027343355,-436.5,-478.1972834645657
2191.570838658648,699.5478395739735,-438.0,-481.09062992125865
2184.671835599591,698.4551448356675,-441.0,-483.9839763779516
2177.7251001604436,697.7250135197429,-444.0,-486.87732283464453
2170.7496728601827,697.359446865386,-447.0,-489.77066929133747
2163.7646728601826,697.359446865386,-450.0,-492.6640157480304
2156.7892455599217,697.7250135197429,-453.0,-495.55736220472335
2149.8425101207745,698.4551448356675,-456.0,-498.4507086614163
2142.9435070617174,699.5478395739735,-459.0,-501.3440551181092
2136.1111460705915,701.0001027343355,-462.0,-504.23740157480216
2129.3641541739626,702.8079537643766,-465.0,-507.1307480314951
2122.721024407641,704.9664374700857,-468.0,-510.02409448818804
2116.199965128558,707.4696375976596,-471.0,-512.9174409448809
2109.8188501069244,710.310693049544,-474.0,-515.8107874015739
2103.595169535469,713.4818166902248,-477.0,-518.7041338582668
2097.5459820900346,716.9743166902248,-480.0,-521.5974803149597
2091.687868172936,720.7786203498048,-483.0,-524.4908267716527
2086.0368844672266,724.8843003370677,-486.0,-527.3841732283456
2080.60851992645,729.2801032685508,-489.0,-530.2775196850386
2075.4176533204904,733.9539805539674,-492.0,-533.1708661417315
2070.4785124539026,738.8931214205554,-495.0,-536.0642125984244
2065.804635168486,744.083988026515,-498.0,-538.9575590551174
2061.408832237003,749.5123525672919,-501.0,-538.9575590551174
2057.30315224974,755.1633362730009,-504.0,-536.0642125984244
2053.49884859016,761.0214501900997,-507.0,-533.1708661417315
2050.00634859016,767.070637635534,-510.0,-530.2775196850386
2046.8352249494794,773.2943182069897,-513.0,-527.3841732283456
2043.994169497595,779.6754332286233,-516.0,-524.4908267716527
2041.7185330179825,785.6036689368806,-519.0,-521.5974803149597
2039.1357553344512,791.4046825929111,-516.0,-518.9591338582668
2036.8601188548387,797.3329183011683,-519.0,-516.3207874015739
2034.2773411713074,803.1339319571988,-516.0,-513.6824409448809
2031.3945014979613,808.7918233857949,-513.0,-511.044094488188
2028.2195014979613,814.2910846998261,-510.0,-508.40574803149514
2024.761043625616,819.6166428062795,-507.0,-505.76740157480225
2021.0286072735587,824.7539007205604,-504.0,-503.12905511810936
2017.0324227903923,829.6887775758122,-501.0,-500.4907086614165
2012.9306521734125,834.2442553559886,-498.0,-497.8523622047236
2008.7516510966,838.423256432801,-495.0,-495.3023622047236
2004.5231570396336,842.230609582983,-492.0,-492.8407086614165
2000.272168630464,845.6729921220256,-489.0,-490.46740157480235
1996.0248294099954,848.7588646965611,-486.0,-488.1824409448811
1991.437301403334,851.7380402180933,-483.0,-485.98582677165274
1986.8339947053405,855.0825383036374,-486.0,-483.70086614173147
1981.877451648783,858.3013550005762,-483.0,-481.3275590551173
1976.5687159235845,861.3663550005762,-480.0,-478.86590551181024
1970.9108244949884,864.2491946739223,-477.0,-476.31590551181023
1965.1098108389579,866.8319723574535,-474.0,-473.67755905511734
1959.1815751307006,869.1076088370662,-471.0,-471.03921259842446
1953.1423662522263,871.0698667513471,-468.0,-468.40086614173157
1947.0087372552907,872.7133676877481,-465.0,-465.7625196850387
1940.797499990631,874.0336069244408,-462.0,-463.1241732283458
1934.5256790278518,875.0269657774463,-459.0,-460.4858267716529
1928.2104649922633,875.6907215191959,-456.0,-457.84748031496
1921.8691674465717,876.0230548413386,-453.0,-455.20913385826714
1915.5191674465718,876.0230548413386,-450.0,-452.57078740157425
1909.1778699008803,875.6907215191959,-447.0,-449.93244094488136
1902.8278699008804,875.6907215191959,-450.0,-447.2940944881885
1896.4865723551889,875.3583881970532,-447.0,-444.6557480314956
1890.1713583196004,874.6946324553036,-444.0,-442.0174015748027
1883.8995373568212,873.7012736022981,-441.0,-439.3790551181098
1877.6883000921614,872.3810343656054,-438.0,-436.74070866141693
1871.5546710952258,870.7375334292044,-435.0,-434.10236220472405
1865.5154622167515,868.7752755149235,-432.0,-431.46401574803116
1859.5872265084943,866.4996390353108,-429.0,-428.8256692913383
1853.7862128524637,863.9168613517795,-426.0,-428.8256692913383
1847.8579771442064,861.6412248721668,-429.0,-431.46401574803116
1841.8187682657322,859.6789669578859,-432.0,-434.10236220472405
1835.8976429505801,858.0924062114075,-435.0,-436.74070866141693
1830.1167906302433,856.8636481186745,-438.0,-439.29070866141694
1824.496843972257,855.9735360125956,-441.0,-441.752362204724
1819.0568092045926,855.4017653185215,-444.0,-444.12566929133817
1813.374607151839,855.1039737274991,-447.0,-446.41062992125944
1807.464607151839,855.1039737274991,-450.0,-448.7839370078736
1801.3430081037934,855.4247931392683,-453.0,-451.24559055118067
1795.027794068205,856.0885488810179,-456.0,-453.7955905511807
1788.7559731054257,857.0819077340234,-459.0,-456.43393700787357
1782.544735840766,858.4021469707161,-462.0,-459.07228346456645
1776.2729148779868,859.3955058237216,-459.0,-461.71062992125934
1770.061677613327,860.7157450604143,-462.0,-464.3489763779522
1763.9280486163914,862.3592459968153,-465.0,-466.9873228346451
1757.8888397379171,864.3215039110962,-468.0,-469.625669291338
1751.9606040296599,866.5971403907089,-471.0,-472.2640157480309
1746.1595903736293,869.1799180742402,-474.0,-474.9023622047238
1740.5016989450332,872.0627577475863,-477.0,-477.54070866141666
1735.002437631002,875.2377577475862,-480.0,-480.17905511810955
1729.6768795245487,878.6962156199316,-483.0,-482.81740157480243
1724.5396216102677,882.4286519719889,-486.0,-485.4557480314953
1719.6047447550159,886.4248364551553,-489.0,-488.0940944881882
1714.8857751132343,890.673815805534,-492.0,-490.7324409448811
1710.3956470526998,895.1639438660686,-495.0,-493.370787401574
1706.146667702321,899.88291350785,-498.0,-496.00913385826686
1702.1504832191547,904.8177903631018,-501.0,-498.64748031495975
1698.4180468670975,909.9550482773827,-504.0,-501.28582677165264
1694.421862383931,914.8899251326345,-501.0,-501.28582677165264
1690.6894260318738,920.0271830469154,-504.0,-501.28582677165264
1686.6932415487074,924.9620599021672,-501.0,-498.64748031495975
1682.4442621983287,929.6810295439486,-498.0,-496.00913385826686
1677.9541341377942,934.1711576044833,-495.0,-493.370787401574
1673.2351644960127,938.420136954862,-492.0,-490.7324409448811
1668.3002876407609,942.4163214380284,-489.0,-488.0940944881882
1663.1630297264799,946.1487577900856,-486.0,-485.4557480314953
1657.8374716200265,949.607215662431,-483.0,-482.81740157480243
1652.3382103059953,952.782215662431,-480.0,-480.17905511810955
1646.6803188773993,955.6650553357771,-477.0,-477.54070866141666
1640.8793052213687,958.2478330193084,-474.0,-474.9023622047238
1634.9510695131114,960.523469498921,-471.0,-472.2640157480309
1628.9118606346372,962.485727413202,-468.0,-469.625669291338
1622.7782316377015,964.129228349603,-465.0,-466.9873228346451
1616.5669943730418,965.4494675862957,-462.0,-464.3489763779522
1610.2951734102626,966.4428264393011,-459.0,-461.71062992125934
1604.0839361456028,967.7630656759939,-462.0,-459.07228346456645
1597.8121151828236,968.7564245289993,-459.0,-456.43393700787357
1591.4969011472351,969.4201802707489,-456.0,-453.7955905511807
1585.1556036015436,969.7525135928917,-453.0,-451.1572440944878
1578.8056036015437,969.7525135928917,-450.0,-448.5188976377949
1572.4643060558521,969.4201802707489,-447.0,-445.880551181102
1566.1490920202637,968.7564245289993,-444.0,-443.24220472440913
1559.8772710574844,967.7630656759939,-441.0,-440.60385826771625
1553.6660337928247,966.4428264393011,-438.0,-437.96551181102336
1547.532404795889,964.7993255029002,-435.0,-435.3271653543305
1541.4931959174148,962.8370675886192,-432.0,-432.6888188976376
1535.5649602091576,960.5614311090065,-429.0,-430.0504724409447
1529.763946553127,957.9786534254753,-426.0,-427.4121259842518
1524.106055124531,955.0958137521292,-423.0,-424.77377952755893
1518.6067938104998,951.9208137521292,-420.0,-422.13543307086604
1513.2812357040464,948.4623558797838,-417.0,-419.49708661417316
1508.1439777897654,944.7299195277266,-414.0,-416.85874015748027
1502.818419683312,941.2714616553811,-417.0,-414.2203937007874
1497.681161769031,937.5390253033239,-414.0,-411.5820472440945
1492.7462849137792,933.5428408201575,-411.0,-408.9437007874016
1488.0273152719976,929.2938614697788,-408.0,-406.3053543307087
1483.537187211463,924.8037334092442,-405.0,-403.66700787401584
1479.2882078610844,920.0847637674627,-402.0,-401.02866141732295
1475.292023377918,915.149886912211,-399.0,-398.39031496063006
1471.5595870258608,910.01262899793,-396.0,-395.7519685039372
1468.1011291535153,904.6870708914767,-393.0,-393.1136220472443
1464.9261291535154,899.1878095774455,-390.0,-390.4752755905514
1462.0432894801693,893.5299181488493,-387.0,-387.8369291338585
1459.460511796638,887.7289044928189,-384.0,-385.19858267716563
1456.577672123292,882.0710130642227,-387.0,-385.19858267716563
1453.9948944397606,876.2699994081922,-384.0,-385.19858267716563
1451.1120547664145,870.6121079795961,-387.0,-387.8369291338585
1447.9370547664146,865.1128466655649,-390.0,-390.4752755905514
1444.4785968940691,859.7872885591115,-393.0,-393.1136220472443
1440.746160542012,854.6500306448306,-396.0,-395.7519685039372
1436.7499760588455,849.7151537895788,-399.0,-398.39031496063006
1432.5009967084668,844.9961841477974,-402.0,-401.02866141732295
1428.0108686479323,840.5060560872628,-405.0,-403.66700787401584
1423.2918990061507,836.2570767368841,-408.0,-406.3053543307087
1418.357022150899,832.2608922537177,-411.0,-408.9437007874016
1413.219764236618,828.5284559016604,-414.0,-411.5820472440945
1407.8942061301645,825.069998029315,-417.0,-414.2203937007874
1402.7569482158835,821.3375616772578,-414.0,-416.85874015748027
1397.4313901094301,817.8791038049123,-417.0,-419.49708661417316
1391.932128795399,814.7041038049124,-420.0,-422.13543307086604
1386.274237366803,811.8212641315663,-423.0,-424.77377952755893
1380.4732237107723,809.238486448035,-426.0,-427.4121259842518
1374.544988002515,806.9628499684223,-429.0,-430.0504724409447
1368.5057791240408,805.0005920541414,-432.0,-432.6888188976376
1362.3721501271052,803.3570911177404,-435.0,-435.3271653543305
1356.1609128624455,802.0368518810477,-438.0,-437.96551181102336
1349.8890918996663,801.0434930280422,-441.0,-440.60385826771625
1343.5738778640778,800.3797372862927,-444.0,-443.24220472440913
1337.2325803183862,800.0474039641499,-447.0,-445.880551181102
1330.8825803183863,800.0474039641499,-450.0,-448.5188976377949
1324.5412827726948,800.3797372862927,-453.0,-451.1572440944878
1318.2260687371063,801.0434930280422,-456.0,-453.7955905511807
1311.954247774327,802.0368518810477,-459.0,-456.43393700787357
1305.7430105096673,803.3570911177404,-462.0,-459.07228346456645
1299.4711895468881,804.3504499707459,-459.0,-461.71062992125934
1293.2599522822284,805.6706892074386,-462.0,-464.3489763779522
1287.1263232852928,807.3141901438396,-465.0,-466.9873228346451
1281.0871144068185,809.2764480581205,-468.0,-469.625669291338
1275.1588786985612,811.5520845377332,-471.0,-472.2640157480309
1269.3578650425306,814.1348622212645,-474.0,-474.9023622047238
1263.6999736139346,817.0177018946106,-477.0,-477.54070866141666
1258.2007122999034,820.1927018946105,-480.0,-480.17905511810955
1252.87515419345,823.651159766956,-483.0,-480.17905511810955
1247.3758928794189,826.8261597669559,-480.0,-480.17905511810955
1242.0503347729655,830.2846176393014,-483.0,-480.17905511810955
1236.5510734589343,833.4596176393013,-480.0,-480.17905511810955
1231.225515352481,836.9180755116467,-483.0,-480.17905511810955
1225.7262540384497,840.0930755116467,-480.0,-480.17905511810955
1220.4006959319963,843.5515333839921,-483.0,-480.17905511810955
1214.9014346179652,846.7265333839921,-480.0,-482.81740157480243
1209.5758765115118,850.1849912563375,-483.0,-485.4557480314953
1204.4386185972307,853.9174276083947,-486.0,-488.0940944881882
1199.503741741979,857.9136120915612,-489.0,-490.7324409448811
1194.7847721001974,862.1625914419399,-492.0,-493.370787401574
1190.294644039663,866.6527195024745,-495.0,-496.00913385826686
1186.0456646892842,871.3716891442559,-498.0,-498.64748031495975
1182.0494802061178,876.3065659995077,-501.0,-498.64748031495975
1177.800500855739,881.0255356412891,-498.0,-498.64748031495975
1173.8043163725727,885.9604124965409,-501.0,-498.64748031495975
1169.555337022194,890.6793821383224,-498.0,-498.64748031495975
1165.5591525390275,895.6142589935741,-501.0,-498.64748031495975
1161.3101731886488,900.3332286353556,-498.0,-498.64748031495975
1157.3139887054824,905.2681054906074,-501.0,-498.64748031495975
1153.5815523534252,910.4053634048882,-504.0,-501.28582677165264
1149.5853678702588,915.34024026014,-501.0,-503.9241732283455
1145.8529315182016,920.4774981744209,-504.0,-506.5625196850384
1142.3944736458561,925.8030562808743,-507.0,-509.2008661417313
1139.2194736458562,931.3023175949055,-510.0,-511.8392125984242
1136.33663397251,936.9602090235016,-513.0,-514.4775590551171
1133.7538562889788,942.7612226795321,-516.0,-517.1159055118101
1131.4782198093662,948.6894583877894,-519.0,-519.754251968503
1129.5159618950854,954.7286672662636,-522.0,-522.392598425196
1127.8724609586843,960.8622962631993,-525.0,-525.0309448818889
1126.5522217219916,967.0735335278589,-528.0,-525.0309448818889
1124.9087207855905,973.2071625247945,-525.0,-525.0309448818889
1123.5884815488978,979.4183997894542,-528.0,-525.0309448818889
1121.9449806124967,985.5520287863898,-525.0,-525.0309448818889
1120.624741375804,991.7632660510494,-528.0,-525.0309448818889
1118.9812404394029,997.896895047985,-525.0,-525.0309448818889
1117.6610012027102,1004.1081323126447,-528.0,-525.0309448818889
1116.017500266309,1010.2417613095803,-525.0,-527.6692913385818
1114.6972610296164,1016.4529985742399,-528.0,-530.3076377952748
1113.7039021766109,1022.724819537019,-531.0,-532.9459842519677
1113.0401464348613,1029.0400335726076,-534.0,-535.5843307086607
1112.7078131127187,1035.3813311182992,-537.0,-538.2226771653536
1112.7078131127187,1041.731331118299,-540.0,-540.8610236220466
1113.0401464348613,1048.0726286639906,-543.0,-543.4993700787395
1113.7039021766109,1054.387842699579,-546.0,-546.1377165354324
1114.6972610296164,1060.6596636623583,-549.0,-548.7760629921254
1116.017500266309,1066.870900927018,-552.0,-551.4144094488183
1117.6610012027102,1073.0045299239537,-555.0,-554.0527559055113
1119.623259116991,1079.043738802428,-558.0,-556.6911023622042
1121.8988955966036,1084.9719745106852,-561.0,-559.3294488188972
1124.4816732801348,1090.7729881667158,-564.0,-561.9677952755901
1126.7573097597474,1096.701223874973,-561.0,-561.9677952755901
1129.3400874432787,1102.5022375310036,-564.0,-561.9677952755901
1131.6157239228912,1108.430473239261,-561.0,-561.9677952755901
1134.1985016064225,1114.2314868952915,-564.0,-561.9677952755901
1136.474138086035,1120.1597226035487,-561.0,-561.9677952755901
1139.0569157695663,1125.9607362595793,-564.0,-561.9677952755901
1141.9397554429124,1131.6186276881754,-567.0,-564.606141732283
1145.1147554429124,1137.1178890022065,-570.0,-567.244488188976
1147.9975951162585,1142.7757804308026,-567.0,-569.8828346456689
1151.1725951162584,1148.2750417448337,-570.0,-572.5211811023619
1154.6310529886039,1153.6005998512871,-573.0,-575.1595275590548
1158.363489340661,1158.7378577655682,-576.0,-577.7978740157478
1162.3596738238275,1163.67273462082,-579.0,-580.4362204724407
1166.6086531742062,1168.3917042626015,-582.0,-583.0745669291337
1171.0987812347407,1172.881832323136,-585.0,-585.7129133858266
1175.8177508765223,1177.1308116735147,-588.0,-588.3512598425195
1180.752627731774,1181.1269961566811,-591.0,-590.9896062992125
1185.889885646055,1184.8594325087383,-594.0,-593.6279527559054
1191.2154437525085,1188.3178903810838,-597.0,-596.2662992125984
1196.7147050665396,1191.4928903810837,-600.0,-598.9046456692913
1202.3725964951357,1194.3757300544298,-603.0,-601.5429921259843
1208.1736101511663,1196.958507737961,-606.0,-604.1813385826772
1214.1018458594235,1199.2341442175737,-609.0,-606.8196850393701
1220.1410547378978,1201.1964021318545,-612.0,-609.4580314960631
1226.2746837348334,1202.8399030682556,-615.0,-612.096377952756
1232.1046601797227,1204.734177243774,-612.0,-614.734724409449
1237.8132818130912,1206.26379780033,-615.0,-617.2847244094489
1243.8093266055894,1207.5382964650428,-618.0,-619.746377952756
1250.0811475683686,1208.5316553180483,-621.0,-622.296377952756
1256.396361603957,1209.1954110597978,-624.0,-624.9347244094489
1262.7376591496486,1209.5277443819405,-627.0,-627.5730708661418
1269.0876591496485,1209.5277443819405,-630.0,-630.2114173228348
1275.42895669534,1209.1954110597978,-633.0,-632.8497637795277
1281.7441707309285,1208.5316553180483,-636.0,-635.4881102362207
1288.0159916937077,1207.5382964650428,-639.0,-638.1264566929136
1294.2272289583675,1206.21805722835,-642.0,-640.7648031496066
1300.3608579553031,1204.574556291949,-645.0,-643.4031496062995
1306.4000668337774,1202.6122983776681,-648.0,-646.0414960629925
1312.3283025420346,1200.3366618980556,-651.0,-648.6798425196854
1318.1293161980652,1197.7538842145243,-654.0,-651.3181889763783
1324.0575519063225,1195.4782477349117,-651.0,-653.9565354330713
1329.858565562353,1192.8954700513805,-654.0,-651.3181889763783
1335.7868012706103,1190.619833571768,-651.0,-648.6798425196854
1341.8260101490846,1188.657575657487,-648.0,-646.0414960629925
1347.9596391460202,1187.014074721086,-645.0,-643.4031496062995
1354.17087641068,1185.6938354843933,-642.0,-640.7648031496066
1360.4426973734592,1184.7004766313878,-639.0,-638.1264566929136
1366.7579114090477,1184.0367208896382,-636.0,-635.4881102362207
1373.0992089547392,1183.7043875674956,-633.0,-632.8497637795277
1379.449208954739,1183.7043875674956,-630.0,-630.2114173228348
1385.7905065004306,1184.0367208896382,-627.0,-627.5730708661418
1392.1057205360191,1184.7004766313878,-624.0,-624.9347244094489
1398.3775414987983,1185.6938354843933,-621.0,-622.296377952756
1404.588778763458,1187.014074721086,-618.0,-619.658031496063
1410.7224077603937,1188.657575657487,-615.0,-617.0196850393701
1416.761616638868,1190.619833571768,-612.0,-614.3813385826771
1422.6898523471252,1192.8954700513805,-609.0,-611.7429921259842
1428.7290612255995,1194.8577279656613,-612.0,-609.1046456692912
1434.6572969338567,1197.1333644452739,-609.0,-606.4662992125983
1440.4583105898873,1199.7161421288051,-606.0,-603.8279527559054
1446.1162020184834,1202.5989818021512,-603.0,-601.1896062992124
1451.6154633325145,1205.7739818021512,-600.0,-598.5512598425195
1456.941021438968,1209.2324396744966,-597.0,-595.9129133858265
1462.078279353249,1212.9648760265538,-594.0,-593.2745669291336
1467.0131562085007,1216.9610605097203,-591.0,-590.6362204724406
1471.7321258502823,1221.210039860099,-588.0,-587.9978740157477
1476.2222539108168,1225.7001679206335,-585.0,-585.3595275590548
1480.4712332611955,1230.419137562415,-582.0,-582.7211811023618
1484.96136132173,1234.9092656229495,-585.0,-582.7211811023618
1489.2103406721087,1239.628235264731,-582.0,-582.7211811023618
1493.7004687326432,1244.1183633252656,-585.0,-585.3595275590548
1498.4194383744248,1248.3673426756443,-588.0,-587.9978740157477
1503.3543152296766,1252.3635271588107,-591.0,-590.6362204724406
1508.4915731439576,1256.095963510868,-594.0,-593.2745669291336
1513.817131250411,1259.5544213832134,-597.0,-595.9129133858265
1519.3163925644421,1262.7294213832133,-600.0,-598.5512598425195
1524.9742839930382,1265.6122610565594,-603.0,-601.1896062992124
1530.7752976490688,1268.1950387400907,-606.0,-603.8279527559054
1536.703533357326,1270.4706752197033,-609.0,-606.4662992125983
1542.7427422358003,1272.432933133984,-612.0,-609.1046456692912
1548.6709779440575,1274.7085696135966,-609.0,-611.7429921259842
1554.7101868225318,1276.6708275278775,-612.0,-614.3813385826771
1560.8438158194674,1278.3143284642786,-615.0,-617.0196850393701
1567.0550530841272,1279.6345677009713,-618.0,-619.658031496063
1573.3268740469064,1280.6279265539767,-621.0,-622.296377952756
1579.6420880824949,1281.2916822957263,-624.0,-624.9347244094489
1585.9833856281864,1281.624015617869,-627.0,-627.5730708661418
1592.3333856281863,1281.624015617869,-630.0,-630.2114173228348
1598.6746831738778,1281.2916822957263,-633.0,-632.8497637795277
1604.9898972094663,1280.6279265539767,-636.0,-635.4881102362207
1611.2617181722455,1279.6345677009713,-639.0,-638.1264566929136
1617.4729554369053,1278.3143284642786,-642.0,-640.7648031496066
1623.606584433841,1276.6708275278775,-645.0,-643.4031496062995
1629.8178216985007,1275.3505882911847,-642.0,-643.4031496062995
1635.9514506954363,1273.7070873547837,-645.0,-643.4031496062995
1642.162687960096,1272.386848118091,-642.0,-643.4031496062995
1648.2963169570316,1270.7433471816898,-645.0,-643.4031496062995
1654.5075542216914,1269.4231079449971,-642.0,-643.4031496062995
1660.641183218627,1267.779607008596,-645.0,-646.0414960629925
1666.6803920971013,1265.8173490943152,-648.0,-648.6798425196854
1672.6086278053585,1263.5417126147026,-651.0,-651.3181889763783
1678.4096414613891,1260.9589349311714,-654.0,-653.9565354330713
1684.0675328899852,1258.0760952578253,-657.0,-656.5948818897642
1689.5667942040163,1254.9010952578253,-660.0,-659.2332283464572
1694.8923523104697,1251.4426373854799,-663.0,-661.8715748031501
1700.0296102247507,1247.7102010334227,-666.0,-664.509921259843
1704.9644870800025,1243.7140165502562,-669.0,-667.148267716536
1710.1017449942835,1239.981580198199,-666.0,-667.148267716536
1715.0366218495353,1235.9853957150326,-669.0,-667.148267716536
1720.1738797638163,1232.2529593629754,-666.0,-667.148267716536
1725.1087566190681,1228.256774879809,-669.0,-667.148267716536
1730.2460145333491,1224.5243385277518,-666.0,-667.148267716536
1735.180891388601,1220.5281540445853,-669.0,-667.148267716536
1740.318149302882,1216.7957176925281,-666.0,-667.148267716536
1745.2530261581337,1212.7995332093617,-669.0,-667.148267716536
1750.3902840724147,1209.0670968573045,-666.0,-667.148267716536
1755.3251609276665,1205.070912374138,-669.0,-667.148267716536
1760.4624188419475,1201.3384760220808,-666.0,-667.148267716536
1765.3972956971993,1197.3422915389144,-669.0,-667.148267716536
1770.5345536114803,1193.6098551868572,-666.0,-667.148267716536
1775.469430466732,1189.6136707036908,-669.0,-667.148267716536
1780.606688381013,1185.8812343516336,-666.0,-667.148267716536
1785.541565236265,1181.8850498684671,-669.0,-667.148267716536
1790.678823150546,1178.15261351641,-666.0,-667.148267716536
1795.6137000057977,1174.1564290332435,-669.0,-667.148267716536
1800.7509579200787,1170.4239926811863,-666.0,-667.148267716536
1805.6858347753305,1166.4278081980199,-669.0,-667.148267716536
1810.8230926896115,1162.6953718459627,-666.0,-667.148267716536
1815.7579695448633,1158.6991873627962,-669.0,-667.148267716536
1820.8952274591443,1154.966751010739,-666.0,-667.148267716536
1825.830104314396,1150.9705665275726,-669.0,-667.148267716536
1830.967362228677,1147.2381301755154,-666.0,-667.148267716536
1835.9022390839289,1143.241945692349,-669.0,-667.148267716536
1841.0394969982099,1139.5095093402917,-666.0,-667.148267716536
1845.9743738534617,1135.5133248571253,-669.0,-667.148267716536
1851.1116317677427,1131.780888505068,-666.0,-667.148267716536
1856.0465086229945,1127.7847040219017,-669.0,-667.148267716536
1861.1837665372755,1124.0522676698445,-666.0,-667.148267716536
1866.1186433925272,1120.056083186678,-669.0,-667.148267716536
1871.2559013068083,1116.3236468346208,-666.0,-664.509921259843
1876.5814594132617,1112.8651889622754,-663.0,-661.8715748031501
1882.0807207272928,1109.6901889622754,-660.0,-659.2332283464572
1887.7386121558889,1106.8073492889293,-657.0,-656.5948818897642
1893.5396258119194,1104.224571605398,-654.0,-653.9565354330713
1899.4678615201767,1101.9489351257855,-651.0,-651.3181889763783
1905.507070398651,1099.9866772115047,-648.0,-648.6798425196854
1911.6406993955866,1098.3431762751036,-645.0,-646.0414960629925
1917.8519366602463,1097.0229370384109,-642.0,-643.4031496062995
1924.1237576230255,1096.0295781854054,-639.0,-640.7648031496066
1930.438971658614,1095.3658224436558,-636.0,-638.1264566929136
1936.7802692043056,1095.0334891215132,-633.0,-635.4881102362207
1943.1302692043055,1095.0334891215132,-630.0,-632.8497637795277
1949.471566749997,1094.7011557993706,-633.0,-630.2114173228348
1955.821566749997,1094.7011557993706,-630.0,-627.5730708661418
1962.1628642956885,1095.0334891215132,-627.0,-624.9347244094489
1968.478078331277,1095.6972448632628,-624.0,-622.296377952756
1974.7498992940561,1096.6906037162682,-621.0,-619.658031496063
1980.961136558716,1098.010842952961,-618.0,-617.0196850393701
1987.0947655556515,1099.654343889362,-615.0,-614.3813385826771
1993.1339744341258,1101.6166018036429,-612.0,-611.7429921259842
1999.062210142383,1103.8922382832554,-609.0,-609.1046456692912
2004.8632237984136,1106.4750159667867,-606.0,-606.4662992125983
2010.791459506671,1108.7506524463993,-609.0,-606.4662992125983
2016.5924731627015,1111.3334301299305,-606.0,-606.4662992125983
2022.5207088709587,1113.609066609543,-609.0,-606.4662992125983
2028.3217225269893,1116.1918442930744,-606.0,-606.4662992125983
2034.2499582352466,1118.467480772687,-609.0,-606.4662992125983
2040.0509718912772,1121.0502584562182,-606.0,-606.4662992125983
2045.9792075995344,1123.3258949358308,-609.0,-606.4662992125983
2051.780221255565,1125.908672619362,-606.0,-603.8279527559054
2057.438112684161,1128.7915122927081,-603.0,-601.1896062992124
2062.937373998192,1131.966512292708,-600.0,-598.5512598425195
2068.2629321046456,1135.4249701650535,-597.0,-595.9129133858265
2073.4001900189264,1139.1574065171108,-594.0,-593.2745669291336
2078.335066874178,1143.1535910002772,-591.0,-590.6362204724406
2083.0540365159595,1147.4025703506559,-588.0,-587.9978740157477
2087.544164576494,1151.8926984111904,-585.0,-585.3595275590548
2091.7931439268727,1156.611668052972,-582.0,-582.7211811023618
2096.2832719874073,1161.1017961135065,-585.0,-582.7211811023618
2100.532251337786,1165.820765755288,-582.0,-582.7211811023618
2105.0223793983205,1170.3108938158225,-585.0,-582.7211811023618
2109.271358748699,1175.029863457604,-582.0,-582.7211811023618
2113.7614868092337,1179.5199915181386,-585.0,-582.7211811023618
2118.0104661596124,1184.23896115992,-582.0,-582.7211811023618
2122.500594220147,1188.7290892204546,-585.0,-585.3595275590548
2127.2195638619282,1192.9780685708333,-588.0,-587.9978740157477
2132.15444071718,1196.9742530539997,-591.0,-590.6362204724406
2137.291698631461,1200.706689406057,-594.0,-593.2745669291336
2142.6172567379144,1204.1651472784024,-597.0,-595.9129133858265
2148.1165180519456,1207.3401472784024,-600.0,-598.5512598425195
2153.7744094805416,1210.2229869517485,-603.0,-601.1896062992124
2159.575423136572,1212.8057646352797,-606.0,-603.8279527559054
2165.5036588448293,1215.0814011148923,-609.0,-606.4662992125983
2171.5428677233035,1217.043659029173,-612.0,-609.1046456692912
2177.4711034315606,1219.3192955087857,-609.0,-611.7429921259842
2183.510312310035,1221.2815534230665,-612.0,-614.3813385826771
2189.64394130697,1222.9250543594676,-615.0,-617.0196850393701
2195.85517857163,1224.2452935961603,-618.0,-619.658031496063
2202.126999534409,1225.2386524491658,-621.0,-622.296377952756
2208.442213569998,1225.9024081909154,-624.0,-624.9347244094489
2214.7835111156896,1226.234741513058,-627.0,-627.5730708661418
2221.1335111156895,1226.234741513058,-630.0,-630.2114173228348
2227.4748086613813,1225.9024081909154,-633.0,-632.8497637795277
2233.79002269697,1225.2386524491658,-636.0,-635.4881102362207
2240.0618436597492,1224.2452935961603,-639.0,-638.1264566929136
2246.273080924409,1222.9250543594676,-642.0,-640.7648031496066
2252.4067099213444,1221.2815534230665,-645.0,-643.4031496062995
2258.4459187998186,1219.3192955087857,-648.0,-646.0414960629925
2264.3741545080757,1217.043659029173,-651.0,-648.6798425196854
2270.1751681641063,1214.4608813456418,-654.0,-651.3181889763783
2276.1034038723633,1212.1852448660293,-651.0,-653.9565354330713
2281.904417528394,1209.602467182498,-654.0,-656.5948818897642
2287.56230895699,1206.719627509152,-657.0,-659.2332283464572
2293.061570271021,1203.544627509152,-660.0,-661.8715748031501
2298.3871283774747,1200.0861696368065,-663.0,-664.509921259843
2303.5243862917555,1196.3537332847493,-666.0,-667.148267716536
2308.4592631470073,1192.3575488015829,-669.0,-669.7866141732289
2313.1782327887886,1188.1085694512042,-672.0,-672.4249606299219
2317.668360849323,1183.6184413906697,-675.0,-675.0633070866148
2321.917340199702,1178.8994717488881,-678.0,-677.7016535433078
2326.4074682602363,1174.4093436883536,-675.0,-677.7016535433078
2330.656447610615,1169.690374046572,-678.0,-677.7016535433078
2335.1465756711495,1165.2002459860375,-675.0,-677.7016535433078
2339.3955550215283,1160.481276344256,-678.0,-677.7016535433078
2343.8856830820628,1155.9911482837215,-675.0,-677.7016535433078
2348.1346624324415,1151.27217864194,-678.0,-677.7016535433078
2352.624790492976,1146.7820505814054,-675.0,-677.7016535433078
2356.8737698433547,1142.063080939624,-678.0,-680.3400000000007
2360.869954326521,1137.128204084372,-681.0,-682.9783464566937
2364.602390678578,1131.990946170091,-684.0,-685.6166929133866
2368.0608485509233,1126.6653880636377,-687.0,-688.2550393700795
2371.2358485509235,1121.1661267496065,-690.0,-690.8933858267725
2374.1186882242696,1115.5082353210105,-693.0,-693.5317322834654
2376.701465907801,1109.70722166498,-696.0,-696.1700787401584
2378.9771023874137,1103.7789859567226,-699.0,-698.8084251968513
2380.9393603016947,1097.7397770782484,-702.0,-701.4467716535443
2382.5828612380956,1091.6061480813128,-705.0,-704.0851181102372
2383.9031004747885,1085.394910816653,-708.0,-706.7234645669301
2384.8964593277938,1079.1230898538738,-711.0,-709.3618110236231
2386.2166985644867,1072.911852589214,-708.0,-709.3618110236231
2387.210057417492,1066.6400316264348,-711.0,-709.3618110236231
2388.530296654185,1060.428794361775,-708.0,-709.3618110236231
2389.52365550719,1054.156973398996,-711.0,-709.3618110236231
2390.843894743883,1047.9457361343361,-708.0,-709.3618110236231
2391.8372535968883,1041.673915171557,-711.0,-709.3618110236231
2393.1574928335813,1035.4626779068972,-708.0,-709.3618110236231
2394.1508516865865,1029.190856944118,-711.0,-709.3618110236231
2395.4710909232795,1022.9796196794583,-708.0,-709.3618110236231
2396.4644497762847,1016.7077987166792,-711.0,-709.3618110236231
2397.1282055180345,1010.3925846810907,-714.0,-712.000157480316
2397.4605388401774,1004.0512871353992,-717.0,-714.638503937009
2397.4605388401774,997.7012871353992,-720.0,-717.2768503937019
2397.7928721623202,991.3599895897077,-717.0,-719.9151968503949
2397.7928721623202,985.0099895897076,-720.0,-722.5535433070878
2397.4605388401774,978.6686920440161,-723.0,-722.5535433070878
2397.4605388401774,972.3186920440161,-720.0,-722.5535433070878
2397.1282055180345,965.9773944983245,-723.0,-722.5535433070878
2397.1282055180345,959.6273944983245,-720.0,-722.5535433070878
2396.7958721958917,953.286096952633,-723.0,-722.5535433070878
2396.7958721958917,946.936096952633,-720.0,-722.5535433070878
2396.463538873749,940.5947994069414,-723.0,-722.5535433070878
2396.463538873749,934.2447994069414,-720.0,-722.5535433070878
2396.131205551606,927.9035018612499,-723.0,-722.5535433070878
2396.131205551606,921.5535018612499,-720.0,-722.5535433070878
2395.798872229463,915.2122043155583,-723.0,-722.5535433070878
2395.798872229463,908.8622043155583,-720.0,-722.5535433070878
2395.4665389073202,902.5209067698668,-723.0,-722.5535433070878
2395.4665389073202,896.1709067698667,-720.0,-722.5535433070878
2395.1342055851774,889.8296092241752,-723.0,-722.5535433070878
2395.1342055851774,883.4796092241752,-720.0,-722.5535433070878
2394.8018722630345,877.1383116784837,-723.0,-722.5535433070878
2394.8018722630345,870.7883116784836,-720.0,-722.5535433070878
2394.4695389408917,864.4470141327921,-723.0,-722.5535433070878
2393.805783199142,858.1318000972036,-726.0,-725.1918897637808
2392.8124243461366,851.8599791344245,-729.0,-727.8302362204737
2391.4921851094437,845.6487418697649,-732.0,-730.4685826771666
2389.848684173043,839.5151128728293,-735.0,-733.1069291338596
2387.8864262587617,833.475903994355,-738.0,-735.7452755905525
2385.7667527026274,827.4901305259197,-739.5,-738.3836220472455
2383.4911162230146,821.5618948176624,-741.0,-741.0219685039384
2381.061076427496,815.6952597862157,-742.5,-743.6603149606314
2378.478298743965,809.8942461301853,-744.0,-746.2986614173243
2375.744553279232,804.1628295745636,-745.5,-748.9370078740172
2372.861713605886,798.5049381459675,-747.0,-751.5753543307102
2369.8317554782375,792.924449480564,-748.5,-754.2137007874031
2366.6567554782373,787.4251881665328,-750.0,-756.8520472440961
2363.3388895922913,782.0109231228844,-751.5,-759.490393700789
2359.880431719946,776.685365016431,-753.0,-762.128740157482
2356.2837521154734,771.4521637186812,-754.5,-764.7670866141749
2352.5513157634164,766.3149058044003,-756.0,-767.4054330708678
2348.685680689211,761.277112093551,-757.5,-770.0437795275608
2344.6894962060446,756.3422352382992,-759.0,-772.6821259842537
2340.422622528515,751.3463680443069,-760.5,-775.3204724409467
2335.8792257113387,746.3004146793154,-762.0,-778.0471653543325
2331.071069000118,741.2336746977945,-763.5,-780.8622047244112
2326.13192813353,736.2945338312065,-765.0,-783.7555511811041
2321.0651881520093,731.4863771199857,-766.5,-786.6488976377971
2315.87432154605,726.812499834569,-768.0,-789.54224409449
2310.562885876334,722.2761052169827,-769.5,-792.4355905511829
2305.134521335557,717.8803022854996,-771.0,-795.3289370078759
2299.592948253623,713.6281037038738,-772.5,-798.2222834645688
2293.941964547914,709.5224237166109,-774.0,-801.1156299212618
2288.185443120389,705.5660761516909,-775.5,-804.0089763779547
2282.3273292032904,701.7617724921109,-777.0,-806.9023228346476
2276.371637655277,698.1121200175701,-778.5,-809.7956692913406
2270.322450209843,694.6196200175701,-780.0,-812.6890157480335
2264.183912677899,691.2866660771567,-781.5,-815.5823622047265
2257.9602321064435,688.115542436476,-783.0,-818.4757086614194
2251.65567389526,685.10842242527,-784.5,-821.3690551181123
2245.2745588736266,682.2673669733855,-786.0,-824.2624015748053
2238.8212603390352,679.5943231983154,-787.5,-827.1557480314982
2232.300201059952,677.0911230707414,-789.0,-830.0490944881911
2225.715850244673,674.7594821589936,-790.5,-832.9424409448841
2219.0727204783516,672.6009984532845,-792.0,-835.835787401577
2212.375364630297,670.6171512705276,-793.5,-838.72913385827
2205.628372733668,668.8093002404866,-795.0,-841.6224803149629
2198.8363688396903,667.178684373953,-796.5,-844.5158267716558
2192.019346391028,665.6560452392808,-797.4091732283488,-847.4091732283488
2185.1341559098782,664.4794497105269,-800.3025196850417,-850.3025196850417
2178.1983515251227,663.6518975753672,-803.1958661417347,-853.1958661417347
2171.229616408259,663.1754987183253,-806.0892125984276,-856.0892125984276
2164.2457176892917,663.0514677415184,-808.9825590551205,-858.9825590551205
2157.264461158569,663.2801208679701,-811.8759055118135,-861.8759055118135
2150.30364587005,663.8608751353845,-814.7692519685064,-864.7692519685064
2143.382764466891,664.8051344236144,-817.7692519685064,-864.7692519685064
2136.5207866039536,666.1103105835855,-820.7692519685064,-864.7692519685064
2129.73652048559,667.7728262181649,-823.7692519685064,-864.7692519685064
2123.0485613136616,669.7881244875583,-826.7692519685064,-864.7692519685064
2116.4752403193847,672.150681599291,-829.7692519685064,-864.7692519685064
2110.0345745186987,674.8540219485391,-832.7692519685064,-864.7692519685064
2103.7442173288778,677.8907358673121,-835.7692519685064,-867.6625984251993
2097.6214101817422,681.252499933838,-838.7692519685064,-870.5559448818923
2091.682935266091,684.9300997864839,-841.7692519685064,-873.4492913385852
2085.9450695288897,688.9134553796805,-844.7692519685064,-876.3426377952782
2080.4235400612897,693.1916486126265,-847.7692519685064,-879.2359842519711
2075.133480991765,697.752953255044,-850.7692519685064,-882.129330708664
2070.0893920045173,702.5848670879604,-853.7692519685064,-885.022677165357
2065.305098596851,707.6741461714221,-856.7692519685064,-887.9160236220499
2060.793714184444,713.0068411452127,-859.7692519685064,-890.8093700787429
2056.5676041583883,718.56833546308,-862.7692519685064,-893.7027165354358
2052.638351992512,724.3433854556736,-865.7692519685064,-893.7027165354358
2049.0167274938826,730.3161621123825,-868.7692519685064,-893.7027165354358
2045.712657283515,736.4702944675533,-871.7692519685064,-893.7027165354358
2042.7351975881927,742.7889144721692,-874.7692519685064,-893.7027165354358
2040.0925094179797,749.254703227999,-877.7692519685064,-893.7027165354358
2037.7918361974598,755.8499384574948,-880.7692519685064,-893.7027165354358
2035.8394839120124,762.5565430793216,-883.7692519685064,-890.8093700787429
2034.3861383770427,768.7379900584668,-886.7692519685064,-887.9160236220499
2032.6112726629997,774.8349033510367,-883.7692519685064,-885.277677165357
2030.5197515534362,780.8305717414875,-880.7692519685064,-882.639330708664
2028.1173077623334,786.7085615195147,-877.7692519685064,-880.0009842519711
2025.4105262211312,792.4527615237108,-874.7692519685064,-877.3626377952781
2022.406826029888,798.0474273011389,-871.7692519685064,-874.7242913385852
2019.7000444886858,803.791627305335,-874.7692519685064,-872.0859448818923
2016.6963442974425,809.3862930827631,-871.7692519685064,-869.4475984251993
2013.5180253029403,814.62797109359,-868.7692519685064,-869.4475984251993
2010.7224555186492,819.8349749903773,-871.7692519685064,-869.4475984251993
2007.7722703508323,824.700415101569,-868.7692519685064,-866.9859448818922
2004.6952468222219,829.2228951959837,-865.7692519685064,-864.612637795278
2001.518857754678,833.4029732444882,-862.7692519685064,-862.3276771653568
1998.2701442837536,837.2431243852421,-859.7692519685064,-860.1310629921285
1994.9755914862053,840.7476959516631,-856.7692519685064,-858.022795275593
1991.661007599095,843.9228547910456,-853.7692519685064,-856.0028740157505
1988.667827614628,847.1068418482721,-856.7692519685064,-854.0712992126009
1985.3532437275178,850.2820006876545,-853.7692519685064,-852.2280708661442
1981.7104113546598,853.4229993032634,-850.7692519685064,-850.2964960629946
1977.7342777509334,856.5037884173247,-847.7692519685064,-848.2765748031521
1973.4216370751558,859.4977206813594,-844.7692519685064,-846.1683070866167
1968.771177835555,862.3776736081987,-841.7692519685064,-843.9716929133883
1963.7835224787616,865.1161757611741,-838.7692519685064,-841.6867322834671
1958.7589860791197,868.227788521251,-841.7692519685064,-839.3134251968529
1953.3856420831366,871.1780553398343,-838.7692519685064,-836.8517716535458
1947.667135546936,873.9387043569005,-835.7692519685064,-834.3017716535459
1941.8119848190395,876.3962864925805,-832.7692519685064,-831.6634251968529
1935.836238460606,878.5440656850648,-829.7692519685064,-829.02507874016
1929.7562755770348,880.3761550208769,-826.7692519685064,-826.386732283467
1923.5887609239767,881.8875328704946,-823.7692519685064,-823.7483858267741
1917.3505992303972,883.0740566522865,-820.7692519685064,-821.1100393700812
1911.058888863889,883.932474187041,-817.7692519685064,-818.4716929133882
1904.7308749652354,884.4604326119631,-814.7692519685064,-815.8333464566953
1898.3839021806778,884.6564848297082,-811.7692519685064,-813.1950000000023
1892.0353671214457,884.5200934747749,-808.7692519685064,-810.5566535433094
1885.7026706808554,884.0516323863865,-805.7692519685064,-807.9183070866164
1879.4031703396702,883.252385583824,-802.7692519685064,-805.2799606299235
1873.1541325904523,882.1245437470183,-799.7692519685064,-802.6416141732306
1866.854632249267,881.3252969444558,-802.7692519685064,-800.0032677165376
1860.6055945000492,880.1974551076501,-799.7692519685064,-800.0032677165376
1854.5243445643853,879.4258987454913,-802.7692519685064,-800.0032677165376
1848.7083110056644,878.3762065792673,-799.7692519685064,-802.5532677165376
1843.0635618810434,877.660031097916,-802.7692519685064,-805.0149212598446
1837.6084674668655,877.2564906013042,-805.7692519685064,-807.3882283464588
1832.3596786383664,877.143726095257,-808.7692519685064,-809.6731889763801
1827.332076574378,877.2990241512031,-811.7692519685064,-811.8698031496084
1822.5387306133507,877.6989422651992,-814.7692519685064,-813.9780708661439
1817.990864379922,878.3194361997698,-817.7692519685064,-815.9979921259863
1813.6978302695372,879.1359887866092,-820.7692519685064,-817.929566929136
1809.5859250693784,879.6970018211338,-817.7692519685064,-819.7727952755927
1805.2928909589937,880.5135544079732,-820.7692519685064,-821.5276771653564
1800.8347976900902,881.6060306803739,-823.7692519685064,-823.3709055118131
1796.2293454900937,882.993802287501,-826.7692519685064,-825.3024803149627
1791.4958015242794,884.6951139943035,-829.7692519685064,-827.3224015748052
1786.4690605575472,886.209833523912,-826.7692519685064,-829.4306692913407
1781.3214491275264,888.0599677259418,-829.7692519685064,-831.627283464569
1776.074865246939,890.2621161278346,-832.7692519685064,-833.9122440944902
1770.7526016833253,892.8314760791515,-835.7692519685064,-836.2855511811044
1765.3792576873423,895.7817428977347,-838.7692519685064,-838.7472047244115
1759.9806441276594,899.1250154910491,-841.7692519685064,-841.2972047244115
1754.7644025483855,902.7462478485006,-844.7692519685064,-843.9355511811044
1749.7448303051128,906.6355144239061,-847.7692519685064,-846.5738976377974
1744.935685696454,910.782155007922,-850.7692519685064,-849.2122440944903
1740.3501502535016,915.174803946937,-853.7692519685064,-851.8505905511832
1736.0007926101687,919.8014212955385,-856.7692519685064,-854.4889370078762
1731.899534053435,924.6493258171663,-859.7692519685064,-857.1272834645691
1727.550176410102,929.2759431657678,-856.7692519685064,-857.1272834645691
1723.4489178533684,934.1238476873956,-859.7692519685064,-857.1272834645691
1719.0995602100354,938.7504650359971,-856.7692519685064,-854.4889370078762
1714.5140247670831,943.143113975012,-853.7692519685064,-851.8505905511832
1709.7048801584242,947.289754559028,-850.7692519685064,-849.2122440944903
1704.6853079151515,951.1790211344335,-847.7692519685064,-846.5738976377974
1699.4690663358776,954.800253491885,-844.7692519685064,-843.9355511811044
1694.0704527761948,958.1435260851994,-841.7692519685064,-841.2972047244115
1688.504264460617,961.1996752365866,-838.7692519685064,-838.6588582677185
1682.7857579244162,963.9603242536529,-835.7692519685064,-836.0205118110256
1676.9306071965198,966.4179063893329,-832.7692519685064,-833.3821653543326
1670.9548608380862,968.5656855818171,-829.7692519685064,-830.7438188976397
1664.874897954515,970.3977749176292,-826.7692519685064,-828.1054724409468
1658.707383301457,971.909152767247,-823.7692519685064,-825.4671259842538
1652.4692216078774,973.0956765490388,-820.7692519685064,-822.8287795275609
1646.1775112413693,973.9540940837933,-817.7692519685064,-820.1904330708679
1639.8494973427157,974.4820525087155,-814.7692519685064,-817.552086614175
1633.5577869762076,975.34047004347,-817.7692519685064,-814.913740157482
1627.229773077554,975.8684284683922,-814.7692519685064,-812.2753937007891
1620.8828002929963,976.0644806861372,-811.7692519685064,-809.6370472440962
1614.5342652337642,975.9280893312039,-808.7692519685064,-806.9987007874032
1608.201568793174,975.4596282428155,-805.7692519685064,-804.3603543307103
1601.9020684519887,974.660381440253,-802.7692519685064,-801.7220078740173
1595.6530307027708,973.5325396034473,-799.7692519685064,-799.0836614173244
1589.4715837236256,972.0791940684776,-796.7692519685064,-796.4453149606314
1583.3746704310558,970.3043283544346,-793.7692519685064,-793.8069685039385
1577.3790020406052,968.212807244871,-790.7692519685064,-791.1686220472455
1571.5010122625781,965.8103634537683,-787.7692519685064,-788.5302755905526
1565.756812258382,963.1035819125661,-784.7692519685064,-785.8919291338597
1560.162146480954,960.0998817213228,-781.7692519685064,-783.2535826771667
1554.7323495203095,956.8074958134779,-778.7692519685064,-780.6152362204738
1549.482304072497,953.2354483899538,-775.7692519685064,-777.9768897637808
1544.4264001471631,949.3935301844485,-772.7692519685064,-775.3385433070879
1539.5784956255354,945.2922716277149,-769.7692519685064,-772.700196850395
1534.5225917002015,941.4503534222096,-772.7692519685064,-770.061850393702
1529.6746871785738,937.3490948654759,-769.7692519685064,-767.4235039370091
1525.0480698299723,932.9997372221428,-766.7692519685064,-764.7851574803161
1520.6554208909572,928.4142017791906,-763.7692519685064,-762.1468110236232
1516.5087803069414,923.6050571705318,-760.7692519685064,-759.5084645669302
1512.619513731536,918.5854849272591,-757.7692519685064,-756.8701181102373
1508.9982813740846,913.3692433479852,-754.7692519685064,-756.8701181102373
1505.1090147986793,908.3496711047125,-757.7692519685064,-756.8701181102373
1501.4877824412279,903.1334295254385,-754.7692519685064,-756.8701181102373
1497.5985158658225,898.1138572821658,-757.7692519685064,-756.8701181102373
1493.977283508371,892.8976157028918,-754.7692519685064,-756.8701181102373
1490.0880169329657,887.8780434596191,-757.7692519685064,-756.8701181102373
1485.94137634895,883.0688988509603,-760.7692519685064,-759.5084645669302
1481.5487274099348,878.4833634080081,-763.7692519685064,-762.1468110236232
1476.9221100613333,874.1340057646751,-766.7692519685064,-764.7851574803161
1472.0742055397056,870.0327472079414,-769.7692519685064,-767.4235039370091
1467.0183016143717,866.1908290024361,-772.7692519685064,-770.061850393702
1462.170397092744,862.0895704457024,-769.7692519685064,-770.061850393702
1457.11449316741,858.2476522401971,-772.7692519685064,-770.061850393702
1452.2665886457823,854.1463936834634,-769.7692519685064,-770.061850393702
1447.2106847204484,850.3044754779581,-772.7692519685064,-770.061850393702
1442.3627801988207,846.2032169212245,-769.7692519685064,-770.061850393702
1437.3068762734868,842.3612987157192,-772.7692519685064,-770.061850393702
1432.458971751859,838.2600401589855,-769.7692519685064,-770.061850393702
1427.403067826525,834.4181219534802,-772.7692519685064,-770.061850393702
1422.5551633048974,830.3168633967465,-769.7692519685064,-770.061850393702
1417.4992593795635,826.4749451912412,-772.7692519685064,-770.061850393702
1412.6513548579358,822.3736866345075,-769.7692519685064,-770.061850393702
1407.5954509326018,818.5317684290022,-772.7692519685064,-770.061850393702
1402.747546410974,814.4305098722685,-769.7692519685064,-770.061850393702
1397.6916424856402,810.5885916667633,-772.7692519685064,-770.061850393702
1392.8437379640125,806.4873331100296,-769.7692519685064,-770.061850393702
1387.7878340386785,802.6454149045243,-772.7692519685064,-770.061850393702
1382.9399295170508,798.5441563477906,-769.7692519685064,-772.700196850395
1377.8840255917169,794.7022381422853,-772.7692519685064,-775.3385433070879
1372.6339801439044,791.1301907187612,-775.7692519685064,-777.9768897637808
1367.2041831832598,787.8378048109163,-778.7692519685064,-780.6152362204738
1361.6095174058319,784.834104619673,-781.7692519685064,-783.2535826771667
1355.8653174016358,782.1273230784708,-784.7692519685064,-785.8919291338597
1349.9873276236087,779.7248792873681,-787.7692519685064,-788.5302755905526
1343.991659233158,777.6333581778046,-790.7692519685064,-791.1686220472455
1337.8947459405883,775.8584924637615,-793.7692519685064,-793.8069685039385
1331.7132989614431,774.4051469287919,-796.7692519685064,-796.4453149606314
1325.4642612122252,773.2773050919861,-799.7692519685064,-799.0836614173244
1319.16476087104,772.4780582894236,-802.7692519685064,-801.7220078740173
1312.8320644304497,772.0095972010353,-805.7692519685064,-804.3603543307103
1306.4835293712176,771.8732058461019,-808.7692519685064,-806.9987007874032
1300.13655658666,772.069258063847,-811.7692519685064,-809.6370472440962
1293.8085426880064,772.5972164887692,-814.7692519685064,-812.2753937007891
1287.5168323214982,773.4556340235237,-817.7692519685064,-814.913740157482
1281.1888184228446,773.9835924484458,-814.7692519685064,-817.552086614175
1274.8971080563365,774.8420099832003,-817.7692519685064,-820.1904330708679
1268.658946362757,776.0285337649922,-820.7692519685064,-822.8287795275609
1262.4914317096989,777.5399116146099,-823.7692519685064,-825.4671259842538
1256.4114688261277,779.372000950422,-826.7692519685064,-828.1054724409468
1250.4357224676942,781.5197801429063,-829.7692519685064,-830.7438188976397
1244.5805717397977,783.9773622785863,-832.7692519685064,-833.3821653543326
1238.862065203597,786.7380112956525,-835.7692519685064,-836.0205118110256
1233.2958768880192,789.7941604470398,-838.7692519685064,-838.6588582677185
1227.8972633283363,793.1374330403542,-841.7692519685064,-841.2972047244115
1222.6810217490624,796.7586653978057,-844.7692519685064,-843.9355511811044
1217.6614495057897,800.6479319732111,-847.7692519685064,-846.5738976377974
1212.8523048971308,804.7945725572271,-850.7692519685064,-849.2122440944903
1208.2667694541785,809.187221496242,-853.7692519685064,-851.8505905511832
1203.9174118108456,813.8138388448435,-856.7692519685064,-854.4889370078762
1199.816153254112,818.6617433664713,-859.7692519685064,-857.1272834645691
1195.466795610779,823.2883607150728,-856.7692519685064,-859.7656299212621
1191.3655370540453,828.1362652367006,-859.7692519685064,-862.403976377955
1187.52361884854,833.1921691620346,-862.7692519685064,-865.042322834648
1183.951571425016,838.4422146098469,-865.7692519685064,-865.042322834648
1180.1096532195108,843.4981185351809,-862.7692519685064,-865.042322834648
1176.5376057959868,848.7481639829932,-865.7692519685064,-865.042322834648
1172.6956875904816,853.8040679083272,-862.7692519685064,-865.042322834648
1169.1236401669576,859.0541133561395,-865.7692519685064,-865.042322834648
1165.2817219614524,864.1100172814735,-862.7692519685064,-865.042322834648
1161.7096745379283,869.3600627292858,-865.7692519685064,-865.042322834648
1157.8677563324231,874.4159666546198,-862.7692519685064,-865.042322834648
1154.295708908899,879.6660121024321,-865.7692519685064,-865.042322834648
1150.453790703394,884.721916027766,-862.7692519685064,-865.042322834648
1146.8817432798699,889.9719614755784,-865.7692519685064,-867.6806692913409
1143.589357372025,895.4017584362228,-868.7692519685064,-870.3190157480338
1140.5856571807817,900.9964242136509,-871.7692519685064,-872.9573622047268
1137.8788756395795,906.7406242178471,-874.7692519685064,-875.5957086614197
1135.4764318484768,912.6186139958743,-877.7692519685064,-878.2340551181127
1133.3849107389133,918.614282386325,-880.7692519685064,-880.8724015748056
1131.6100450248703,924.7111956788949,-883.7692519685064,-883.5107480314986
1130.1566994899006,930.8926426580401,-886.7692519685064,-886.1490944881915
1129.0288576530947,937.141680407258,-889.7692519685064,-888.7874409448845
1127.575512118125,943.3231273864033,-886.7692519685064,-888.7874409448845
1126.4476702813192,949.5721651356212,-889.7692519685064,-888.7874409448845
1124.9943247463495,955.7536121147664,-886.7692519685064,-888.7874409448845
1123.8664829095437,962.0026498639843,-889.7692519685064,-891.4257874015774
1123.0672361069812,968.3021502051696,-892.7692519685064,-894.0641338582703
1122.5987750185927,974.6348466457599,-895.7692519685064,-896.7024803149633
1122.4623836636595,980.9833817049921,-898.7692519685064,-899.3408267716562
1122.6584358814046,987.3303544895499,-901.7692519685064,-901.9791732283492
1123.1863943063267,993.6583683882036,-904.7692519685064,-904.6175196850421
1124.0448118410811,999.9500787547117,-907.7692519685064,-907.255866141735
1125.231335622873,1006.1882404482913,-910.7692519685064,-909.894212598428
1126.0897531576275,1012.4799508147994,-907.7692519685064,-909.894212598428
1127.2762769394194,1018.7181125083789,-910.7692519685064,-909.894212598428
1128.1346944741738,1025.009822874887,-907.7692519685064,-909.894212598428
1129.3212182559657,1031.2479845684666,-910.7692519685064,-909.894212598428
1130.17963579072,1037.5396949349747,-907.7692519685064,-909.894212598428
1131.366159572512,1043.7778566285542,-910.7692519685064,-909.894212598428
1132.2245771072664,1050.0695669950624,-907.7692519685064,-909.894212598428
1133.4111008890584,1056.3077286886419,-910.7692519685064,-909.894212598428
1134.2695184238128,1062.59943905515,-907.7692519685064,-909.894212598428
1135.4560422056047,1068.8376007487295,-910.7692519685064,-909.894212598428
1136.314459740359,1075.1293111152377,-907.7692519685064,-909.894212598428
1137.500983522151,1081.3674728088172,-910.7692519685064,-909.894212598428
1138.3594010569054,1087.6591831753253,-907.7692519685064,-909.894212598428
1139.5459248386974,1093.8973448689048,-910.7692519685064,-909.894212598428
1140.4043423734518,1100.189055235413,-907.7692519685064,-909.894212598428
1141.5908661552437,1106.4272169289925,-910.7692519685064,-909.894212598428
1142.449283689998,1112.7189272955006,-907.7692519685064,-909.894212598428
1143.63580747179,1118.9570889890801,-910.7692519685064,-909.894212598428
1144.4942250065444,1125.2487993555883,-907.7692519685064,-909.894212598428
1145.6807487883364,1131.4869610491678,-910.7692519685064,-909.894212598428
1146.5391663230907,1137.778671415676,-907.7692519685064,-909.894212598428
1147.7256901048827,1144.0168331092555,-910.7692519685064,-909.894212598428
1149.2370679545004,1150.1843477623136,-913.7692519685064,-912.5325590551209
1151.0691572903127,1156.2643106458847,-916.7692519685064,-915.1709055118139
1153.2169364827969,1162.2400570043183,-919.7692519685064,-917.8092519685068
1155.674518618477,1168.0952077322147,-922.7692519685064,-920.4475984251998
1158.4351676355432,1173.8137142684154,-925.7692519685064,-923.0859448818927
1160.8927497712232,1179.6688649963119,-922.7692519685064,-925.7242913385857
1163.6533987882895,1185.3873715325126,-925.7692519685064,-928.3626377952786
1166.7095479396767,1190.9535598480904,-928.7692519685064,-931.0009842519715
1170.052820532991,1196.3521734077733,-931.7692519685064,-933.6393307086645
1173.6740528904425,1201.5684149870472,-934.7692519685064,-936.2776771653574
1177.5633194658478,1206.5879872303199,-937.7692519685064,-938.9160236220504
1181.7099600498636,1211.3971318389788,-940.7692519685064,-941.5543700787433
1186.1026089888787,1215.982667281931,-943.7692519685064,-944.1927165354363
1190.7292263374802,1220.332024925264,-946.7692519685064,-946.8310629921292
1195.577130859108,1224.4332834819977,-949.7692519685064,-949.4694094488221
1200.6330347844419,1228.2752016875029,-952.7692519685064,-952.1077559055151
1205.8830802322543,1231.847249111027,-955.7692519685064,-954.746102362208
1211.312877192899,1235.1396350188718,-958.7692519685064,-957.384448818901
1216.9075429703269,1238.143335210115,-961.7692519685064,-960.0227952755939
1222.651742974523,1240.8501167513173,-964.7692519685064,-962.6611417322869
1228.52973275255,1243.25256054242,-967.7692519685064,-965.2994881889798
1234.5254011430006,1245.3440816519835,-970.7692519685064,-967.9378346456728
1240.4033909210277,1247.7465254430863,-967.7692519685064,-970.5761811023657
1246.3990593114784,1249.8380465526498,-970.7692519685064,-973.2145275590586
1252.4959726040481,1251.6129122666928,-973.7692519685064,-975.8528740157516
1258.6774195831933,1253.0662578016625,-976.7692519685064,-978.4912204724445
1264.9264573324112,1254.1940996384683,-979.7692519685064,-981.1295669291375
1271.2259576735964,1254.9933464410308,-982.7692519685064,-983.7679133858304
1277.5586541141868,1255.4618075294193,-985.7692519685064,-986.4062598425234
1283.9071891734188,1255.5981988843525,-988.7692519685064,-989.0446062992163
1290.2541619579765,1255.4021466666075,-991.7692519685064,-991.6829527559092
1296.58217585663,1254.8741882416853,-994.7692519685064,-994.3212992126022
1302.8738862231382,1254.0157707069309,-997.7692519685064,-996.9596456692951
1309.1120479167178,1252.829246925139,-1000.7692519685064,-999.5979921259881
1315.2795625697759,1251.3178690755212,-1003.7692519685064,-1002.236338582681
1321.359525453347,1249.485779739709,-1006.7692519685064,-1004.874685039374
1327.3352718117806,1247.3380005472247,-1009.7692519685064,-1007.5130314960669
1333.190422539677,1244.8804184115447,-1012.7692519685064,-1010.1513779527598
1338.9089290758777,1242.1197693944785,-1015.7692519685064,-1012.7897244094528
1344.7640798037742,1239.6621872587984,-1012.7692519685064,-1015.4280708661457
1350.482586339975,1236.9015382417322,-1015.7692519685064,-1018.0664173228387
1355.855930335958,1233.951271423149,-1018.7692519685064,-1020.7047637795316
1360.8804667355998,1230.839658663072,-1021.7692519685064,-1023.2547637795316
1365.554547772776,1227.5948063616706,-1024.7692519685065,-1025.7164173228387
1369.8784942563511,1224.2445247604946,-1027.7692519685065,-1028.0897244094529
1373.8545586965809,1220.816199868198,-1030.7692519685065,-1030.374685039374
1377.4868804726516,1217.3366685039075,-1033.7692519685065,-1032.5712992126025
1380.7814332701998,1213.8320969374865,-1036.7692519685065,-1034.679566929138
1384.0960171573101,1210.656938098104,-1033.7692519685065,-1032.6596456692955
1387.4056174627967,1207.803265759183,-1030.7692519685065,-1030.7280708661458
1391.0339381866743,1204.9919691322364,-1027.7692519685065,-1028.884842519689
1394.9851385010534,1202.2489569055683,-1024.7692519685065,-1026.9532677165394
1398.9612721047797,1199.168167791507,-1027.7692519685065,-1024.9333464566969
1403.2739127805573,1196.1742355274723,-1024.7692519685065,-1022.8250787401614
1407.9243720201582,1193.2942826006329,-1021.7692519685065,-1020.6284645669331
1412.9120273769515,1190.5557804476575,-1018.7692519685065,-1018.3435039370119
1418.2342909405652,1187.9864204963408,-1015.7692519685065,-1015.9701968503977
1423.886586052692,1185.6139829385897,-1012.7692519685065,-1013.5085433070906
1429.8623324111256,1183.4662037461055,-1009.7692519685065,-1010.9585433070906
1435.9422952946968,1181.6341144102933,-1006.7692519685065,-1008.3201968503977
1442.109809947755,1180.1227365606755,-1003.7692519685065,-1005.6818503937047
1448.3479716413344,1178.9362127788836,-1000.7692519685065,-1003.0435039370118
1454.6396820078426,1178.077795244129,-997.7692519685065,-1000.4051574803188
1460.9676959064961,1177.5498368192068,-994.7692519685065,-997.7668110236259
1467.2594062730043,1176.6914192844522,-997.7692519685065,-995.128464566933
1473.5874201716579,1176.16346085953,-994.7692519685065,-992.49011811024
1479.9343929562156,1175.967408641785,-991.7692519685065,-989.8517716535471
1486.2829280154476,1176.1037999967182,-988.7692519685065,-987.2134251968541
1492.615624456038,1176.5722610851067,-985.7692519685065,-984.5750787401612
1498.9151247972231,1177.3715078876692,-982.7692519685065,-981.9367322834682
1504.9476604511926,1178.4602748891841,-979.7692519685065,-979.2983858267753
1510.7007866947752,1179.8129161666125,-976.7692519685065,-976.7483858267753
1516.164005062448,1181.4033076489598,-973.7692519685065,-974.2867322834683
1521.3287776759544,1183.2049801638123,-970.7692519685065,-971.9134251968541
1526.1885330042446,1185.191252589527,-967.7692519685065,-969.6284645669328
1530.7386630863086,1187.3353645820068,-964.7692519685065,-967.4318503937045
1535.191124634704,1189.1551684615665,-967.7692519685065,-965.323582677169
1539.3432314093907,1191.1117239378057,-964.7692519685065,-963.3036614173266
1543.1934187239356,1193.1788372977637,-961.7692519685065,-961.372086614177
1546.742026186404,1195.330554072182,-958.7692519685065,-959.5288582677202
1549.991266912373,1197.5412857846936,-955.7692519685065,-957.7739763779565
1553.1636364752062,1199.4648687324266,-958.7692519685065,-956.1074409448856
1556.0490945244762,1201.4280884974814,-955.7692519685065,-954.5292519685077
1558.6526859946875,1203.4065251166944,-952.7692519685065,-953.0394094488227
1561.0766382555014,1205.4571543950613,-949.7692519685065,-951.6379133858305
1563.6045902181684,1207.378113497814,-952.7692519685065,-950.2745669291376
1566.0285424789822,1209.4287427761808,-949.7692519685065,-948.9112204724446
1568.341851153283,1211.6034215978473,-946.7692519685065,-948.9112204724446
1570.7658034140968,1213.6540508762141,-949.7692519685065,-948.9112204724446
1573.0791120883976,1215.8287296978806,-946.7692519685065,-948.9112204724446
1575.5030643492114,1217.8793589762474,-949.7692519685065,-948.9112204724446
1577.8163730235121,1220.054037797914,-946.7692519685065,-948.9112204724446
1580.240325284326,1222.1046670762807,-949.7692519685065,-948.9112204724446
1582.768277246993,1224.0256261790335,-952.7692519685065,-950.2745669291376
1585.1922295078068,1226.0762554574003,-949.7692519685065,-951.6379133858305
1587.7201814704738,1227.997214560153,-952.7692519685065,-953.0012598425235
1590.34520419438,1229.783238271915,-955.7692519685065,-954.3646062992165
1592.8731561570469,1231.7041973746677,-952.7692519685065,-955.7279527559094
1595.498178880953,1233.4902210864298,-955.7692519685065,-957.0912992126024
1598.2130773612753,1235.1364140403523,-958.7692519685065,-958.4546456692954
1601.0104102499893,1236.638264135974,-961.7692519685065,-959.8179921259883
1603.7253087303116,1238.2844570898965,-958.7692519685065,-961.1813385826813
1606.5226416190255,1239.7863071855181,-961.7692519685065,-962.5446850393743
1609.3947416211236,1241.139697956119,-964.7692519685065,-963.9080314960672
1612.3337365101372,1242.3409198516704,-967.7692519685065,-965.2713779527602
1615.2058365122352,1243.6943106222714,-964.7692519685065,-966.6347244094532
1618.144831401249,1244.8955325178226,-967.7692519685065,-967.9980708661461
1621.1426655964742,1245.9412930726044,-970.7692519685065,-969.3614173228391
1624.0816604854879,1247.1425149681556,-967.7692519685065,-970.724763779532
1627.0794946807132,1248.1882755229374,-970.7692519685065,-972.088110236225
1630.127951326998,1249.0757083799588,-973.7692519685065,-973.451456692918
1633.2186748165707,1249.8023811474436,-976.7692519685065,-974.814803149611
1636.2671314628556,1250.689814004465,-973.7692519685065,-976.1781496063039
1639.5720153202096,1251.4668389007204,-976.7692519685065,-977.5414960629969
1643.1295383853155,1252.1089094897052,-979.7692519685065,-978.9931889763827
1646.9340397724723,1252.5916042121976,-982.7692519685065,-980.5332283464614
1650.9245670280752,1253.311824471764,-979.7692519685065,-982.1616141732331
1655.1655692262748,1253.8499000750642,-982.7692519685065,-983.8783464566977
1659.6483204861888,1254.1815115069235,-985.7692519685065,-985.6834251968552
1664.3622327388312,1254.2827847728306,-988.7692519685065,-987.5768503937056
1669.2948800918693,1254.1304197815593,-991.7692519685065,-989.558622047249
1674.448690836805,1254.241143787021,-988.7692519685065,-991.6287401574851
1679.8211284300332,1254.0751940751502,-991.7692519685065,-993.7872047244143
1685.3967564242014,1253.6100086598053,-994.7692519685065,-996.0340157480364
1691.1583778070747,1252.8239144921522,-997.7692519685065,-998.3691732283513
1697.0870873851459,1251.6962497641027,-1000.7692519685065,-1000.7926771653592
1703.1623321339455,1250.2074830791644,-1003.7692519685065,-1003.30452755906
1709.2422950175167,1248.375393743352,-1006.7692519685065,-1005.9047244094537
1715.2180413759502,1246.2276145508679,-1009.7692519685065,-1008.5430708661466
1721.0731921038466,1243.7700324151879,-1012.7692519685065,-1011.1814173228396
1726.7916986400473,1241.0093833981216,-1015.7692519685065,-1013.8197637795325
1732.3578869556252,1237.9532342467344,-1018.7692519685065,-1016.4581102362255
1737.756500515308,1234.60996165342,-1021.7692519685065,-1019.0964566929184
1743.322688830886,1231.5538125020328,-1018.7692519685065,-1021.7348031496114
1748.7213023905688,1228.2105399087184,-1021.7692519685065,-1024.3731496063042
1753.9375439698426,1224.589307551267,-1024.7692519685065,-1027.0114960629971
1758.9571162131153,1220.7000409758616,-1027.7692519685065,-1029.64984251969
1763.7662608217743,1216.5534003918458,-1030.7692519685065,-1032.288188976383
1768.3517962647263,1212.1607514528307,-1033.7692519685065,-1034.926535433076
1772.7011539080593,1207.5341341042292,-1036.7692519685065,-1034.926535433076
1777.2866893510113,1203.1414851652141,-1033.7692519685065,-1034.926535433076
1781.6360469943443,1198.5148678166127,-1036.7692519685065,-1034.926535433076
1786.2215824372963,1194.1222188775976,-1033.7692519685065,-1034.926535433076
1790.5709400806293,1189.495601528996,-1036.7692519685065,-1034.926535433076
1795.1564755235813,1185.102952589981,-1033.7692519685065,-1034.926535433076
1799.5058331669143,1180.4763352413795,-1036.7692519685065,-1034.926535433076
1804.0913686098663,1176.0836863023644,-1033.7692519685065,-1034.926535433076
1808.4407262531993,1171.457068953763,-1036.7692519685065,-1034.926535433076
1813.0262616961513,1167.0644200147478,-1033.7692519685065,-1032.288188976383
1817.8354063048102,1162.917779430732,-1030.7692519685065,-1029.64984251969
1822.854978548083,1159.0285128553267,-1027.7692519685065,-1027.0114960629971
1828.0712201273568,1155.4072804978753,-1024.7692519685065,-1024.3731496063042
1833.4698336870397,1152.0640079045609,-1021.7692519685065,-1021.7348031496113
1839.0360220026175,1149.0078587531737,-1018.7692519685065,-1019.0964566929183
1844.7545285388182,1146.2472097361074,-1015.7692519685065,-1016.4581102362254
1850.6096792667147,1143.7896276004274,-1012.7692519685065,-1013.8197637795324
1856.5854256251482,1141.6418484079431,-1009.7692519685065,-1011.1814173228395
1862.6653885087194,1139.8097590721309,-1006.7692519685065,-1008.5430708661465
1868.641134867153,1137.6619798796467,-1009.7692519685065,-1008.5430708661465
1874.721097750724,1135.8298905438344,-1006.7692519685065,-1008.5430708661465
1880.6968441091576,1133.6821113513502,-1009.7692519685065,-1008.5430708661465
1886.7768069927288,1131.850022015538,-1006.7692519685065,-1008.5430708661465
1892.7525533511623,1129.7022428230537,-1009.7692519685065,-1008.5430708661465
1898.8325162347335,1127.8701534872414,-1006.7692519685065,-1008.5430708661465
1904.808262593167,1125.7223742947572,-1009.7692519685065,-1008.5430708661465
1910.8882254767382,1123.890284958945,-1006.7692519685065,-1008.5430708661465
1916.8639718351717,1121.7425057664607,-1009.7692519685065,-1008.5430708661465
1922.9439347187429,1119.9104164306484,-1006.7692519685065,-1008.5430708661465
1928.9196810771764,1117.7626372381642,-1009.7692519685065,-1008.5430708661465
1934.9996439607476,1115.930547902352,-1006.7692519685065,-1008.5430708661465
1940.975390319181,1113.7827687098677,-1009.7692519685065,-1008.5430708661465
1947.0553532027523,1111.9506793740554,-1006.7692519685065,-1008.5430708661465
1953.0310995611858,1109.8029001815712,-1009.7692519685065,-1008.5430708661465
1959.111062444757,1107.970810845759,-1006.7692519685065,-1008.5430708661465
1965.278577097815,1106.4594329961412,-1003.7692519685065,-1005.9047244094536
1971.5167387913946,1105.2729092143493,-1000.7692519685065,-1003.2663779527606
1977.8084491579027,1104.4144916795947,-997.7692519685065,-1000.6280314960677
1984.0466108514822,1103.2279678978027,-1000.7692519685065,-997.9896850393748
1990.3383212179904,1102.3695503630481,-997.7692519685065,-995.3513385826818
1996.666335116644,1101.841591938126,-994.7692519685065,-992.7129921259889
2003.0133079012016,1101.6455397203808,-991.7692519685065,-990.0746456692959
2009.3618429604337,1101.781931075314,-988.7692519685065,-987.436299212603
2015.694539401024,1102.2503921637026,-985.7692519685065,-984.79795275591
2021.9940397422092,1103.049638966265,-982.7692519685065,-982.1596062992171
2028.2430774914271,1104.177480803071,-979.7692519685065,-979.5212598425242
2034.4245244705724,1105.6308263380406,-976.7692519685065,-976.8829133858312
2040.521437763142,1107.4056920520836,-973.7692519685065,-974.2445669291383
2046.5171061535927,1109.497213161647,-970.7692519685065,-971.6062204724453
2052.39509593162,1111.8996569527499,-967.7692519685065,-968.9678740157524
2058.139295935816,1114.606438493952,-964.7692519685065,-966.3295275590594
2063.733961713244,1117.6101386851954,-961.7692519685065,-963.6911811023665
2069.47816171744,1120.3169202263975,-964.7692519685065,-963.6911811023665
2075.072827494868,1123.3206204176408,-961.7692519685065,-963.6911811023665
2080.817027499064,1126.027401958843,-964.7692519685065,-963.6911811023665
2086.411693276492,1129.0311021500863,-961.7692519685065,-963.6911811023665
2092.155893280688,1131.7378836912885,-964.7692519685065,-963.6911811023665
2097.750559058116,1134.7415838825318,-961.7692519685065,-963.6911811023665
2103.494759062312,1137.448365423734,-964.7692519685065,-963.6911811023665
2109.08942483974,1140.4520656149773,-961.7692519685065,-963.6911811023665
2114.833624843936,1143.1588471561795,-964.7692519685065,-963.6911811023665
2120.428290621364,1146.1625473474228,-961.7692519685065,-963.6911811023665
2126.17249062556,1148.869328888625,-964.7692519685065,-963.6911811023665
2131.767156402988,1151.8730290798683,-961.7692519685065,-963.6911811023665
2137.511356407184,1154.5798106210705,-964.7692519685065,-963.6911811023665
2143.3893461852113,1156.9822544121732,-967.7692519685065,-966.3295275590594
2149.385014575662,1159.0737755217367,-970.7692519685065,-968.9678740157524
2155.4819278682317,1160.8486412357797,-973.7692519685065,-971.6062204724453
2161.663374847377,1162.3019867707494,-976.7692519685065,-974.2445669291383
2167.912412596595,1163.4298286075552,-979.7692519685065,-976.8829133858312
2174.09385957574,1164.883174142525,-976.7692519685065,-979.5212598425242
2180.3428973249584,1166.0110159793308,-979.7692519685065,-982.1596062992171
2186.6423976661436,1166.8102627818932,-982.7692519685065,-984.79795275591
2192.975094106734,1167.2787238702817,-985.7692519685065,-987.436299212603
2199.3236291659664,1167.415115225215,-988.7692519685065,-990.0746456692959
2205.670601950524,1167.21906300747,-991.7692519685065,-992.7129921259889
2211.998615849178,1166.6911045825477,-994.7692519685065,-995.3513385826818
2218.290326215686,1165.8326870477931,-997.7692519685065,-997.9896850393748
2224.5284879092656,1164.6461632660012,-1000.7692519685065,-1000.6280314960677
2230.6960025623234,1163.1347854163835,-1003.7692519685065,-1003.2663779527606
2236.7759654458946,1161.3026960805712,-1006.7692519685065,-1005.9047244094536
2242.7517118043284,1159.154916888087,-1009.7692519685065,-1008.5430708661465
2248.606862532225,1156.697334752407,-1012.7692519685065,-1011.1814173228395
2254.325369068426,1153.9366857353407,-1015.7692519685065,-1013.8197637795324
2259.8915573840036,1150.8805365839535,-1018.7692519685065,-1016.4581102362254
2265.2901709436865,1147.537263990639,-1021.7692519685065,-1019.0964566929183
2270.856359259264,1144.4811148392519,-1018.7692519685065,-1021.7348031496113
2276.254972818947,1141.1378422459375,-1021.7692519685065,-1024.3731496063042
2281.471214398221,1137.516609888486,-1024.7692519685065,-1027.0114960629971
2286.4907866414937,1133.6273433130807,-1027.7692519685065,-1029.64984251969
2291.2999312501524,1129.480702729065,-1030.7692519685065,-1032.288188976383
2295.8854666931047,1125.0880537900498,-1033.7692519685065,-1034.926535433076
2300.2348243364377,1120.4614364414483,-1036.7692519685065,-1037.564881889769
2304.3360828931714,1115.6135319198206,-1039.7692519685065,-1040.2032283464619
2308.1780010986768,1110.5576279944867,-1042.7692519685065,-1042.8415748031548
2311.750048522201,1105.3075825466742,-1045.7692519685065,-1045.4799212598477
2315.042434430046,1099.8777855860296,-1048.7692519685065,-1048.1182677165407
2318.046134621289,1094.2831198086017,-1051.7692519685065,-1050.7566141732336
2320.752916162491,1088.5389198044056,-1054.7692519685065,-1053.3949606299266
2323.1553599535937,1082.6609300263785,-1057.7692519685065,-1056.0333070866195
2325.246881063157,1076.665261635928,-1060.7692519685065,-1058.6716535433125
2327.0217467772,1070.5683483433581,-1063.7692519685065,-1061.3100000000054
2328.4750923121696,1064.386901364213,-1066.7692519685065,-1063.9483464566983
2330.2499580262124,1058.2899880716432,-1063.7692519685065,-1066.5866929133913
2331.703303561182,1052.108541092498,-1066.7692519685065,-1069.2250393700842
2332.8311453979877,1045.85950334328,-1069.7692519685065,-1071.8633858267772
2333.6303922005504,1039.5600030020948,-1072.7692519685065,-1071.8633858267772
2334.758234037356,1033.310965252877,-1069.7692519685065,-1071.8633858267772
2335.5574808399188,1027.0114649116917,-1072.7692519685065,-1071.8633858267772
2336.6853226767244,1020.7624271624738,-1069.7692519685065,-1071.8633858267772
2337.484569479287,1014.4629268212885,-1072.7692519685065,-1071.8633858267772
2338.6124113160927,1008.2138890720706,-1069.7692519685065,-1071.8633858267772
2339.4116581186554,1001.9143887308853,-1072.7692519685065,-1071.8633858267772
2340.539499955461,995.6653509816674,-1069.7692519685065,-1071.8633858267772
2341.3387467580237,989.3658506404821,-1072.7692519685065,-1071.8633858267772
2342.4665885948293,983.1168128912642,-1069.7692519685065,-1071.8633858267772
2343.265835397392,976.8173125500789,-1072.7692519685065,-1071.8633858267772
2344.3936772341976,970.568274800861,-1069.7692519685065,-1071.8633858267772
