875.0115139103734,1274.780301502354,3.0,0
875.0115139103734,1274.340301502354,0.0,0
875.0460556414938,1273.681206009416,3.0,0
875.0460556414938,1272.8012060094159,0.0,0
875.103625193361,1271.7027135211858,3.0,0
875.103625193361,1270.382713521186,0.0,0
875.1842225659751,1268.8448240376638,3.0,0
875.1842225659751,1267.0848240376638,0.0,0
875.2878477593362,1265.1075375588498,3.0,0
875.2878477593362,1262.9075375588498,0.0,0
875.414500773444,1260.4908540847437,3.0,0
875.414500773444,1257.8508540847436,0.0,0
875.5641816082989,1254.9947736153454,3.0,0
875.5641816082989,1251.9147736153454,0.0,0
875.7368902639006,1248.6192961506554,3.0,0
875.7368902639006,1245.0992961506554,0.0,0
875.9326267402492,1241.3644216906732,3.0,0
875.9326267402492,1237.4044216906732,0.0,0
876.1513910373448,1233.2301502353992,3.0,0
876.1513910373448,1228.830150235399,0.0,0
876.3931831551871,1224.216481784833,3.0,0
876.3931831551871,1219.376481784833,0.0,0
876.6580030937764,1214.3234163389748,3.0,0
876.6580030937764,1209.0434163389748,0.0,0
876.9458508531126,1203.5509538978247,3.0,0
876.9458508531126,1197.8309538978247,0.0,0
877.2567264331957,1191.8990944613824,3.0,0
877.2567264331957,1185.7390944613824,0.0,0
877.5890597553384,1179.3977969156908,3.0,0
877.5890597553384,1173.047796915691,0.0,0
877.9213930774812,1166.7064993699994,3.0,0
877.9213930774812,1160.3564993699995,0.0,0
878.2537263996239,1154.015201824308,3.0,0
878.2537263996239,1147.665201824308,0.0,0
878.5860597217667,1141.3239042786165,3.0,0
878.5860597217667,1134.9739042786166,0.0,0
878.9183930439094,1128.632606732925,3.0,0
878.9183930439094,1122.2826067329252,0.0,0
879.2507263660522,1115.9413091872336,3.0,0
879.2507263660522,1109.5913091872337,0.0,0
879.5830596881949,1103.2500116415422,3.0,0
879.5830596881949,1096.9000116415423,0.0,0
879.9153930103377,1090.5587140958507,3.0,0
879.9153930103377,1084.2087140958508,0.0,0
880.2477263324804,1077.8674165501593,3.0,0
880.2477263324804,1071.5174165501594,0.0,0
880.5800596546231,1065.1761190044679,3.0,0
880.5800596546231,1058.826119004468,0.0,0
880.9123929767659,1052.4848214587764,3.0,0
880.9123929767659,1046.1348214587765,0.0,0
881.2447262989086,1039.793523913085,3.0,0
881.2447262989086,1033.443523913085,0.0,0
881.5770596210514,1027.1022263673935,3.0,0
881.5770596210514,1020.7522263673935,0.0,0
881.9093929431941,1014.410928821702,3.0,0
881.9093929431941,1008.060928821702,0.0,0
882.2417262653369,1001.7196312760104,3.0,0
882.2417262653369,995.3696312760104,0.0,0
882.5740595874796,989.0283337303189,3.0,0
882.5740595874796,982.6783337303189,0.0,0
882.9063929096224,976.3370361846273,3.0,0
882.9063929096224,969.9870361846273,0.0,0
883.2387262317651,963.6457386389358,3.0,0
883.2387262317651,957.2957386389357,0.0,0
883.5710595539078,950.9544410932442,3.0,0
883.5710595539078,944.6044410932442,0.0,0
883.9033928760506,938.2631435475527,3.0,0
883.9033928760506,931.9131435475526,0.0,0
884.2357261981933,925.5718460018611,3.0,0
884.4019498199483,919.2240219882663,1.5,0
884.4019498199483,912.8740219882662,0.0,0
884.5681734417033,906.5261979746715,1.5,0
884.5681734417033,900.1761979746715,0.0,0
884.7343970634582,893.8283739610767,1.5,0
885.066730385601,887.4870764153852,3.0,2.638346456692913
885.5649456434728,881.1566513461798,4.5,5.276692913385826
886.2287013852224,874.8414373105913,6.0,7.915039370078739
887.0575427058197,868.5457624408676,7.5,10.553385826771652
888.0509015588252,862.2739414780885,9.0,13.191732283464566
889.2080971457003,856.0302728150574,10.5,15.830078740157479
890.5283363823931,849.8190355503978,12.0,18.46842519685039
892.0107144428781,843.6444865558725,13.5,21.106771653543305
893.6542153792791,837.5108575589369,15.0,23.74511811023622
895.457712818149,831.4223522425239,16.5,26.383464566929135
897.41997073243,825.3831433640496,18.0,29.02181102362205
899.5396442885644,819.3973698956142,19.5,31.660157480314965
901.8152807681771,813.469134187357,21.0,34.29850393700788
904.2453205636954,807.6024991559103,22.5,36.936850393700794
906.9175803087034,801.6005054991984,24.0,39.57519685039371
909.8407506560317,795.4719514184629,25.5,42.301889763779535
913.0118742967124,789.2482708470072,27.0,45.11692913385828
916.3448282371259,783.1097333150634,28.5,48.01027559055119
919.8373282371258,777.0605458696291,30.0,50.9036220472441
923.4869807116667,771.1048543216158,31.5,53.79696850393701
927.2912843712467,765.246740404517,33.0,56.69031496062992
931.2476319361666,759.4902189769922,34.5,59.58366141732283
935.3533119234295,753.8392352712832,36.0,62.47700787401574
939.6055105050553,748.2976621893489,37.5,65.37035433070865
944.0013134365385,742.869297648572,39.0,68.26370078740156
948.5377080541248,737.5578619788558,40.5,71.15704724409447
953.2115853395414,732.3669953728962,42.0,74.05039370078738
958.0197420507623,727.3002553913753,43.5,76.94374015748029
962.9588829173503,722.3611145247874,45.0,79.8370866141732
968.0256228988711,717.5529578135665,46.5,82.73043307086611
973.2164895048307,712.8790805281499,48.0,85.62377952755902
978.6448540456076,708.4832775966668,51.0,88.51712598425193
984.2958377513166,704.3775976094039,54.0,91.41047244094484
990.1539516684154,700.5732939498239,57.0,94.30381889763775
996.2031391138497,697.0807939498239,60.0,97.19716535433066
1002.4268196853054,693.9096703091432,63.0,100.09051181102357
1008.807934706939,691.0686148572587,66.0,102.98385826771649
1015.3289939860219,688.5654147296848,69.0,105.8772047244094
1021.9721237523436,686.4069310239757,72.0,108.7705511811023
1028.7191156489728,684.5990799939347,75.0,111.66389763779522
1035.5514766400984,683.1468168335726,78.0,114.55724409448813
1042.4504796991555,682.0541220952666,81.0,117.45059055118104
1049.397215138303,681.323990779342,84.0,120.34393700787395
1056.3726424385636,680.9584241249851,87.0,123.23728346456686
1063.3576424385635,680.9584241249851,90.0,126.13062992125977
1070.3330697388242,681.323990779342,93.0,129.0239763779527
1077.2798051779716,682.0541220952666,96.0,131.9173228346456
1084.1788082370288,683.1468168335726,99.0,134.8106692913385
1091.0111692281544,684.5990799939347,102.0,137.70401574803142
1097.7581611247836,686.4069310239757,105.0,140.59736220472433
1104.4012908911052,688.5654147296848,108.0,140.59736220472433
1110.922350170188,691.0686148572587,111.0,140.59736220472433
1117.3034651918217,693.9096703091432,114.0,140.59736220472433
1123.5271457632775,697.0807939498239,117.0,140.59736220472433
1129.5763332087117,700.5732939498239,120.0,140.59736220472433
1135.4344471258105,704.3775976094039,123.0,140.59736220472433
1141.0854308315195,708.4832775966668,126.0,140.59736220472433
1146.5137953722965,712.8790805281499,129.0,140.59736220472433
1151.232765014078,717.1280598785286,132.0,140.59736220472433
1155.7228930746126,721.6181879390632,135.0,140.59736220472433
1159.9718724249913,726.3371575808446,138.0,140.59736220472433
1163.9680569081577,731.2720344360964,141.0,140.59736220472433
1168.2170362585364,735.9910040778778,138.0,140.59736220472433
1172.2132207417028,740.9258809331296,141.0,140.59736220472433
1176.4622000920815,745.6448505749111,138.0,140.59736220472433
1180.458384575248,750.5797274301628,141.0,140.59736220472433
1184.7073639256266,755.2986970719443,138.0,140.59736220472433
1188.703548408793,760.2335739271961,141.0,140.59736220472433
1192.9525277591717,764.9525435689775,138.0,140.59736220472433
1196.9487122423382,769.8874204242293,141.0,140.59736220472433
1201.1976915927169,774.6063900660107,138.0,140.59736220472433
1205.1938760758833,779.5412669212625,141.0,140.59736220472433
1209.442855426262,784.2602365630439,138.0,140.59736220472433
1213.4390399094284,789.1951134182957,141.0,140.59736220472433
1217.688019259807,793.9140830600771,138.0,140.59736220472433
1221.6842037429735,798.8489599153289,141.0,140.59736220472433
1225.9331830933522,803.5679295571103,138.0,140.59736220472433
1229.9293675765186,808.5028064123621,141.0,140.59736220472433
1234.1783469268973,813.2217760541436,138.0,140.59736220472433
1238.1745314100638,818.1566529093953,141.0,140.59736220472433
1242.4235107604425,822.8756225511768,138.0,140.59736220472433
1246.4196952436089,827.8104994064286,141.0,140.59736220472433
1250.6686745939876,832.52946904821,138.0,140.59736220472433
1254.664859077154,837.4643459034618,141.0,140.59736220472433
1258.9138384275327,842.1833155452432,138.0,140.59736220472433
1262.9100229106991,847.118192400495,141.0,140.59736220472433
1267.1590022610778,851.8371620422764,138.0,140.59736220472433
1271.1551867442442,856.7720388975282,141.0,140.59736220472433
1275.404166094623,861.4910085393096,138.0,140.59736220472433
1279.4003505777894,866.4258853945614,141.0,140.59736220472433
1283.649329928168,871.1448550363428,138.0,140.59736220472433
1287.6455144113345,876.0797318915946,141.0,140.59736220472433
1291.8944937617132,880.7987015333761,138.0,140.59736220472433
1295.8906782448796,885.7335783886278,141.0,140.59736220472433
1300.1396575952583,890.4525480304093,138.0,140.59736220472433
1304.1358420784247,895.3874248856611,141.0,140.59736220472433
1308.3848214288034,900.1063945274425,138.0,140.59736220472433
1312.3810059119699,905.0412713826943,141.0,140.59736220472433
1316.6299852623486,909.7602410244757,138.0,140.59736220472433
1320.626169745515,914.6951178797275,141.0,140.59736220472433
1324.8751490958937,919.4140875215089,138.0,140.59736220472433
1328.87133357906,924.3489643767607,141.0,140.59736220472433
1333.1203129294388,929.0679340185421,138.0,140.59736220472433
1337.1164974126052,934.0028108737939,141.0,140.59736220472433
1341.365476762984,938.7217805155753,138.0,140.59736220472433
1345.3616612461503,943.6566573708271,141.0,140.59736220472433
1349.610640596529,948.3756270126086,138.0,137.95901574803142
1354.1007686570636,952.8657550731432,135.0,135.3206692913385
1358.819738298845,957.1147344235219,132.0,132.6823228346456
1363.7546151540969,961.1109189066883,129.0,130.04397637795267
1368.891873068378,964.8433552587455,126.0,127.40562992125976
1373.8267499236297,968.839539741912,129.0,127.40562992125976
1378.9640078379107,972.5719760939692,126.0,127.40562992125976
1383.8988846931625,976.5681605771356,129.0,127.40562992125976
1389.0361426074435,980.3005969291928,126.0,127.40562992125976
1393.9710194626953,984.2967814123592,129.0,127.40562992125976
1399.1082773769763,988.0292177644164,126.0,127.40562992125976
1404.043154232228,992.0254022475829,129.0,127.40562992125976
1409.180412146509,995.7578385996401,126.0,127.40562992125976
1414.1152890017609,999.7540230828065,129.0,127.40562992125976
1419.2525469160419,1003.4864594348637,126.0,127.40562992125976
1424.1874237712937,1007.4826439180301,129.0,127.40562992125976
1429.3246816855747,1011.2150802700874,126.0,127.40562992125976
1434.2595585408264,1015.2112647532538,129.0,127.40562992125976
1439.3968164551075,1018.943701105311,126.0,127.40562992125976
1444.3316933103592,1022.9398855884774,129.0,127.40562992125976
1449.4689512246403,1026.6723219405346,126.0,127.40562992125976
1454.403828079892,1030.668506423701,129.0,130.04397637795267
1459.1227977216736,1034.9174857740798,132.0,132.6823228346456
1463.612925782208,1039.4076138346143,135.0,135.3206692913385
1467.8619051325868,1044.1265834763958,138.0,137.95901574803142
1471.8580896157532,1049.0614603316476,141.0,140.59736220472433
1475.5905259678104,1054.1987182459286,144.0,143.23570866141725
1479.0489838401559,1059.524276352382,147.0,145.87405511811016
1482.781420192213,1064.661534266663,144.0,145.87405511811016
1486.2398780645585,1069.9870923731164,147.0,145.87405511811016
1489.9723144166157,1075.1243502873974,144.0,145.87405511811016
1493.4307722889612,1080.4499083938508,147.0,145.87405511811016
1497.1632086410184,1085.5871663081318,144.0,145.87405511811016
1500.6216665133638,1090.9127244145852,147.0,145.87405511811016
1504.354102865421,1096.0499823288662,144.0,145.87405511811016
1507.8125607377665,1101.3755404353196,147.0,145.87405511811016
1511.5449970898237,1106.5127983496006,144.0,145.87405511811016
1515.0034549621691,1111.838356456054,147.0,145.87405511811016
1518.7358913142264,1116.975614370335,144.0,145.87405511811016
1522.7320757973928,1121.9104912255868,141.0,143.23570866141725
1526.9810551477715,1126.6294608673684,138.0,140.59736220472433
1531.471183208306,1131.119588927903,135.0,137.95901574803142
1535.7201625586847,1135.8385585696844,138.0,135.3206692913385
1540.2102906192192,1140.328686630219,135.0,132.6823228346456
1544.9292602610008,1144.5776659805977,132.0,130.04397637795267
1549.8641371162526,1148.573850463764,129.0,127.40562992125976
1555.0013950305336,1152.3062868158213,126.0,124.76728346456684
1560.326953136987,1155.7647446881667,123.0,122.12893700787393
1565.8262144510181,1158.9397446881667,120.0,119.49059055118101
1571.4841058796142,1161.8225843615128,117.0,116.8522440944881
1577.2851195356448,1164.405362045044,114.0,114.21389763779518
1583.213355243902,1166.6809985246566,111.0,111.57555118110227
1589.2525641223763,1168.6432564389374,108.0,108.93720472440936
1595.3861931193119,1170.2867573753385,105.0,106.29885826771644
1601.5974303839716,1171.6069966120313,102.0,103.66051181102353
1607.8692513467508,1172.6003554650367,99.0,101.02216535433061
1614.0804886114106,1173.9205947017294,102.0,101.02216535433061
1620.3523095741898,1174.913953554735,99.0,101.02216535433061
1626.5635468388496,1176.2341927914276,102.0,101.02216535433061
1632.8353678016288,1177.227551644433,99.0,101.02216535433061
1639.0466050662885,1178.5477908811258,102.0,101.02216535433061
1645.3184260290677,1179.5411497341313,99.0,101.02216535433061
1651.5296632937275,1180.861388970824,102.0,101.02216535433061
1657.8014842565067,1181.8547478238295,99.0,101.02216535433061
1664.0127215211664,1183.1749870605222,102.0,101.02216535433061
1670.2845424839456,1184.1683459135277,99.0,101.02216535433061
1676.4957797486054,1185.4885851502204,102.0,101.02216535433061
1682.7676007113846,1186.4819440032259,99.0,101.02216535433061
1688.9788379760444,1187.8021832399186,102.0,101.02216535433061
1695.2506589388236,1188.795542092924,99.0,101.02216535433061
1701.4618962034833,1190.1157813296168,102.0,103.66051181102353
1707.595525200419,1191.7592822660179,105.0,106.29885826771644
1713.6347340788932,1193.7215401802987,108.0,108.93720472440936
1719.5629697871505,1195.9971766599112,111.0,111.57555118110227
1725.363983443181,1198.5799543434425,114.0,114.21389763779518
1731.021874871777,1201.4627940167886,117.0,116.8522440944881
1736.8228885278077,1204.04557170032,114.0,116.8522440944881
1742.4807799564037,1206.928411373666,117.0,116.8522440944881
1748.2817936124343,1209.5111890571973,114.0,116.8522440944881
1753.9396850410303,1212.3940287305434,117.0,116.8522440944881
1759.740698697061,1214.9768064140746,114.0,116.8522440944881
1765.398590125657,1217.8596460874207,117.0,116.8522440944881
1771.1996037816875,1220.442423770952,114.0,116.8522440944881
1776.8574952102836,1223.3252634442981,117.0,116.8522440944881
1782.6585088663142,1225.9080411278294,114.0,116.8522440944881
1788.3164002949102,1228.7908808011755,117.0,116.8522440944881
1794.1174139509408,1231.3736584847068,114.0,116.8522440944881
1799.7753053795368,1234.2564981580529,117.0,116.8522440944881
1805.5763190355674,1236.8392758415841,114.0,116.8522440944881
1811.2342104641634,1239.7221155149302,117.0,116.8522440944881
1817.035224120194,1242.3048931984615,114.0,116.8522440944881
1822.69311554879,1245.1877328718076,117.0,116.8522440944881
1828.4941292048206,1247.770510555339,114.0,116.8522440944881
1834.1520206334167,1250.653350228685,117.0,116.8522440944881
1839.9530342894473,1253.2361279122163,114.0,116.8522440944881
1845.6109257180433,1256.1189675855624,117.0,116.8522440944881
1851.4119393740739,1258.7017452690936,114.0,116.8522440944881
1857.06983080267,1261.5845849424397,117.0,116.8522440944881
1862.8708444587005,1264.167362625971,114.0,116.8522440944881
1868.5287358872965,1267.050202299317,117.0,116.8522440944881
1874.3297495433271,1269.6329799828484,114.0,116.8522440944881
1879.9876409719232,1272.5158196561945,117.0,116.8522440944881
1885.7886546279537,1275.0985973397258,114.0,116.8522440944881
1891.4465460565498,1277.9814370130719,117.0,116.8522440944881
1897.2475597125804,1280.5642146966031,114.0,114.21389763779518
1903.1757954208376,1282.8398511762157,111.0,111.57555118110227
1909.2150042993119,1284.8021090904965,108.0,108.93720472440936
1915.3486332962475,1286.4456100268976,105.0,106.29885826771644
1921.5598705609073,1287.7658492635903,102.0,103.66051181102353
1927.8316915236865,1288.7592081165958,99.0,101.02216535433061
1934.146905559275,1289.4229638583454,96.0,98.3838188976377
1940.4882031049665,1289.755297180488,93.0,95.74547244094478
1946.803417140555,1290.4190529222376,96.0,93.10712598425187
1953.1447146862465,1290.7513862443802,93.0,90.46877952755895
1959.4947146862464,1290.7513862443802,90.0,87.83043307086604
1965.836012231938,1290.4190529222376,87.0,85.19208661417312
1972.1512262675265,1289.755297180488,84.0,82.5537401574802
1978.4230472303057,1288.7619383274825,81.0,82.5537401574802
1984.7382612658942,1288.098182585733,84.0,82.5537401574802
1991.0100822286734,1287.1048237327275,81.0,82.5537401574802
1997.3252962642619,1286.441067990978,84.0,82.5537401574802
2003.597117227041,1285.4477091379724,81.0,82.5537401574802
2009.9123312626296,1284.7839533962228,84.0,82.5537401574802
2016.1841522254088,1283.7905945432174,81.0,82.5537401574802
2022.4993662609972,1283.1268388014678,84.0,82.5537401574802
2028.7711872237765,1282.1334799484623,81.0,82.5537401574802
2035.086401259365,1281.4697242067127,84.0,82.5537401574802
2041.3582222221441,1280.4763653537073,81.0,82.5537401574802
2047.6734362577326,1279.8126096119577,84.0,82.5537401574802
2053.945257220512,1278.8192507589522,81.0,82.5537401574802
2060.2604712561006,1278.1554950172026,84.0,82.5537401574802
2066.53229221888,1277.1621361641971,81.0,82.5537401574802
2072.8475062544685,1276.4983804224476,84.0,82.5537401574802
2079.1193272172477,1275.505021569442,81.0,82.5537401574802
2085.4345412528364,1274.8412658276925,84.0,82.5537401574802
2091.7063622156156,1273.847906974687,81.0,82.5537401574802
2098.0215762512044,1273.1841512329374,84.0,82.5537401574802
2104.2933972139836,1272.190792379932,81.0,82.5537401574802
2110.6086112495723,1271.5270366381824,84.0,82.5537401574802
2116.8804322123515,1270.533677785177,81.0,82.5537401574802
2123.19564624794,1269.8699220434273,84.0,82.5537401574802
2129.4674672107194,1268.8765631904218,81.0,82.5537401574802
2135.782681246308,1268.2128074486723,84.0,82.5537401574802
2142.0545022090873,1267.2194485956668,81.0,82.5537401574802
2148.369716244676,1266.5556928539172,84.0,82.5537401574802
2154.6415372074553,1265.5623340009117,81.0,82.5537401574802
2160.956751243044,1264.8985782591622,84.0,82.5537401574802
2167.228572205823,1263.9052194061567,81.0,82.5537401574802
2173.543786241412,1263.241463664407,84.0,82.5537401574802
2179.815607204191,1262.2481048114016,81.0,82.5537401574802
2186.13082123978,1261.584349069652,84.0,82.5537401574802
2192.402642202559,1260.5909902166466,81.0,82.5537401574802
2198.7178562381478,1259.927234474897,84.0,82.5537401574802
2204.989677200927,1258.9338756218915,81.0,79.91539370078729
2211.2009144655867,1257.6136363851988,78.0,77.27704724409438
2217.334543462522,1255.9701354487977,75.0,74.63870078740146
2223.3737523409964,1254.0078775345169,72.0,74.63870078740146
2229.5073813379317,1252.3643765981158,75.0,74.63870078740146
2235.546590216406,1250.402118683835,72.0,74.63870078740146
2241.6802192133414,1248.7586177474338,75.0,72.00035433070855
2247.7194280918156,1246.796359833153,72.0,69.36200787401563
2253.6476638000727,1244.5207233535405,69.0,66.72366141732272
2259.4486774561033,1241.9379456700092,66.0,66.72366141732272
2265.3769131643603,1239.6623091903966,69.0,66.72366141732272
2271.177926820391,1237.0795315068654,66.0,66.72366141732272
2277.106162528648,1234.8038950272528,69.0,66.72366141732272
2282.9071761846785,1232.2211173437215,66.0,66.72366141732272
2288.8354118929356,1229.945480864109,69.0,66.72366141732272
2294.636425548966,1227.3627031805777,66.0,66.72366141732272
2300.564661257223,1225.0870667009651,69.0,66.72366141732272
2306.3656749132538,1222.5042890174338,66.0,66.72366141732272
2312.293910621511,1220.2286525378213,69.0,66.72366141732272
2318.0949242775414,1217.64587485429,66.0,66.72366141732272
2324.0231599857984,1215.3702383746775,69.0,66.72366141732272
2329.824173641829,1212.7874606911462,66.0,66.72366141732272
2335.752409350086,1210.5118242115336,69.0,66.72366141732272
2341.5534230061166,1207.9290465280023,66.0,66.72366141732272
2347.4816587143737,1205.6534100483898,69.0,66.72366141732272
2353.2826723704043,1203.0706323648585,66.0,66.72366141732272
2359.2109080786613,1200.794995885246,69.0,66.72366141732272
2365.011921734692,1198.2122182017147,66.0,66.72366141732272
2370.940157442949,1195.9365817221021,69.0,66.72366141732272
2376.7411710989795,1193.3538040385708,66.0,66.72366141732272
2382.6694068072366,1191.0781675589583,69.0,66.72366141732272
2388.470420463267,1188.495389875427,66.0,64.0853149606298
2394.128311891863,1185.612550202081,63.0,61.44696850393689
2399.6275732058944,1182.437550202081,60.0,58.80862204724397
2404.953131312348,1178.9790923297355,57.0,56.17027559055106
2410.186332610098,1175.3824127252628,55.5,53.53192913385814
2415.3235905243787,1171.6499763732056,54.0,50.89358267716523
2420.361384235228,1167.7843412990003,52.5,48.25523622047231
2425.2962610904797,1163.7881568158339,51.0,45.6168897637794
2430.12483897204,1159.6641617089372,49.5,42.97854330708648
2434.8438086138212,1155.4151823585585,48.0,40.34019685039357
2439.4499358697494,1151.044130802903,46.5,37.70185039370065
2443.940063930284,1146.5540027423685,45.0,35.06350393700774
2448.3111154859394,1141.9478754864406,43.5,32.42515748031482
2452.560094836318,1137.228905844659,42.0,29.786811023621908
2456.6840899432145,1132.4003279630988,40.5,27.148464566928993
2460.680274426381,1127.465451107847,39.0,24.51011811023608
2464.679837014968,1122.2531196621335,37.5,21.871771653543163
2468.670898878034,1116.7598942703275,36.0,19.145078740157338
2472.6272464429544,1111.0033728428027,34.5,16.330039370078598
2476.4315501025344,1105.145258925704,33.0,13.436692913385684
2480.081202577075,1099.1895673776905,31.5,10.54334645669277
2483.573702577075,1093.1403799322563,30.0,7.6499999999998565
2486.9066565174885,1087.0018424003124,28.5,4.756653543306943
2490.0777801581694,1080.7781618288566,27.0,1.863307086614029
2493.0849001693755,1074.4736036176728,25.5,-1.0300393700788844
2495.92595562126,1068.0924885960392,24.0,-3.923385826771798
2498.5989993963303,1061.6391900614478,22.5,-6.816732283464711
2501.1021995239043,1055.118130782365,21.0,-9.710078740157625
2503.433840435652,1048.533779967086,19.5,-12.603425196850539
2505.592324141361,1041.8906502007644,18.0,-15.496771653543453
2507.576171324118,1035.1932943527102,16.5,-18.390118110236365
2509.3840223541592,1028.446302456081,15.0,-21.28346456692928
2511.0146382206926,1021.6542985621032,13.5,-24.176811023622193
2512.466901381055,1014.8219375709776,12.0,-27.070157480315107
2513.7398165266177,1007.9539020416435,10.5,-29.96350393700802
2514.8325112649236,1001.0548989825865,9.0,-32.85685039370093
2515.562642580848,994.1081635434391,6.0,-35.75019685039384
2515.928209235205,987.1327362431784,3.0,-38.64354330708675
2515.928209235205,980.1477362431784,0.0,-41.53688976377966
2515.562642580848,973.1723089429178,-3.0,-44.43023622047257
2514.8325112649236,966.2255735037704,-6.0,-47.32358267716548
2513.7398165266177,959.3265704447134,-9.0,-50.21692913385839
2512.2875533662555,952.4942094535878,-12.0,-53.1102755905513
2510.4797023362144,945.7472175569586,-15.0,-56.003622047244214
2508.3212186305054,939.104087790637,-18.0,-58.896968503937124
2505.8180185029314,932.5830285115541,-21.0,-61.790314960630035
2502.976963051047,926.2019134899205,-24.0,-64.68366141732295
2499.805839410366,919.9782329184648,-27.0,-67.57700787401586
2496.313339410366,913.9290454730304,-30.0,-70.47035433070877
2492.509035750786,908.0709315559317,-33.0,-73.36370078740168
2488.403355763523,902.4199478502227,-36.0,-76.2570472440946
2484.00755283204,896.9915833094458,-39.0,-79.1503937007875
2479.3336755466235,891.8007167034862,-42.0,-82.04374015748041
2474.3945346800356,886.8615758368982,-45.0,-82.04374015748041
2469.203668074076,882.1876985514815,-48.0,-82.04374015748041
2463.7753035332994,877.7918956199984,-51.0,-82.04374015748041
2458.12431982759,873.6862156327355,-54.0,-82.04374015748041
2452.2662059104914,869.8819119731555,-57.0,-82.04374015748041
2446.217018465057,866.3894119731556,-60.0,-82.04374015748041
2439.9933378936016,863.2182883324748,-63.0,-82.04374015748041
2433.6122228719682,860.3772328805903,-66.0,-82.04374015748041
2427.091163592885,857.8740327530164,-69.0,-82.04374015748041
2420.4480338265635,855.7155490473074,-72.0,-82.04374015748041
2414.314404829628,854.0720481109064,-75.0,-82.04374015748041
2408.1031675649683,852.7518088742136,-78.0,-82.04374015748041
2401.831346602189,851.7584500212081,-81.0,-82.04374015748041
2395.5161325666004,851.0946942794585,-84.0,-82.04374015748041
2389.244311603821,850.101335426453,-81.0,-82.04374015748041
2382.9290975682325,849.4375796847035,-84.0,-82.04374015748041
2376.6572766054533,848.444220831698,-81.0,-79.4053937007875
2370.4460393407935,847.1239815950051,-78.0,-76.76704724409458
2364.312410343858,845.4804806586042,-75.0,-74.12870078740167
2358.273201465384,843.5182227443232,-72.0,-71.49035433070875
2352.344965757127,841.2425862647106,-69.0,-71.49035433070875
2346.3057568786526,839.2803283504296,-72.0,-71.49035433070875
2340.3775211703955,837.0046918708169,-69.0,-71.49035433070875
2334.3383122919213,835.042433956536,-72.0,-71.49035433070875
2328.4100765836642,832.7667974769233,-69.0,-71.49035433070875
2322.37086770519,830.8045395626424,-72.0,-71.49035433070875
2316.442631996933,828.5289030830297,-69.0,-71.49035433070875
2310.4034231184587,826.5666451687488,-72.0,-71.49035433070875
2304.4751874102017,824.2910086891361,-69.0,-71.49035433070875
2298.4359785317274,822.3287507748552,-72.0,-71.49035433070875
2292.5077428234704,820.0531142952425,-69.0,-71.49035433070875
2286.468533944996,818.0908563809616,-72.0,-71.49035433070875
2280.540298236739,815.8152199013489,-69.0,-71.49035433070875
2274.501089358265,813.8529619870679,-72.0,-71.49035433070875
2268.572853650008,811.5773255074553,-69.0,-71.49035433070875
2262.5336447715335,809.6150675931743,-72.0,-71.49035433070875
2256.6054090632765,807.3394311135617,-69.0,-71.49035433070875
2250.5662001848023,805.3771731992807,-72.0,-74.12870078740167
2244.432571187867,803.7336722628797,-75.0,-76.76704724409458
2238.221333923207,802.4134330261869,-78.0,-79.4053937007875
2231.949512960428,801.4200741731814,-81.0,-82.04374015748041
2225.634298924839,800.7563184314319,-84.0,-84.68208661417333
2219.2930013791474,800.4239851092891,-87.0,-87.32043307086624
2212.9430013791475,800.4239851092891,-90.0,-89.95877952755916
2206.6017038334558,800.7563184314319,-93.0,-92.59712598425207
2200.286489797867,801.4200741731814,-96.0,-95.23547244094499
2194.014668835088,802.4134330261869,-99.0,-97.8738188976379
2187.803431570428,803.7336722628797,-102.0,-100.51216535433082
2181.531610607649,804.7270311158852,-99.0,-100.51216535433082
2175.320373342989,806.047270352578,-102.0,-100.51216535433082
2169.04855238021,807.0406292055835,-99.0,-100.51216535433082
2162.83731511555,808.3608684422763,-102.0,-100.51216535433082
2156.565494152771,809.3542272952818,-99.0,-100.51216535433082
2150.354256888111,810.6744665319746,-102.0,-100.51216535433082
2144.082435925332,811.6678253849801,-99.0,-100.51216535433082
2137.8711986606722,812.988064621673,-102.0,-100.51216535433082
2131.599377697893,813.9814234746784,-99.0,-100.51216535433082
2125.3881404332333,815.3016627113713,-102.0,-100.51216535433082
2119.116319470454,816.2950215643767,-99.0,-97.8738188976379
2112.8011054348653,816.9587773061263,-96.0,-95.23547244094499
2106.4598078891736,817.291110628269,-93.0,-92.59712598425207
2100.1098078891737,817.291110628269,-90.0,-89.95877952755916
2093.768510343482,816.9587773061263,-87.0,-87.32043307086624
2087.453296307893,816.2950215643767,-84.0,-84.68208661417333
2081.181475345114,815.3016627113713,-81.0,-82.04374015748041
2074.9702380804542,813.9814234746784,-78.0,-79.4053937007875
2068.836609083519,812.3379225382774,-75.0,-76.76704724409458
2062.7974002050446,810.3756646239965,-72.0,-74.12870078740167
2056.8691644967876,808.1000281443838,-69.0,-71.49035433070875
2051.068150840757,805.5172504608526,-66.0,-68.85200787401584
2045.1399151324997,803.2416139812399,-69.0,-66.21366141732292
2039.3389014764691,800.6588362977086,-66.0,-63.57531496063001
2033.681010047873,797.7759966243625,-63.0,-60.936968503937095
2028.181748733842,794.6009966243626,-60.0,-58.29862204724418
2022.8561906273885,791.1425387520171,-57.0,-55.660275590551265
2017.7189327131075,787.4101023999599,-54.0,-53.02192913385835
2012.7840558578557,783.4139179167935,-51.0,-50.383582677165435
2008.0650862160742,779.1649385664148,-48.0,-47.74523622047252
2003.5749581555397,774.6748105058801,-45.0,-45.106889763779606
1998.8559885137581,770.4258311555014,-48.0,-45.106889763779606
1994.3658604532236,765.9357030949668,-45.0,-45.106889763779606
1989.646890811442,761.6867237445881,-48.0,-45.106889763779606
1985.1567627509075,757.1965956840535,-45.0,-45.106889763779606
1980.437793109126,752.9476163336748,-48.0,-45.106889763779606
1975.9476650485915,748.4574882731401,-45.0,-45.106889763779606
1971.22869540681,744.2085089227614,-48.0,-45.106889763779606
1966.7385673462754,739.7183808622268,-45.0,-42.46854330708669
1962.4895879958967,734.9994112204454,-42.0,-39.830196850393776
1958.365592889,730.1708333388851,-40.5,-37.19185039370086
1954.3694084058336,725.2359564836333,-39.0,-34.553503937007946
1950.5037733316283,720.198162772784,-37.5,-31.91515748031503
1946.771336979571,715.0609048585031,-36.0,-29.276811023622116
1943.1746573750984,709.8277035607533,-34.5,-26.6384645669292
1939.716199502753,704.5021454542999,-33.0,-24.000118110236286
1936.3983336168067,699.0878804106515,-31.5,-21.36177165354337
1933.2233336168067,693.5886190966203,-30.0,-18.723425196850457
1930.1933754891581,688.0081304312168,-28.5,-16.08507874015754
1927.310535815812,682.3502390026207,-27.0,-13.446732283464629
1924.4820779097815,676.4202536844421,-25.5,-10.808385826771715
1921.8993002262503,670.6192400284116,-24.0,-8.08169291338589
1919.5534507858522,664.9558584941174,-22.5,-5.443346456692977
1917.4354962040395,659.4383981735189,-21.0,-2.893346456692977
1915.5361351749993,654.0747680892043,-19.5,-0.43169291338589044
1913.8458122157683,648.8724889450698,-18.0,1.9416141732282828
1912.3547316560728,643.8386853370117,-16.5,4.226574803149543
1911.052871859207,638.9800784307777,-15.0,6.423188976377889
1909.92999965906,634.3029791136648,-13.5,8.531456692913324
1908.9756849982066,629.8132816262967,-12.0,10.551377952755843
1908.179315751806,625.5164576802422,-10.5,12.48295275590545
1907.530112721889,621.4175510667724,-9.0,14.326181102362144
1907.0171447864643,617.5211727615733,-7.5,16.081062992125922
1906.6293441877413,613.831496529757,-6.0,17.747598425196788
1906.3209999415308,609.9136114081858,-4.5,19.325787401574743
1906.212365606053,605.7650335095373,-1.5,20.99232283464561
1906.3267588701585,601.396530999394,1.5,22.74720472440939
1906.6868861195494,596.820680437559,4.5,24.590433070866084
1907.3147171041278,592.051830654351,7.5,26.522007874015692
1908.2313617973532,587.1060584693042,10.5,28.54192913385821
1909.4569499575966,582.0011163872164,13.5,30.650196850393645
1911.0105138931272,576.7563724374874,16.5,32.84681102362199
1912.9098749221673,571.3927423531728,19.5,35.13177165354325
1915.171534007445,565.9326143160312,22.5,37.50507874015742
1917.8105670308798,560.3997665229665,25.5,39.96673228346451
1920.8405251585284,554.8192778575631,28.5,42.516732283464506
1924.2733407287121,549.2174319777566,31.5,45.15507874015742
1928.1192390774318,543.6216151570131,34.5,47.88177165354325
1932.3714376590576,538.0800420750788,37.5,50.69681102362199
1936.907832276644,532.7686064053627,40.5,53.5901574803149
1941.7159889878649,527.7018664238418,43.5,56.48350393700781
1946.7827289693857,522.893709712621,46.5,59.37685039370072
1952.094164639102,518.3573150950347,49.5,62.27019685039363
1957.6357377210363,514.1051165134088,52.5,65.16354330708654
1963.3922591485612,510.14876894848885,55.5,68.05688976377945
1969.3479506965746,506.49911647394794,58.5,70.95023622047236
1975.4864882285185,503.1661625335346,61.5,73.84358267716527
1981.7910464397023,500.15904252232866,64.5,76.73692913385818
1988.2443449742937,497.4859987472585,67.5,79.6302755905511
1994.8286957895725,495.1543578355106,70.5,82.523622047244
2001.5260516376268,493.1705106527537,73.5,85.41696850393691
2007.700600632152,491.6881325922687,76.5,88.31031496062982
2013.944269295183,490.5309370053935,79.5,90.94866141732274
2020.2399441649065,489.7020956847962,82.5,93.58700787401565
2026.570369234112,489.20388042692434,85.5,96.22535433070857
2032.9181932477068,489.0376568051694,88.5,96.22535433070857
2039.2660172613016,489.20388042692434,91.5,96.22535433070857
2045.596442330507,489.7020956847962,94.5,96.22535433070857
2051.8921172002306,490.5309370053935,97.5,96.22535433070857
2058.222542269436,491.02915226326536,94.5,96.22535433070857
2064.51821713916,491.8579935838627,97.5,96.22535433070857
2070.848642208365,492.35620884173454,94.5,96.22535433070857
2077.144317078089,493.1850501623319,97.5,96.22535433070857
2083.4747421472944,493.6832654202037,94.5,96.22535433070857
2089.770417017018,494.5121067408011,97.5,96.22535433070857
2096.1008420862236,495.0103219986729,94.5,93.58700787401565
2102.448666099818,495.1765456204279,91.5,90.94866141732274
2108.796490113413,495.0103219986729,88.5,88.31031496062982
2115.126915182618,494.5121067408011,85.5,85.67196850393691
2121.422590052342,493.6832654202037,82.5,83.033622047244
2127.6662587153733,492.52606983332856,79.5,80.39527559055108
2133.8408077098984,491.04369177284354,76.5,77.75692913385816
2139.9293130263113,489.24019433397365,73.5,75.11858267716525
2145.9150864947464,487.1205207778392,70.5,72.48023622047234
2152.0035918111594,485.3170233389693,73.5,72.48023622047234
2157.9893652795945,483.19734978283486,70.5,72.48023622047234
2164.0778705960074,481.39385234396497,73.5,72.48023622047234
2170.0636440644425,479.2741787878305,70.5,72.48023622047234
2176.1521493808555,477.4706813489606,73.5,72.48023622047234
2182.1379228492906,475.3510077928262,70.5,72.48023622047234
2188.2264281657035,473.5475103539563,73.5,72.48023622047234
2194.2122016341386,471.42783679782184,70.5,72.48023622047234
2200.3007069505516,469.62433935895194,73.5,72.48023622047234
2206.2864804189867,467.5046658028175,70.5,72.48023622047234
2212.3749857353996,465.7011683639476,73.5,72.48023622047234
2218.3607592038347,463.58149480781316,70.5,72.48023622047234
2224.4492645202477,461.77799736894326,73.5,75.11858267716525
2230.623813514773,460.29561930845824,76.5,77.75692913385816
2236.867482177804,459.1384237215831,79.5,80.39527559055108
2243.163157047528,458.30958240098573,82.5,83.033622047244
2249.4935821167333,457.8113671431139,85.5,85.67196850393691
2255.841406130328,457.64514352135893,88.5,88.31031496062982
2262.1892301439225,457.8113671431139,91.5,90.94866141732274
2268.519655213128,458.30958240098573,94.5,93.58700787401565
2274.8153300828517,459.1384237215831,97.5,96.22535433070857
2281.058998745883,460.29561930845824,100.5,98.86370078740148
2287.233547740408,461.77799736894326,103.5,101.5020472440944
2293.322053056821,463.58149480781316,106.5,104.14039370078731
2299.307826525256,465.7011683639476,109.5,106.77874015748023
2305.396331841669,467.5046658028175,106.5,109.41708661417314
2311.382105310104,469.62433935895194,109.5,109.41708661417314
2317.470610626517,471.42783679782184,106.5,109.41708661417314
2323.456384094952,473.5475103539563,109.5,109.41708661417314
2329.544889411365,475.3510077928262,106.5,109.41708661417314
2335.5306628798003,477.4706813489606,109.5,109.41708661417314
2341.619168196213,479.2741787878305,106.5,109.41708661417314
2347.6049416646483,481.39385234396497,109.5,109.41708661417314
2353.6934469810612,483.19734978283486,106.5,109.41708661417314
2359.6792204494964,485.3170233389693,109.5,109.41708661417314
2365.7677257659093,487.1205207778392,106.5,109.41708661417314
2371.7534992343444,489.24019433397365,109.5,109.41708661417314
2377.8420045507573,491.04369177284354,106.5,109.41708661417314
2383.8277780191925,493.163365328978,109.5,109.41708661417314
2389.9162833356054,494.9668627678479,106.5,109.41708661417314
2395.9020568040405,497.08653632398233,109.5,109.41708661417314
2401.9905621204534,498.8900337628522,106.5,109.41708661417314
2407.9763355888886,501.00970731898667,109.5,109.41708661417314
2413.842970620335,503.439747114505,112.5,112.05543307086606
2419.574387175957,506.1734925792377,115.5,114.69377952755897
2425.1548758413605,509.2034507068862,118.5,117.33212598425189
2430.569140885009,512.5213165928325,121.5,119.9704724409448
2435.802342182759,516.1179961973052,124.5,122.60881889763772
2440.840135893608,519.9836312715105,127.5,125.24716535433063
2446.073337191358,523.5803108759832,124.5,125.24716535433063
2451.111130902207,527.4459459501885,127.5,125.24716535433063
2456.344332199957,531.0426255546612,124.5,125.24716535433063
2461.3821259108063,534.9082606288665,127.5,125.24716535433063
2466.615327208556,538.5049402333392,124.5,125.24716535433063
2471.6531209194054,542.3705753075445,127.5,125.24716535433063
2476.8863222171553,545.9672549120172,124.5,125.24716535433063
2481.9241159280045,549.8328899862225,127.5,125.24716535433063
2487.1573172257545,553.4295695906952,124.5,125.24716535433063
2492.1951109366037,557.2952046649006,127.5,125.24716535433063
2497.4283122343536,560.8918842693732,124.5,125.24716535433063
2502.466105945203,564.7575193435786,127.5,125.24716535433063
2507.6993072429527,568.3541989480512,124.5,125.24716535433063
2512.737100953802,572.2198340222566,127.5,125.24716535433063
2517.970302251552,575.8165136267293,124.5,125.24716535433063
2523.008095962401,579.6821487009346,127.5,125.24716535433063
2528.241297260151,583.2788283054073,124.5,125.24716535433063
2533.279090971,587.1444633796126,127.5,125.24716535433063
2538.51229226875,590.7411429840853,124.5,125.24716535433063
2543.5500859795993,594.6067780582906,127.5,125.24716535433063
2548.7832872773492,598.2034576627633,124.5,125.24716535433063
2553.8210809881984,602.0690927369686,127.5,125.24716535433063
2559.0542822859484,605.6657723414413,124.5,125.24716535433063
2564.4685473295967,608.9836382273876,121.5,122.60881889763772
2570.0490359950004,612.0135963550362,118.5,119.9704724409448
2575.780452550622,614.7473418197688,115.5,117.33212598425189
2581.6470875820687,617.1773816152871,112.5,114.69377952755897
2587.632861050504,619.2970551714216,109.5,112.05543307086606
2593.7213663669168,621.1005526102915,106.5,109.41708661417314
2599.707139835352,623.220226166426,109.5,106.77874015748023
2605.795645151765,625.0237236052959,106.5,104.14039370078731
2611.97019414629,626.5061016657809,103.5,101.5020472440944
2618.213862809321,627.663297252656,100.5,101.5020472440944
2624.3884118038463,629.1456753131409,103.5,101.5020472440944
2630.6320804668776,630.302870900016,100.5,101.5020472440944
2636.8066294614027,631.785248960501,103.5,101.5020472440944
2643.050298124434,632.9424445473761,100.5,101.5020472440944
2649.224847118959,634.4248226078611,103.5,101.5020472440944
2655.4685157819904,635.5820181947362,100.5,101.5020472440944
2661.6430647765155,637.0643962552211,103.5,101.5020472440944
2667.886733439547,638.2215918420962,100.5,101.5020472440944
2674.061282434072,639.7039699025812,103.5,104.14039370078731
2680.149787750485,641.5074673414512,106.5,106.77874015748023
2686.13556121892,643.6271408975856,109.5,109.41708661417314
2692.0021962503665,646.0571806931039,112.5,112.05543307086606
2697.7336128059883,648.7909261578366,115.5,114.69377952755897
2703.314101471392,651.8208842854851,118.5,117.33212598425189
2708.7283665150403,655.1387501714314,121.5,119.9704724409448
2713.9615678127902,658.7354297759041,124.5,122.60881889763772
2718.9993615236394,662.6010648501094,127.5,125.24716535433063
2723.8279394051997,666.7250599570061,130.5,127.88551181102355
2728.434066661128,671.0961115126614,133.5,130.52385826771646
2733.262644542688,675.2201066195581,130.5,133.16220472440938
2737.8687717986163,679.5911581752134,133.5,135.8005511811023
2742.2398233542717,684.1972854311415,136.5,138.4388976377952
2746.363818461168,689.0258633127017,139.5,141.07724409448812
2750.2294535353735,694.0636570235511,142.5,143.71559055118104
2753.826133139846,699.2968583213009,145.5,146.35393700787395
2757.1439990257923,704.7111233649493,148.5,146.35393700787395
2760.740678630265,709.9443246626992,145.5,146.35393700787395
2764.058544516211,715.3585897063476,148.5,146.35393700787395
2767.6552241206837,720.5917910040974,145.5,146.35393700787395
2770.9730900066297,726.0060560477459,148.5,146.35393700787395
2774.5697696111024,731.2392573454957,145.5,146.35393700787395
2777.8876354970484,736.6535223891442,148.5,146.35393700787395
2781.484315101521,741.886723686894,145.5,146.35393700787395
2784.802180987467,747.3009887305425,148.5,146.35393700787395
2788.39886059194,752.5341900282923,145.5,146.35393700787395
2791.716726477886,757.9484550719408,148.5,146.35393700787395
2795.3134060823586,763.1816563696906,145.5,146.35393700787395
2798.6312719683046,768.595921413339,148.5,146.35393700787395
2802.2279515727773,773.8291227110889,145.5,146.35393700787395
2805.5458174587234,779.2433877547373,148.5,146.35393700787395
2809.142497063196,784.4765890524872,145.5,146.35393700787395
2812.460362949142,789.8908540961356,148.5,146.35393700787395
2816.057042553615,795.1240553938854,145.5,146.35393700787395
2819.374908439561,800.5383204375339,148.5,146.35393700787395
2822.9715880440335,805.7715217352837,145.5,146.35393700787395
2826.2894539299796,811.1857867789322,148.5,146.35393700787395
2829.8861335344523,816.418988076682,145.5,146.35393700787395
2833.2039994203983,821.8332531203305,148.5,146.35393700787395
2836.800679024871,827.0664544180803,145.5,146.35393700787395
2840.118544910817,832.4807194617288,148.5,146.35393700787395
2843.7152245152897,837.7139207594786,145.5,146.35393700787395
2847.0330904012358,843.128185803127,148.5,146.35393700787395
2850.6297700057085,848.3613871008769,145.5,146.35393700787395
2853.9476358916545,853.7756521445253,148.5,146.35393700787395
2857.544315496127,859.0088534422752,145.5,146.35393700787395
2860.8621813820732,864.4231184859236,148.5,146.35393700787395
2864.458860986546,869.6563197836734,145.5,146.35393700787395
2867.776726872492,875.0705848273219,148.5,146.35393700787395
2871.3734064769646,880.3037861250717,145.5,146.35393700787395
2874.6912723629107,885.7180511687202,148.5,146.35393700787395
2878.2879519673834,890.95125246647,145.5,146.35393700787395
2881.6058178533294,896.3655175101185,148.5,146.35393700787395
2885.202497457802,901.5987188078683,145.5,146.35393700787395
2888.520363343748,907.0129838515168,148.5,146.35393700787395
2892.117042948221,912.2461851492666,145.5,146.35393700787395
2895.434908834167,917.660450192915,148.5,146.35393700787395
2899.0315884386396,922.8936514906649,145.5,146.35393700787395
2902.3494543245856,928.3079165343133,148.5,146.35393700787395
2905.9461339290583,933.5411178320632,145.5,146.35393700787395
2909.2639998150044,938.9553828757116,148.5,146.35393700787395
2912.860679419477,944.1885841734614,145.5,146.35393700787395
2916.178545305423,949.6028492171099,148.5,146.35393700787395
2919.7752249098958,954.8360505148597,145.5,146.35393700787395
2923.093090795842,960.2503155585082,148.5,146.35393700787395
2926.6897704003145,965.483516856258,145.5,146.35393700787395
2930.0076362862605,970.8977818999065,148.5,146.35393700787395
2933.6043158907332,976.1309831976563,145.5,146.35393700787395
2936.9221817766793,981.5452482413048,148.5,146.35393700787395
2940.518861381152,986.7784495390546,145.5,146.35393700787395
2943.836727267098,992.192714582703,148.5,146.35393700787395
2947.4334068715707,997.4259158804529,145.5,146.35393700787395
2950.7512727575167,1002.8401809241013,148.5,146.35393700787395
2954.3479523619894,1008.0733822218511,145.5,146.35393700787395
2957.6658182479355,1013.4876472654996,148.5,146.35393700787395
2961.262497852408,1018.7208485632494,145.5,146.35393700787395
2964.580363738354,1024.135113606898,148.5,146.35393700787395
2968.177043342827,1029.3683149046476,145.5,146.35393700787395
2971.494909228773,1034.7825799482962,148.5,146.35393700787395
2975.0915888332456,1040.015781246046,145.5,143.71559055118104
2978.957223907451,1045.0535749568953,142.5,141.07724409448812
2983.0812190143474,1049.8821528384556,139.5,138.4388976377952
2987.452270570003,1054.4882800943835,136.5,135.8005511811023
2992.058397825931,1058.859331650039,133.5,135.8005511811023
2996.4294493815864,1063.465458905967,136.5,135.8005511811023
3001.0355766375146,1067.8365104616223,133.5,135.8005511811023
3005.40662819317,1072.4426377175503,136.5,135.8005511811023
3010.012755449098,1076.8136892732057,133.5,135.8005511811023
3014.3838070047536,1081.4198165291336,136.5,135.8005511811023
3018.989934260682,1085.790868084789,133.5,135.8005511811023
3023.3609858163372,1090.396995340717,136.5,135.8005511811023
3027.9671130722654,1094.7680468963724,133.5,135.8005511811023
3032.338164627921,1099.3741741523004,136.5,135.8005511811023
3036.944291883849,1103.7452257079558,133.5,135.8005511811023
3041.3153434395044,1108.3513529638838,136.5,135.8005511811023
3045.9214706954326,1112.7224045195392,133.5,135.8005511811023
3050.292522251088,1117.3285317754671,136.5,135.8005511811023
3054.898649507016,1121.6995833311225,133.5,135.8005511811023
3059.2697010626716,1126.3057105870505,136.5,135.8005511811023
3063.8758283186,1130.676762142706,133.5,135.8005511811023
3068.2468798742552,1135.2828893986339,136.5,135.8005511811023
3072.8530071301834,1139.6539409542893,133.5,135.8005511811023
3077.224058685839,1144.2600682102172,136.5,135.8005511811023
3081.830185941767,1148.6311197658727,133.5,135.8005511811023
3086.2012374974224,1153.2372470218006,136.5,135.8005511811023
3090.8073647533506,1157.608298577456,133.5,135.8005511811023
3095.178416309006,1162.214425833384,136.5,135.8005511811023
3099.784543564934,1166.5854773890394,133.5,135.8005511811023
3104.1555951205896,1171.1916046449674,136.5,135.8005511811023
3108.761722376518,1175.5626562006228,133.5,135.8005511811023
3113.132773932173,1180.1687834565507,136.5,135.8005511811023
3117.7389011881014,1184.5398350122061,133.5,135.8005511811023
3122.109952743757,1189.145962268134,136.5,135.8005511811023
3126.716079999685,1193.5170138237895,133.5,135.8005511811023
3131.0871315553404,1198.1231410797175,136.5,135.8005511811023
3135.6932588112686,1202.4941926353729,133.5,135.8005511811023
3140.064310366924,1207.1003198913008,136.5,135.8005511811023
3144.670437622852,1211.4713714469563,133.5,135.8005511811023
3149.0414891785076,1216.0774987028842,136.5,135.8005511811023
3153.647616434436,1220.4485502585396,133.5,135.8005511811023
3158.018667990091,1225.0546775144676,136.5,135.8005511811023
3162.6247952460194,1229.425729070123,133.5,133.16220472440938
3167.4533731275797,1233.5497241770197,130.5,130.52385826771646
3172.491166838429,1237.415359251225,127.5,127.88551181102355
3177.724368136179,1241.0120388556977,124.5,125.24716535433063
3183.138633179827,1244.329904741644,121.5,122.60881889763772
3188.371834477577,1247.9265843461167,124.5,122.60881889763772
3193.7860995212254,1251.244450232063,121.5,122.60881889763772
3199.0193008189754,1254.8411298365356,124.5,122.60881889763772
3204.4335658626237,1258.158995722482,121.5,122.60881889763772
3209.6667671603736,1261.7556753269546,124.5,122.60881889763772
3215.081032204022,1265.0735412129009,121.5,122.60881889763772
3220.314233501772,1268.6702208173735,124.5,122.60881889763772
3225.7284985454203,1271.9880867033198,121.5,122.60881889763772
3230.96169984317,1275.5847663077925,124.5,122.60881889763772
3236.3759648868186,1278.9026321937388,121.5,122.60881889763772
3241.6091661845685,1282.4993117982115,124.5,122.60881889763772
3247.023431228217,1285.8171776841577,121.5,122.60881889763772
3252.256632525967,1289.4138572886304,124.5,122.60881889763772
3257.670897569615,1292.7317231745767,121.5,122.60881889763772
3262.904098867365,1296.3284027790494,124.5,122.60881889763772
3268.3183639110134,1299.6462686649957,121.5,122.60881889763772
3273.5515652087633,1303.2429482694683,124.5,122.60881889763772
3278.9658302524117,1306.5608141554146,121.5,122.60881889763772
3284.1990315501616,1310.1574937598873,124.5,122.60881889763772
3289.61329659381,1313.4753596458336,121.5,122.60881889763772
3294.84649789156,1317.0720392503063,124.5,122.60881889763772
3300.2607629352083,1320.3899051362525,121.5,122.60881889763772
3305.841251600612,1323.419863263901,118.5,119.9704724409448
3311.5726681562337,1326.1536087286338,115.5,117.33212598425189
3317.3736818122643,1328.736386412165,114.0,114.69377952755897
3323.240316843711,1331.1664262076833,112.5,112.05543307086606
3329.168552551968,1333.442062687296,111.0,109.41708661417314
3335.154326020403,1335.5617362434305,109.5,106.77874015748023
3341.1935348988773,1337.5239941577113,108.0,104.14039370078731
3347.28204021529,1339.3274915965812,106.5,101.5020472440944
3353.4156692122256,1340.9709925329823,105.0,98.86370078740148
3359.5902182067507,1342.4533705934673,103.5,96.22535433070857
3365.8014554714105,1343.77360983016,102.0,93.58700787401565
3372.0451241344417,1344.9308054170351,100.5,90.94866141732274
3378.316945097221,1345.9241642700406,99.0,88.31031496062982
3384.6126199669447,1346.753005590638,97.5,85.67196850393691
3390.9278340025335,1347.4167613323875,96.0,83.033622047244
3397.258259071739,1347.9149765902594,94.5,80.39527559055108
3403.8192551150764,1348.2588238227754,93.0,77.75692913385816
3410.6069283516604,1348.4365653017858,91.5,75.03023622047233
3417.5919283516605,1348.4365653017858,90.0,72.2151968503936
3424.5745347666148,1348.2537193178553,88.5,69.32185039370069
3431.5499620668757,1347.8881526634982,87.0,66.42850393700778
3438.5134296430015,1347.3401158798392,85.5,63.535157480314865
3445.4601650821487,1346.6099845639146,84.0,60.641811023621955
3452.3854074388446,1345.6982591112576,82.5,57.748464566929044
3459.2844104979017,1344.6055643729517,81.0,54.855118110236134
3466.152446027236,1343.332649227389,79.5,51.961771653543224
3472.9848070183616,1341.880386067027,78.0,49.06842519685031
3479.7768109123394,1340.2497702004937,76.5,46.1750787401574
3486.5238028089684,1338.4419191704526,75.0,43.28173228346449
3493.221158657023,1336.4580719876958,73.5,40.38838582677158
3499.8642884233445,1334.2995882819869,72.0,37.49503937007867
3506.4486392386234,1331.967947370239,70.5,34.60169291338576
3512.9696985177065,1329.464747242665,69.0,31.708346456692848
3519.422997052298,1326.7917034675947,67.5,28.814999999999934
3525.8041120739313,1323.9506480157104,66.0,25.92165354330702
3532.108670285115,1320.9435280045045,64.5,23.028307086614106
3538.2472078170586,1317.6105740640912,61.5,20.134960629921192
3544.202899365072,1313.9609215895503,58.5,17.241614173228278
3549.9594207925966,1310.0045740246303,55.5,14.348267716535364
3555.5009938745306,1305.7523754430044,52.5,11.45492125984245
3560.8124295442467,1301.215980825418,49.5,8.561574803149536
3565.8791695257673,1296.4078241141972,46.5,5.6682283464566225
3570.687326236988,1291.3410841326763,43.5,2.774881889763709
3575.2237208545744,1286.02964846296,40.5,-0.11846456692920437
3579.4759194362005,1280.4880753810257,37.5,-3.011811023622118
3583.4322670011206,1274.731553953501,34.5,-5.905157480315031
3587.0819194756614,1268.7758624054875,31.5,-8.798503937007945
3590.414873416075,1262.6373248735435,28.5,-11.691850393700859
3593.421993427281,1256.3327666623597,25.5,-14.585196850393773
3596.0950372023513,1249.8794681277684,22.5,-17.478543307086685
3598.426678114099,1243.2951173124895,19.5,-20.3718897637796
3600.410525296856,1236.5977614644353,16.5,-23.265236220472513
3602.0411411633895,1229.8057575704574,13.5,-26.158582677165427
3603.3140563089523,1222.9377220411232,10.5,-29.05192913385834
3604.2257817616096,1216.012479684427,7.5,-29.05192913385834
3604.7738185452686,1209.0490121083012,4.5,-29.05192913385834
3604.956664529199,1202.066405693347,1.5,-29.05192913385834
3604.7738185452686,1195.0837992783927,-1.5,-29.05192913385834
3604.2257817616096,1188.1203317022669,-4.5,-29.05192913385834
3603.3140563089523,1181.1950893455708,-7.5,-29.05192913385834
3602.0411411633895,1174.3270538162365,-10.5,-29.05192913385834
3600.410525296856,1167.5350499222586,-13.5,-29.05192913385834
3598.426678114099,1160.8376940742044,-16.5,-29.05192913385834
3596.0950372023513,1154.2533432589255,-19.5,-29.05192913385834
3593.6649974068328,1148.3867082274787,-22.5,-29.05192913385834
3590.9312519421,1142.6552916718572,-25.5,-29.05192913385834
3587.9012938144515,1137.0748030064537,-28.5,-29.05192913385834
3584.5834279285054,1131.6605379628052,-31.5,-29.05192913385834
3581.553469800857,1126.0800492974017,-28.5,-29.05192913385834
3578.235603914911,1120.6657842537531,-31.5,-29.05192913385834
3575.2056457872623,1115.0852955883497,-28.5,-29.05192913385834
3571.887779901316,1109.6710305447011,-31.5,-29.05192913385834
3568.8578217736676,1104.0905418792977,-28.5,-29.05192913385834
3565.5399558877216,1098.676276835649,-31.5,-29.05192913385834
3562.509997760073,1093.0957881702457,-28.5,-29.05192913385834
3559.192131874127,1087.681523126597,-31.5,-29.05192913385834
3556.1621737464784,1082.1010344611936,-28.5,-29.05192913385834
3552.8443078605324,1076.686769417545,-31.5,-29.05192913385834
3549.814349732884,1071.1062807521416,-28.5,-29.05192913385834
3546.4964838469377,1065.692015708493,-31.5,-31.690275590551252
3542.899804242465,1060.4588144107433,-34.5,-34.32862204724417
3539.0341691682597,1055.421020699894,-37.5,-36.96696850393708
3534.9101740613633,1050.5924428183337,-40.5,-39.60531496063
3530.539122505708,1045.9863155624057,-43.5,-42.24366141732291
3526.4151273988114,1041.1577376808455,-40.5,-42.24366141732291
3522.044075843156,1036.5516104249175,-43.5,-42.24366141732291
3517.9200807362595,1031.7230325433572,-40.5,-42.24366141732291
3513.549029180604,1027.1169052874293,-43.5,-42.24366141732291
3509.4250340737076,1022.288327405869,-40.5,-42.24366141732291
3505.053982518052,1017.682200149941,-43.5,-42.24366141732291
3500.9299874111557,1012.8536222683807,-40.5,-42.24366141732291
3496.5589358555003,1008.2474950124526,-43.5,-42.24366141732291
3492.434940748604,1003.4189171308924,-40.5,-42.24366141732291
3488.0638891929484,998.8127898749643,-43.5,-42.24366141732291
3483.939894086052,993.9842119934041,-40.5,-42.24366141732291
3479.5688425303965,989.378084737476,-43.5,-42.24366141732291
3475.4448474235,984.5495068559158,-40.5,-42.24366141732291
3471.0737958678446,979.9433795999877,-43.5,-42.24366141732291
3466.949800760948,975.1148017184274,-40.5,-42.24366141732291
3462.5787492052928,970.5086744624994,-43.5,-42.24366141732291
3458.4547540983963,965.6800965809391,-40.5,-42.24366141732291
3454.083702542741,961.073969325011,-43.5,-42.24366141732291
3449.9597074358444,956.2453914434508,-40.5,-42.24366141732291
3445.588655880189,951.6392641875227,-43.5,-42.24366141732291
3441.4646607732925,946.8106863059625,-40.5,-42.24366141732291
3437.093609217637,942.2045590500344,-43.5,-42.24366141732291
3432.9696141107406,937.3759811684741,-40.5,-42.24366141732291
3428.598562555085,932.7698539125461,-43.5,-42.24366141732291
3424.4745674481887,927.9412760309858,-40.5,-42.24366141732291
3420.1035158925333,923.3351487750577,-43.5,-42.24366141732291
3415.979520785637,918.5065708934975,-40.5,-42.24366141732291
3411.6084692299814,913.9004436375694,-43.5,-42.24366141732291
3407.484474123085,909.0718657560092,-40.5,-42.24366141732291
3403.1134225674296,904.4657385000811,-43.5,-42.24366141732291
3398.989427460533,899.6371606185209,-40.5,-42.24366141732291
3394.6183759048777,895.0310333625928,-43.5,-42.24366141732291
3390.494380797981,890.2024554810325,-40.5,-42.24366141732291
3386.123329242326,885.5963282251045,-43.5,-42.24366141732291
3381.9993341354293,880.7677503435442,-40.5,-39.60531496063
3378.133699061224,875.7299566326949,-37.5,-36.96696850393708
3374.401262709167,870.592698718414,-36.0,-34.32862204724417
3370.8045831046943,865.3594974206642,-34.5,-31.690275590551252
3367.346125232349,860.0339393142108,-33.0,-29.051929133858337
3364.028259346403,854.6196742705623,-31.5,-26.413582677165422
3360.853259346403,849.1204129565311,-30.0,-23.775236220472507
3357.8233012187543,843.5399242911277,-28.5,-21.136889763779592
3354.940461545408,837.8820328625316,-27.0,-18.498543307086678
3352.2067160806755,832.1506163069099,-25.5,-15.860196850393764
3349.6239383971442,826.3496026508794,-24.0,-13.221850393700851
3347.1938986016257,820.4829676194328,-22.5,-10.583503937007938
3344.918262122013,814.5547319111755,-21.0,-7.945157480315025
3342.7985885658786,808.5689584427402,-19.5,-5.306811023622112
3340.768346912835,802.320517130681,-18.0,-2.668464566929199
3338.8398827222954,795.8101311309259,-16.5,0.05822834645662711
3337.0320316922543,789.0631392342967,-15.0,2.873267716535367
3335.401415825721,782.271135340319,-13.5,5.76661417322828
3333.9491526653587,775.4387743491934,-12.0,8.659960629921194
3332.676237519796,768.5707388198592,-10.5,11.553307086614108
3331.58354278149,761.6717357608022,-9.0,14.446653543307022
3330.6718173288327,754.7464934041061,-7.5,17.339999999999936
3329.941686012908,747.7997579649588,-6.0,20.23334645669285
3329.393649229249,740.8362903888328,-4.5,23.126692913385764
3329.0280825748923,733.8608630885722,-3.0,26.020039370078678
3328.845236590962,726.8782566736179,-1.5,28.91338582677159
3328.845236590962,719.8932566736179,0.0,31.806732283464505
3329.0280825748923,712.9106502586636,1.5,34.700078740157416
3329.393649229249,705.935222958403,3.0,37.593425196850326
3329.941686012908,698.971755382277,4.5,40.48677165354324
3330.6718173288327,692.0250199431297,6.0,43.38011811023615
3331.58354278149,685.0997775864336,7.5,46.27346456692906
3332.676237519796,678.2007745273766,9.0,49.16681102362197
3333.9491526653587,671.3327389980424,10.5,52.06015748031488
3335.401415825721,664.5003780069168,12.0,54.95350393700779
3337.0320316922543,657.708374112939,13.5,57.8468503937007
3338.8398827222954,650.9613822163099,15.0,60.74019685039361
3340.8237299050525,644.2640263682555,16.5,63.63354330708652
3342.8107200381937,637.5676023068031,16.526889763779437,66.52688976377944
3345.1331923515377,630.9800119010666,19.420236220472347,69.42023622047235
3347.7852255886683,624.5180505340237,22.313582677165257,72.31358267716526
3350.760058261523,618.1981932912914,25.206929133858168,75.20692913385817
3354.0501058891377,612.0365529570925,28.100275590551078,78.10027559055108
3357.6469803346495,606.0488389339258,30.99362204724399,80.99362204724399
3361.5415111912607,600.2503171906792,33.8869685039369,83.8869685039369
3365.723769162639,594.6557713412968,36.78031496062981,86.78031496062981
3370.1830913781428,589.2794649532349,39.67366141732272,89.67366141732272
3374.917676383406,584.1439094985703,42.67366141732272,89.67366141732272
3379.914547010027,579.2631811778363,45.67366141732272,89.67366141732272
3385.1600071829457,574.6506577281046,48.67366141732272,89.67366141732272
3390.6396794604357,570.3189817555385,51.67366141732272,89.67366141732272
3396.338544441672,566.2800260828877,54.67366141732272,89.67366141732272
3402.2409819338645,562.5448612069065,57.67366141732272,89.67366141732272
3408.3308137661197,559.1237249548918,60.67366141732272,89.67366141732272
3414.591348132685,556.0259944235102,63.67366141732272,89.67366141732272
3421.005425344026,553.2601602768275,66.67366141732272,89.67366141732272
3427.555464860344,550.8338034739891,69.67366141732272,89.67366141732272
3434.223513478611,548.7535744903375,72.67366141732272,89.67366141732272
3440.991294541056,547.0251750889221,75.67366141732272,89.67366141732272
3447.840258030209,545.6533426923623,78.67366141732272,89.67366141732272
3454.1233247420296,544.7337924246716,81.67366141732272,89.67366141732272
3460.44590627186,544.1443326731655,84.67366141732272,89.67366141732272
3466.7906728632047,543.8865791060501,87.67366141732272,89.67366141732272
3473.1402339518554,543.9612382079366,90.67366141732272,89.67366141732272
3479.4850005432,543.7034846408212,87.67366141732272,89.67366141732272
3485.8345616318506,543.7781437427077,90.67366141732272,89.67366141732272
3492.179328223195,543.5203901755923,87.67366141732272,89.67366141732272
3498.528889311846,543.5950492774788,90.67366141732272,89.67366141732272
3504.8736559031904,543.3372957103634,87.67366141732272,89.67366141732272
3511.223216991841,543.4119548122499,90.67366141732272,89.67366141732272
3517.5679835831857,543.1542012451345,87.67366141732272,89.67366141732272
3523.9175446718364,543.2288603470209,90.67366141732272,89.67366141732272
3530.262311263181,542.9711067799055,87.67366141732272,89.67366141732272
3536.6118723518316,543.045765881792,90.67366141732272,89.67366141732272
3542.956638943176,542.7880123146766,87.67366141732272,89.67366141732272
3549.306200031827,542.8626714165631,90.67366141732272,89.67366141732272
3555.6509666231714,542.6049178494477,87.67366141732272,89.67366141732272
3562.000527711822,542.6795769513342,90.67366141732272,89.67366141732272
3568.3452943031666,542.4218233842188,87.67366141732272,89.67366141732272
3574.6948553918173,542.4964824861053,90.67366141732272,89.67366141732272
3581.039621983162,542.2387289189899,87.67366141732272,89.67366141732272
3587.3891830718126,542.3133880208763,90.67366141732272,89.67366141732272
3593.733949663157,542.055634453761,87.67366141732272,89.67366141732272
3600.083510751808,542.1302935556474,90.67366141732272,89.67366141732272
3606.4282773431523,541.872539988532,87.67366141732272,89.67366141732272
3612.777838431803,541.9471990904185,90.67366141732272,89.67366141732272
3619.1226050231476,541.6894455233031,87.67366141732272,89.67366141732272
3625.4721661117983,541.7641046251896,90.67366141732272,89.67366141732272
3631.816932703143,541.5063510580742,87.67366141732272,89.67366141732272
3638.1664937917935,541.5810101599607,90.67366141732272,89.67366141732272
3644.511260383138,541.3232565928453,87.67366141732272,89.67366141732272
3650.8608214717888,541.3979156947318,90.67366141732272,89.67366141732272
3657.2055880631333,541.1401621276163,87.67366141732272,89.67366141732272
3663.555149151784,541.2148212295028,90.67366141732272,89.67366141732272
3669.8999157431285,540.9570676623874,87.67366141732272,89.67366141732272
3676.2494768317792,541.0317267642739,90.67366141732272,89.67366141732272
3682.5942434231238,540.7739731971585,87.67366141732272,89.67366141732272
3688.9438045117745,540.848632299045,90.67366141732272,89.67366141732272
3695.288571103119,540.5908787319296,87.67366141732272,89.67366141732272
3701.6381321917697,540.6655378338161,90.67366141732272,89.67366141732272
3707.9828987831143,540.4077842667007,87.67366141732272,89.67366141732272
3714.332459871765,540.4824433685872,90.67366141732272,89.67366141732272
3720.6772264631095,540.2246898014718,87.67366141732272,89.67366141732272
3727.02678755176,540.2993489033582,90.67366141732272,89.67366141732272
3733.3715541431047,540.0415953362428,87.67366141732272,89.67366141732272
3739.7211152317554,540.1162544381293,90.67366141732272,89.67366141732272
3746.0658818231,539.8585008710139,87.67366141732272,89.67366141732272
3752.4154429117507,539.9331599729004,90.67366141732272,89.67366141732272
3758.760209503095,539.675406405785,87.67366141732272,89.67366141732272
3765.109770591746,539.7500655076715,90.67366141732272,89.67366141732272
3771.4545371830905,539.4923119405561,87.67366141732272,89.67366141732272
3777.804098271741,539.5669710424426,90.67366141732272,89.67366141732272
3784.1488648630857,539.3092174753272,87.67366141732272,89.67366141732272
3790.4984259517364,539.3838765772136,90.67366141732272,92.31200787401563
3796.843856856935,539.6247222276859,92.17366141732272,94.95035433070855
3803.1808087373,540.0315893631655,93.67366141732272,97.58870078740146
3809.5049385625516,540.6041991372413,95.17366141732272,100.22704724409438
3815.8119120900037,541.3421591117766,96.67366141732272,102.8653937007873
3822.0974068350415,542.2449635258669,98.17366141732272,105.50374015748021
3828.3571150335342,543.3119936424628,99.67366141732272,108.14208661417312
3834.586746594162,544.5425181724216,101.17366141732272,110.78043307086604
3840.78203203863,545.9356937756968,102.67366141732272,113.41877952755895
3846.9387254277563,547.4905656393204,104.17366141732272,116.05712598425187
3853.0526072714256,549.2060681317847,105.67366141732272,118.69547244094478
3859.1194874204175,551.0810255333727,107.17366141732272,121.3338188976377
3865.3436266017306,553.1845918982972,108.67366141732272,123.97216535433061
3871.717071342199,555.5262370764144,110.17366141732272,126.69885826771645
3878.208248914149,558.1059344868512,111.67366141732272,129.5138976377952
3884.6296735159026,560.8546671191729,113.17366141732272,132.4072440944881
3890.9769442237957,563.7705511293357,114.67366141732272,135.30059055118102
3897.245710935538,566.8515881160906,116.17366141732272,138.19393700787393
3903.4316773515575,570.0956664905882,117.67366141732272,141.08728346456684
3909.530603919468,573.5005629235559,119.17366141732272,143.98062992125975
3915.5383107396483,577.0639438690569,120.67366141732272,146.87397637795266
3921.4506804299353,580.7833671637859,122.17366141732272,149.76732283464557
3927.263660947473,584.6562837008062,123.67366141732272,152.66066929133848
3932.9732683657794,588.6800391765797,125.17366141732272,155.5540157480314
3938.5755896051314,592.8518759100946,126.67366141732272,158.4473622047243
3944.066785114394,597.1689347328414,128.1736614173227,161.3407086614172
3949.443091502456,601.6282569483451,129.6736614173227,164.23405511811012
3954.7008241174717,606.2267863599071,131.1736614173227,167.12740157480303
3959.836379572136,610.9613713651705,132.6736614173227,170.02074803149594
3964.846238213268,615.8287671160705,134.1736614173227,172.91409448818885
3969.726966534002,620.8256377426911,135.6736614173227,175.80744094488176
3974.4752195269452,625.9485586395043,137.1736614173227,178.70078740157467
3979.087742976677,631.194018812423,138.6736614173227,181.59413385826758
3983.561375690025,636.5584232850612,140.1736614173227,184.4874803149605
3987.8930516625915,642.0380955625512,141.6736614173227,187.3808267716534
3992.079802180036,647.6292801512301,143.1736614173227,190.2741732283463
3996.118757852687,653.3281451324664,144.6736614173227,193.16751968503922
4000.0185664002215,659.1231186692977,146.06086614173213,196.06086614173213
4003.6208909114725,665.107555411017,148.95421259842504,198.95421259842504
4006.9165470844346,671.2661977443254,151.84755905511796,201.84755905511796
4009.8971324829845,677.5833439102735,154.74090551181087,204.74090551181087
4012.555047959303,684.0428880366609,157.63425196850378,207.63425196850378
4014.8835170282723,690.6283612007436,160.5275984251967,210.5275984251967
4016.8766031444557,697.3229734175547,163.4209448818896,213.4209448818896
4018.5292248376086,704.1096564467908,166.3142913385825,216.3142913385825
4019.8371686681353,710.9711073091221,169.20763779527542,219.20763779527542
4020.79709996946,717.8898324009824,172.10098425196833,222.10098425196833
4021.3936176246334,724.849314543144,175.10098425196833,222.10098425196833
4021.6250866202263,731.830478278803,178.10098425196833,222.10098425196833
4021.490872515811,738.8141887234145,181.10098425196833,222.10098425196833
4020.991343182919,745.7813040120817,184.10098425196833,222.10098425196833
4020.1278677967293,752.7127277660766,187.10098425196833,222.10098425196833
4018.902813083256,759.5894614346868,190.10098425196833,222.10098425196833
4017.319536832317,766.3926563689226,193.10098425196833,222.10098425196833
4015.3823786940634,773.1036654843537,196.10098425196833,222.10098425196833
4013.096648284302,779.7040943714709,199.10098425196833,222.10098425196833
4010.4686106312065,786.1758517134849,202.10098425196833,222.10098425196833
4007.5054690033116,792.5011988733677,205.10098425196833,222.10098425196833
4004.215345165854,798.6627985142235,208.10098425196833,222.10098425196833
4000.6072571195787,804.6437621197242,211.10098425196833,222.10098425196833
3997.047109177257,809.9018840875739,214.10098425196833,222.10098425196833
3993.2166514527294,814.9664762350827,217.10098425196833,222.10098425196833
3989.126382964367,819.8236568672098,220.10098425196833,222.10098425196833
3984.7875148537855,824.4601127894609,223.10098425196833,222.10098425196833
3980.6972463654233,829.317293421588,220.10098425196833,222.10098425196833
3976.3583782548417,833.9537493438391,223.10098425196833,222.10098425196833
3972.2681097664795,838.8109299759662,220.10098425196833,222.10098425196833
3967.929241655898,843.4473858982174,223.10098425196833,222.10098425196833
3963.8389731675356,848.3045665303445,220.10098425196833,222.10098425196833
3959.500105056954,852.9410224525956,223.10098425196833,222.10098425196833
3955.409836568592,857.7982030847227,220.10098425196833,222.10098425196833
3951.579378844064,862.8627952322315,217.10098425196833,219.4626377952754
3948.0192309017425,868.1209172000812,214.10098425196833,216.8242913385825
3944.188773177215,873.18550934759,217.10098425196833,214.18594488188958
3940.628625234893,878.4436313154397,214.10098425196833,211.54759842519667
3937.3485451928245,883.880870956804,211.10098425196833,208.90925196850375
3934.357523522409,889.4823251757638,208.10098425196833,206.27090551181084
3931.663758406141,895.2326407756573,205.10098425196833,203.63255905511792
3929.2746332669635,901.1160565411246,202.10098425196833,200.994212598425
3927.1966965308166,907.1164464385039,199.10098425196833,198.3558661417321
3925.4356436778585,913.2173638161684,196.10098425196833,195.71751968503918
3923.99630163155,919.4020864836555,193.10098425196833,193.07917322834626
3922.8826155283928,925.6536625460284,190.10098425196833,190.44082677165335
3922.097637904584,931.9549568678419,187.10098425196833,187.80248031496043
3921.6435203292276,938.2886980393575,184.10098425196833,185.16413385826752
3921.521507507032,944.6375257162771,181.10098425196833,182.5257874015746
3921.7319338666616,950.9840382032397,178.10098425196833,179.8874409448817
3922.274222644092,957.3108401506594,175.10098425196833,177.24909448818877
3923.146887463478,963.6005902341687,172.10098425196833,174.61074803149586
3924.3475364112073,969.8360486859841,169.10098425196833,171.97240157480294
3925.2202012305934,976.1257987694935,172.10098425196833,169.33405511811003
3926.420850178323,982.3612572213088,169.10098425196833,166.69570866141711
3927.9461923590866,988.5253330832352,166.10098425196833,166.69570866141711
3929.146841306816,994.7607915350505,169.10098425196833,166.69570866141711
3930.67218348758,1000.9248673969769,166.10098425196833,166.69570866141711
3931.872832435309,1007.1603258487922,169.10098425196833,166.69570866141711
3933.398174616073,1013.3244017107186,166.10098425196833,166.69570866141711
3934.5988235638024,1019.5598601625339,169.10098425196833,166.69570866141711
3936.124165744566,1025.7239360244603,166.10098425196833,166.69570866141711
3937.3248146922956,1031.9593944762757,169.10098425196833,166.69570866141711
3938.8501568730594,1038.1234703382022,166.10098425196833,166.69570866141711
3940.050805820789,1044.3589287900177,169.10098425196833,166.69570866141711
3941.5761480015526,1050.5230046519441,166.10098425196833,166.69570866141711
3942.776796949282,1056.7584631037596,169.10098425196833,166.69570866141711
3944.302139130046,1062.922538965686,166.10098425196833,166.69570866141711
3945.502788077775,1069.1579974175015,169.10098425196833,166.69570866141711
3947.028130258539,1075.322073279428,166.10098425196833,166.69570866141711
3948.2287792062684,1081.5575317312434,169.10098425196833,166.69570866141711
3949.7541213870322,1087.72160759317,166.10098425196833,166.69570866141711
3950.9547703347616,1093.9570660449854,169.10098425196833,166.69570866141711
3952.4801125155254,1100.1211419069118,166.10098425196833,166.69570866141711
3953.680761463255,1106.3566003587273,169.10098425196833,166.69570866141711
3955.2061036440186,1112.5206762206537,166.10098425196833,164.0573622047242
3957.051958200924,1118.5964741892133,163.10098425196833,161.41901574803128
3959.213265774935,1124.5673409244976,160.10098425196833,158.78066929133837
3961.684102372221,1130.416910695815,157.10098425196833,156.14232283464546
3964.457695601415,1136.129150239021,154.10098425196833,153.50397637795254
3967.5264432362655,1141.688402702581,151.10098425196833,150.86562992125963
3970.8819340528125,1147.0794305619108,148.10098425196833,148.2272834645667
3974.5149708839645,1152.287457384374,145.10098425196833,145.5889370078738
3978.4155958282963,1157.2982083304555,142.10098425196833,142.95059055118088
3982.573117543965,1162.0979492801052,139.10098425196833,140.31224409448797
3986.9761405529334,1166.6735244770061,136.10098425196833,137.67389763779505
3991.133662268602,1171.4732654266559,139.10098425196833,137.67389763779505
3995.5366852775705,1176.0488406235568,136.10098425196833,137.67389763779505
3999.6942069932393,1180.8485815732065,139.10098425196833,137.67389763779505
4004.0972300022077,1185.4241567701074,136.10098425196833,137.67389763779505
4008.2547517178764,1190.2238977197571,139.10098425196833,137.67389763779505
4012.6577747268448,1194.799472916658,136.10098425196833,137.67389763779505
4016.8152964425135,1199.5992138663078,139.10098425196833,137.67389763779505
4021.218319451482,1204.1747890632087,136.10098425196833,137.67389763779505
4025.3758411671506,1208.9745300128584,139.10098425196833,137.67389763779505
4029.778864176119,1213.5501052097593,136.10098425196833,137.67389763779505
4033.9363858917877,1218.349846159409,139.10098425196833,137.67389763779505
4037.8370108361196,1223.3605971054906,142.10098425196833,140.31224409448797
4041.4700476672715,1228.5686239279537,145.10098425196833,142.95059055118088
4044.8255384838185,1233.9596517872835,148.10098425196833,145.5889370078738
4047.8942861186692,1239.5189042508434,151.10098425196833,148.2272834645667
4051.2497769352162,1244.9099321101733,148.10098425196833,150.86562992125963
4054.318524570067,1250.4691845737332,151.10098425196833,153.50397637795254
4057.092117799261,1256.1814241169393,154.10098425196833,153.50397637795254
4060.1608654341117,1261.7406765804992,151.10098425196833,153.50397637795254
4062.9344586633056,1267.4529161237053,154.10098425196833,153.50397637795254
4066.0032062981563,1273.0121685872653,151.10098425196833,153.50397637795254
4068.7767995273502,1278.7244081304714,154.10098425196833,153.50397637795254
4071.845547162201,1284.2836605940313,151.10098425196833,153.50397637795254
4074.619140391395,1289.9959001372374,154.10098425196833,153.50397637795254
4077.6878880262457,1295.5551526007973,151.10098425196833,153.50397637795254
4080.4614812554396,1301.2673921440035,154.10098425196833,153.50397637795254
4082.9323178527256,1307.1169619153209,157.10098425196833,156.14232283464546
4085.0936254267363,1313.0878286506052,160.10098425196833,158.78066929133837
4086.939479983642,1319.1636266191647,163.10098425196833,161.41901574803128
4088.4648221644056,1325.3277024810911,166.10098425196833,164.0573622047242
4089.665471112135,1331.5631609329066,169.10098425196833,166.69570866141711
4090.538135931521,1337.852911016416,172.10098425196833,169.33405511811003
4091.7387848792505,1344.0883694682316,169.10098425196833,171.97240157480294
4092.6114496986365,1350.378119551741,172.10098425196833,171.97240157480294
4093.812098646366,1356.6135780035565,169.10098425196833,171.97240157480294
4094.684763465752,1362.903328087066,172.10098425196833,171.97240157480294
4095.8854124134814,1369.1387865388815,169.10098425196833,171.97240157480294
4096.758077232867,1375.428536622391,172.10098425196833,174.61074803149586
4097.300366010298,1381.7553385698106,175.10098425196833,177.24909448818877
4097.510792369928,1388.1018510567733,178.10098425196833,179.8874409448817
4097.388779547732,1394.450678733693,181.10098425196833,182.5257874015746
4096.934661972376,1400.7844199052086,184.10098425196833,185.16413385826752
4096.149684348567,1407.085714227022,187.10098425196833,187.80248031496043
4095.0359982454092,1413.337290289395,190.10098425196833,190.44082677165335
4093.596656199101,1419.5220129568822,193.10098425196833,193.07917322834626
4091.8356033461428,1425.6229303345467,196.10098425196833,195.71751968503918
4089.757666609996,1431.623320231926,199.10098425196833,198.3558661417321
4087.3685414708184,1437.5067359973934,202.10098425196833,200.994212598425
4084.6747763545504,1443.2570515972868,205.10098425196833,203.63255905511792
4081.683754684135,1448.8585058162466,208.10098425196833,206.27090551181084
4078.989989567867,1454.60882141614,205.10098425196833,206.27090551181084
4075.998967897451,1460.2102756350998,208.10098425196833,206.27090551181084
4073.305202781183,1465.9605912349932,205.10098425196833,206.27090551181084
4070.3141811107675,1471.562045453953,208.10098425196833,206.27090551181084
4067.6204159944996,1477.3123610538464,205.10098425196833,206.27090551181084
4064.629394324084,1482.9138152728062,208.10098425196833,206.27090551181084
4061.935629207816,1488.6641308726996,205.10098425196833,206.27090551181084
4058.9446075374003,1494.2655850916594,208.10098425196833,206.27090551181084
4056.2508424211323,1500.0159006915528,205.10098425196833,206.27090551181084
4053.2598207507167,1505.6173549105126,208.10098425196833,206.27090551181084
4050.5660556344487,1511.367670510406,205.10098425196833,206.27090551181084
4047.575033964033,1516.9691247293658,208.10098425196833,206.27090551181084
4044.881268847765,1522.7194403292592,205.10098425196833,206.27090551181084
4041.8902471773495,1528.320894548219,208.10098425196833,206.27090551181084
4039.1964820610815,1534.0712101481124,205.10098425196833,206.27090551181084
4036.205460390666,1539.6726643670722,208.10098425196833,206.27090551181084
4033.511695274398,1545.4229799669656,205.10098425196833,206.27090551181084
4030.5206736039822,1551.0244341859254,208.10098425196833,206.27090551181084
4027.8269084877143,1556.7747497858188,205.10098425196833,206.27090551181084
4024.8358868172986,1562.3762040047786,208.10098425196833,206.27090551181084
4021.55580677523,1567.813443646143,211.10098425196833,208.90925196850375
4017.9956588329082,1573.0715656139928,214.10098425196833,211.54759842519667
4014.1652011083806,1578.1361577615016,217.10098425196833,214.18594488188958
4010.605053166059,1583.3942797293514,214.10098425196833,216.8242913385825
4006.7745954415313,1588.4588718768603,217.10098425196833,219.4626377952754
4002.684326953169,1593.3160525089872,220.10098425196833,222.10098425196833
3998.3454588425875,1597.9525084312384,223.10098425196833,224.73933070866124
3993.7698836456866,1602.3555314402067,226.10098425196833,224.73933070866124
3989.431015535105,1606.9919873624578,223.10098425196833,224.73933070866124
3984.855440338204,1611.3950103714262,226.10098425196833,224.73933070866124
3980.5165722276224,1616.0314662936773,223.10098425196833,224.73933070866124
3975.9409970307215,1620.4344893026457,226.10098425196833,224.73933070866124
3971.60212892014,1625.0709452248968,223.10098425196833,224.73933070866124
3967.026553723239,1629.4739682338652,226.10098425196833,224.73933070866124
3962.6876856126573,1634.1104241561163,223.10098425196833,224.73933070866124
3958.1121104157564,1638.5134471650847,226.10098425196833,224.73933070866124
3953.773242305175,1643.1499030873358,223.10098425196833,224.73933070866124
3949.197667108274,1647.5529260963042,226.10098425196833,224.73933070866124
3944.8587989976922,1652.1893820185553,223.10098425196833,224.73933070866124
3940.2832238007913,1656.5924050275237,226.10098425196833,224.73933070866124
3935.9443556902097,1661.2288609497748,223.10098425196833,224.73933070866124
3931.8540872018475,1666.0860415819018,220.10098425196833,222.10098425196833
3928.02362947732,1671.1506337294106,217.10098425196833,219.4626377952754
3924.463481534998,1676.4087556972604,214.10098425196833,216.8242913385825
3920.6330238104706,1681.4733478447693,217.10098425196833,214.18594488188958
3917.072875868149,1686.731469812619,214.10098425196833,211.54759842519667
3913.7927958260802,1692.1687094539834,211.10098425196833,208.90925196850375
3910.8017741556646,1697.7701636729432,208.10098425196833,206.27090551181084
3908.1080090393966,1703.5204792728366,205.10098425196833,203.63255905511792
3905.718883900219,1709.403895038304,202.10098425196833,200.994212598425
3903.6409471640723,1715.4042849356833,199.10098425196833,198.3558661417321
3901.879894311114,1721.5052023133478,196.10098425196833,195.71751968503918
3900.440552264806,1727.689924980835,193.10098425196833,193.07917322834626
3899.3268661616485,1733.941501043208,190.10098425196833,190.44082677165335
3898.54188853784,1740.2427953650217,187.10098425196833,187.80248031496043
3898.0877709624833,1746.5765365365373,184.10098425196833,185.16413385826752
3897.9657581402876,1752.925364213457,181.10098425196833,182.5257874015746
3898.1761844999173,1759.2718767004196,178.10098425196833,179.8874409448817
3898.7184732773476,1765.5986786478393,175.10098425196833,177.24909448818877
3899.5911380967336,1771.8884287313488,172.10098425196833,174.61074803149586
3900.133426874164,1778.2152306787684,175.10098425196833,174.61074803149586
3901.00609169355,1784.504980762278,172.10098425196833,174.61074803149586
3901.54838047098,1790.8317827096976,175.10098425196833,174.61074803149586
3902.4210452903662,1797.121532793207,172.10098425196833,174.61074803149586
3902.9633340677965,1803.4483347406267,175.10098425196833,174.61074803149586
3903.8359988871825,1809.7380848241362,172.10098425196833,174.61074803149586
3904.378287664613,1816.0648867715558,175.10098425196833,174.61074803149586
3905.250952483999,1822.3546368550653,172.10098425196833,174.61074803149586
3905.793241261429,1828.681438802485,175.10098425196833,174.61074803149586
3906.665906080815,1834.9711888859945,172.10098425196833,174.61074803149586
3907.8665550285446,1841.20664733781,169.10098425196833,171.97240157480294
3908.7392198479306,1847.4963974213194,172.10098425196833,169.33405511811003
3909.93986879566,1853.731855873135,169.10098425196833,166.69570866141711
3911.465210976424,1859.8959317350614,166.10098425196833,164.0573622047242
3913.3110655333294,1865.971729703621,163.10098425196833,161.41901574803128
3915.47237310734,1871.9425964389052,160.10098425196833,158.78066929133837
3917.943209704626,1877.7921662102226,157.10098425196833,158.78066929133837
3920.1045172786366,1883.763032945507,160.10098425196833,158.78066929133837
3922.5753538759227,1889.6126027168243,157.10098425196833,158.78066929133837
3924.7366614499333,1895.5834694521086,160.10098425196833,158.78066929133837
3927.2074980472194,1901.433039223426,157.10098425196833,158.78066929133837
3929.36880562123,1907.4039059587103,160.10098425196833,158.78066929133837
3931.839642218516,1913.2534757300277,157.10098425196833,158.78066929133837
3934.0009497925266,1919.224342465312,160.10098425196833,158.78066929133837
3936.4717863898127,1925.0739122366294,157.10098425196833,158.78066929133837
3938.6330939638233,1931.0447789719137,160.10098425196833,158.78066929133837
3941.1039305611093,1936.8943487432311,157.10098425196833,158.78066929133837
3943.26523813512,1942.8652154785154,160.10098425196833,158.78066929133837
3945.736074732406,1948.7147852498329,157.10098425196833,158.78066929133837
3947.8973823064166,1954.6856519851171,160.10098425196833,158.78066929133837
3950.3682189037027,1960.5352217564346,157.10098425196833,158.78066929133837
3952.5295264777133,1966.5060884917189,160.10098425196833,158.78066929133837
3955.0003630749993,1972.3556582630363,157.10098425196833,158.78066929133837
3957.16167064901,1978.3265249983206,160.10098425196833,158.78066929133837
3959.632507246296,1984.176094769638,157.10098425196833,158.78066929133837
3961.7938148203066,1990.1469615049223,160.10098425196833,158.78066929133837
3964.2646514175926,1995.9965312762397,157.10098425196833,158.78066929133837
3966.4259589916032,2001.967398011524,160.10098425196833,158.78066929133837
3968.8967955888893,2007.8169677828414,157.10098425196833,158.78066929133837
3971.0581031629,2013.7878345181257,160.10098425196833,158.78066929133837
3973.528939760186,2019.637404289443,157.10098425196833,158.78066929133837
3975.6902473341966,2025.6082710247274,160.10098425196833,158.78066929133837
3978.1610839314826,2031.4578407960448,157.10098425196833,158.78066929133837
3980.322391505493,2037.428707531329,160.10098425196833,161.41901574803128
3982.168246062399,2043.5045054998886,163.10098425196833,164.0573622047242
3983.6935882431626,2049.668581361815,166.10098425196833,166.69570866141711
3984.894237190892,2055.9040398136303,169.10098425196833,169.33405511811003
3985.766902010278,2062.1937898971396,172.10098425196833,171.97240157480294
3986.47462132642,2068.5042283422526,173.60098425196833,174.61074803149586
3987.0169101038505,2074.831030289672,175.10098425196833,177.24909448818877
3987.393396684929,2081.1698596653746,176.60098425196833,179.8874409448817
3987.603823044559,2087.516372152337,178.10098425196833,182.5257874015746
3987.6480449670244,2093.866218167917,179.60098425196833,185.16413385826752
3987.5260321448286,2100.2150458448364,181.10098425196833,187.80248031496043
3987.2378681994655,2106.558504013737,182.60098425196833,190.44082677165335
3986.783750624109,2112.8922451852527,184.10098425196833,193.07917322834626
3986.1639906482615,2119.2119285295616,185.60098425196833,195.71751968503918
3985.379013024453,2125.5132228513753,187.10098425196833,198.3558661417321
3984.4293557371357,2131.791809558322,188.60098425196833,200.994212598425
3983.3156696339784,2138.0433856206946,190.10098425196833,203.63255905511792
3981.9944771350947,2144.479172315489,191.60098425196833,206.27090551181084
3980.4554011517193,2151.092442695369,193.10098425196833,208.99759842519666
3978.6945805678865,2157.8518610040364,194.60098425196833,211.8126377952754
3976.7574224296327,2164.5628701194673,196.10098425196833,214.70598425196832
3974.645254368383,2171.2208706512365,197.60098425196833,217.59933070866123
3972.3595239586216,2177.8212995383537,199.10098425196833,220.49267716535414
3969.9017977257963,2184.359633176559,200.60098425196833,223.38602362204705
3967.273760072701,2190.831390518573,202.10098425196833,226.27937007873996
3964.4772121250694,2197.2321361451855,203.60098425196833,229.17271653543287
3961.5140704971745,2203.557483305068,205.10098425196833,232.06606299212578
3958.386365978276,2209.803096921236,206.60098425196833,234.9594094488187
3955.0962421408185,2215.964696562092,208.10098425196833,237.8527559055116
3951.6459538713348,2222.0380593750206,209.60098425196833,240.7461023622045
3948.0378658250593,2228.019022980521,211.10098425196833,243.63944881889742
3944.2744508053106,2233.9034883248946,212.60098425196833,246.53279527559033
3940.358288068757,2239.687422489529,214.10098425196833,249.42614173228324
3936.292061557721,2245.3668614548624,215.60098425196833,252.31948818897615
3932.0785580607408,2250.937912817122,217.10098425196833,255.21283464566906
3927.720665302644,2256.3967584559846,218.60098425196833,258.106181102362
3923.221369965446,2261.7396571513245,220.10098425196833,260.9995275590549
3918.583755641425,2266.9629471472595,221.60098425196833,263.89287401574785
3913.811000719785,2272.0630486617356,223.10098425196833,266.7862204724408
3908.7778680031943,2276.9063739716007,226.10098425196833,269.6795669291337
3903.49815295858,2281.479647858836,229.10098425196833,272.57291338582667
3897.98632691789,2285.770335297601,232.10098425196833,275.4662598425196
3892.2574974131808,2289.766675811868,235.10098425196833,278.35960629921254
3886.327366767918,2293.4577157100694,238.10098425196833,281.2529527559055
3880.2121890580024,2296.8333381084053,241.10098425196833,284.1462992125984
3873.9287255604754,2299.8842906605187,244.10098425196833,287.03964566929136
3867.4941988120263,2302.6022109175333,247.10098425196833,289.9329921259843
3860.9262454032137,2304.979649248945,250.10098425196833,292.82633858267724
3854.242867637798,2307.010089261541,253.10098425196833,295.7196850393702
3847.462384189679,2308.687965660381,256.1009842519683,298.6130314960631
3840.6033798926824,2310.0086795028838,259.1009842519683,301.50637795275605
3833.684654800822,2310.9686108042083,262.1009842519683,301.50637795275605
3826.7251726586605,2311.565128459382,265.1009842519683,301.50637795275605
3819.7440089230017,2311.7965974549747,268.1009842519683,301.50637795275605
3812.7602984783903,2311.6623833505596,271.1009842519683,301.50637795275605
3805.793183189723,2311.1628540176675,274.1009842519683,301.50637795275605
3798.8617594357283,2310.299378631478,277.1009842519683,301.50637795275605
3791.9850257671183,2309.0743239180047,280.1009842519683,301.50637795275605
3785.1818308328825,2307.4910476670657,283.1009842519683,301.50637795275605
3778.4708217174516,2305.553889528812,286.1009842519683,301.50637795275605
3771.8703928303344,2303.2681591190503,289.1009842519683,301.50637795275605
3765.3986354883205,2300.640121465955,292.1009842519683,301.50637795275605
3759.648319888427,2297.946356349687,295.1009842519683,301.50637795275605
3754.0468656694675,2294.9553346792713,298.1009842519683,301.50637795275605
3748.6096260281033,2291.6752546372027,301.1009842519683,301.50637795275605
3743.351504060254,2288.115106694881,304.1009842519683,301.50637795275605
3737.9142644188896,2284.8350266528123,301.1009842519683,301.50637795275605
3732.65614245104,2281.2748787104906,304.1009842519683,301.50637795275605
3727.218902809676,2277.994798668422,301.1009842519683,301.50637795275605
3721.9607808418264,2274.4346507261002,304.1009842519683,301.50637795275605
3716.523541200462,2271.1545706840316,301.1009842519683,301.50637795275605
3711.2654192326127,2267.59442274171,304.1009842519683,301.50637795275605
3705.8281795912485,2264.314342699641,301.1009842519683,301.50637795275605
3700.570057623399,2260.7541947573195,304.1009842519683,301.50637795275605
3695.132817982035,2257.474114715251,301.1009842519683,301.50637795275605
3689.8746960141852,2253.913966772929,304.1009842519683,301.50637795275605
3684.437456372821,2250.6338867308605,301.1009842519683,301.50637795275605
3679.1793344049715,2247.073738788539,304.1009842519683,301.50637795275605
3673.7420947636074,2243.79365874647,301.1009842519683,301.50637795275605
3668.483972795758,2240.2335108041484,304.1009842519683,301.50637795275605
3663.0467331543937,2236.9534307620797,301.1009842519683,301.50637795275605
3657.788611186544,2233.393282819758,304.1009842519683,301.50637795275605
3652.35137154518,2230.1132027776894,301.1009842519683,301.50637795275605
3647.0932495773304,2226.5530548353677,304.1009842519683,301.50637795275605
3641.6560099359663,2223.272974793299,301.1009842519683,301.50637795275605
3636.3978879681167,2219.7128268509773,304.1009842519683,301.50637795275605
3630.9606483267526,2216.4327468089086,301.1009842519683,301.50637795275605
3625.702526358903,2212.872598866587,304.1009842519683,301.50637795275605
3620.265286717539,2209.5925188245183,301.1009842519683,301.50637795275605
3615.0071647496893,2206.0323708821966,304.1009842519683,301.50637795275605
3609.569925108325,2202.752290840128,301.1009842519683,301.50637795275605
3604.3118031404756,2199.192142897806,304.1009842519683,301.50637795275605
3598.8745634991114,2195.9120628557375,301.1009842519683,301.50637795275605
3593.616441531262,2192.351914913416,304.1009842519683,301.50637795275605
3588.1792018898977,2189.071834871347,301.1009842519683,301.50637795275605
3582.921079922048,2185.5116869290255,304.1009842519683,301.50637795275605
3577.483840280684,2182.231606886957,301.1009842519683,301.50637795275605
3572.2257183128345,2178.671458944635,304.1009842519683,301.50637795275605
3567.1611261653256,2174.8410012201075,307.1009842519683,304.14472440944894
3561.903004197476,2171.280853277786,304.1009842519683,306.7830708661418
3556.7398778653546,2167.5842837222986,305.6009842519683,309.4214173228347
3551.675285717846,2163.753825997771,307.1009842519683,312.0597637795276
3546.7126987734255,2159.792105308592,308.6009842519683,314.6981102362205
3541.8555181412985,2155.70183682023,310.1009842519683,317.3364566929134
3537.1070726904486,2151.4858237983926,311.6009842519683,319.97480314960626
3532.4706167681975,2147.146955687811,313.1009842519683,322.61314960629915
3527.949327969838,2142.6882061319566,314.6009842519683,325.25149606299203
3523.5463049608697,2138.1126309350557,316.1009842519683,327.8898425196849
3519.2645653533264,2133.423365967793,317.6009842519683,330.5281889763778
3515.1070436376576,2128.6236250181432,319.1009842519683,333.1665354330707
3510.936951379049,2123.546693803847,320.6009842519683,335.8048818897636
3506.7660469110156,2118.1887412174074,322.1009842519683,338.5315748031494
3502.6211125690224,2112.566486838551,323.6009842519683,341.34661417322815
3498.6247720547553,2106.837657333842,325.1009842519683,344.2399606299211
3494.7797642603814,2101.0061789568604,326.6009842519683,347.133307086614
3491.08872436218,2095.076048311598,328.1009842519683,350.02665354330696
3487.554182014526,2089.0513296133813,329.6009842519683,352.9199999999999
3484.17855961619,2082.9361519034655,331.1009842519683,355.81334645669284
3480.9641706501475,2076.734706219193,332.6009842519683,358.7066929133858
3477.913218098034,2070.451242721666,334.1009842519683,361.6000393700787
3475.02779293033,2064.0900677829004,335.6009842519683,364.49338582677166
3472.3098726733156,2057.6555410344513,337.1009842519683,367.3867322834646
3469.761320053771,2051.15207237954,338.6009842519683,370.28007874015753
3467.3838817223595,2044.5841189707276,340.1009842519683,373.1734251968505
3465.179187056557,2037.9561821552034,341.6009842519683,376.0667716535434
3463.148747043961,2031.272804389788,343.1009842519683,378.96011811023635
3461.293953246733,2024.5385661277599,344.6009842519683,381.8534645669293
3459.616076847893,2017.758082679641,346.1009842519683,384.74681102362223
3458.116267780113,2010.9360010500939,347.6009842519683,387.64015748031517
3456.7955539376103,2004.0769967530969,349.1009842519683,390.5335039370081
3455.654840471682,1997.1857706075805,350.6009842519683,393.42685039370105
3454.6949091703573,1990.2670455157202,352.1009842519683,396.320196850394
3453.916417922601,1983.325563226096,353.6009842519683,399.2135433070869
3453.3199002674273,1976.3660810839344,355.1009842519683,402.10688976377986
3452.905765028241,1969.3933687706617,356.6009842519683,405.0002362204728
3452.649026906123,1962.4130886518806,357.89358267716574,407.89358267716574
3452.744959402987,1955.4287474548853,360.7869291338587,410.7869291338587
3453.193317934256,1948.4581520981428,363.6802755905516,413.6802755905516
3453.9929593879892,1941.5190744544302,366.57362204724456,416.57362204724456
3455.1418450393076,1934.6292060405783,369.4669685039375,419.4669685039375
3456.637045748218,1927.8061129120863,372.36031496063043,422.36031496063043
3458.4872904399363,1921.0706233544693,375.36031496063043,422.36031496063043
3460.6875077223713,1914.4411988764264,378.36031496063043,422.36031496063043
3463.231666952887,1907.9360102696462,381.36031496063043,422.36031496063043
3466.1127947678747,1901.57288780393,384.36031496063043,422.36031496063043
3469.322994196259,1895.369272355661,387.36031496063043,422.36031496063043
3472.8534663045443,1889.3421676035748,390.36031496063043,422.36031496063043
3476.694534314082,1883.508093422858,393.36031496063043,422.36031496063043
3480.8356701244475,1877.8830406053187,396.36031496063043,422.36031496063043
3485.265523170231,1872.4824270297368,399.36031496063043,422.36031496063043
3489.97195153215,1867.3210554025309,402.36031496063043,422.36031496063043
3494.9420552172037,1862.4130726845688,405.36031496063043,422.36031496063043
3500.162211516659,1857.7719313153307,408.36031496063043,422.36031496063043
3505.6181123449487,1853.410352340708,411.36031496063043,422.36031496063043
3510.7787406287557,1849.7102961632463,414.36031496063043,422.36031496063043
3516.125942429055,1846.2853972002295,417.36031496063043,422.36031496063043
3521.645061437392,1843.1450428616533,420.36031496063043,419.72196850393755
3526.9922632376915,1839.7201438986365,417.36031496063043,417.08362204724466
3532.1528915214985,1836.0200877211748,414.36031496063043,414.4452755905518
3537.112801365398,1832.055015926063,411.36031496063043,411.8069291338589
3541.69398362963,1827.981974180404,408.36031496063043,409.168582677166
3545.899182309468,1823.8293359752279,405.36031496063043,406.618582677166
3549.7330516551115,1819.624868608184,402.36031496063043,404.1569291338589
3553.2020990653386,1815.3956121646002,399.36031496063043,401.78362204724476
3556.739500482672,1811.5162705693488,402.36031496063043,399.4986614173235
3559.9295020317477,1807.6272102565101,399.36031496063043,397.30204724409515
3562.7811646298665,1803.7536950020556,396.36031496063043,395.19377952755974
3565.3052164786536,1799.9199941445768,393.36031496063043,393.1738582677172
3567.5139728298645,1796.1492786447034,390.36031496063043,391.2422834645676
3569.4212495124407,1792.4635228665622,387.36031496063043,389.39905511811094
3571.4076139198223,1789.0724675085523,390.36031496063043,387.64417322834714
3573.112673315571,1785.7774906562863,387.36031496063043,385.9776377952763
3574.552206039166,1782.5982068473602,384.36031496063043,384.39944881889835
3575.7432440754988,1779.5528286449019,381.36031496063043,382.9096062992133
3577.052847627766,1776.6605002513945,384.36031496063043,381.50811023622117
3578.209283641637,1773.7035963392218,381.36031496063043,380.14476377952826
3579.20938240638,1770.690221576475,378.36031496063043,378.78141732283535
3580.050402720797,1767.628635413922,375.36031496063043,377.41807086614244
3581.0505014855403,1764.6152606511753,378.36031496063043,376.05472440944953
3581.8915217999574,1761.5536744886222,375.36031496063043,374.6913779527566
3582.571158485826,1758.452268521126,372.36031496063043,373.3280314960637
3583.0875487062303,1755.3195434868674,369.36031496063043,371.9646850393708
3583.767185392099,1752.218137519371,372.36031496063043,370.6013385826779
3584.2835756125032,1749.0854124851126,369.36031496063043,369.237992125985
3584.6596757069883,1745.7113090902938,366.36031496063043,367.8746456692921
3585.2476286665983,1742.1444426339647,369.36031496063043,366.42295275590624
3585.6724722195736,1738.333047488418,366.36031496063043,364.8829133858275
3585.910155817334,1734.2850193873105,363.36031496063043,363.2545275590559
3585.937039757425,1730.0101039198696,360.36031496063043,361.5377952755913
3585.7300229874336,1725.519873518549,357.36031496063043,359.73271653543384
3585.759673929546,1720.8049667515354,360.36031496063043,357.83929133858345
3585.532393004094,1715.8752032297298,357.36031496063043,355.85751968504013
3585.025799786136,1710.7451556362353,354.36031496063043,353.78740157480394
3584.218366456231,1705.431148069647,351.36031496063043,351.6289370078748
3583.089539618837,1699.9512050981207,348.36031496063043,349.38212598425275
3581.6198590391728,1694.3249928737412,345.36031496063043,347.0469685039378
3579.7910728020547,1688.573752494577,342.36031496063043,344.62346456692995
3577.58624840763,1682.7202258319787,339.36031496063043,342.11161417322916
3575.6620077107455,1676.6687964355094,342.36031496063043,339.5114173228355
3573.423696774759,1670.726367289626,339.36031496063043,336.8730708661426
3570.8774506543627,1664.9092261795645,336.36031496063043,334.2347244094497
3568.030248433186,1659.233317484763,333.36031496063043,331.5963779527568
3564.8898940946096,1653.714198476426,330.36031496063043,328.95803149606394
3561.464995131593,1648.3669966761265,327.36031496063043,326.31968503937105
3557.764938954131,1643.2063683923195,324.36031496063043,323.68133858267817
3553.7998671590194,1638.2464585484202,321.36031496063043,321.0429921259853
3549.5806477324395,1633.5008619125513,318.36031496063043,318.4046456692924
3545.1188452615647,1628.9825858352297,315.36031496063043,315.7662992125995
3540.4266892368323,1624.7040145971216,312.36031496063043,313.1279527559066
3535.5170405317576,1620.676875464591,309.36031496063043,310.48960629921373
3530.4033561521765,1616.9122065460767,306.36031496063043,307.85125984252085
3525.099652351525,1613.420326537406,303.36031496063043,305.21291338582796
3519.620466213265,1610.2108064389647,300.36031496063043,302.5745669291351
3513.9808158057476,1607.2924433222518,297.36031496063043,299.9362204724422
3508.196159018733,1604.6732362177172,294.36031496063043,297.2978740157493
3502.5565086112156,1601.7548731010043,297.36031496063043,294.6595275590564
3496.771851824201,1599.1356659964697,294.36031496063043,292.0211811023635
3490.8580439998555,1596.822793968728,291.36031496063043,289.38283464567064
3484.831294474362,1594.8225964392418,288.36031496063043,286.74448818897775
3478.708122149256,1593.140555810407,285.36031496063043,284.10614173228487
3472.5053102142633,1591.7812824386704,282.36031496063043,281.467795275592
3466.239860145746,1590.7485019978615,279.36031496063043,278.8294488188991
3459.928945106836,1590.0450452673813,276.36031496063043,276.1911023622062
3453.5898628769887,1589.672840373231,273.36031496063043,273.5527559055133
3447.2399884399715,1589.6329075031542,270.36031496063043,270.91440944882044
3440.8967263602417,1589.925356110372,267.36031496063043,268.27606299212755
3434.5468519232245,1589.885423240295,270.36031496063043,268.27606299212755
3428.2035898434947,1590.1778718475127,267.36031496063043,268.27606299212755
3421.8537154064775,1590.1379389774359,270.36031496063043,268.27606299212755
3415.5104533267477,1590.4303875846535,267.36031496063043,268.27606299212755
3409.1605788897305,1590.3904547145767,270.36031496063043,268.27606299212755
3402.8173168100006,1590.6829033217944,267.36031496063043,268.27606299212755
3396.4674423729834,1590.6429704517175,270.36031496063043,268.27606299212755
3390.1241802932536,1590.9354190589352,267.36031496063043,268.27606299212755
3383.7743058562364,1590.8954861888583,270.36031496063043,268.27606299212755
3377.4310437765066,1591.187934796076,267.36031496063043,268.27606299212755
3371.0811693394894,1591.148001925999,270.36031496063043,268.27606299212755
3364.7379072597596,1591.4404505332168,267.36031496063043,268.27606299212755
3358.3880328227424,1591.40051766314,270.36031496063043,268.27606299212755
3352.0447707430126,1591.6929662703576,267.36031496063043,268.27606299212755
3345.6948963059954,1591.6530334002807,270.36031496063043,268.27606299212755
3339.3516342262656,1591.9454820074984,267.36031496063043,268.27606299212755
3333.0017597892484,1591.9055491374215,270.36031496063043,268.27606299212755
3326.6584977095185,1592.1979977446392,267.36031496063043,268.27606299212755
3320.3086232725013,1592.1580648745623,270.36031496063043,268.27606299212755
3313.9653611927715,1592.45051348178,267.36031496063043,268.27606299212755
3307.6154867557543,1592.4105806117032,270.36031496063043,268.27606299212755
3301.2722246760245,1592.7030292189208,267.36031496063043,265.63771653543466
3294.9529613940285,1593.3270577221285,264.36031496063043,262.9993700787418
3288.6750175711754,1594.2809557025746,261.36031496063043,260.3610236220489
3282.4556006151092,1595.5621085921994,258.36031496063043,257.722677165356
3276.3117575153997,1597.1670048399842,255.36031496063043,255.0843307086631
3270.2603281189304,1599.0912455368687,252.36031496063043,252.44598425197017
3264.3178989730472,1601.329556472855,249.36031496063043,249.80763779527726
3258.5007578629857,1603.8758025932511,246.36031496063043,247.16929133858434
3252.824849168184,1606.7230048144281,243.36031496063043,244.53094488189143
3247.305730159847,1609.8633591530042,240.36031496063043,241.8925984251985
3241.9585283595475,1613.288258116021,237.36031496063043,239.2542519685056
3236.7979000757405,1616.9883142934827,234.36031496063043,236.61590551181268
3231.837990231841,1620.9533860885945,231.36031496063043,233.97755905511977
3227.092393595972,1625.1726055151746,228.36031496063043,231.33921259842685
3222.132483752073,1629.1376773102863,231.36031496063043,228.70086614173394
3217.386887116204,1633.3568967368665,228.36031496063043,226.06251968504102
3213.0251497376244,1637.664117074892,225.36031496063043,223.4241732283481
3209.043046427826,1642.031147327832,222.36031496063043,220.8741732283481
3205.434476087023,1646.4305018367886,219.36031496063043,218.41251968504102
3202.191525065878,1650.835518144869,216.36031496063043,216.03921259842684
3199.3045376571345,1655.2204701060375,213.36031496063043,213.75425196850557
3196.76219339018,1659.5606758187066,210.36031496063043,211.55763779527723
3194.551590777363,1663.8325999856606,207.36031496063043,209.4493700787418
3192.231638454238,1667.793145556466,210.36031496063043,207.42944881889926
3190.223253128248,1671.674290797545,207.36031496063043,205.49787401574966
3188.511487855206,1675.4548145244917,204.36031496063043,203.65464566929296
3187.0800568207137,1679.1148562173544,201.36031496063043,203.65464566929296
3185.54977991397,1682.4945533322873,204.36031496063043,203.65464566929296
3184.27861087825,1685.7448193648804,201.36031496063043,203.65464566929296
3182.929822337805,1688.7236898677997,204.36031496063043,203.65464566929296
3181.773386323934,1691.6805937799725,201.36031496063043,203.65464566929296
3180.463782771667,1694.5729221734798,204.36031496063043,203.65464566929296
3179.307346757796,1697.5298260856525,201.36031496063043,203.65464566929296
3177.997743205529,1700.4221544791599,204.36031496063043,203.65464566929296
3176.841307191658,1703.3790583913326,201.36031496063043,203.65464566929296
3175.531703639391,1706.27138678484,204.36031496063043,203.65464566929296
3174.37526762552,1709.2282906970127,201.36031496063043,203.65464566929296
3173.0656640732527,1712.12061909052,204.36031496063043,203.65464566929296
3171.909228059382,1715.0775230026927,201.36031496063043,203.65464566929296
3170.5996245071146,1717.9698513962,204.36031496063043,203.65464566929296
3169.4431884932437,1720.9267553083728,201.36031496063043,203.65464566929296
3168.1335849409766,1723.8190837018801,204.36031496063043,203.65464566929296
3166.6744033826203,1726.6389089056388,207.36031496063043,205.01799212598587
3165.364799830353,1729.5312372991461,204.36031496063043,206.38133858267878
3163.905618271997,1732.3510625029048,207.36031496063043,207.7446850393717
3162.3008582227762,1735.0906555720348,210.36031496063043,209.1080314960646
3160.554918218441,1737.7425074723606,213.36031496063043,210.4713779527575
3158.9501581692202,1740.4821005414906,210.36031496063043,211.83472440945042
3157.204218164885,1743.1339524418163,213.36031496063043,213.19807086614333
3155.321883705628,1745.6907946316069,216.36031496063043,214.56141732283623
3153.5759437012925,1748.3426465319326,213.36031496063043,215.92476377952914
3151.6936092420356,1750.8994887217232,216.36031496063043,215.92476377952914
3149.9476692377,1753.5513406220489,213.36031496063043,215.92476377952914
3148.0653347784432,1756.1081828118395,216.36031496063043,215.92476377952914
3146.319394774108,1758.7600347121652,213.36031496063043,215.92476377952914
3144.437060314851,1761.3168769019558,216.36031496063043,215.92476377952914
3142.6911203105155,1763.9687288022815,213.36031496063043,215.92476377952914
3140.8087858512586,1766.525570992072,216.36031496063043,215.92476377952914
3139.062845846923,1769.1774228923978,213.36031496063043,215.92476377952914
3137.1805113876662,1771.7342650821884,216.36031496063043,215.92476377952914
3135.434571383331,1774.386116982514,213.36031496063043,215.92476377952914
3133.552236924074,1776.9429591723047,216.36031496063043,215.92476377952914
3131.8062969197385,1779.5948110726304,213.36031496063043,215.92476377952914
3129.9239624604816,1782.151653262421,216.36031496063043,215.92476377952914
3128.178022456146,1784.8035051627467,213.36031496063043,215.92476377952914
3126.2956879968892,1787.3603473525372,216.36031496063043,215.92476377952914
3124.549747992554,1790.012199252863,213.36031496063043,215.92476377952914
3122.5369840589547,1792.7462084605288,216.36031496063043,215.92476377952914
3120.549087014648,1795.7655610966478,213.36031496063043,215.92476377952914
3118.2754641323645,1798.8539043400642,216.36031496063043,215.92476377952914
3116.0456100480874,1802.2407577119764,213.36031496063043,215.92476377952914
3113.511128217119,1805.6834349911433,216.36031496063043,215.92476377952914
3111.039317092871,1809.4377890988485,213.36031496063043,215.92476377952914
3108.2439763132184,1813.234800413766,216.36031496063043,215.92476377952914
3105.5302081489995,1817.3566552572645,213.36031496063043,215.92476377952914
3102.4740084206624,1821.5080006079324,216.36031496063043,215.92476377952914
3099.5182832164724,1825.997356187224,213.36031496063043,215.92476377952914
3096.201224539451,1830.5030355736426,216.36031496063043,215.92476377952914
3093.00354229529,1835.3598918887274,213.36031496063043,215.92476377952914
3089.425624669584,1840.2199053108964,216.36031496063043,215.92476377952914
3085.9859853854523,1845.4442623617745,213.36031496063043,215.92476377952914
3082.2213164669383,1850.5579467413559,216.36031496063043,215.92476377952914
3078.7294364582676,1855.8616505420075,213.36031496063043,215.92476377952914
3074.9647675397537,1860.975334921589,216.36031496063043,215.92476377952914
3071.472887531083,1866.2790387222406,213.36031496063043,215.92476377952914
3067.708218612569,1871.392723101822,216.36031496063043,215.92476377952914
3063.681079480038,1876.3023718068964,219.36031496063043,218.56311023622206
3059.40250824193,1880.994527831629,222.36031496063043,221.20145669291497
3054.884232164608,1885.4563303025036,225.36031496063043,223.8398031496079
3050.138635528739,1889.6755497290837,228.36031496063043,226.4781496063008
3045.1787256848397,1893.6406215241955,231.36031496063043,229.11649606299372
3040.433129048971,1897.8598409507756,228.36031496063043,229.11649606299372
3035.4732192050715,1901.8249127458873,231.36031496063043,229.11649606299372
3030.7276225692026,1906.0441321724675,228.36031496063043,229.11649606299372
3025.767712725303,1910.0092039675792,231.36031496063043,229.11649606299372
3021.0221160894343,1914.2284233941593,228.36031496063043,229.11649606299372
3016.062206245535,1918.193495189271,231.36031496063043,229.11649606299372
3011.316609609666,1922.4127146158512,228.36031496063043,229.11649606299372
3006.3566997657667,1926.377786410963,231.36031496063043,229.11649606299372
3001.611103129898,1930.597005837543,228.36031496063043,229.11649606299372
2996.6511932859985,1934.5620776326548,231.36031496063043,229.11649606299372
2991.9055966501296,1938.781297059235,228.36031496063043,229.11649606299372
2986.9456868062302,1942.7463688543467,231.36031496063043,229.11649606299372
2982.2000901703614,1946.9655882809268,228.36031496063043,229.11649606299372
2977.240180326462,1950.9306600760385,231.36031496063043,229.11649606299372
2972.494583690593,1955.1498795026187,228.36031496063043,229.11649606299372
2967.5346738466937,1959.1149512977304,231.36031496063043,229.11649606299372
2962.3740455628867,1962.815007475192,234.36031496063043,231.75484251968663
2957.0268437625873,1966.239906438209,237.36031496063043,234.39318897637955
2951.8662154787803,1969.9399626156705,234.36031496063043,237.03153543307246
2946.519013678481,1973.3648615786874,237.36031496063043,239.66988188976538
2940.999894670144,1976.5052159172635,240.36031496063043,242.3082283464583
2935.323985975342,1979.3524181384405,243.36031496063043,244.9465748031512
2929.5068448652805,1981.8986642588366,246.36031496063043,247.58492125984412
2923.5644157193974,1984.136975194823,249.36031496063043,250.22326771653704
2917.512986322928,1986.0612158917074,252.36031496063043,252.86161417322995
2911.3691432232185,1987.6661121394923,255.36031496063043,255.49996062992287
2905.1497262671523,1988.947265029117,258.36031496063043,258.1383070866158
2898.8717824442992,1989.901163009563,261.36031496063043,260.77665354330867
2892.5525191623033,1990.5251915127708,264.36031496063043,263.41500000000156
2886.2092570825735,1990.8176401199885,267.36031496063043,266.05334645669444
2879.8593826455563,1990.7777072499116,270.36031496063043,268.6916929133873
2873.520300415709,1990.4055023557614,273.36031496063043,271.3300393700802
2867.2093853767988,1989.7020456252812,276.36031496063043,273.9683858267731
2860.9439353082817,1988.6692651844724,279.36031496063043,276.606732283466
2854.6330202693716,1987.9658084539922,276.36031496063043,279.2450787401589
2848.3675702008545,1986.9330280131833,279.36031496063043,281.88342519685176
2842.164758265862,1985.5737546414466,282.36031496063043,284.52177165354465
2836.041585940756,1983.8917140126118,285.36031496063043,287.16011811023753
2830.0148364152624,1981.8915164831255,288.36031496063043,289.7984645669304
2824.101028590917,1979.578644455384,291.36031496063043,292.4368110236233
2818.3163718039023,1976.9594373508494,294.36031496063043,295.0751574803162
2812.676721396385,1974.0410742341364,297.36031496063043,297.7135039370091
2807.197535258125,1970.8315541356951,300.36031496063043,300.35185039370197
2801.8938314574734,1967.3396741270244,303.36031496063043,302.99019685039485
2796.7801470778923,1963.5750052085102,306.36031496063043,305.62854330708774
2791.8704983728176,1959.5478660759795,309.36031496063043,308.2668897637806
2787.178342348085,1955.2692948378715,312.36031496063043,310.9052362204735
2782.2686936430105,1951.2421557053408,309.36031496063043,310.9052362204735
2777.576537618278,1946.9635844672327,312.36031496063043,310.9052362204735
2772.6668889132034,1942.936445334702,309.36031496063043,310.9052362204735
2767.974732888471,1938.657874096594,312.36031496063043,310.9052362204735
2763.0650841833963,1934.6307349640633,309.36031496063043,310.9052362204735
2758.372928158664,1930.3521637259553,312.36031496063043,310.9052362204735
2753.463279453589,1926.3250245934246,309.36031496063043,310.9052362204735
2748.7711234288568,1922.0464533553165,312.36031496063043,310.9052362204735
2743.861474723782,1918.0193142227859,309.36031496063043,310.9052362204735
2739.1693186990497,1913.7407429846778,312.36031496063043,310.9052362204735
2734.259669993975,1909.7136038521471,309.36031496063043,310.9052362204735
2729.5675139692426,1905.435032614039,312.36031496063043,310.9052362204735
2724.657865264168,1901.4078934815084,309.36031496063043,310.9052362204735
2719.9657092394355,1897.1293222434003,312.36031496063043,310.9052362204735
2715.0560605343608,1893.1021831108696,309.36031496063043,310.9052362204735
2710.3639045096284,1888.8236118727616,312.36031496063043,310.9052362204735
2705.4542558045537,1884.796472740231,309.36031496063043,308.2668897637806
2700.3405714249725,1881.0318038217167,306.36031496063043,305.62854330708774
2695.036867624321,1877.539923813046,303.36031496063043,302.99019685039485
2689.557681486061,1874.3304037146047,300.36031496063043,300.35185039370197
2683.9180310785437,1871.4120405978917,297.36031496063043,297.7135039370091
2678.133374291529,1868.7928334933572,294.36031496063043,295.0751574803162
2672.2195664671835,1866.4799614656156,291.36031496063043,292.4368110236233
2666.19281694169,1864.4797639361293,288.36031496063043,289.7984645669304
2660.2790091173447,1862.1668919083877,291.36031496063043,289.7984645669304
2654.2522595918513,1860.1666943789014,288.36031496063043,289.7984645669304
2648.338451767506,1857.8538223511598,291.36031496063043,289.7984645669304
2642.3117022420124,1855.8536248216735,288.36031496063043,289.7984645669304
2636.397894417667,1853.540752793932,291.36031496063043,289.7984645669304
2630.3711448921736,1851.5405552644456,288.36031496063043,289.7984645669304
2624.457337067828,1849.227683236704,291.36031496063043,289.7984645669304
2618.4305875423347,1847.2274857072177,288.36031496063043,289.7984645669304
2612.5167797179893,1844.9146136794761,291.36031496063043,289.7984645669304
2606.490030192496,1842.9144161499898,288.36031496063043,289.7984645669304
2600.5762223681504,1840.6015441222482,291.36031496063043,289.7984645669304
2594.549472842657,1838.601346592762,288.36031496063043,289.7984645669304
2588.6356650183116,1836.2884745650204,291.36031496063043,289.7984645669304
2582.608915492818,1834.288277035534,288.36031496063043,287.16011811023753
2576.485743167712,1832.6062364066993,285.36031496063043,284.52177165354465
2570.2829312327194,1831.2469630349626,282.36031496063043,281.88342519685176
2564.0174811642023,1830.2141825941537,279.36031496063043,279.2450787401589
2557.7065661252923,1829.5107258636735,276.36031496063043,276.606732283466
2551.367483895445,1829.1385209695234,273.36031496063043,273.9683858267731
2545.0176094584276,1829.0985880994465,270.36031496063043,271.3300393700802
2538.674347378698,1829.3910367066642,267.36031496063043,268.6916929133873
2532.355084096702,1830.0150652098719,264.36031496063043,266.05334645669444
2526.0771402738487,1830.968963190318,261.36031496063043,263.41500000000156
2519.8577233177825,1832.2501160799427,258.36031496063043,260.77665354330867
2513.713880218073,1833.8550123277275,255.36031496063043,258.1383070866158
2507.494463262007,1835.1361652173523,258.36031496063043,255.49996062992287
2501.350620162297,1836.7410614651371,255.36031496063043,252.86161417322995
2495.299190765828,1838.6653021620216,252.36031496063043,250.22326771653704
2489.356761619945,1840.903613098008,249.36031496063043,247.58492125984412
2483.539620509883,1843.449859218404,246.36031496063043,244.9465748031512
2477.8637118150814,1846.297061439581,243.36031496063043,242.3082283464583
2472.3445928067445,1849.4374157781572,240.36031496063043,239.66988188976538
2466.997391006445,1852.862314741174,237.36031496063043,237.03153543307246
2461.836762722638,1856.5623709186357,234.36031496063043,234.39318897637955
2456.8768528787386,1860.5274427137474,231.36031496063043,231.75484251968663
2452.1312562428698,1864.7466621403275,228.36031496063043,229.11649606299372
2447.1713463989704,1868.7117339354393,231.36031496063043,229.11649606299372
2442.4257497631015,1872.9309533620194,228.36031496063043,229.11649606299372
2437.465839919202,1876.8960251571311,231.36031496063043,229.11649606299372
2432.7202432833333,1881.1152445837113,228.36031496063043,229.11649606299372
2427.760333439434,1885.080316378823,231.36031496063043,229.11649606299372
2423.014736803565,1889.2995358054031,228.36031496063043,229.11649606299372
2418.0548269596657,1893.2646076005149,231.36031496063043,229.11649606299372
2413.309230323797,1897.483827027095,228.36031496063043,229.11649606299372
2408.3493204798974,1901.4488988222067,231.36031496063043,229.11649606299372
2403.6037238440285,1905.6681182487869,228.36031496063043,229.11649606299372
2398.643814000129,1909.6331900438986,231.36031496063043,229.11649606299372
2393.8982173642603,1913.8524094704787,228.36031496063043,229.11649606299372
2388.938307520361,1917.8174812655905,231.36031496063043,229.11649606299372
2384.192710884492,1922.0367006921706,228.36031496063043,229.11649606299372
2379.2328010405927,1926.0017724872823,231.36031496063043,229.11649606299372
2374.487204404724,1930.2209919138625,228.36031496063043,229.11649606299372
2369.5272945608244,1934.1860637089742,231.36031496063043,229.11649606299372
2364.7816979249556,1938.4052831355543,228.36031496063043,229.11649606299372
2360.2634218476337,1942.8670856064289,225.36031496063043,226.4781496063008
2355.9848506095254,1947.5592416311615,222.36031496063043,223.8398031496079
2351.9577114769945,1952.468890336236,219.36031496063043,221.20145669291497
2348.1930425584806,1957.5825747158174,216.36031496063043,218.56311023622206
2344.70116254981,1962.886278516469,213.36031496063043,215.92476377952914
2341.4916424513685,1968.365464654729,210.36031496063043,213.28641732283623
2337.999762442698,1973.6691684553807,213.36031496063043,213.28641732283623
2334.7902423442565,1979.1483545936408,210.36031496063043,213.28641732283623
2331.298362335586,1984.4520583942924,213.36031496063043,213.28641732283623
2328.0888422371445,1989.9312445325525,210.36031496063043,213.28641732283623
2324.596962228474,1995.234948333204,213.36031496063043,213.28641732283623
2321.3874421300325,2000.7141344714641,210.36031496063043,213.28641732283623
2317.8955621213618,2006.0178382721158,213.36031496063043,213.28641732283623
2314.6860420229204,2011.4970244103758,210.36031496063043,213.28641732283623
2311.1941620142497,2016.8007282110275,213.36031496063043,213.28641732283623
2307.9846419158084,2022.2799143492875,210.36031496063043,213.28641732283623
2304.4927619071377,2027.5836181499392,213.36031496063043,213.28641732283623
2301.2832418086964,2033.0628042881992,210.36031496063043,213.28641732283623
2297.7913618000257,2038.3665080888509,213.36031496063043,213.28641732283623
2294.5818417015844,2043.845694227111,210.36031496063043,213.28641732283623
2291.0899616929137,2049.1493980277623,213.36031496063043,213.28641732283623
2287.8804415944724,2054.6285841660224,210.36031496063043,213.28641732283623
2284.3885615858017,2059.932287966674,213.36031496063043,213.28641732283623
2281.1790414873603,2065.411474104934,210.36031496063043,213.28641732283623
2277.6871614786896,2070.7151779055853,213.36031496063043,213.28641732283623
2274.4776413802483,2076.1943640438453,210.36031496063043,213.28641732283623
2270.9857613715776,2081.4980678444967,213.36031496063043,213.28641732283623
2267.7762412731363,2086.977253982757,210.36031496063043,213.28641732283623
2264.2843612644656,2092.280957783408,213.36031496063043,213.28641732283623
2261.0748411660243,2097.7601439216683,210.36031496063043,213.28641732283623
2257.5829611573536,2103.0638477223197,213.36031496063043,213.28641732283623
2254.3734410589122,2108.5430338605797,210.36031496063043,213.28641732283623
2250.8815610502415,2113.846737661231,213.36031496063043,215.92476377952914
2247.1168921317276,2118.9604220408123,216.36031496063043,218.56311023622206
2243.0897529991967,2123.870070745887,219.36031496063043,221.20145669291497
2238.8111817610884,2128.5622267706194,222.36031496063043,223.8398031496079
2234.2929056837665,2133.024029241494,225.36031496063043,226.4781496063008
2229.5473090478977,2137.243248668074,228.36031496063043,229.11649606299372
2224.5873992039983,2141.208320463186,231.36031496063043,231.75484251968663
2219.4267709201913,2144.9083766406475,234.36031496063043,234.39318897637955
2214.079569119892,2148.3332756036643,237.36031496063043,237.03153543307246
2208.560450111555,2151.4736299422407,240.36031496063043,239.66988188976538
2203.2132483112555,2154.8985289052575,237.36031496063043,239.66988188976538
2197.6941293029186,2158.038883243834,240.36031496063043,239.66988188976538
2192.346927502619,2161.4637822068507,237.36031496063043,239.66988188976538
2186.827808494282,2164.604136545427,240.36031496063043,239.66988188976538
2181.4806066939827,2168.029035508444,237.36031496063043,239.66988188976538
2175.961487685646,2171.1693898470203,240.36031496063043,239.66988188976538
2170.6142858853464,2174.594288810037,237.36031496063043,239.66988188976538
2165.0951668770094,2177.7346431486135,240.36031496063043,239.66988188976538
2159.4192581822076,2180.5818453697902,243.36031496063043,242.3082283464583
2153.602117072146,2183.1280914901863,246.36031496063043,244.9465748031512
2147.659687926263,2185.366402426173,249.36031496063043,247.58492125984412
2141.6082585297936,2187.2906431230576,252.36031496063043,250.22326771653704
2135.464415430084,2188.8955393708425,255.36031496063043,252.86161417322995
2129.244998474018,2190.176692260467,258.36031496063043,255.49996062992287
2123.1011553743083,2191.781588508252,255.36031496063043,258.1383070866158
2116.881738418242,2193.0627413978764,258.36031496063043,260.77665354330867
2110.603794595389,2194.0166393783225,261.36031496063043,263.41500000000156
2104.284531313393,2194.64066788153,264.36031496063043,266.05334645669444
2097.941269233663,2194.933116488748,267.36031496063043,268.6916929133873
2091.591394796646,2194.893183618671,270.36031496063043,271.3300393700802
2085.2523125667985,2194.5209787245212,273.36031496063043,273.9683858267731
2078.9413975278885,2193.817521994041,276.36031496063043,276.606732283466
2072.6759474593714,2192.784741553232,279.36031496063043,279.2450787401589
2066.473135524379,2191.425468181495,282.36031496063043,281.88342519685176
2060.3499631992727,2189.7434275526603,285.36031496063043,284.52177165354465
2054.3232136737793,2187.743230023174,288.36031496063043,287.16011811023753
2048.200041348673,2186.061189394339,285.36031496063043,287.16011811023753
2042.1732918231794,2184.060991864853,288.36031496063043,287.16011811023753
2036.050119498073,2182.378951236018,285.36031496063043,287.16011811023753
2030.0233699725793,2180.378753706532,288.36031496063043,287.16011811023753
2023.9001976474729,2178.696713077697,285.36031496063043,287.16011811023753
2017.8734481219792,2176.6965155482108,288.36031496063043,287.16011811023753
2011.7502757968728,2175.014474919376,285.36031496063043,287.16011811023753
2005.7235262713791,2173.0142773898897,288.36031496063043,287.16011811023753
1999.8097184470337,2170.7014053621483,291.36031496063043,289.7984645669304
1994.025061660019,2168.0821982576135,294.36031496063043,292.4368110236233
1988.3854112525016,2165.1638351409006,297.36031496063043,295.0751574803162
1982.9062251142416,2161.9543150424593,300.36031496063043,297.7135039370091
1977.2665747067242,2159.0359519257463,297.36031496063043,297.7135039370091
1971.7873885684642,2155.826431827305,300.36031496063043,297.7135039370091
1966.1477381609468,2152.908068710592,297.36031496063043,297.7135039370091
1960.6685520226868,2149.6985486121507,300.36031496063043,297.7135039370091
1955.0289016151694,2146.7801854954378,297.36031496063043,297.7135039370091
1949.5497154769093,2143.5706653969964,300.36031496063043,297.7135039370091
1943.910065069392,2140.6523022802835,297.36031496063043,297.7135039370091
1938.430878931132,2137.442782181842,300.36031496063043,297.7135039370091
1932.7912285236146,2134.524419065129,297.36031496063043,297.7135039370091
1927.3120423853545,2131.314898966688,300.36031496063043,297.7135039370091
1921.6723919778372,2128.396535849975,297.36031496063043,297.7135039370091
1916.193205839577,2125.1870157515336,300.36031496063043,300.35185039370197
1910.8895020389255,2121.695135742863,303.36031496063043,302.99019685039485
1905.775817659344,2117.930466824349,306.36031496063043,305.62854330708774
1900.8661689542696,2113.903327691818,309.36031496063043,308.2668897637806
1896.174012929537,2109.62475645371,312.36031496063043,310.9052362204735
1891.7122104586624,2105.106480376388,315.36031496063043,313.5435826771664
1887.0200544339298,2100.8279091382797,312.36031496063043,313.5435826771664
1882.5582519630552,2096.309633060958,315.36031496063043,313.5435826771664
1877.8660959383226,2092.0310618228496,312.36031496063043,313.5435826771664
1873.404293467448,2087.5127857455277,315.36031496063043,313.5435826771664
1868.7121374427154,2083.2342145074194,312.36031496063043,313.5435826771664
1864.2503349718409,2078.7159384300976,315.36031496063043,313.5435826771664
1859.5581789471082,2074.4373671919893,312.36031496063043,313.5435826771664
1855.0963764762337,2069.9190911146675,315.36031496063043,313.5435826771664
1850.404220451501,2065.640519876559,312.36031496063043,313.5435826771664
1845.9424179806265,2061.1222437992374,315.36031496063043,313.5435826771664
1841.2502619558938,2056.843672561129,312.36031496063043,313.5435826771664
1836.7884594850193,2052.3253964838073,315.36031496063043,313.5435826771664
1832.0963034602867,2048.046825245699,312.36031496063043,313.5435826771664
1827.6345009894121,2043.5285491683774,315.36031496063043,313.5435826771664
1822.9423449646795,2039.2499779302693,312.36031496063043,313.5435826771664
1818.480542493805,2034.7317018529477,315.36031496063043,313.5435826771664
1813.7883864690723,2030.4531306148397,312.36031496063043,313.5435826771664
1809.3265839981977,2025.934854537518,315.36031496063043,313.5435826771664
1804.634427973465,2021.65628329941,312.36031496063043,313.5435826771664
1800.1726255025906,2017.1380072220884,315.36031496063043,313.5435826771664
1795.480469477858,2012.8594359839803,312.36031496063043,313.5435826771664
1791.0186670069834,2008.3411599066587,315.36031496063043,313.5435826771664
1786.3265109822507,2004.0625886685507,312.36031496063043,313.5435826771664
1781.8647085113762,1999.544312591229,315.36031496063043,313.5435826771664
1777.1725524866436,1995.265741353121,312.36031496063043,313.5435826771664
1772.710750015769,1990.7474652757994,315.36031496063043,313.5435826771664
1768.0185939910364,1986.4688940376914,312.36031496063043,313.5435826771664
1763.5567915201618,1981.9506179603698,315.36031496063043,313.5435826771664
1758.8646354954292,1977.6720467222617,312.36031496063043,313.5435826771664
1754.4028330245546,1973.15377064494,315.36031496063043,313.5435826771664
1749.710676999822,1968.875199406832,312.36031496063043,313.5435826771664
1745.2488745289475,1964.3569233295104,315.36031496063043,313.5435826771664
1740.5567185042148,1960.0783520914024,312.36031496063043,313.5435826771664
1736.0949160333403,1955.5600760140808,315.36031496063043,313.5435826771664
1731.4027600086076,1951.2815047759727,312.36031496063043,313.5435826771664
1726.940957537733,1946.7632286986511,315.36031496063043,313.5435826771664
1722.2488015130004,1942.484657460543,312.36031496063043,313.5435826771664
1717.339152807926,1938.4575183280124,309.36031496063043,310.9052362204735
1712.2254684283446,1934.6928494094982,306.36031496063043,308.2668897637806
1706.921764627693,1931.2009694008275,303.36031496063043,305.62854330708774
1701.442578489433,1927.9914493023862,300.36031496063043,302.99019685039485
1695.8029280819155,1925.0730861856732,297.36031496063043,300.35185039370197
1690.3237419436555,1921.863566087232,300.36031496063043,297.7135039370091
1684.684091536138,1918.945202970519,297.36031496063043,295.0751574803162
1678.8994347491234,1916.3259958659844,294.36031496063043,292.4368110236233
1672.985626924778,1914.0131238382428,291.36031496063043,289.7984645669304
1666.9588773992843,1912.0129263087565,288.36031496063043,287.16011811023753
1660.835705074178,1910.3308856799217,285.36031496063043,284.52177165354465
1654.6328931391852,1908.971612308185,282.36031496063043,281.88342519685176
1648.3674430706678,1907.9388318673762,279.36031496063043,279.2450787401589
1642.0565280317578,1907.235375136896,276.36031496063043,276.606732283466
1635.7174458019101,1906.8631702427458,273.36031496063043,273.9683858267731
1629.3675713648927,1906.823237372669,270.36031496063043,271.3300393700802
1623.024309285163,1907.1156859798866,267.36031496063043,268.6916929133873
1616.705046003167,1907.7397144830943,264.36031496063043,266.05334645669444
1610.4271021803138,1908.6936124635404,261.36031496063043,263.41500000000156
1604.2076852242474,1909.9747653531651,258.36031496063043,260.77665354330867
1598.063842124538,1911.57966160095,255.36031496063043,258.1383070866158
1591.8444251684716,1912.8608144905747,258.36031496063043,255.49996062992287
1585.7005820687623,1914.4657107383596,255.36031496063043,252.86161417322995
1579.649152672293,1916.389951435244,252.36031496063043,250.22326771653704
1573.7067235264096,1918.6282623712304,249.36031496063043,247.58492125984412
1567.889582416348,1921.1745084916265,246.36031496063043,244.9465748031512
1562.2136737215465,1924.0217107128035,243.36031496063043,242.3082283464583
1556.6945547132095,1927.1620650513796,240.36031496063043,239.66988188976538
1551.34735291291,1930.5869640143965,237.36031496063043,237.03153543307246
1546.186724629103,1934.2870201918581,234.36031496063043,234.39318897637955
1541.2268147852037,1938.2520919869698,231.36031496063043,231.75484251968663
1536.4812181493348,1942.47131141355,228.36031496063043,229.11649606299372
1531.9629420720132,1946.9331138844245,225.36031496063043,226.4781496063008
1527.6843708339052,1951.6252699091572,222.36031496063043,223.8398031496079
1523.6572317013745,1956.5349186142316,219.36031496063043,221.20145669291497
1519.8925627828603,1961.648602993813,216.36031496063043,218.56311023622206
1515.8654236503296,1966.5582516988875,219.36031496063043,218.56311023622206
1512.1007547318154,1971.671936078469,216.36031496063043,218.56311023622206
1508.0736155992847,1976.5815847835433,219.36031496063043,218.56311023622206
1504.3089466807705,1981.6952691631247,216.36031496063043,218.56311023622206
1500.2818075482398,1986.6049178681992,219.36031496063043,218.56311023622206
1496.5171386297257,1991.7186022477806,216.36031496063043,218.56311023622206
1492.489999497195,1996.628250952855,219.36031496063043,218.56311023622206
1488.7253305786808,2001.7419353324365,216.36031496063043,218.56311023622206
1484.69819144615,2006.651584037511,219.36031496063043,218.56311023622206
1480.933522527636,2011.7652684170923,216.36031496063043,218.56311023622206
1476.9063833951052,2016.6749171221668,219.36031496063043,218.56311023622206
1473.141714476591,2021.7886015017482,216.36031496063043,218.56311023622206
1469.1145753440603,2026.6982502068226,219.36031496063043,218.56311023622206
1465.3499064255461,2031.811934586404,216.36031496063043,218.56311023622206
1461.3227672930154,2036.7215832914785,219.36031496063043,218.56311023622206
1457.5580983745012,2041.83526767106,216.36031496063043,218.56311023622206
1453.5309592419705,2046.7449163761344,219.36031496063043,218.56311023622206
1449.7662903234564,2051.8586007557155,216.36031496063043,218.56311023622206
1445.7391511909257,2056.7682494607902,219.36031496063043,218.56311023622206
1441.9744822724115,2061.8819338403714,216.36031496063043,218.56311023622206
1437.9473431398808,2066.791582545446,219.36031496063043,218.56311023622206
1434.1826742213666,2071.9052669250273,216.36031496063043,218.56311023622206
1430.155535088836,2076.814915630102,219.36031496063043,218.56311023622206
1426.3908661703217,2081.928600009683,216.36031496063043,218.56311023622206
1422.363727037791,2086.838248714758,219.36031496063043,218.56311023622206
1418.5990581192768,2091.951933094339,216.36031496063043,218.56311023622206
1414.5719189867461,2096.8615817994137,219.36031496063043,218.56311023622206
1410.807250068232,2101.975266178995,216.36031496063043,218.56311023622206
1406.7801109357013,2106.8849148840695,219.36031496063043,218.56311023622206
1403.015442017187,2111.9985992636507,216.36031496063043,218.56311023622206
1398.9883028846564,2116.9082479687254,219.36031496063043,218.56311023622206
1395.2236339661422,2122.0219323483066,216.36031496063043,218.56311023622206
1391.1964948336115,2126.9315810533813,219.36031496063043,221.20145669291497
1386.9179235955035,2131.6237370781137,222.36031496063043,223.8398031496079
1382.3996475181818,2136.0855395489884,225.36031496063043,226.4781496063008
1377.654050882313,2140.3047589755683,228.36031496063043,229.11649606299372
1372.6941410384136,2144.26983077068,231.36031496063043,231.75484251968663
1367.5335127546066,2147.9698869481417,234.36031496063043,234.39318897637955
1362.1863109543071,2151.3947859111586,237.36031496063043,237.03153543307246
1356.6671919459702,2154.535140249735,240.36031496063043,239.66988188976538
1350.9912832511686,2157.3823424709117,243.36031496063043,242.3082283464583
1345.4721642428317,2160.522696809488,240.36031496063043,242.3082283464583
1339.79625554803,2163.369899030665,243.36031496063043,242.3082283464583
1334.2771365396932,2166.510253369241,240.36031496063043,242.3082283464583
1328.6012278448916,2169.357455590418,243.36031496063043,242.3082283464583
1323.0821088365547,2172.4978099289942,240.36031496063043,242.3082283464583
1317.406200141753,2175.345012150171,243.36031496063043,242.3082283464583
1311.8870811334161,2178.4853664887473,240.36031496063043,242.3082283464583
1306.2111724386145,2181.332568709924,243.36031496063043,242.3082283464583
1300.6920534302776,2184.4729230485004,240.36031496063043,242.3082283464583
1295.016144735476,2187.320125269677,243.36031496063043,242.3082283464583
1289.497025727139,2190.4604796082535,240.36031496063043,242.3082283464583
1283.8211170323375,2193.3076818294303,243.36031496063043,242.3082283464583
1278.3019980240006,2196.4480361680066,240.36031496063043,242.3082283464583
1272.626089329199,2199.2952383891834,243.36031496063043,242.3082283464583
1266.8089482191374,2201.8414845095795,246.36031496063043,244.9465748031512
1260.866519073254,2204.079795445566,249.36031496063043,247.58492125984412
1254.8150896767847,2206.004036142451,252.36031496063043,250.22326771653704
1248.6712465770754,2207.6089323902356,255.36031496063043,252.86161417322995
1242.451829621009,2208.89008527986,258.36031496063043,255.49996062992287
1236.3079865212997,2210.494981527645,255.36031496063043,258.1383070866158
1230.0885695652332,2211.7761344172695,258.36031496063043,260.77665354330867
1223.8106257423801,2212.7300323977156,261.36031496063043,260.77665354330867
1217.5912087863137,2214.01118528734,258.36031496063043,260.77665354330867
1211.3132649634606,2214.965083267786,261.36031496063043,260.77665354330867
1205.0938480073942,2216.2462361574107,258.36031496063043,260.77665354330867
1198.815904184541,2217.200134137857,261.36031496063043,260.77665354330867
1192.5964872284746,2218.4812870274814,258.36031496063043,260.77665354330867
1186.3185434056215,2219.4351850079274,261.36031496063043,260.77665354330867
1180.0991264495551,2220.716337897552,258.36031496063043,260.77665354330867
1173.821182626702,2221.670235877998,261.36031496063043,260.77665354330867
1167.6017656706356,2222.9513887676226,258.36031496063043,260.77665354330867
1161.3238218477825,2223.9052867480686,261.36031496063043,260.77665354330867
1155.104404891716,2225.186439637693,258.36031496063043,260.77665354330867
1148.826461068863,2226.1403376181393,261.36031496063043,260.77665354330867
1142.6070441127965,2227.421490507764,258.36031496063043,260.77665354330867
1136.3291002899434,2228.37538848821,261.36031496063043,260.77665354330867
1130.109683333877,2229.6565413778344,258.36031496063043,260.77665354330867
1123.831739511024,2230.6104393582805,261.36031496063043,260.77665354330867
1117.6123225549575,2231.891592247905,258.36031496063043,260.77665354330867
1111.3343787321044,2232.845490228351,261.36031496063043,260.77665354330867
1105.114961776038,2234.1266431179756,258.36031496063043,260.77665354330867
1098.8370179531848,2235.0805410984217,261.36031496063043,260.77665354330867
1092.6176009971184,2236.361693988046,258.36031496063043,260.77665354330867
1086.3396571742653,2237.3155919684923,261.36031496063043,260.77665354330867
1080.120240218199,2238.596744858117,258.36031496063043,260.77665354330867
1073.8422963953458,2239.550642838563,261.36031496063043,260.77665354330867
1067.6228794392794,2240.8317957281874,258.36031496063043,260.77665354330867
1061.3449356164263,2241.7856937086335,261.36031496063043,260.77665354330867
1055.1255186603598,2243.066846598258,258.36031496063043,260.77665354330867
1048.8475748375067,2244.020744578704,261.36031496063043,260.77665354330867
1042.5283115555105,2244.644773081912,264.36031496063043,263.41500000000156
1036.185049475781,2244.9372216891297,267.36031496063043,266.05334645669444
1029.8351750387635,2244.897288819053,270.36031496063043,268.6916929133873
1023.4960928089158,2244.525083924903,273.36031496063043,271.3300393700802
1017.1851777700057,2243.8216271944225,276.36031496063043,273.9683858267731
1010.9197277014885,2242.7888467536136,279.36031496063043,276.606732283466
1004.6088126625783,2242.085390023133,276.36031496063043,279.2450787401589
998.3433625940611,2241.0526095823243,279.36031496063043,281.88342519685176
992.1405506590685,2239.6933362105874,282.36031496063043,284.52177165354465
986.017378333962,2238.0112955817526,285.36031496063043,287.16011811023753
979.9906288084685,2236.0110980522663,288.36031496063043,289.7984645669304
974.076820984123,2233.698226024525,291.36031496063043,292.4368110236233
968.2921641971083,2231.07901891999,294.36031496063043,295.0751574803162
962.652513789591,2228.160655803277,297.36031496063043,297.7135039370091
957.1733276513309,2224.951135704836,300.36031496063043,300.35185039370197
951.8696238506793,2221.459255696165,303.36031496063043,302.99019685039485
946.755939471098,2217.6945867776512,306.36031496063043,305.62854330708774
941.8462907660236,2213.6674476451203,309.36031496063043,308.2668897637806
937.154134741291,2209.388876407012,312.36031496063043,310.9052362204735
932.6923322704164,2204.87060032969,315.36031496063043,313.5435826771664
928.4731128438364,2200.1250036938213,318.36031496063043,316.1819291338593
924.5080410487247,2195.165093849922,321.36031496063043,318.82027559055217
920.8079848712632,2190.004465566115,324.36031496063043,321.45862204724506
916.8429130761516,2185.0445557222156,321.36031496063043,324.09696850393794
913.1428568986901,2179.8839274384086,324.36031496063043,326.73531496063083
909.7179579356733,2174.536725638109,327.36031496063043,326.73531496063083
906.0179017582118,2169.376097354302,324.36031496063043,326.73531496063083
902.593002795195,2164.0288955540027,327.36031496063043,326.73531496063083
898.8929466177335,2158.8682672701957,324.36031496063043,326.73531496063083
895.4680476547168,2153.5210654698963,327.36031496063043,329.3736614173237
892.3276933161405,2148.0019464615593,330.36031496063043,332.0120078740166
889.4804910949636,2142.3260377667575,333.36031496063043,334.6503543307095
886.9342449745675,2136.508896656696,336.36031496063043,337.2887007874024
884.695934038581,2130.566467510813,339.36031496063043,339.92704724409526
882.7716933416964,2124.5150381143435,342.36031496063043,342.56539370078815
881.1667970939117,2118.371195014634,345.36031496063043,345.20374015748104
879.8856442042869,2112.1517780585677,348.36031496063043,347.8420866141739
878.2807479565022,2106.007934958858,345.36031496063043,347.8420866141739
876.9995950668774,2099.788518002792,348.36031496063043,347.8420866141739
875.3946988190927,2093.6446749030824,345.36031496063043,347.8420866141739
874.1135459294679,2087.4252579470162,348.36031496063043,347.8420866141739
872.5086496816832,2081.2814148473067,345.36031496063043,347.8420866141739
871.2274967920584,2075.0619978912405,348.36031496063043,347.8420866141739
869.6226005442737,2068.918154791531,345.36031496063043,347.8420866141739
868.341447654649,2062.6987378354647,348.36031496063043,347.8420866141739
866.7365514068642,2056.554894735755,345.36031496063043,347.8420866141739
865.4553985172395,2050.335477779689,348.36031496063043,347.8420866141739
863.8505022694548,2044.1916346799796,345.36031496063043,347.8420866141739
862.56934937983,2037.9722177239132,348.36031496063043,347.8420866141739
860.9644531320453,2031.828374624204,345.36031496063043,347.8420866141739
859.6833002424205,2025.6089576681375,348.36031496063043,347.8420866141739
858.0784039946358,2019.4651145684281,345.36031496063043,347.8420866141739
856.797251105011,2013.2456976123617,348.36031496063043,347.8420866141739
855.8433531245648,2006.9677537895086,351.36031496063043,350.4804330708668
855.219324621357,2000.6484905075124,354.36031496063043,353.1187795275597
854.9268760141392,1994.3052284277828,357.36031496063043,355.7571259842526
854.966808884216,1987.9553539907654,360.36031496063043,358.39547244094547
854.6743602769982,1981.6120919110358,357.36031496063043,358.39547244094547
854.714293147075,1975.2622174740184,360.36031496063043,358.39547244094547
854.4218445398571,1968.9189553942888,357.36031496063043,358.39547244094547
854.4617774099339,1962.5690809572714,360.36031496063043,358.39547244094547
854.1693288027161,1956.2258188775418,357.36031496063043,358.39547244094547
854.2092616727929,1949.8759444405243,360.36031496063043,358.39547244094547
853.9168130655751,1943.5326823607948,357.36031496063043,358.39547244094547
853.9567459356518,1937.1828079237773,360.36031496063043,358.39547244094547
853.664297328434,1930.8395458440477,357.36031496063043,358.39547244094547
853.7042301985108,1924.4896714070303,360.36031496063043,358.39547244094547
853.411781591293,1918.1464093273007,357.36031496063043,358.39547244094547
853.4517144613698,1911.7965348902833,360.36031496063043,358.39547244094547
853.159265854152,1905.4532728105537,357.36031496063043,358.39547244094547
853.1991987242287,1899.1033983735363,360.36031496063043,358.39547244094547
852.9067501170109,1892.7601362938067,357.36031496063043,358.39547244094547
852.9466829870877,1886.4102618567892,360.36031496063043,358.39547244094547
852.6542343798699,1880.0669997770597,357.36031496063043,358.39547244094547
852.6941672499466,1873.7171253400422,360.36031496063043,358.39547244094547
852.4017186427288,1867.3738632603126,357.36031496063043,358.39547244094547
852.4416515128056,1861.0239888232952,360.36031496063043,358.39547244094547
852.1492029055878,1854.6807267435656,357.36031496063043,358.39547244094547
852.1891357756646,1848.3308523065482,360.36031496063043,358.39547244094547
851.8966871684468,1841.9875902268186,357.36031496063043,358.39547244094547
851.9366200385235,1835.6377157898012,360.36031496063043,358.39547244094547
851.6441714313057,1829.2944537100716,357.36031496063043,358.39547244094547
851.6841043013825,1822.9445792730542,360.36031496063043,358.39547244094547
851.3916556941647,1816.6013171933246,357.36031496063043,358.39547244094547
851.4315885642415,1810.2514427563071,360.36031496063043,358.39547244094547
851.1391399570236,1803.9081806765776,357.36031496063043,358.39547244094547
851.1790728271004,1797.5583062395601,360.36031496063043,358.39547244094547
850.8866242198826,1791.2150441598305,357.36031496063043,358.39547244094547
850.9265570899594,1784.865169722813,360.36031496063043,358.39547244094547
850.6341084827416,1778.5219076430835,357.36031496063043,358.39547244094547
850.6740413528183,1772.172033206066,360.36031496063043,358.39547244094547
850.3815927456005,1765.8287711263365,357.36031496063043,358.39547244094547
850.4215256156773,1759.478896689319,360.36031496063043,358.39547244094547
850.1290770084595,1753.1356346095895,357.36031496063043,358.39547244094547
850.1690098785363,1746.785760172572,360.36031496063043,358.39547244094547
849.8765612713185,1740.4424980928425,357.36031496063043,358.39547244094547
849.9164941413952,1734.092623655825,360.36031496063043,358.39547244094547
849.6240455341774,1727.7493615760955,357.36031496063043,358.39547244094547
849.6639784042542,1721.399487139078,360.36031496063043,358.39547244094547
849.3715297970364,1715.0562250593484,357.36031496063043,358.39547244094547
849.4114626671131,1708.706350622331,360.36031496063043,358.39547244094547
849.1190140598953,1702.3630885426014,357.36031496063043,358.39547244094547
849.1589469299721,1696.013214105584,360.36031496063043,358.39547244094547
848.8664983227543,1689.6699520258544,357.36031496063043,358.39547244094547
848.9064311928311,1683.320077588837,360.36031496063043,358.39547244094547
848.6139825856133,1676.9768155091074,357.36031496063043,358.39547244094547
848.65391545569,1670.62694107209,360.36031496063043,358.39547244094547
848.3614668484722,1664.2836789923604,357.36031496063043,358.39547244094547
848.401399718549,1657.933804555343,360.36031496063043,358.39547244094547
848.1089511113312,1651.5905424756133,357.36031496063043,358.39547244094547
848.148883981408,1645.240668038596,360.36031496063043,358.39547244094547
847.8564353741901,1638.8974059588663,357.36031496063043,358.39547244094547
847.8963682442669,1632.547531521849,360.36031496063043,361.03381889763835
848.268573138417,1626.2084492920012,363.36031496063043,363.67216535433124
848.9720298688972,1619.8975342530912,366.36031496063043,366.3105118110241
849.3442347630472,1613.5584520232435,363.36031496063043,366.3105118110241
850.0476914935274,1607.2475369843335,366.36031496063043,366.3105118110241
850.4198963876775,1600.9084547544858,363.36031496063043,366.3105118110241
851.1233531181576,1594.5975397155757,366.36031496063043,366.3105118110241
851.4955580123077,1588.258457485728,363.36031496063043,366.3105118110241
852.1990147427879,1581.947542446818,366.36031496063043,366.3105118110241
852.5712196369379,1575.6084602169703,363.36031496063043,366.3105118110241
853.2746763674181,1569.2975451780603,366.36031496063043,366.3105118110241
853.6468812615682,1562.9584629482126,363.36031496063043,366.3105118110241
854.3503379920484,1556.6475479093026,366.36031496063043,366.3105118110241
854.7225428861984,1550.308465679455,363.36031496063043,366.3105118110241
855.4259996166786,1543.997550640545,366.36031496063043,366.3105118110241
855.7982045108287,1537.6584684106972,363.36031496063043,366.3105118110241
856.5016612413089,1531.3475533717872,366.36031496063043,366.3105118110241
856.8738661354589,1525.0084711419395,363.36031496063043,366.3105118110241
857.5773228659391,1518.6975561030295,366.36031496063043,366.3105118110241
857.9495277600892,1512.3584738731818,363.36031496063043,366.3105118110241
858.6529844905693,1506.0475588342717,366.36031496063043,366.3105118110241
859.0251893847194,1499.708476604424,363.36031496063043,366.3105118110241
859.7286461151996,1493.397561565514,366.36031496063043,366.3105118110241
860.1008510093496,1487.0584793356663,363.36031496063043,366.3105118110241
860.8043077398298,1480.7475642967563,366.36031496063043,366.3105118110241
861.1765126339799,1474.4084820669086,363.36031496063043,366.3105118110241
861.8799693644601,1468.0975670279986,366.36031496063043,366.3105118110241
862.2521742586101,1461.758484798151,363.36031496063043,366.3105118110241
862.9556309890903,1455.4475697592409,366.36031496063043,366.3105118110241
863.3278358832404,1449.1084875293932,363.36031496063043,366.3105118110241
864.0312926137206,1442.7975724904832,366.36031496063043,366.3105118110241
864.4034975078706,1436.4584902606355,363.36031496063043,366.3105118110241
865.1069542383508,1430.1475752217254,366.36031496063043,366.3105118110241
865.4791591325009,1423.8084929918778,363.36031496063043,366.3105118110241
866.182615862981,1417.4975779529677,366.36031496063043,366.3105118110241
866.5548207571311,1411.15849572312,363.36031496063043,366.3105118110241
867.2582774876113,1404.84758068421,366.36031496063043,366.3105118110241
867.6304823817613,1398.5084984543623,363.36031496063043,366.3105118110241
868.3339391122415,1392.1975834154523,366.36031496063043,363.67216535433124
868.7061440063916,1385.8585011856046,363.36031496063043,361.03381889763835
868.7460768764684,1379.5086267485872,360.36031496063043,358.39547244094547
868.4536282692505,1373.1653646688576,357.36031496063043,355.7571259842526
867.8295997660427,1366.8461013868614,354.36031496063043,353.1187795275597
866.8757017855966,1360.5681575640083,351.36031496063043,353.1187795275597
866.2516732823888,1354.248894282012,354.36031496063043,353.1187795275597
865.2977753019426,1347.970950459159,351.36031496063043,353.1187795275597
864.6737467987348,1341.6516871771628,354.36031496063043,353.1187795275597
863.7198488182886,1335.3737433543097,351.36031496063043,353.1187795275597
863.0958203150808,1329.0544800723135,354.36031496063043,353.1187795275597
862.1419223346346,1322.7765362494604,351.36031496063043,353.1187795275597
861.5178938314268,1316.4572729674642,354.36031496063043,353.1187795275597
860.5639958509806,1310.179329144611,351.36031496063043,353.1187795275597
859.9399673477728,1303.8600658626149,354.36031496063043,353.1187795275597
858.9860693673266,1297.5821220397618,351.36031496063043,353.1187795275597
858.3620408641189,1291.2628587577656,354.36031496063043,353.1187795275597
857.4081428836727,1284.9849149349125,351.36031496063043,353.1187795275597
856.7841143804649,1278.6656516529163,354.36031496063043,353.1187795275597
855.8302164000187,1272.3877078300632,351.36031496063043,353.1187795275597
855.2061878968109,1266.068444548067,354.36031496063043,353.1187795275597
854.2522899163647,1259.7905007252139,351.36031496063043,353.1187795275597
853.6282614131569,1253.4712374432177,354.36031496063043,353.1187795275597
852.6743634327107,1247.1932936203646,351.36031496063043,353.1187795275597
852.0503349295029,1240.8740303383684,354.36031496063043,355.7571259842526
851.7578863222851,1234.5307682586388,357.36031496063043,358.39547244094547
851.7978191923619,1228.1808938216213,360.36031496063043,361.03381889763835
852.170024086512,1221.8418115917736,363.36031496063043,363.67216535433124
852.8734808169921,1215.5308965528636,366.36031496063043,363.67216535433124
853.2456857111422,1209.191814323016,363.36031496063043,363.67216535433124
853.9491424416224,1202.880899284106,366.36031496063043,363.67216535433124
854.3213473357724,1196.5418170542582,363.36031496063043,363.67216535433124
855.0248040662526,1190.2309020153482,366.36031496063043,363.67216535433124
855.3970089604027,1183.8918197855005,363.36031496063043,363.67216535433124
856.1004656908829,1177.5809047465905,366.36031496063043,363.67216535433124
856.4726705850329,1171.2418225167428,363.36031496063043,363.67216535433124
857.1761273155131,1164.9309074778328,366.36031496063043,363.67216535433124
857.5483322096632,1158.591825247985,363.36031496063043,363.67216535433124
858.2517889401433,1152.280910209075,366.36031496063043,363.67216535433124
858.6239938342934,1145.9418279792274,363.36031496063043,363.67216535433124
859.3274505647736,1139.6309129403173,366.36031496063043,363.67216535433124
859.6996554589236,1133.2918307104696,363.36031496063043,363.67216535433124
860.4031121894038,1126.9809156715596,366.36031496063043,363.67216535433124
860.7753170835539,1120.641833441712,363.36031496063043,363.67216535433124
861.4787738140341,1114.330918402802,366.36031496063043,363.67216535433124
861.8509787081841,1107.9918361729542,363.36031496063043,363.67216535433124
862.5544354386643,1101.6809211340442,366.36031496063043,363.67216535433124
862.9266403328144,1095.3418389041965,363.36031496063043,363.67216535433124
863.6300970632946,1089.0309238652865,366.36031496063043,363.67216535433124
864.0023019574446,1082.6918416354388,363.36031496063043,363.67216535433124
864.7057586879248,1076.3809265965288,366.36031496063043,363.67216535433124
865.0779635820749,1070.041844366681,363.36031496063043,363.67216535433124
865.781420312555,1063.730929327771,366.36031496063043,363.67216535433124
866.1536252067051,1057.3918470979233,363.36031496063043,363.67216535433124
866.8570819371853,1051.0809320590133,366.36031496063043,363.67216535433124
867.2292868313353,1044.7418498291656,363.36031496063043,363.67216535433124
867.9327435618155,1038.4309347902556,366.36031496063043,363.67216535433124
868.3049484559656,1032.091852560408,363.36031496063043,363.67216535433124
869.0084051864458,1025.780937521498,366.36031496063043,363.67216535433124
869.3806100805958,1019.4418552916502,363.36031496063043,363.67216535433124
870.084066811076,1013.1309402527401,366.36031496063043,363.67216535433124
870.4562717052261,1006.7918580228924,363.36031496063043,363.67216535433124
871.1597284357063,1000.4809429839822,366.36031496063043,363.67216535433124
871.5319333298563,994.1418607541345,363.36031496063043,363.67216535433124
872.2353900603365,987.8309457152244,366.36031496063043,363.67216535433124
872.6075949544866,981.4918634853767,363.36031496063043,363.67216535433124
873.3110516849667,975.1809484464666,366.36031496063043,363.67216535433124
873.6832565791168,968.8418662166189,363.36031496063043,363.67216535433124
874.386713309597,962.5309511777087,366.36031496063043,363.67216535433124
874.758918203747,956.191868947861,363.36031496063043,363.67216535433124
875.4623749342272,949.8809539089509,366.36031496063043,363.67216535433124
875.8345798283773,943.5418716791032,363.36031496063043,363.67216535433124
876.5380365588575,937.2309566401931,366.36031496063043,363.67216535433124
876.9102414530075,930.8918744103454,363.36031496063043,363.67216535433124
877.6136981834877,924.5809593714353,366.36031496063043,363.67216535433124
877.9859030776378,918.2418771415876,363.36031496063043,363.67216535433124
878.689359808118,911.9309621026774,366.36031496063043,363.67216535433124
879.061564702268,905.5918798728297,363.36031496063043,363.67216535433124
879.7650214327482,899.2809648339196,366.36031496063043,363.67216535433124
880.1372263268983,892.9418826040719,363.36031496063043,363.67216535433124
880.8406830573784,886.6309675651618,366.36031496063043,366.3105118110241
881.7090992275553,880.3406294696874,367.86031496063043,368.948858267717
882.741879668364,874.0751794011702,369.36031496063043,371.5872047244099
883.9383165636792,867.8389113861208,370.86031496063043,374.2255511811028
885.297589935416,861.6360994511282,372.36031496063043,376.8638976377957
886.8187682055027,855.4709946936551,373.86031496063043,379.50224409448856
888.5008088343375,849.3478223685487,375.36031496063043,382.14059055118145
890.3425590352931,843.2707789922612,376.86031496063043,384.77893700787433
892.3427565647794,837.2440294667676,378.36031496063043,387.4172834645672
894.5000305873217,831.27170422515,379.86031496063043,390.0556299212601
896.8129026150633,825.3578964008044,381.36031496063043,392.693976377953
899.2797875210468,819.5066590222125,382.86031496063043,395.3323228346459
901.8989946255814,813.7220022351978,384.36031496063043,397.97066929133877
904.7646881510855,807.8099213309912,385.86031496063043,400.60901574803165
907.8852685546257,801.7794919975987,387.36031496063043,403.33570866141747
911.2567596487535,795.6620355978998,388.86031496063043,406.1507480314962
914.7872317570389,789.6349308458136,390.36031496063043,409.04409448818916
918.4742652702497,783.7023084178767,391.86031496063043,411.9374409448821
922.3153332797875,777.86823423716,393.36031496063043,414.83078740157504
926.3078033095042,772.1367066866884,394.86031496063043,417.724133858268
930.4489391198697,766.511653869149,396.36031496063043,420.6174803149609
934.735902583254,760.9969309147651,397.86031496063043,423.51082677165385
939.1657556290378,755.5963173391832,399.36031496063043,426.4041732283468
943.7354622572196,750.3135144531813,400.86031496063043,429.29751968503973
948.4418906191386,745.1521428259754,402.36031496063043,432.19086614173267
953.2818151638866,740.1157398038628,403.86031496063043,435.0842125984256
958.2519188489404,735.2077570859007,405.36031496063043,437.97755905511855
963.3487954134964,730.4315583582849,406.86031496063043,440.8709055118115
968.5689517129521,725.7904169890468,408.36031496063043,443.7642519685044
973.9088101129323,721.2875137846507,409.86031496063043,446.65759842519736
979.4770141676314,717.0702482481647,412.86031496063043,449.5509448818903
985.2583018167765,713.1501796112857,415.86031496063043,452.44429133858324
991.2368269527736,709.5380525096667,418.86031496063043,455.3376377952762
997.3962028537873,706.2437675326174,421.86031496063043,458.2309842519691
1003.7195470986056,703.276354086277,424.86031496063043,461.12433070866206
1010.189527840184,700.6439456446395,427.86031496063043,464.017677165355
1016.7884113110326,698.353757456267,430.86031496063043,466.91102362204794
1023.4981104302406,696.4120667677947,433.86031496063043,469.8043700787409
1030.3002343789076,694.8241956184346,436.86031496063043,472.6977165354338
1037.1761390081003,693.5944962526354,439.86031496063043,475.59106299212675
1044.1069779411682,692.7263391908834,442.86031496063043,478.4844094488197
1051.0737542303525,692.2221039913401,445.86031496063043,481.37775590551263
1058.0573724260994,692.0831727276384,448.86031496063043,481.37775590551263
1065.0386909163594,692.309926200715,451.86031496063043,481.37775590551263
1071.9985743924165,692.901742895062,454.86031496063043,481.37775590551263
1078.9179462974382,693.8570006822565,457.86031496063043,481.37775590551263
1085.7778411139925,695.1730812671032,460.86031496063043,481.37775590551263
1092.5594563472127,696.8463773641985,463.86031496063043,481.37775590551263
1099.244204061129,698.8723025852497,466.86031496063043,481.37775590551263
1105.8137618269086,701.2453040100463,469.86031496063043,481.37775590551263
1111.6649992055004,703.7121889160298,472.86031496063043,481.37775590551263
1117.3791108861262,706.4819231453984,475.86031496063043,481.37775590551263
1122.9404348858525,709.5469150491509,478.86031496063043,481.37775590551263
1128.3337280021588,712.8987636975244,481.86031496063043,481.37775590551263
1133.895052001885,715.963755601277,478.86031496063043,481.37775590551263
1139.2883451181913,719.3156042496504,481.86031496063043,481.37775590551263
1144.8496691179175,722.380596153403,478.86031496063043,481.37775590551263
1150.2429622342238,725.7324448017764,481.86031496063043,481.37775590551263
1155.80428623395,728.797436705529,478.86031496063043,481.37775590551263
1161.1975793502563,732.1492853539024,481.86031496063043,481.37775590551263
1166.7589033499826,735.214277257655,478.86031496063043,481.37775590551263
1172.1521964662888,738.5661259060284,481.86031496063043,481.37775590551263
1177.713520466015,741.631117809781,478.86031496063043,481.37775590551263
1183.1068135823214,744.9829664581545,481.86031496063043,481.37775590551263
1188.6681375820476,748.047958361907,478.86031496063043,481.37775590551263
1194.061430698354,751.3998070102805,481.86031496063043,481.37775590551263
1199.6227546980801,754.464798914033,478.86031496063043,481.37775590551263
1205.0160478143864,757.8166475624065,481.86031496063043,481.37775590551263
1210.5773718141127,760.8816394661591,478.86031496063043,481.37775590551263
1215.970664930419,764.2334881145325,481.86031496063043,481.37775590551263
1221.5319889301452,767.2984800182851,478.86031496063043,481.37775590551263
1226.9252820464515,770.6503286666585,481.86031496063043,481.37775590551263
1232.4866060461777,773.7153205704111,478.86031496063043,481.37775590551263
1237.879899162484,777.0671692187846,481.86031496063043,481.37775590551263
1243.4412231622102,780.1321611225371,478.86031496063043,481.37775590551263
1248.8345162785165,783.4840097709106,481.86031496063043,481.37775590551263
1254.3958402782428,786.5490016746631,478.86031496063043,481.37775590551263
1259.789133394549,789.9008503230366,481.86031496063043,481.37775590551263
1265.3504573942753,792.9658422267892,478.86031496063043,481.37775590551263
1270.7437505105815,796.3176908751626,481.86031496063043,481.37775590551263
1276.3050745103078,799.3826827789152,478.86031496063043,481.37775590551263
1281.698367626614,802.7345314272886,481.86031496063043,484.0161023622055
1286.908847217952,806.364049636122,484.86031496063043,486.6544488188984
1291.9222317219374,810.2612891482895,487.86031496063043,489.2927952755913
1296.724779800121,814.4155679011822,490.86031496063043,491.9311417322842
1301.3033280020416,818.8154993054985,493.86031496063043,494.56948818897706
1305.6453268453286,823.449023455095,496.86031496063043,494.56948818897706
1310.223875047249,827.8489548594114,493.86031496063043,494.56948818897706
1314.565873890536,832.4824790090079,496.86031496063043,494.56948818897706
1319.1444220924566,836.8824104133242,493.86031496063043,494.56948818897706
1323.4864209357436,841.5159345629207,496.86031496063043,494.56948818897706
1328.064969137664,845.9158659672371,493.86031496063043,494.56948818897706
1332.406967980951,850.5493901168336,496.86031496063043,494.56948818897706
1336.9855161828716,854.94932152115,493.86031496063043,494.56948818897706
1341.3275150261586,859.5828456707465,496.86031496063043,494.56948818897706
1345.9060632280791,863.9827770750628,493.86031496063043,494.56948818897706
1350.2480620713661,868.6163012246593,496.86031496063043,494.56948818897706
1354.8266102732866,873.0162326289757,493.86031496063043,494.56948818897706
1359.1686091165736,877.6497567785722,496.86031496063043,494.56948818897706
1363.7471573184941,882.0496881828885,493.86031496063043,494.56948818897706
1368.0891561617811,886.683212332485,496.86031496063043,494.56948818897706
1372.6677043637017,891.0831437368014,493.86031496063043,494.56948818897706
1377.0097032069887,895.7166678863979,496.86031496063043,494.56948818897706
1381.5882514089092,900.1165992907142,493.86031496063043,494.56948818897706
1385.9302502521962,904.7501234403107,496.86031496063043,494.56948818897706
1390.5087984541167,909.1500548446271,493.86031496063043,494.56948818897706
1394.8507972974037,913.7835789942236,496.86031496063043,494.56948818897706
1399.4293454993242,918.18351039854,493.86031496063043,494.56948818897706
1403.7713443426112,922.8170345481365,496.86031496063043,494.56948818897706
1408.3498925445317,927.2169659524528,493.86031496063043,494.56948818897706
1412.6918913878187,931.8504901020493,496.86031496063043,494.56948818897706
1417.2704395897392,936.2504215063657,493.86031496063043,494.56948818897706
1421.6124384330262,940.8839456559622,496.86031496063043,494.56948818897706
1426.1909866349467,945.2838770602785,493.86031496063043,494.56948818897706
1430.5329854782337,949.917401209875,496.86031496063043,494.56948818897706
1435.1115336801543,954.3173326141914,493.86031496063043,494.56948818897706
1439.4535325234413,958.9508567637879,496.86031496063043,494.56948818897706
1444.0320807253618,963.3507881681043,493.86031496063043,494.56948818897706
1448.3740795686488,967.9843123177008,496.86031496063043,494.56948818897706
1452.9526277705693,972.3842437220171,493.86031496063043,494.56948818897706
1457.2946266138563,977.0177678716136,496.86031496063043,494.56948818897706
1461.8731748157768,981.41769927593,493.86031496063043,494.56948818897706
1466.2151736590638,986.0512234255265,496.86031496063043,494.56948818897706
1470.7937218609843,990.4511548298428,493.86031496063043,494.56948818897706
1475.1357207042713,995.0846789794393,496.86031496063043,494.56948818897706
1479.7142689061918,999.4846103837557,493.86031496063043,494.56948818897706
1484.0562677494788,1004.1181345333522,496.86031496063043,494.56948818897706
1488.6348159513993,1008.5180659376686,493.86031496063043,494.56948818897706
1492.9768147946863,1013.151590087265,496.86031496063043,494.56948818897706
1497.5553629966068,1017.5515214915814,493.86031496063043,494.56948818897706
1501.8973618398938,1022.1850456411779,496.86031496063043,494.56948818897706
1506.4759100418144,1026.5849770454943,493.86031496063043,494.56948818897706
1510.8179088851014,1031.2185011950908,496.86031496063043,494.56948818897706
1515.3964570870219,1035.6184325994072,493.86031496063043,494.56948818897706
1519.7384559303089,1040.2519567490037,496.86031496063043,494.56948818897706
1524.3170041322294,1044.6518881533202,493.86031496063043,494.56948818897706
1528.6590029755164,1049.2854123029167,496.86031496063043,494.56948818897706
1533.237551177437,1053.6853437072332,493.86031496063043,494.56948818897706
1537.579550020724,1058.3188678568297,496.86031496063043,494.56948818897706
1542.1580982226444,1062.7187992611462,493.86031496063043,494.56948818897706
1546.5000970659314,1067.3523234107427,496.86031496063043,494.56948818897706
1551.078645267852,1071.7522548150591,493.86031496063043,494.56948818897706
1555.420644111139,1076.3857789646556,496.86031496063043,494.56948818897706
1559.9991923130594,1080.785710368972,493.86031496063043,494.56948818897706
1564.3411911563464,1085.4192345185686,496.86031496063043,494.56948818897706
1568.919739358267,1089.819165922885,493.86031496063043,494.56948818897706
1573.261738201554,1094.4526900724816,496.86031496063043,494.56948818897706
1577.8402864034745,1098.852621476798,493.86031496063043,494.56948818897706
1582.1822852467615,1103.4861456263945,496.86031496063043,494.56948818897706
1586.760833448682,1107.886077030711,493.86031496063043,494.56948818897706
1591.102832291969,1112.5196011803075,496.86031496063043,494.56948818897706
1595.6813804938895,1116.919532584624,493.86031496063043,491.9311417322842
1600.4839285720732,1121.0738113375166,490.86031496063043,489.2927952755913
1605.4973130760586,1124.9710508496842,487.86031496063043,486.6544488188984
1610.7077926673965,1128.6005690585175,484.86031496063043,484.0161023622055
1616.1010857837027,1131.952417706891,481.86031496063043,484.0161023622055
1621.3115653750406,1135.5819359157244,484.86031496063043,484.0161023622055
1626.7048584913468,1138.933784564098,481.86031496063043,484.0161023622055
1631.9153380826847,1142.5633027729314,484.86031496063043,484.0161023622055
1637.308631198991,1145.915151421305,481.86031496063043,484.0161023622055
1642.5191107903288,1149.5446696301383,484.86031496063043,484.0161023622055
1647.912403906635,1152.8965182785118,481.86031496063043,484.0161023622055
1653.122883497973,1156.5260364873452,484.86031496063043,484.0161023622055
1658.5161766142792,1159.8778851357188,481.86031496063043,484.0161023622055
1663.726656205617,1163.5074033445521,484.86031496063043,484.0161023622055
1669.1199493219233,1166.8592519929257,481.86031496063043,484.0161023622055
1674.3304289132611,1170.488770201759,484.86031496063043,484.0161023622055
1679.7237220295674,1173.8406188501326,481.86031496063043,484.0161023622055
1684.9342016209052,1177.470137058966,484.86031496063043,484.0161023622055
1690.3274947372115,1180.8219857073395,481.86031496063043,484.0161023622055
1695.5379743285494,1184.451503916173,484.86031496063043,484.0161023622055
1700.9312674448556,1187.8033525645465,481.86031496063043,484.0161023622055
1706.1417470361935,1191.4328707733798,484.86031496063043,484.0161023622055
1711.5350401524997,1194.7847194217534,481.86031496063043,484.0161023622055
1716.7455197438376,1198.4142376305867,484.86031496063043,484.0161023622055
1722.1388128601438,1201.7660862789603,481.86031496063043,484.0161023622055
1727.3492924514817,1205.3956044877937,484.86031496063043,484.0161023622055
1732.742585567788,1208.7474531361672,481.86031496063043,484.0161023622055
1737.9530651591258,1212.3769713450006,484.86031496063043,484.0161023622055
1743.346358275432,1215.7288199933741,481.86031496063043,484.0161023622055
1748.55683786677,1219.3583382022075,484.86031496063043,484.0161023622055
1753.9501309830762,1222.710186850581,481.86031496063043,484.0161023622055
1759.5114549828024,1225.7751787543336,478.86031496063043,481.37775590551263
1765.2255666634283,1228.544912983702,475.86031496063043,478.73940944881974
1770.7868906631545,1231.6099048874546,478.86031496063043,476.10106299212686
1776.5010023437803,1234.379639116823,475.86031496063043,473.46271653543397
1782.3522397223721,1236.8465240228065,472.86031496063043,470.8243700787411
1788.3245649639898,1239.003798045349,469.86031496063043,468.1860236220482
1794.4016083402773,1240.8455482463046,466.86031496063043,468.1860236220482
1800.373933581895,1243.002822268847,469.86031496063043,468.1860236220482
1806.4509769581825,1244.8445724698026,466.86031496063043,468.1860236220482
1812.4233021998002,1247.001846492345,469.86031496063043,468.1860236220482
1818.5003455760877,1248.8435966933007,466.86031496063043,468.1860236220482
1824.4726708177054,1251.0008707158431,469.86031496063043,468.1860236220482
1830.549714193993,1252.8426209167988,466.86031496063043,468.1860236220482
1836.5220394356106,1254.9998949393412,469.86031496063043,468.1860236220482
1842.5990828118981,1256.8416451402968,466.86031496063043,468.1860236220482
1848.5714080535158,1258.9989191628392,469.86031496063043,468.1860236220482
1854.6484514298033,1260.8406693637949,466.86031496063043,468.1860236220482
1860.620776671421,1262.9979433863373,469.86031496063043,468.1860236220482
1866.6978200477085,1264.839693587293,466.86031496063043,468.1860236220482
1872.6701452893262,1266.9969676098353,469.86031496063043,468.1860236220482
1878.7471886656137,1268.838717810791,466.86031496063043,468.1860236220482
1884.7195139072314,1270.9959918333334,469.86031496063043,468.1860236220482
1890.796557283519,1272.837742034289,466.86031496063043,465.5476771653553
1896.961662040992,1274.3589203043757,463.86031496063043,462.9093307086624
1903.1979300560415,1275.555357199691,460.86031496063043,460.27098425196954
1909.4882681515157,1276.4237733698678,457.86031496063043,457.63263779527665
1915.8154349479312,1276.9617885465468,454.86031496063043,454.99429133858376
1922.1620881208949,1277.1679280675257,451.86031496063043,452.3559448818909
1928.5108319352103,1277.041626918706,448.86031496063043,449.717598425198
1934.857485108174,1277.247766439685,451.86031496063043,449.717598425198
1941.2062289224893,1277.1214652908652,448.86031496063043,449.717598425198
1947.552882095453,1277.3276048118441,451.86031496063043,449.717598425198
1953.9016259097684,1277.2013036630244,448.86031496063043,449.717598425198
1960.248279082732,1277.4074431840033,451.86031496063043,449.717598425198
1966.5970228970475,1277.2811420351836,448.86031496063043,449.717598425198
1972.9436760700112,1277.4872815561625,451.86031496063043,449.717598425198
1979.2924198843266,1277.3609804073428,448.86031496063043,449.717598425198
1985.6390730572903,1277.5671199283217,451.86031496063043,449.717598425198
1991.9878168716057,1277.440818779502,448.86031496063043,449.717598425198
1998.3344700445693,1277.646958300481,451.86031496063043,449.717598425198
2004.6832138588848,1277.5206571516612,448.86031496063043,449.717598425198
2011.0298670318484,1277.7267966726401,451.86031496063043,449.717598425198
2017.3786108461638,1277.6004955238204,448.86031496063043,449.717598425198
2023.7252640191275,1277.8066350447993,451.86031496063043,449.717598425198
2030.074007833443,1277.6803338959796,448.86031496063043,449.717598425198
2036.4206610064066,1277.8864734169586,451.86031496063043,449.717598425198
2042.769404820722,1277.7601722681388,448.86031496063043,449.717598425198
2049.116057993686,1277.9663117891178,451.86031496063043,449.717598425198
2055.464801808001,1277.840010640298,448.86031496063043,449.717598425198
2061.8114549809648,1278.046150161277,451.86031496063043,449.717598425198
2068.16019879528,1277.9198490124572,448.86031496063043,449.717598425198
2074.5068519682436,1278.1259885334362,451.86031496063043,449.717598425198
2080.855595782559,1277.9996873846164,448.86031496063043,449.717598425198
2087.2022489555225,1278.2058269055954,451.86031496063043,449.717598425198
2093.5509927698376,1278.0795257567756,448.86031496063043,449.717598425198
2099.8976459428013,1278.2856652777546,451.86031496063043,449.717598425198
2106.2463897571165,1278.1593641289348,448.86031496063043,449.717598425198
2112.59304293008,1278.3655036499138,451.86031496063043,449.717598425198
2118.9417867443954,1278.239202501094,448.86031496063043,449.717598425198
2125.288439917359,1278.445342022073,451.86031496063043,449.717598425198
2131.637183731674,1278.3190408732532,448.86031496063043,449.717598425198
2137.970616721842,1277.8606452373047,445.86031496063043,447.0792519685051
2144.271379388267,1277.071411544803,442.86031496063043,444.4409055118122
2150.522201778442,1275.95350303044,439.86031496063043,441.80255905511933
2156.705950822685,1274.509983803749,436.86031496063043,439.16421259842645
2162.805677294692,1272.7448104505925,433.86031496063043,436.52586614173356
2168.9894263389347,1271.3012912239014,436.86031496063043,433.8875196850407
2175.089152810942,1269.5361178707449,433.86031496063043,433.8875196850407
2181.2729018551845,1268.0925986440539,436.86031496063043,433.8875196850407
2187.3726283271917,1266.3274252908973,433.86031496063043,433.8875196850407
2193.5563773714343,1264.8839060642063,436.86031496063043,433.8875196850407
2199.6561038434415,1263.1187327110497,433.86031496063043,433.8875196850407
2205.839852887684,1261.6752134843587,436.86031496063043,433.8875196850407
2211.9395793596914,1259.910040131202,433.86031496063043,433.8875196850407
2218.123328403934,1258.466520904511,436.86031496063043,433.8875196850407
2224.223054875941,1256.7013475513545,433.86031496063043,433.8875196850407
2230.406803920184,1255.2578283246635,436.86031496063043,433.8875196850407
2236.506530392191,1253.492654971507,433.86031496063043,433.8875196850407
2242.6902794364337,1252.0491357448159,436.86031496063043,433.8875196850407
2248.790005908441,1250.2839623916593,433.86031496063043,433.8875196850407
2254.9737549526835,1248.8404431649683,436.86031496063043,433.8875196850407
2261.0734814246907,1247.0752698118117,433.86031496063043,433.8875196850407
2267.2572304689334,1245.6317505851207,436.86031496063043,433.8875196850407
2273.3569569409406,1243.8665772319641,433.86031496063043,433.8875196850407
2279.540705985183,1242.423058005273,436.86031496063043,433.8875196850407
2285.6404324571904,1240.6578846521165,433.86031496063043,433.8875196850407
2291.824181501433,1239.2143654254255,436.86031496063043,433.8875196850407
2297.9239079734402,1237.449192072269,433.86031496063043,433.8875196850407
2304.107657017683,1236.005672845578,436.86031496063043,433.8875196850407
2310.20738348969,1234.2404994924213,433.86031496063043,433.8875196850407
2316.3911325339327,1232.7969802657303,436.86031496063043,433.8875196850407
2322.49085900594,1231.0318069125738,433.86031496063043,433.8875196850407
2328.6746080501825,1229.5882876858827,436.86031496063043,433.8875196850407
2334.7743345221897,1227.8231143327262,433.86031496063043,433.8875196850407
2340.9580835664324,1226.3795951060351,436.86031496063043,433.8875196850407
2347.0578100384396,1224.6144217528786,433.86031496063043,433.8875196850407
2353.241559082682,1223.1709025261875,436.86031496063043,433.8875196850407
2359.3412855546894,1221.405729173031,433.86031496063043,433.8875196850407
2365.525034598932,1219.96220994634,436.86031496063043,433.8875196850407
2371.6247610709393,1218.1970365931834,433.86031496063043,433.8875196850407
2377.808510115182,1216.7535173664924,436.86031496063043,433.8875196850407
2383.908236587189,1214.9883440133358,433.86031496063043,433.8875196850407
2390.0919856314317,1213.5448247866448,436.86031496063043,433.8875196850407
2396.191712103439,1211.7796514334882,433.86031496063043,431.2491732283478
2402.190697076938,1209.6976621713313,430.86031496063043,428.6108267716549
2408.0724977511,1207.3045635880246,427.86031496063043,425.972480314962
2413.8209925191168,1204.6069150004425,424.86031496063043,423.3341338582691
2419.420425156402,1201.6121104758522,421.86031496063043,420.69578740157624
2424.8554480073085,1198.3283585652896,418.86031496063043,418.05744094488335
2430.1111640519857,1194.7646598044905,415.86031496063043,415.41909448819047
2435.173167738076,1190.9307820440486,412.86031496063043,412.7807480314976
2440.0275844653306,1186.8372336764157,409.86031496063043,412.7807480314976
2445.0895881514207,1183.0033559159738,412.86031496063043,412.7807480314976
2449.9440048786755,1178.909807548341,409.86031496063043,412.7807480314976
2455.0060085647656,1175.075929787899,412.86031496063043,412.7807480314976
2459.8604252920204,1170.9823814202662,409.86031496063043,412.7807480314976
2464.9224289781105,1167.1485036598242,412.86031496063043,410.1424015748047
2469.7768457053653,1163.0549552921914,409.86031496063043,407.5040551181118
2474.522442341234,1158.8357358656112,408.36031496063043,404.8657086614189
2479.1559664908305,1154.4937370223242,406.86031496063043,402.22736220472603
2483.6742425681523,1150.0319345514497,405.36031496063043,399.58901574803315
2488.0741739724685,1145.4533863495292,403.86031496063043,396.95066929134026
2492.352745210577,1140.7612303247965,402.36031496063043,394.3123228346474
2496.5070239634692,1135.9586822466129,400.86031496063043,391.6739763779545
2500.534163096,1131.0490335415384,399.36031496063043,389.0356299212616
2504.4314026081674,1126.035649037553,397.86031496063043,386.3972834645687
2508.1960715266814,1120.9219646579716,396.36031496063043,383.75893700787583
2511.8255897355148,1115.7114850666337,394.86031496063043,381.12059055118294
2515.438448264171,1110.2240308980856,393.36031496063043,378.48224409449006
2519.0225509921165,1104.4570292823817,391.86031496063043,375.75555118110424
2522.553023100402,1098.4299245302955,390.36031496063043,372.9405118110255
2525.92451419453,1092.3124681305967,388.86031496063043,370.04716535433255
2529.134713622914,1086.1088526823278,387.36031496063043,367.1538188976396
2532.1814212752197,1079.8233298336393,385.86031496063043,364.26047244094667
2535.0625490902075,1073.460207367923,384.36031496063043,361.36712598425373
2537.7761224867895,1067.023846251472,382.86031496063043,358.4737795275608
2540.320281717305,1060.5186576446918,381.36031496063043,355.58043307086785
2542.693283142102,1053.9490998789122,379.86031496063043,352.6870866141749
2544.893500424537,1047.3196754008693,378.36031496063043,349.793740157482
2546.919425645588,1040.634927686953,376.86031496063043,346.90039370078904
2548.7696703373063,1033.899438129336,375.36031496063043,344.0070472440961
2550.4429664344016,1027.1178228961157,373.86031496063043,341.11370078740316
2551.938167143312,1020.2947297676238,372.36031496063043,338.2203543307102
2553.2542477281586,1013.4348349510694,370.86031496063043,335.3270078740173
2554.3903062130485,1006.5428398757005,369.36031496063043,332.43366141732434
2555.345564000243,999.6234679706787,367.86031496063043,329.5403149606314
2556.1193664037714,992.6814614278776,366.36031496063043,326.64696850393847
2556.5287917873366,985.7084709750451,363.36031496063043,323.7536220472455
2556.572717944421,978.7236090943259,360.36031496063043,320.8602755905526
2556.2510244764817,971.7460208066233,357.36031496063043,317.96692913385965
2555.5645931229533,964.7948311964276,354.36031496063043,315.0735826771667
2554.5153053444624,957.8890929912891,351.36031496063043,312.1802362204738
2553.106037165875,951.0477343396161,348.36031496063043,309.28688976378083
2551.3406512933116,944.2895069299358,345.36031496063043,306.3935433070879
2549.2239865267384,937.6329345938195,342.36031496063043,303.50019685039496
2546.761844497153,931.096262533348,339.36031496063043,300.606850393702
2543.9609737647174,924.6974073122802,336.36031496063043,297.7135039370091
2540.829051321423,918.4539077479984,333.36031496063043,294.82015748031614
2537.374661548989,912.3828768388279,330.36031496063043,291.9268110236232
2533.6072726896705,906.5009548584984,327.36031496063043,289.03346456693026
2529.537210894463,900.8242637463107,324.36031496063043,286.1401181102373
2525.1756319198403,895.3683629180214,321.36031496063043,283.2467716535444
2520.534490550602,890.1482066185657,318.36031496063043,283.2467716535444
2515.62650783264,885.1781029335119,315.36031496063043,283.2467716535444
2510.465136205434,880.471674571593,312.36031496063043,283.2467716535444
2505.064522629852,876.0418215258092,309.36031496063043,283.2467716535444
2499.4394698123124,871.9006857154436,306.36031496063043,283.2467716535444
2493.6053956315955,868.0596177059058,303.36031496063043,283.2467716535444
2487.5782908795095,864.5291455976204,300.36031496063043,283.2467716535444
2481.3746754312406,861.3189461692363,297.36031496063043,283.2467716535444
2475.0115529655245,858.4378183542482,294.36031496063043,283.2467716535444
2469.097745141179,856.1249463265066,291.36031496063043,283.2467716535444
2463.0709956156857,854.1247487970203,288.36031496063043,283.2467716535444
2456.9478232905794,852.4427081681855,285.36031496063043,283.2467716535444
2450.745011355587,851.0834347964487,282.36031496063043,283.2467716535444
2444.6218390304807,849.401394167614,285.36031496063043,283.2467716535444
2438.419027095488,848.0421207958772,282.36031496063043,283.2467716535444
2432.295854770382,846.3600801670424,285.36031496063043,283.2467716535444
2426.0930428353895,845.0008067953056,282.36031496063043,283.2467716535444
2419.9698705102833,843.3187661664708,285.36031496063043,283.2467716535444
2413.767058575291,841.959492794734,282.36031496063043,283.2467716535444
2407.6438862501846,840.2774521658993,285.36031496063043,283.2467716535444
2401.441074315192,838.9181787941625,282.36031496063043,283.2467716535444
2395.317901990086,837.2361381653277,285.36031496063043,283.2467716535444
2389.1150900550933,835.8768647935909,282.36031496063043,283.2467716535444
2382.991917729987,834.1948241647561,285.36031496063043,283.2467716535444
2376.7891057949946,832.8355507930194,282.36031496063043,283.2467716535444
2370.6659334698884,831.1535101641846,285.36031496063043,283.2467716535444
2364.463121534896,829.7942367924478,282.36031496063043,283.2467716535444
2358.3399492097897,828.112196163613,285.36031496063043,283.2467716535444
2352.137137274797,826.7529227918762,282.36031496063043,283.2467716535444
2346.013964949691,825.0708821630415,285.36031496063043,283.2467716535444
2339.8111530146984,823.7116087913047,282.36031496063043,283.2467716535444
2333.687980689592,822.0295681624699,285.36031496063043,283.2467716535444
2327.4851687545997,820.6702947907331,282.36031496063043,283.2467716535444
2321.3619964294935,818.9882541618983,285.36031496063043,283.2467716535444
2315.159184494501,817.6289807901616,282.36031496063043,283.2467716535444
2309.036012169395,815.9469401613268,285.36031496063043,283.2467716535444
2302.8332002344023,814.58766678959,282.36031496063043,283.2467716535444
2296.710027909296,812.9056261607552,285.36031496063043,283.2467716535444
2290.5072159743036,811.5463527890184,282.36031496063043,283.2467716535444
2284.3840436491973,809.8643121601837,285.36031496063043,283.2467716535444
2278.181231714205,808.5050387884469,282.36031496063043,283.2467716535444
2272.0580593890986,806.8229981596121,285.36031496063043,283.2467716535444
2265.855247454106,805.4637247878753,282.36031496063043,283.2467716535444
2259.732075129,803.7816841590405,285.36031496063043,283.2467716535444
2253.5292631940074,802.4224107873038,282.36031496063043,283.2467716535444
2247.406090868901,800.740370158469,285.36031496063043,283.2467716535444
2241.2032789339087,799.3810967867322,282.36031496063043,283.2467716535444
2235.0801066088025,797.6990561578974,285.36031496063043,283.2467716535444
2228.87729467381,796.3397827861606,282.36031496063043,283.2467716535444
2222.7541223487037,794.6577421573259,285.36031496063043,283.2467716535444
2216.5513104137112,793.2984687855891,282.36031496063043,283.2467716535444
2210.428138088605,791.6164281567543,285.36031496063043,283.2467716535444
2204.2253261536125,790.2571547850175,282.36031496063043,283.2467716535444
2198.1021538285063,788.5751141561827,285.36031496063043,283.2467716535444
2191.899341893514,787.215840784446,282.36031496063043,283.2467716535444
2185.7761695684076,785.5338001556112,285.36031496063043,283.2467716535444
2179.573357633415,784.1745267838744,282.36031496063043,283.2467716535444
2173.450185308309,782.4924861550396,285.36031496063043,283.2467716535444
2167.2473733733163,781.1332127833028,282.36031496063043,283.2467716535444
2161.12420104821,779.451172154468,285.36031496063043,283.2467716535444
2154.9213891132176,778.0918987827313,282.36031496063043,283.2467716535444
2148.7982167881114,776.4098581538965,285.36031496063043,283.2467716535444
2142.595404853119,775.0505847821597,282.36031496063043,283.2467716535444
2136.4722325280127,773.3685441533249,285.36031496063043,283.2467716535444
2130.26942059302,772.0092707815882,282.36031496063043,283.2467716535444
2124.146248267914,770.3272301527534,285.36031496063043,283.2467716535444
2117.9434363329215,768.9679567810166,282.36031496063043,283.2467716535444
2111.8202640078152,767.2859161521818,285.36031496063043,283.2467716535444
2105.6174520728227,765.926642780445,282.36031496063043,283.2467716535444
2099.4942797477165,764.2446021516103,285.36031496063043,283.2467716535444
2093.291467812724,762.8853287798735,282.36031496063043,283.2467716535444
2087.168295487618,761.2032881510387,285.36031496063043,283.2467716535444
2080.9654835526253,759.8440147793019,282.36031496063043,283.2467716535444
2074.842311227519,758.1619741504671,285.36031496063043,283.2467716535444
2068.6394992925266,756.8027007787304,282.36031496063043,283.2467716535444
2062.5163269674204,755.1206601498956,285.36031496063043,283.2467716535444
2056.313515032428,753.7613867781588,282.36031496063043,283.2467716535444
2050.1903427073216,752.079346149324,285.36031496063043,283.2467716535444
2043.987530772329,750.7200727775872,282.36031496063043,283.2467716535444
2037.8643584472225,749.0380321487524,285.36031496063043,285.8851181102373
2031.8376089217288,747.0378346192662,288.36031496063043,288.52346456693016
2025.9238010973834,744.7249625915246,291.36031496063043,291.16181102362305
2020.0725637187916,742.258077685541,292.86031496063043,293.80015748031593
2014.287906931777,739.6388705810065,294.36031496063043,296.4385039370088
2008.573795251151,736.869136351638,295.86031496063043,299.0768503937017
2002.9341448436337,733.9507732349251,297.36031496063043,301.7151968503946
1997.3728208439074,730.8857813311726,298.86031496063043,304.3535433070875
1991.8936347056474,727.6762612327313,300.36031496063043,306.99188976378036
1986.5003415893411,724.3244125843579,301.86031496063043,309.63023622047325
1981.1966377886895,720.8325325756872,303.36031496063043,312.26858267716614
1975.9861581973516,717.2030143668538,304.86031496063043,314.906929133859
1970.8724738177702,713.4383454483398,306.36031496063043,317.5452755905519
1965.8590893137848,709.5411059361722,307.86031496063043,320.1836220472448
1960.9494406087103,705.5139668036416,309.36031496063043,322.8219685039377
1956.1468925305267,701.3596880507489,310.86031496063043,325.46031496063057
1951.2921736198978,696.9328828484859,312.36031496063043,328.09866141732346
1946.3963716843007,692.2280743074924,313.86031496063043,330.8253543307093
1941.4883889663386,687.2579706224386,315.36031496063043,333.640393700788
1936.7121902387228,682.1610940578826,316.86031496063043,336.53374015748096
1932.0710488694847,676.9409377584269,318.36031496063043,339.4270866141739
1927.7099693880616,671.7692638749814,319.86031496063043,342.32043307086684
1923.6231355456985,666.6570418390253,321.36031496063043,345.12543307086685
1919.8043517921874,661.6149673013057,322.86031496063043,347.8420866141739
1916.2470536877145,656.6534498725432,324.36031496063043,350.4703937007881
1912.9443186944384,651.7826012232636,325.86031496063043,353.0103543307094
1909.8888773360934,647.0122235541775,327.36031496063043,355.4619685039377
1907.0731247135716,642.351798448164,328.86031496063043,357.8252362204732
1904.4891323641132,637.8104761145324,330.36031496063043,360.1001574803157
1902.1286604514244,633.3970650358534,331.86031496063043,362.2867322834653
1899.9831702737342,629.1200220272509,333.36031496063043,364.38496062992203
1898.0438370765196,624.9874427176452,334.86031496063043,366.3948425196858
1896.301563156343,621.0070524620204,336.36031496063043,368.3163779527567
1894.7469912419901,617.1861976933717,337.86031496063043,370.1495669291346
1893.2154225779175,613.1200788526058,339.36031496063043,371.89440944881966
1891.718685415438,608.8074227259882,340.86031496063043,373.7275984251976
1890.268686717077,604.2474086059716,342.36031496063043,375.64913385826844
1888.8773965387227,599.4396714418148,343.86031496063043,377.65901574803223
1887.5568323033408,594.3843044818177,345.36031496063043,379.75724409448895
1886.319042982186,589.0818614037229,346.86031496063043,381.94381889763855
1885.1760931995523,583.5333579303187,348.36031496063043,384.2187401574811
1884.1400472771859,577.7402729277705,349.86031496063043,386.58200787401654
1883.38126433345,571.6826105531993,352.86031496063043,389.0336220472449
1882.9246734047297,565.3741123385836,355.86031496063043,391.57358267716614
1882.7944937166942,558.8304071000491,358.86031496063043,394.20188976378034
1883.0141053480993,552.0689726567264,361.86031496063043,396.9185433070874
1883.605922042446,545.1090891806693,364.86031496063043,399.7235433070874
1884.5611798296407,538.1897172756476,367.86031496063043,402.61688976378036
1885.8772604144872,531.3298224590932,370.86031496063043,405.5102362204733
1887.5505565115825,524.5482072258728,373.86031496063043,408.40358267716624
1889.5764817326337,517.8634595119565,376.86031496063043,411.2969291338592
1891.9494831574302,511.2939017461771,379.86031496063043,414.1902755905521
1894.6630565540122,504.85754062972603,382.86031496063043,417.08362204724506
1897.7097642063175,498.57201778103763,385.86031496063043,419.976968503938
1901.0812553004453,492.45456138133875,388.86031496063043,422.87031496063094
1904.65216177387,486.70879320310064,391.86031496063043,425.7636614173239
1908.3931376284863,481.33830675817063,394.86031496063043,428.5686614173239
1912.2750336780075,476.3446599884529,397.86031496063043,431.28531496063096
1916.2690292349223,471.72740707234095,400.86031496063043,433.91362204724516
1920.3467609379777,467.4841383844193,403.86031496063043,436.4535826771664
1924.4804482304917,463.6105283927309,406.86031496063043,438.90519685039476
1928.6430150147282,460.1003912491465,409.86031496063043,441.2684645669302
1932.8082070241487,456.94574380059396,412.86031496063043,443.54338582677275
1936.9507044735362,454.13687572220033,415.86031496063043,445.72996062992235
1941.0462295666996,451.6624264478629,418.86031496063043,447.82818897637907
1945.0716484626375,449.50946854947637,421.86031496063043,449.83807086614286
1949.0050673235876,447.6635971930914,424.86031496063043,451.7596062992137
1952.8259220922362,446.10902527873856,427.86031496063043,451.7596062992137
1956.515061670427,444.8286838505933,430.86031496063043,451.7596062992137
1960.0548241978831,443.80432734565125,433.86031496063043,451.7596062992137
1963.4291061566707,443.0166432321891,436.86031496063043,451.7596062992137
1966.6234240552722,442.4453655740619,439.86031496063043,451.7596062992137
1969.7738053884848,442.05074872781097,442.86031496063043,451.7596062992137
1972.9405218835686,441.82155090983673,445.86031496063043,451.7596062992137
1976.1148937907262,441.75840033542687,448.86031496063043,451.7596062992137
1979.288220377208,441.8614700959163,451.86031496063043,451.7596062992137
1982.4625922843657,441.7983195215064,448.86031496063043,451.7596062992137
1985.6359188708475,441.9013892819958,451.86031496063043,451.7596062992137
1988.810290778005,441.83823870758596,448.86031496063043,451.7596062992137
1991.983617364487,441.94130846807536,451.86031496063043,451.7596062992137
1995.1579892716445,441.8781578936655,448.86031496063043,451.7596062992137
1998.3313158581263,441.9812276541549,451.86031496063043,451.7596062992137
2001.505687765284,441.91807707974505,448.86031496063043,451.7596062992137
2004.6790143517658,442.02114684023445,451.86031496063043,451.7596062992137
2007.8533862589234,441.9579962658246,448.86031496063043,451.7596062992137
2011.0267128454052,442.061066026314,451.86031496063043,451.7596062992137
2014.2010847525628,441.99791545190413,448.86031496063043,451.7596062992137
2017.3744113390446,442.10098521239354,451.86031496063043,451.7596062992137
2020.5487832462022,442.0378346379837,448.86031496063043,451.7596062992137
2023.722109832684,442.1409043984731,451.86031496063043,451.7596062992137
2026.8964817398416,442.0777538240632,448.86031496063043,451.7596062992137
2030.0698083263235,442.1808235845526,451.86031496063043,451.7596062992137
2033.244180233481,442.11767301014277,448.86031496063043,451.7596062992137
2036.417506819963,442.22074277063217,451.86031496063043,451.7596062992137
2039.5918787271205,442.1575921962223,448.86031496063043,451.7596062992137
2042.7652053136023,442.2606619567117,451.86031496063043,451.7596062992137
2045.93957722076,442.19751138230185,448.86031496063043,451.7596062992137
2049.1129038072418,442.30058114279126,451.86031496063043,451.7596062992137
2052.2872757143996,442.2374305683814,448.86031496063043,451.7596062992137
2055.4606023008814,442.3405003288708,451.86031496063043,451.7596062992137
2058.6349742080392,442.27734975446094,448.86031496063043,451.7596062992137
2061.808300794521,442.38041951495035,451.86031496063043,451.7596062992137
2064.982672701679,442.3172689405405,448.86031496063043,451.7596062992137
2068.1559992881607,442.4203387010299,451.86031496063043,451.7596062992137
2071.3303711953185,442.35718812662003,448.86031496063043,451.7596062992137
2074.5036977818004,442.46025788710944,451.86031496063043,451.7596062992137
2077.678069688958,442.3971073126996,448.86031496063043,451.7596062992137
2080.85139627544,442.500177073189,451.86031496063043,451.7596062992137
2084.025768182598,442.4370264987791,448.86031496063043,451.7596062992137
2087.1990947690797,442.5400962592685,451.86031496063043,451.7596062992137
2090.3734666762375,442.47694568485866,448.86031496063043,451.7596062992137
2093.5467932627193,442.58001544534807,451.86031496063043,451.7596062992137
2096.721165169877,442.5168648709382,448.86031496063043,451.7596062992137
2099.894491756359,442.6199346314276,451.86031496063043,451.7596062992137
2103.068863663517,442.55678405701775,448.86031496063043,451.7596062992137
2106.462074296936,442.6669956591789,451.86031496063043,451.7596062992137
2110.076359161306,442.59509350910275,448.86031496063043,451.7596062992137
2113.9093378885996,442.71958879460726,451.86031496063043,451.7596062992137
2117.963535710182,442.6389350688649,448.86031496063043,451.7596062992137
2122.2362825313503,442.7777140377128,451.86031496063043,451.7596062992137
2126.7303933101452,442.6883087363042,448.86031496063043,451.7596062992137
2131.4429082251886,442.84137138849553,451.86031496063043,451.7596062992137
2136.3769319611956,442.74321451142066,448.86031496063043,451.7596062992137
2141.5292149701136,442.91056084695543,451.86031496063043,451.7596062992137
2146.903151663333,442.8036523942143,448.86031496063043,451.7596062992137
2152.4952027661257,442.9852824130925,451.86031496063043,451.7596062992137
2158.3090524165577,442.8696223846851,448.86031496063043,451.7596062992137
2164.340871613225,443.0655360869067,451.86031496063043,451.7596062992137
2170.5946342208695,442.94112448283306,448.86031496063043,451.7596062992137
2176.941287393833,443.14726400381187,451.86031496063043,451.7596062992137
2183.2900312081483,443.0209628549921,448.86031496063043,451.7596062992137
2189.636684381112,443.2271023759709,451.86031496063043,451.7596062992137
2195.985428195427,443.1008012271511,448.86031496063043,451.7596062992137
2202.332081368391,443.30694074812993,451.86031496063043,451.7596062992137
2208.680825182706,443.18063959931015,448.86031496063043,451.7596062992137
2215.0274783556697,443.38677912028896,451.86031496063043,451.7596062992137
2221.376222169985,443.2604779714692,448.86031496063043,451.7596062992137
2227.7228753429486,443.466617492448,451.86031496063043,451.7596062992137
2234.0716191572637,443.3403163436282,448.86031496063043,451.7596062992137
2240.4182723302274,443.546455864607,451.86031496063043,451.7596062992137
2246.7670161445426,443.42015471578725,448.86031496063043,451.7596062992137
2253.1136693175063,443.62629423676606,451.86031496063043,454.3979527559066
2259.4408361139217,444.16430941344504,454.86031496063043,457.0362992125995
2265.731174209396,445.03272558362187,457.86031496063043,459.6746456692924
2271.9674422244457,446.229162478937,460.86031496063043,462.31299212598526
2278.1325469819185,447.7503407490236,463.86031496063043,464.95133858267815
2284.209590358206,449.5920909499793,466.86031496063043,467.58968503937103
2290.1819155998237,451.7493649725217,469.86031496063043,470.2280314960639
2296.0331529784157,454.2162498785052,472.86031496063043,470.2280314960639
2302.0054782200336,456.3735239010476,469.86031496063043,470.2280314960639
2307.8567155986257,458.8404088070311,472.86031496063043,470.2280314960639
2313.8290408402436,460.9976828295735,469.86031496063043,470.2280314960639
2319.6802782188356,463.464567735557,472.86031496063043,470.2280314960639
2325.6526034604535,465.6218417580994,469.86031496063043,470.2280314960639
2331.5038408390456,468.0887266640829,472.86031496063043,470.2280314960639
2337.4761660806635,470.2460006866253,469.86031496063043,470.2280314960639
2343.3274034592555,472.7128855926088,472.86031496063043,470.2280314960639
2349.2997287008734,474.8701596151512,469.86031496063043,470.2280314960639
2355.1509660794654,477.3370445211347,472.86031496063043,470.2280314960639
2361.1232913210833,479.4943185436771,469.86031496063043,470.2280314960639
2366.9745286996754,481.9612034496606,472.86031496063043,470.2280314960639
2372.9468539412933,484.118477472203,469.86031496063043,470.2280314960639
2378.7980913198853,486.5853623781865,472.86031496063043,470.2280314960639
2384.770416561503,488.7426364007289,469.86031496063043,470.2280314960639
2390.6216539400953,491.2095213067124,472.86031496063043,470.2280314960639
2396.593979181713,493.3667953292548,469.86031496063043,470.2280314960639
2402.445216560305,495.8336802352383,472.86031496063043,470.2280314960639
2408.417541801923,497.9909542577807,469.86031496063043,470.2280314960639
2414.268779180515,500.4578391637642,472.86031496063043,470.2280314960639
2420.241104422133,502.6151131863066,469.86031496063043,470.2280314960639
2426.092341800725,505.0819980922901,472.86031496063043,470.2280314960639
2432.064667042343,507.2392721148325,469.86031496063043,470.2280314960639
2437.915904420935,509.706157020816,472.86031496063043,470.2280314960639
2443.888229662553,511.8634310433584,469.86031496063043,470.2280314960639
2449.739467041145,514.3303159493419,472.86031496063043,470.2280314960639
2455.711792282763,516.4875899718842,469.86031496063043,470.2280314960639
2461.563029661355,518.9544748778677,472.86031496063043,470.2280314960639
2467.535354902973,521.11174890041,469.86031496063043,470.2280314960639
2473.386592281565,523.5786338063936,472.86031496063043,470.2280314960639
2479.3589175231828,525.7359078289359,469.86031496063043,470.2280314960639
2485.210154901775,528.2027927349194,472.86031496063043,470.2280314960639
2491.1824801433927,530.3600667574617,469.86031496063043,470.2280314960639
2497.0337175219847,532.8269516634452,472.86031496063043,470.2280314960639
2503.0060427636026,534.9842256859876,469.86031496063043,470.2280314960639
2508.8572801421947,537.4511105919711,472.86031496063043,470.2280314960639
2514.8296053838126,539.6083846145134,469.86031496063043,470.2280314960639
2520.6808427624046,542.0752695204969,472.86031496063043,470.2280314960639
2526.6531680040225,544.2325435430392,469.86031496063043,470.2280314960639
2532.5044053826146,546.6994284490228,472.86031496063043,470.2280314960639
2538.4767306242325,548.8567024715651,469.86031496063043,470.2280314960639
2544.3279680028245,551.3235873775486,472.86031496063043,470.2280314960639
2550.3002932444424,553.4808614000909,469.86031496063043,470.2280314960639
2556.1515306230344,555.9477463060745,472.86031496063043,470.2280314960639
2562.1238558646523,558.1050203286168,469.86031496063043,470.2280314960639
2567.9750932432444,560.5719052346003,472.86031496063043,470.2280314960639
2573.9474184848623,562.7291792571426,469.86031496063043,470.2280314960639
2579.7986558634543,565.1960641631262,472.86031496063043,470.2280314960639
2585.770981105072,567.3533381856685,469.86031496063043,470.2280314960639
2591.6222184836643,569.820223091652,472.86031496063043,470.2280314960639
2597.594543725282,571.9774971141943,469.86031496063043,470.2280314960639
2603.445781103874,574.4443820201778,472.86031496063043,472.8663779527568
2609.1598927845002,577.2141162495464,475.86031496063043,475.5047244094497
2614.7212167842263,580.2791081532989,478.86031496063043,478.1430708661426
2620.1145099005325,583.6309568016724,481.86031496063043,480.78141732283547
2625.3249894918704,587.2604750105057,484.86031496063043,483.41976377952835
2630.338373995856,591.1577145226732,487.86031496063043,486.05811023622124
2635.1409220740393,595.3119932755659,490.86031496063043,488.6964566929141
2640.1543065780247,599.2092327877334,487.86031496063043,488.6964566929141
2644.956854656208,603.3635115406261,490.86031496063043,488.6964566929141
2649.9702391601936,607.2607510527936,487.86031496063043,488.6964566929141
2654.772787238377,611.4150298056862,490.86031496063043,488.6964566929141
2659.7861717423625,615.3122693178537,487.86031496063043,488.6964566929141
2664.588719820546,619.4665480707464,490.86031496063043,488.6964566929141
2669.6021043245314,623.3637875829139,487.86031496063043,488.6964566929141
2674.404652402715,627.5180663358066,490.86031496063043,488.6964566929141
2679.4180369067003,631.4153058479741,487.86031496063043,488.6964566929141
2684.2205849848838,635.5695846008667,490.86031496063043,488.6964566929141
2689.233969488869,639.4668241130342,487.86031496063043,488.6964566929141
2694.0365175670527,643.6211028659269,490.86031496063043,488.6964566929141
2698.615065768973,648.0210342702433,493.86031496063043,491.334803149607
2702.95706461226,652.6545584198398,496.86031496063043,493.9731496062999
2707.5356128141807,657.0544898241561,493.86031496063043,496.6114960629928
2711.8776116574677,661.6880139737526,496.86031496063043,499.24984251968567
2715.9711600251003,666.5424307010073,499.86031496063043,501.88818897637856
2719.805037785542,671.6044343870974,502.86031496063043,501.88818897637856
2723.8985861531746,676.4588511143521,499.86031496063043,501.88818897637856
2727.7324639136164,681.5208548004422,502.86031496063043,501.88818897637856
2731.826012281249,686.3752715276969,499.86031496063043,501.88818897637856
2735.6598900416907,691.437275213787,502.86031496063043,501.88818897637856
2739.7534384093233,696.2916919410417,499.86031496063043,501.88818897637856
2743.587316169765,701.3536956271317,502.86031496063043,501.88818897637856
2747.6808645373976,706.2081123543865,499.86031496063043,501.88818897637856
2751.5147422978393,711.2701160404765,502.86031496063043,501.88818897637856
2755.608290665472,716.1245327677312,499.86031496063043,501.88818897637856
2759.4421684259137,721.1865364538213,502.86031496063043,501.88818897637856
2763.5357167935463,726.040953181076,499.86031496063043,501.88818897637856
2767.369594553988,731.1029568671661,502.86031496063043,501.88818897637856
2771.4631429216206,735.9573735944208,499.86031496063043,501.88818897637856
2775.2970206820623,741.0193772805109,502.86031496063043,501.88818897637856
2779.390569049695,745.8737940077656,499.86031496063043,501.88818897637856
2783.2244468101367,750.9357976938556,502.86031496063043,501.88818897637856
2787.3179951777693,755.7902144211104,499.86031496063043,501.88818897637856
2791.151872938211,760.8522181072004,502.86031496063043,501.88818897637856
2795.2454213058436,765.7066348344551,499.86031496063043,501.88818897637856
2799.0792990662853,770.7686385205452,502.86031496063043,501.88818897637856
2803.172847433918,775.6230552477999,499.86031496063043,501.88818897637856
2807.0067251943597,780.68505893389,502.86031496063043,501.88818897637856
2811.1002735619923,785.5394756611447,499.86031496063043,501.88818897637856
2814.934151322434,790.6014793472348,502.86031496063043,501.88818897637856
2819.0276996900666,795.4558960744895,499.86031496063043,501.88818897637856
2822.8615774505083,800.5178997605796,502.86031496063043,501.88818897637856
2826.955125818141,805.3723164878343,499.86031496063043,501.88818897637856
2830.7890035785827,810.4343201739243,502.86031496063043,501.88818897637856
2834.8825519462152,815.288736901179,499.86031496063043,501.88818897637856
2838.716429706657,820.3507405872691,502.86031496063043,501.88818897637856
2842.8099780742896,825.2051573145238,499.86031496063043,501.88818897637856
2846.6438558347313,830.2671610006139,502.86031496063043,501.88818897637856
2850.737404202364,835.1215777278686,499.86031496063043,501.88818897637856
2854.5712819628056,840.1835814139587,502.86031496063043,501.88818897637856
2858.6648303304382,845.0379981412134,499.86031496063043,501.88818897637856
2862.49870809088,850.1000018273035,502.86031496063043,501.88818897637856
2866.062406851679,855.3557178719808,505.86031496063043,504.52653543307144
2869.346158762242,860.7907407228873,508.86031496063043,507.16488188976433
2872.340963286832,866.3901733601724,511.86031496063043,509.8032283464572
2875.624715197395,871.825196211079,508.86031496063043,509.8032283464572
2878.619519721985,877.424628848364,511.86031496063043,509.8032283464572
2881.903271632548,882.8596516992706,508.86031496063043,509.8032283464572
2884.898076157138,888.4590843365556,511.86031496063043,509.8032283464572
2888.1818280677007,893.8941071874622,508.86031496063043,509.8032283464572
2891.176632592291,899.4935398247472,511.86031496063043,509.8032283464572
2894.4603845028537,904.9285626756538,508.86031496063043,509.8032283464572
2897.455189027444,910.5279953129389,511.86031496063043,509.8032283464572
2900.7389409380066,915.9630181638454,508.86031496063043,509.8032283464572
2903.7337454625967,921.5624508011305,511.86031496063043,509.8032283464572
2907.0174973731596,926.997473652037,508.86031496063043,509.8032283464572
2910.0123018977497,932.5969062893221,511.86031496063043,509.8032283464572
2913.2960538083125,938.0319291402286,508.86031496063043,509.8032283464572
2916.2908583329026,943.6313617775137,511.86031496063043,509.8032283464572
2919.5746102434655,949.0663846284202,508.86031496063043,509.8032283464572
2922.5694147680556,954.6658172657053,511.86031496063043,509.8032283464572
2925.8531666786184,960.1008401166118,508.86031496063043,509.8032283464572
2928.8479712032085,965.7002727538969,511.86031496063043,509.8032283464572
2932.1317231137714,971.1352956048034,508.86031496063043,509.8032283464572
2935.1265276383615,976.7347282420885,511.86031496063043,509.8032283464572
2938.4102795489243,982.169751092995,508.86031496063043,509.8032283464572
2941.4050840735144,987.7691837302801,511.86031496063043,509.8032283464572
2944.6888359840773,993.2042065811867,508.86031496063043,509.8032283464572
2947.6836405086674,998.8036392184717,511.86031496063043,509.8032283464572
2950.9673924192302,1004.2386620693783,508.86031496063043,509.8032283464572
2953.9621969438203,1009.8380947066634,511.86031496063043,509.8032283464572
2957.245948854383,1015.2731175575699,508.86031496063043,509.8032283464572
2960.2407533789733,1020.872550194855,511.86031496063043,509.8032283464572
2963.524505289536,1026.3075730457615,508.86031496063043,507.16488188976433
2967.088204050335,1031.5632890904387,505.86031496063043,504.52653543307144
2970.922081810777,1036.6252927765288,502.86031496063043,501.88818897637856
2975.0156301784095,1041.4797095037836,499.86031496063043,501.88818897637856
2978.8495079388513,1046.5417131898737,502.86031496063043,501.88818897637856
2982.943056306484,1051.3961299171285,499.86031496063043,501.88818897637856
2986.7769340669256,1056.4581336032186,502.86031496063043,501.88818897637856
2990.870482434558,1061.3125503304734,499.86031496063043,501.88818897637856
2994.704360195,1066.3745540165635,502.86031496063043,501.88818897637856
2998.7979085626325,1071.2289707438183,499.86031496063043,501.88818897637856
3002.6317863230743,1076.2909744299084,502.86031496063043,501.88818897637856
3006.725334690707,1081.1453911571632,499.86031496063043,501.88818897637856
3010.5592124511486,1086.2073948432533,502.86031496063043,501.88818897637856
3014.652760818781,1091.061811570508,499.86031496063043,501.88818897637856
3018.486638579223,1096.1238152565982,502.86031496063043,501.88818897637856
3022.5801869468555,1100.978231983853,499.86031496063043,501.88818897637856
3026.4140647072973,1106.040235669943,502.86031496063043,501.88818897637856
3030.50761307493,1110.894652397198,499.86031496063043,501.88818897637856
3034.3414908353716,1115.956656083288,502.86031496063043,501.88818897637856
3038.435039203004,1120.8110728105428,499.86031496063043,501.88818897637856
3042.268916963446,1125.8730764966328,502.86031496063043,501.88818897637856
3046.3624653310785,1130.7274932238877,499.86031496063043,501.88818897637856
3050.7044641743655,1135.3610173734842,496.86031496063043,499.24984251968567
3055.283012376286,1139.7609487778006,493.86031496063043,496.6114960629928
3059.625011219573,1144.3944729273971,496.86031496063043,493.9731496062999
3064.2035594214935,1148.7944043317136,493.86031496063043,491.334803149607
3069.006107499677,1152.9486830846063,490.86031496063043,488.6964566929141
3074.0194920036624,1156.8459225967738,487.86031496063043,486.05811023622124
3079.2299715950003,1160.4754408056071,484.86031496063043,486.05811023622124
3084.2433560989857,1164.3726803177747,487.86031496063043,486.05811023622124
3089.4538356903236,1168.002198526608,484.86031496063043,486.05811023622124
3094.467220194309,1171.8994380387755,487.86031496063043,486.05811023622124
3099.677699785647,1175.528956247609,484.86031496063043,486.05811023622124
3104.6910842896323,1179.4261957597764,487.86031496063043,486.05811023622124
3109.90156388097,1183.0557139686098,484.86031496063043,486.05811023622124
3114.9149483849556,1186.9529534807773,487.86031496063043,486.05811023622124
3120.1254279762934,1190.5824716896107,484.86031496063043,486.05811023622124
3125.138812480279,1194.4797112017782,487.86031496063043,486.05811023622124
3130.3492920716167,1198.1092294106115,484.86031496063043,486.05811023622124
3135.362676575602,1202.006468922779,487.86031496063043,486.05811023622124
3140.57315616694,1205.6359871316124,484.86031496063043,486.05811023622124
3145.5865406709254,1209.53322664378,487.86031496063043,486.05811023622124
3150.7970202622632,1213.1627448526133,484.86031496063043,486.05811023622124
3155.8104047662487,1217.0599843647808,487.86031496063043,486.05811023622124
3161.0208843575865,1220.6895025736142,484.86031496063043,486.05811023622124
3166.034268861572,1224.5867420857817,487.86031496063043,486.05811023622124
3171.24474845291,1228.216260294615,484.86031496063043,486.05811023622124
3176.258132956895,1232.1134998067826,487.86031496063043,486.05811023622124
3181.468612548233,1235.743018015616,484.86031496063043,486.05811023622124
3186.4819970522185,1239.6402575277834,487.86031496063043,486.05811023622124
3191.6924766435563,1243.2697757366168,484.86031496063043,486.05811023622124
3196.705861147542,1247.1670152487843,487.86031496063043,486.05811023622124
3201.9163407388796,1250.7965334576177,484.86031496063043,486.05811023622124
3206.929725242865,1254.6937729697852,487.86031496063043,486.05811023622124
3212.140204834203,1258.3232911786185,484.86031496063043,486.05811023622124
3217.1535893381883,1262.220530690786,487.86031496063043,486.05811023622124
3222.364068929526,1265.8500488996194,484.86031496063043,486.05811023622124
3227.3774534335116,1269.747288411787,487.86031496063043,486.05811023622124
3232.5879330248495,1273.3768066206203,484.86031496063043,486.05811023622124
3237.601317528835,1277.2740461327878,487.86031496063043,486.05811023622124
3242.8117971201727,1280.9035643416212,484.86031496063043,486.05811023622124
3247.825181624158,1284.8008038537887,487.86031496063043,486.05811023622124
3253.035661215496,1288.430322062622,484.86031496063043,486.05811023622124
3258.0490457194815,1292.3275615747896,487.86031496063043,486.05811023622124
3263.2595253108193,1295.957079783623,484.86031496063043,486.05811023622124
3268.5632291114707,1299.4489597922936,483.36031496063043,483.41976377952835
3273.956522227777,1302.8008084406672,481.86031496063043,480.78141732283547
3279.435708366037,1306.0103285391085,480.36031496063043,478.1430708661426
3284.997032365763,1309.075320442861,478.86031496063043,475.5047244094497
3290.6366827732804,1311.993683559574,477.36031496063043,472.8663779527568
3296.3507944539065,1314.7634177889424,475.86031496063043,470.2280314960639
3302.135451240921,1317.382624893477,474.36031496063043,467.58968503937103
3307.986688619513,1319.8495097994605,472.86031496063043,464.95133858267815
3313.9004964438586,1322.1623818272021,471.36031496063043,462.31299212598526
3319.8728216854765,1324.3196558497445,469.86031496063043,459.6746456692924
3325.89957121097,1326.3198533792308,468.36031496063043,457.0362992125995
3331.9766145872572,1328.1616035801865,466.86031496063043,454.3979527559066
3338.0997869123635,1329.8436442090212,465.36031496063043,451.7596062992137
3344.4784858504104,1331.4175247183864,463.86031496063043,449.12125984252083
3351.111098927355,1332.8709839615506,462.36031496063043,446.394566929135
3357.9709937439097,1334.187064546397,460.86031496063043,443.57952755905626
3364.8629888192786,1335.3231230312867,459.36031496063043,440.6861811023633
3371.7823607243004,1336.2783808184813,457.86031496063043,437.7928346456704
3378.7243672671016,1337.0521832220095,456.36031496063043,434.89948818897744
3385.684250743159,1337.6439999163563,454.86031496063043,432.0061417322845
3392.6572411959914,1338.0534252999214,453.36031496063043,429.11279527559157
3399.6385596862515,1338.2801787729982,451.86031496063043,426.2194488188986
3406.6234215669706,1338.3241049300825,450.36031496063043,423.3261023622057
3413.6070397627172,1338.1851736663807,448.86031496063043,420.43275590551275
3420.5846280504197,1337.8634801984413,447.36031496063043,417.5394094488198
3427.5514043396042,1337.359244998898,445.86031496063043,414.6460629921269
3434.5025939498,1336.6728136453694,444.36031496063043,411.75271653543393
3441.433432882868,1335.8046565836173,442.86031496063043,408.859370078741
3448.339171088007,1334.7553688051266,441.36031496063043,405.96602362204806
3455.2150757171994,1333.5256694393274,439.86031496063043,403.0726771653551
3462.0564343688725,1332.1164012607403,438.36031496063043,400.1793307086622
3468.8585583175395,1330.5285301113802,436.86031496063043,397.28598425196924
3475.61678572722,1328.763144238817,435.36031496063043,394.3926377952763
3482.326484846428,1326.8214535503446,433.86031496063043,391.49929133858336
3488.983057182544,1324.7047887837716,432.36031496063043,388.6059448818904
3495.581940653393,1322.4146005953992,430.86031496063043,385.7125984251975
3502.1186127138644,1319.952458565814,429.36031496063043,382.81925196850455
3508.588593455443,1317.3200501241763,427.86031496063043,379.9259055118116
3515.0198697535225,1314.594447405921,427.03255905511867,377.03255905511867
3521.305367479912,1311.547687925498,424.13921259842573,374.13921259842573
3527.429061451652,1308.1875395447748,421.2458661417328,371.2458661417328
3533.3753390123447,1304.522569125903,418.35251968503985,368.35251968503985
3539.1290398373835,1300.5621206896844,415.4591732283469,365.4591732283469
3544.6754945859416,1296.3162915925352,412.565826771654,362.565826771654
3550.000562301169,1291.7959067827826,409.67248031496104,359.67248031496104
3555.0906664632535,1287.0124912019317,406.7791338582681,356.7791338582681
3559.9328296034196,1281.9782404012647,403.88578740157516,353.88578740157516
3564.514706390618,1276.705989448689,400.9924409448822,350.9924409448822
3568.8246151065478,1271.2091802051048,398.0990944881893,348.0990944881893
3572.851567428769,1265.5018270537257,395.20574803149634,345.20574803149634
3576.5852964459655,1259.5984811697253,392.3124015748034,342.3124015748034
3580.0162828339357,1253.5141934213063,389.41905511811046,339.41905511811046
3583.1357791255746,1247.2644759967782,386.5257086614175,336.5257086614175
3585.9358320129672,1240.8652628554769,383.6323622047246,333.6323622047246
3588.409302624735,1234.332869103358,380.73901574803165,330.73901574803165
3590.5375043574213,1227.6799763201402,377.73901574803165,330.73901574803165
3592.314603958006,1220.9248196225053,374.73901574803165,330.73901574803165
3593.735730520009,1214.0859144254164,371.73901574803165,330.73901574803165
3594.7969888343046,1207.1820056926522,368.73901574803165,330.73901574803165
3595.495470065621,1200.2320165581643,365.73901574803165,330.73901574803165
3595.8292597254535,1193.2549964590828,362.73901574803165,330.73901574803165
3595.7974429195465,1186.2700689225323,359.73901574803165,330.73901574803165
3595.400106855553,1179.2963791493742,356.73901574803165,330.73901574803165
3594.6383406040063,1172.3530415385414,353.73901574803165,330.73901574803165
3593.514232113252,1165.4590872958,350.73901574803165,330.73901574803165
3592.0308624865274,1158.6334122705362,347.73901574803165,330.73901574803165
3590.1922975368716,1151.8947251635473,344.73901574803165,330.73901574803165
3588.0035766430146,1145.2614962477935,341.73901574803165,330.73901574803165
3585.700960546447,1139.3436876067653,338.73901574803165,330.73901574803165
3583.091785931122,1133.5544987320832,335.73901574803165,330.73901574803165
3580.1832043632994,1127.9097973880507,332.73901574803165,328.10066929133876
3576.983188062883,1122.4250553086936,329.73901574803165,325.4623228346459
3573.5005080521223,1117.1153057908118,326.73901574803165,322.823976377953
3569.744710114848,1111.9951024887575,323.73901574803165,320.1856299212601
3565.7260886321446,1107.0784795238808,320.73901574803165,317.5472834645672
3561.4556583661647,1102.378913017978,317.73901574803165,314.90893700787433
3556.9451242694336,1097.909284156179,314.73901574803165,312.27059055118144
3552.206849402387,1093.6818438805137,311.73901574803165,312.27059055118144
3547.696315305656,1089.2122150187147,314.73901574803165,312.27059055118144
3542.9580404386093,1084.9847747430495,311.73901574803165,312.27059055118144
3538.447506341878,1080.5151458812504,314.73901574803165,312.27059055118144
3533.7092314748315,1076.2877056055852,311.73901574803165,312.27059055118144
3529.1986973781004,1071.8180767437862,314.73901574803165,312.27059055118144
3524.460422511054,1067.590636468121,311.73901574803165,312.27059055118144
3519.9498884143227,1063.1210076063219,314.73901574803165,312.27059055118144
3515.211613547276,1058.8935673306567,311.73901574803165,312.27059055118144
3510.701079450545,1054.4239384688576,314.73901574803165,312.27059055118144
3505.9628045834984,1050.1964981931924,311.73901574803165,312.27059055118144
3501.4522704867672,1045.7268693313933,314.73901574803165,312.27059055118144
3497.1818402207873,1041.0273028254906,317.73901574803165,314.90893700787433
3492.671306124056,1036.5576739636915,314.73901574803165,317.5472834645672
3488.4008758580762,1031.8581074577887,317.73901574803165,320.1856299212601
3484.3822543753727,1026.941484492912,320.73901574803165,322.823976377953
3480.6264564380986,1021.8212811908577,323.73901574803165,325.4623228346459
3477.143776427338,1016.5115316729758,326.73901574803165,328.10066929133876
3473.9437601269215,1011.0267895936188,329.73901574803165,330.73901574803165
3471.0351785590988,1005.3820882495863,332.73901574803165,333.37736220472453
3468.426003943774,999.592899374904,335.73901574803165,336.0157086614174
3466.1233878472062,993.6750907338759,338.73901574803165,338.6540551181103
3463.5142132318815,987.8859018591936,335.73901574803165,338.6540551181103
3461.2115971353137,981.9680932181654,338.73901574803165,338.6540551181103
3458.602422519989,976.1789043434832,335.73901574803165,336.0157086614174
3455.6938409521663,970.5342029994507,332.73901574803165,333.37736220472453
3452.49382465175,965.0494609200937,329.73901574803165,330.73901574803165
3449.011144640989,959.7397114022118,326.73901574803165,328.10066929133876
3445.255346703715,954.6195081001575,323.73901574803165,325.4623228346459
3441.2367252210115,949.7028851352807,320.73901574803165,322.823976377953
3436.9662949550316,945.0033186293778,317.73901574803165,320.1856299212601
3432.4557608583004,940.5336897675786,314.73901574803165,317.5472834645672
3428.1853305923205,935.8341232616757,317.73901574803165,314.90893700787433
3423.6747964955894,931.3644943998765,314.73901574803165,312.27059055118144
3418.936521628543,927.1370541242113,311.73901574803165,309.63224409448856
3413.9834932732383,923.1633895546298,308.73901574803165,306.99389763779567
3408.8292873361165,919.4543922295111,305.73901574803165,304.3555511811028
3403.4880311373868,916.0202282527142,302.73901574803165,301.7172047244099
3397.9743646890233,912.8703104289937,299.73901574803165,299.078858267717
3392.3034005675113,910.0132724641562,296.73901574803165,299.078858267717
3386.789734119148,906.8633546404357,299.73901574803165,299.078858267717
3381.118769997636,904.0063166755982,296.73901574803165,299.078858267717
3375.6051035492724,900.8563988518777,299.73901574803165,299.078858267717
3369.9341394277603,897.9993608870402,296.73901574803165,299.078858267717
3364.420472979397,894.8494430633197,299.73901574803165,299.078858267717
3358.749508857885,891.9924050984822,296.73901574803165,299.078858267717
3353.2358424095214,888.8424872747617,299.73901574803165,299.078858267717
3347.5648782880094,885.9854493099242,296.73901574803165,299.078858267717
3342.051211839646,882.8355314862036,299.73901574803165,299.078858267717
3336.709955640916,879.4013675094068,302.73901574803165,301.7172047244099
3331.5557497037944,875.692370184288,305.73901574803165,304.3555511811028
3326.774322330878,871.8563758832589,308.73901574803165,306.99389763779567
3322.364368871942,867.9218606030728,311.73901574803165,309.5438976377957
3318.322646193139,863.9167915914765,314.73901574803165,312.00555118110276
3314.2410141423134,860.2752013067695,311.73901574803165,314.3788582677169
3310.5118324087957,856.579838861975,314.73901574803165,316.6638188976382
3307.129113631177,852.857190117929,317.73901574803165,318.8604330708665
3304.085086964751,849.1329450059515,320.73901574803165,320.96870078740193
3301.370266093556,845.4318846663563,323.73901574803165,322.98862204724446
3298.9735241018984,841.7777735808219,326.73901574803165,324.92019685039406
3296.882174866193,838.1932571037618,329.73901574803165,326.76342519685073
3294.813513507066,834.8517693840097,328.23901574803165,328.5183070866145
3292.943897684303,831.647298027409,329.73901574803165,330.1848425196854
3291.0529513087604,828.202124330072,331.23901574803165,331.7630314960633
3289.152067291994,824.5130675461768,332.73901574803165,333.4295669291342
3287.2527869662704,820.5773802816296,334.23901574803165,335.184448818898
3285.366785157713,816.392753992686,335.73901574803165,337.02767716535465
3283.505855075719,811.9573239988827,337.23901574803165,338.95925196850425
3281.681893033871,807.2696740044935,338.73901574803165,340.9791732283468
3279.9068830177443,802.3288401231887,340.23901574803165,343.0874409448822
3278.192881115182,797.134314401045,341.73901574803165,345.28405511811053
3276.5519998247437,791.6860478335312,343.23901574803165,347.5690157480318
3274.9963922581774,785.9844528725715,344.73901574803165,349.94232283464595
3273.538236252878,780.0304054202741,346.23901574803165,352.40397637795303
3272.189718410401,773.8252463063978,347.73901574803165,354.95397637795304
3271.0040948006745,767.5869134637179,349.23901574803165,357.5923228346459
3269.982177990898,761.3196823339529,350.73901574803165,360.2306692913388
3269.1246683518066,755.0278481642639,352.23901574803165,362.8690157480317
3268.432153577673,748.7157230635069,353.73901574803165,365.5073622047246
3267.905108283532,742.387633046928,355.23901574803165,368.1457086614175
3267.543893679902,736.0479150713297,356.73901574803165,370.78405511811036
3267.3419966956176,729.4810179648009,358.23901574803165,373.42240157480325
3267.3110681183653,722.6910884052908,359.73901574803165,376.14909448818906
3267.4621063023415,715.707721562071,361.23901574803165,378.9641338582678
3267.795895962174,708.7307014629894,362.73901574803165,381.85748031496075
3268.3122083351036,701.7648098091119,364.23901574803165,384.7508267716537
3269.01068956642,694.814820674624,365.73901574803165,387.64417322834663
3269.890860951977,687.885497234919,367.23901574803165,390.53751968503957
3270.952119266273,680.9815885021548,368.73901574803165,393.4308661417325
3272.1937371758695,674.1078260705189,370.23901574803165,396.32421259842545
3273.6148637378724,667.2689208734299,371.73901574803165,399.2175590551184
3275.2145249831224,660.4695599548991,373.23901574803165,402.1109055118113
3276.991624583707,653.7144032572642,374.73901574803165,405.00425196850426
3278.944944604328,647.0080804274982,376.23901574803165,407.8975984251972
3281.0731463370144,640.3551876442804,377.73901574803165,410.79094488189014
3283.3747712186037,633.7602844680049,379.23901574803165,413.6842913385831
3286.018392367345,627.29487711642,382.23901574803165,416.577637795276
3288.996763801425,620.9766868216715,385.23901574803165,419.47098425196896
3292.301722011767,614.8230313041851,388.23901574803165,422.3643307086619
3295.8101142801343,609.0388797941308,391.23901574803165,425.25767716535483
3299.4926353000074,603.6281438055437,394.23901574803165,428.06267716535484
3303.320154492404,598.592697268062,397.23901574803165,430.7793307086619
3307.263848029985,593.9324069035417,400.23901574803165,433.4076377952761
3311.2953280902675,589.6451707864675,403.23901574803165,435.9475984251974
3315.386768845933,585.7269648777796,406.23901574803165,438.3992125984257
3319.5110287148473,582.1718972928151,409.23901574803165,440.7624803149612
3323.64176840867,578.9722700361058,412.23901574803165,443.0374015748037
3327.7535643368483,576.1186479088756,415.23901574803165,445.2239763779533
3331.822016942195,573.5999342693276,418.23901574803165,447.32220472441
3335.823853565183,571.403453301299,421.23901574803165,449.3320866141738
3339.7370254563634,569.5150384236629,424.23901574803165,451.2536220472447
3343.5407985799475,567.919126451059,427.23901574803165,453.0868110236226
3347.215837876423,566.5988570962066,430.23901574803165,453.0868110236226
3350.7442846780555,565.5361773852636,433.23901574803165,453.0868110236226
3354.1098269981553,564.7119505405065,436.23901574803165,453.0868110236226
3357.2977624429577,564.1060688690794,439.23901574803165,453.0868110236226
3360.443679527802,563.6773140495336,442.23901574803165,453.0868110236226
3363.6077245360916,563.4137914024632,445.23901574803165,453.0868110236226
3366.781225040388,563.3162232251265,448.23901574803165,453.0868110236226
3369.955482696397,563.3848769451157,451.23901574803165,453.0868110236226
3373.121797084523,563.6195643873565,454.23901574803165,453.0868110236226
3376.2960547405323,563.6882181073457,451.23901574803165,453.0868110236226
3379.681767290985,563.9391673566079,454.23901574803165,453.0868110236226
3383.2959220709763,564.0173352929106,451.23901574803165,453.0868110236226
3387.120430946083,564.3008081562156,454.23901574803165,453.0868110236226
3391.174482850057,564.3884903088317,451.23901574803165,453.0868110236226
3395.4377880498173,564.7044867861795,454.23901574803165,453.0868110236226
3399.9317370777735,564.8016831551091,451.23901574803165,453.0868110236226
3404.6338386021876,565.1502032464997,454.23901574803165,453.0868110236226
3409.567684754126,565.2569138317428,451.23901574803165,453.0868110236226
3414.7085826031935,565.6379575371762,454.23901574803165,453.0868110236226
3420.0823258791143,565.7541823387328,451.23901574803165,453.0868110236226
3425.662020052836,566.167749658209,454.23901574803165,453.0868110236226
3431.475660452739,566.293488676079,451.23901574803165,453.0868110236226
3437.494150951114,566.7395796095981,454.23901574803165,453.0868110236226
3443.7476884749994,566.8748328437816,451.23901574803165,453.0868110236226
3450.0803172512515,567.3442077282631,454.23901574803165,453.0868110236226
3456.428832563269,567.4815151682416,451.23901574803165,453.0868110236226
3462.7614613395212,567.950890052723,454.23901574803165,453.0868110236226
3469.109976651539,568.0881974927015,451.23901574803165,453.0868110236226
3475.442605427791,568.557572377183,454.23901574803165,453.0868110236226
3481.791120739809,568.6948798171614,451.23901574803165,453.0868110236226
3488.123749516061,569.1642547016429,454.23901574803165,453.0868110236226
3494.4722648280786,569.3015621416214,451.23901574803165,453.0868110236226
3500.819265836672,569.106425786948,448.23901574803165,450.4484645669297
3507.1473558532507,568.5793804928071,445.23901574803165,447.81011811023683
3513.43919002294,567.7218708537156,442.23901574803165,445.17177165354394
3519.7672800395185,567.1948255595747,445.23901574803165,442.53342519685106
3526.0591142092076,566.3373159204832,442.23901574803165,442.53342519685106
3532.3872042257863,565.8102706263423,445.23901574803165,442.53342519685106
3538.6790383954753,564.9527609872508,442.23901574803165,442.53342519685106
3545.007128412054,564.42571569311,445.23901574803165,442.53342519685106
3551.298962581743,563.5682060540184,442.23901574803165,442.53342519685106
3557.627052598322,563.0411607598776,445.23901574803165,442.53342519685106
3563.918886768011,562.1836511207861,442.23901574803165,442.53342519685106
3570.2469767845896,561.6566058266452,445.23901574803165,442.53342519685106
3576.5388109542787,560.7990961875537,442.23901574803165,442.53342519685106
3582.8669009708574,560.2720508934128,445.23901574803165,442.53342519685106
3589.1587351405465,559.4145412543213,442.23901574803165,442.53342519685106
3595.486825157125,558.8874959601804,445.23901574803165,442.53342519685106
3601.7786593268142,558.0299863210889,442.23901574803165,442.53342519685106
3608.106749343393,557.5029410269481,445.23901574803165,442.53342519685106
3614.398583513082,556.6454313878565,442.23901574803165,442.53342519685106
3620.7266735296607,556.1183860937157,445.23901574803165,442.53342519685106
3627.01850769935,555.2608764546242,442.23901574803165,442.53342519685106
3633.3465977159285,554.7338311604833,445.23901574803165,442.53342519685106
3639.6384318856176,553.8763215213918,442.23901574803165,442.53342519685106
3645.9665219021963,553.3492762272509,445.23901574803165,442.53342519685106
3652.2583560718854,552.4917665881594,442.23901574803165,442.53342519685106
3658.586446088464,551.9647212940185,445.23901574803165,442.53342519685106
3664.878280258153,551.107211654927,442.23901574803165,442.53342519685106
3671.206370274732,550.5801663607862,445.23901574803165,442.53342519685106
3677.498204444421,549.7226567216946,442.23901574803165,442.53342519685106
3683.8262944609996,549.1956114275538,445.23901574803165,442.53342519685106
3690.1181286306887,548.3381017884623,442.23901574803165,442.53342519685106
3696.4462186472674,547.8110564943214,445.23901574803165,442.53342519685106
3702.7380528169565,546.9535468552299,442.23901574803165,442.53342519685106
3709.066142833535,546.426501561089,445.23901574803165,442.53342519685106
3715.3579770032243,545.5689919219975,442.23901574803165,442.53342519685106
3721.686067019803,545.0419466278566,445.23901574803165,442.53342519685106
3727.977901189492,544.1844369887651,442.23901574803165,442.53342519685106
3734.3059912060708,543.6573916946243,445.23901574803165,442.53342519685106
3740.59782537576,542.7998820555327,442.23901574803165,442.53342519685106
3746.9259153923385,542.2728367613919,445.23901574803165,442.53342519685106
3753.2177495620276,541.4153271223004,442.23901574803165,442.53342519685106
3759.5458395786063,540.8882818281595,445.23901574803165,445.17177165354394
3765.8928405871998,540.6931454734861,448.23901574803165,447.81011811023683
3772.2413558992175,540.8304529134646,451.23901574803165,450.4484645669297
3778.5739846754695,541.299827797946,454.23901574803165,453.0868110236226
3784.873369620656,542.099983602998,457.23901574803165,455.7251574803155
3791.1222445585067,543.228727157177,460.23901574803165,458.3635039370084
3797.303481757171,544.6829646528589,463.23901574803165,461.00185039370126
3803.4001388751403,546.458710126151,466.23901574803165,463.64019685039415
3809.395505399027,548.5510963821415,469.23901574803165,466.27854330708703
3815.4921625169964,550.3268418554336,466.23901574803165,468.9168897637799
3821.487529040883,552.4192281114241,469.23901574803165,471.5552362204728
3827.3651720877783,554.8225200648253,472.23901574803165,474.1935826771657
3833.108981446641,557.5301304594436,475.23901574803165,476.8319291338586
3838.703213735265,560.5346379233913,478.23901574803165,479.47027559055147
3844.1325355517974,563.8278073105503,481.23901574803165,482.10862204724435
3849.3820655025274,567.4006122725357,484.23901574803165,484.74696850393724
3854.4374149907503,571.2432599992895,487.23901574803165,484.74696850393724
3859.6869449414803,574.816064961275,484.23901574803165,484.74696850393724
3864.742294429703,578.6587126880288,487.23901574803165,484.74696850393724
3869.991824380433,582.2315176500142,484.23901574803165,484.74696850393724
3875.047173868656,586.0741653767681,487.23901574803165,484.74696850393724
3880.296703819386,589.6469703387535,484.23901574803165,484.74696850393724
3885.352053307609,593.4896180655073,487.23901574803165,484.74696850393724
3890.601583258339,597.0624230274927,484.23901574803165,484.74696850393724
3895.656932746562,600.9050707542466,487.23901574803165,484.74696850393724
3900.9064626972918,604.477875716232,484.23901574803165,484.74696850393724
3905.9618121855146,608.3205234429859,487.23901574803165,484.74696850393724
3911.2113421362446,611.8933284049713,484.23901574803165,484.74696850393724
3916.2666916244675,615.7359761317251,487.23901574803165,484.74696850393724
3921.5162215751975,619.3087810937105,484.23901574803165,484.74696850393724
3926.5715710634204,623.1514288204644,487.23901574803165,484.74696850393724
3931.8211010141504,626.7242337824498,484.23901574803165,484.74696850393724
3936.8764505023732,630.5668815092037,487.23901574803165,484.74696850393724
3942.1259804531032,634.1396864711891,484.23901574803165,484.74696850393724
3947.181329941326,637.9823341979429,487.23901574803165,484.74696850393724
3952.430859892056,641.5551391599283,484.23901574803165,484.74696850393724
3957.486209380279,645.3977868866822,487.23901574803165,487.3853149606301
3962.33352204444,649.4997449478844,490.23901574803165,490.023661417323
3966.9595117374597,653.849770161613,493.23901574803165,492.6620078740159
3971.3514989431383,658.4359394111237,496.23901574803165,495.3003543307088
3975.497445529828,663.2456823252843,499.23901574803165,497.9387007874017
3979.385987746116,668.2658157330881,502.23901574803165,500.57704724409456
3983.0064673680763,673.4825797978095,505.23901574803165,503.21539370078744
3986.348960912722,678.8816757317601,508.23901574803165,505.85374015748033
3989.404306837581,684.4483049882714,511.23901574803165,508.4920866141732
3992.7468003822264,689.8474009222219,508.23901574803165,511.1304330708661
3995.8021463070854,695.4140301787332,511.23901574803165,513.768779527559
3998.5619701213523,701.1329350139448,514.2390157480316,516.4071259842519
4001.018707339785,706.9884403072194,517.2390157480316,519.0454724409449
4003.1656242164336,712.9644965255595,520.2390157480316,521.6838188976378
4004.996836201369,719.0447237142612,523.2390157480316,524.3221653543308
4006.5073240698275,725.2124563932316,526.2390157480316,526.9605118110237
4007.692947679554,731.4507892359115,529.2390157480316,529.5988582677167
4008.5504573186454,737.7426234056005,532.2390157480316,532.2372047244096
4009.0775026127862,744.0707134221793,535.2390157480316,534.8755511811025
4009.2726389674594,750.4177144307727,538.2390157480316,537.5138976377955
4009.135331527481,756.7662297427906,541.2390157480316,540.1522440944884
4008.6659566429994,763.0988585190429,544.2390157480316,542.7905905511814
4007.8658008379475,769.3982434642294,547.2390157480316,545.4289370078743
4006.7370572837685,775.6471184020802,550.2390157480316,548.0672834645673
4005.2828197880867,781.8283556007447,553.2390157480316,550.7056299212602
4003.507074314795,787.9250127187137,556.2390157480316,553.3439763779531
4002.052836819113,794.1062499173781,553.2390157480316,555.9823228346461
4000.277091345821,800.2029070353472,556.2390157480316,558.620669291339
3998.184705089831,806.1982735592339,559.2390157480316,561.259015748032
3995.78141313643,812.0759166061293,562.2390157480316,563.8973622047249
3993.0738027418115,817.8197259649917,565.2390157480316,563.8973622047249
3990.6705107884104,823.6973690118871,562.2390157480316,563.8973622047249
3987.962900393792,829.4411783707494,565.2390157480316,563.8973622047249
3985.559608440391,835.3188214176448,562.2390157480316,563.8973622047249
3982.8519980457727,841.0626307765071,565.2390157480316,563.8973622047249
3980.4487060923716,846.9402738234025,562.2390157480316,563.8973622047249
3977.7410956977533,852.6840831822649,565.2390157480316,563.8973622047249
3975.337803744352,858.5617262291603,562.2390157480316,563.8973622047249
3972.630193349734,864.3055355880226,565.2390157480316,563.8973622047249
3970.226901396333,870.183178634918,562.2390157480316,563.8973622047249
3967.5192910017145,875.9269879937804,565.2390157480316,563.8973622047249
3965.1159990483134,881.8046310406758,562.2390157480316,563.8973622047249
3962.408388653695,887.5484403995381,565.2390157480316,563.8973622047249
3960.005096700294,893.4260834464335,562.2390157480316,563.8973622047249
3957.2974863056756,899.1698928052958,565.2390157480316,563.8973622047249
3954.8941943522746,905.0475358521912,562.2390157480316,563.8973622047249
3952.1865839576562,910.7913452110536,565.2390157480316,563.8973622047249
3949.783292004255,916.668988257949,562.2390157480316,563.8973622047249
3947.075681609637,922.4127976168113,565.2390157480316,563.8973622047249
3944.6723896562357,928.2904406637067,562.2390157480316,563.8973622047249
3941.9647792616174,934.034250022569,565.2390157480316,563.8973622047249
3939.5614873082163,939.9118930694644,562.2390157480316,563.8973622047249
3936.853876913598,945.6557024283268,565.2390157480316,563.8973622047249
3934.450584960197,951.5333454752222,562.2390157480316,563.8973622047249
3931.7429745655786,957.2771548340845,565.2390157480316,563.8973622047249
3929.3396826121775,963.1547978809799,562.2390157480316,563.8973622047249
3926.632072217559,968.8986072398422,565.2390157480316,563.8973622047249
3924.228780264158,974.7762502867376,562.2390157480316,563.8973622047249
3921.52116986954,980.5200596456,565.2390157480316,563.8973622047249
3919.1178779161387,986.3977026924954,562.2390157480316,563.8973622047249
3916.4102675215204,992.1415120513577,565.2390157480316,563.8973622047249
3914.0069755681193,998.0191550982531,562.2390157480316,561.259015748032
3911.914589312129,1004.0145216221399,559.2390157480316,558.620669291339
3910.138843838837,1010.1111787401089,556.2390157480316,555.9823228346461
3908.6846063431553,1016.2924159387734,553.2390157480316,553.3439763779531
3907.5558627889764,1022.5412908766242,550.2390157480316,550.7056299212602
3906.7557069839245,1028.8406758218107,547.2390157480316,548.0672834645673
3906.286332099443,1035.173304598063,544.2390157480316,545.4289370078743
3906.1490246594644,1041.521819910081,541.2390157480316,542.7905905511814
3906.3441610141376,1047.8688209186741,538.2390157480316,540.1522440944884
3906.8712063082785,1054.1969109352528,535.2390157480316,537.5138976377955
3907.72871594737,1060.4887451049417,532.2390157480316,534.8755511811025
3908.9143395570964,1066.7270779476216,529.2390157480316,532.2372047244096
3909.7718491961878,1073.0189121173105,532.2390157480316,529.5988582677167
3910.957472805914,1079.2572449599904,529.2390157480316,526.9605118110237
3912.4679606743725,1085.4249776389609,526.2390157480316,524.3221653543308
3914.299172659308,1091.5052048276625,523.2390157480316,521.6838188976378
3916.4460895359566,1097.4812610460026,520.2390157480316,519.0454724409449
3918.9028267543895,1103.3367663392773,517.2390157480316,516.4071259842519
3921.6626505686563,1109.055671174489,514.2390157480316,516.4071259842519
3924.119387787089,1114.9111764677637,517.2390157480316,516.4071259842519
3926.879211601356,1120.6300813029752,514.2390157480316,516.4071259842519
3929.335948819789,1126.48558659625,517.2390157480316,516.4071259842519
3932.0957726340557,1132.2044914314615,514.2390157480316,516.4071259842519
3934.5525098524886,1138.0599967247363,517.2390157480316,516.4071259842519
3937.3123336667554,1143.7789015599478,514.2390157480316,516.4071259842519
3939.7690708851883,1149.6344068532226,517.2390157480316,516.4071259842519
3942.528894699455,1155.3533116884341,514.2390157480316,516.4071259842519
3944.985631917888,1161.2088169817089,517.2390157480316,516.4071259842519
3947.745455732155,1166.9277218169204,514.2390157480316,513.768779527559
3950.800801657014,1172.4943510734317,511.23901574803165,511.1304330708661
3954.1432952016594,1177.8934470073823,508.23901574803165,508.4920866141732
3957.7637748236198,1183.1102110721038,505.23901574803165,505.85374015748033
3961.6523170399078,1188.1303444799075,502.23901574803165,503.21539370078744
3965.272796661868,1193.347108544629,505.23901574803165,503.21539370078744
3969.161338878156,1198.3672419524328,502.23901574803165,503.21539370078744
3972.7818185001165,1203.5840060171543,505.23901574803165,503.21539370078744
3976.6703607164045,1208.604139424958,502.23901574803165,503.21539370078744
3980.290840338365,1213.8209034896795,505.23901574803165,503.21539370078744
3984.179382554653,1218.8410368974833,502.23901574803165,503.21539370078744
3987.7998621766133,1224.0578009622047,505.23901574803165,503.21539370078744
3991.6884043929012,1229.0779343700085,502.23901574803165,503.21539370078744
3995.3088840148616,1234.29469843473,505.23901574803165,503.21539370078744
3999.1974262311496,1239.3148318425337,502.23901574803165,503.21539370078744
4002.81790585311,1244.5315959072552,505.23901574803165,503.21539370078744
4006.706448069398,1249.551729315059,502.23901574803165,503.21539370078744
4010.3269276913584,1254.7684933797805,505.23901574803165,503.21539370078744
4014.2154699076464,1259.7886267875842,502.23901574803165,503.21539370078744
4017.8359495296068,1265.0053908523057,505.23901574803165,503.21539370078744
4021.7244917458947,1270.0255242601095,502.23901574803165,503.21539370078744
4025.344971367855,1275.242288324831,505.23901574803165,503.21539370078744
4029.233513584143,1280.2624217326347,502.23901574803165,503.21539370078744
4032.8539932061035,1285.4791857973562,505.23901574803165,505.85374015748033
4036.196486750749,1290.8782817313067,508.23901574803165,508.4920866141732
4039.251832675608,1296.444910987818,511.23901574803165,511.1304330708661
4042.011656489875,1302.1638158230296,514.2390157480316,513.768779527559
4044.4683937083078,1308.0193211163044,517.2390157480316,516.4071259842519
4046.615310584956,1313.9953773346444,520.2390157480316,519.0454724409449
4048.446522569892,1320.075604523346,523.2390157480316,521.6838188976378
4049.95701043835,1326.2433372023165,526.2390157480316,524.3221653543308
4051.1426340480766,1332.4816700449965,529.2390157480316,526.9605118110237
4052.653121916535,1338.649402723967,526.2390157480316,526.9605118110237
4053.8387455262614,1344.8877355666468,529.2390157480316,526.9605118110237
4055.3492333947197,1351.0554682456172,526.2390157480316,526.9605118110237
4056.534857004446,1357.2938010882972,529.2390157480316,526.9605118110237
4058.0453448729045,1363.4615337672676,526.2390157480316,526.9605118110237
4059.230968482631,1369.6998666099475,529.2390157480316,526.9605118110237
4060.0884781217223,1375.9917007796364,532.2390157480316,529.5988582677167
4061.274101731449,1382.2300336223163,529.2390157480316,532.2372047244096
4062.13161137054,1388.5218677920052,532.2390157480316,534.8755511811025
4062.658656664681,1394.849957808584,535.2390157480316,537.5138976377955
4062.8537930193543,1401.1969588171771,538.2390157480316,540.1522440944884
4062.716485579376,1407.545474129195,541.2390157480316,542.7905905511814
4062.247110694894,1413.8781029054473,544.2390157480316,545.4289370078743
4061.4469548898423,1420.1774878506337,547.2390157480316,548.0672834645673
4060.3182113356634,1426.4263627884845,550.2390157480316,550.7056299212602
4058.8639738399816,1432.607599987149,553.2390157480316,550.7056299212602
4057.7352302858026,1438.8564749249997,550.2390157480316,550.7056299212602
4056.2809927901208,1445.037712123664,553.2390157480316,550.7056299212602
4055.152249235942,1451.2865870615149,550.2390157480316,550.7056299212602
4053.69801174026,1457.4678242601792,553.2390157480316,550.7056299212602
4052.569268186081,1463.71669919803,550.2390157480316,550.7056299212602
4051.115030690399,1469.8979363966944,553.2390157480316,550.7056299212602
4049.98628713622,1476.1468113345452,550.2390157480316,550.7056299212602
4048.5320496405384,1482.3280485332095,553.2390157480316,550.7056299212602
4047.4033060863594,1488.5769234710604,550.2390157480316,550.7056299212602
4045.9490685906776,1494.7581606697247,553.2390157480316,550.7056299212602
4044.8203250364986,1501.0070356075755,550.2390157480316,550.7056299212602
4043.366087540817,1507.1882728062399,553.2390157480316,553.3439763779531
4041.590342067525,1513.2849299242089,556.2390157480316,555.9823228346461
4039.4979558115347,1519.2802964480957,559.2390157480316,558.620669291339
4037.0946638581336,1525.157939494991,562.2390157480316,561.259015748032
4034.3870534635153,1530.9017488538534,565.2390157480316,563.8973622047249
4031.382545999568,1536.4959811424774,568.2390157480316,566.5357086614179
4028.089376612409,1541.9253029590102,571.2390157480316,569.1740551181108
4024.5165716504234,1547.1748329097402,574.2390157480316,571.8124015748037
4021.2234022632647,1552.604154726273,571.2390157480316,571.8124015748037
4017.650597301279,1557.853684677003,574.2390157480316,571.8124015748037
4014.3574279141203,1563.2830064935358,571.2390157480316,571.8124015748037
4010.7846229521347,1568.5325364442658,574.2390157480316,571.8124015748037
4007.491453564976,1573.9618582607986,571.2390157480316,571.8124015748037
4003.9186486029903,1579.2113882115286,574.2390157480316,571.8124015748037
4000.0760008762363,1584.2667376997513,577.2390157480316,574.4507480314967
3996.5031959142507,1589.5162676504813,574.2390157480316,577.0890944881896
3992.6605481874967,1594.571617138704,577.2390157480316,579.7274409448826
3988.5585901262943,1599.418929802865,580.2390157480316,579.7274409448826
3984.7159423995404,1604.4742792910877,577.2390157480316,579.7274409448826
3980.613984338338,1609.3215919552488,580.2390157480316,579.7274409448826
3976.771336611584,1614.3769414434714,577.2390157480316,579.7274409448826
3972.6693785503817,1619.2242541076325,580.2390157480316,579.7274409448826
3968.8267308236277,1624.2796035958552,577.2390157480316,579.7274409448826
3964.7247727624253,1629.1269162600163,580.2390157480316,579.7274409448826
3960.8821250356714,1634.182265748239,577.2390157480316,579.7274409448826
3956.780166974469,1639.0295784124,580.2390157480316,579.7274409448826
3952.937519247715,1644.0849279006227,577.2390157480316,579.7274409448826
3948.8355611865127,1648.9322405647838,580.2390157480316,579.7274409448826
3944.9929134597587,1653.9875900530064,577.2390157480316,579.7274409448826
3940.8909553985563,1658.8349027171676,580.2390157480316,579.7274409448826
3937.0483076718024,1663.8902522053902,577.2390157480316,577.0890944881896
3933.4755027098167,1669.1397821561202,574.2390157480316,574.4507480314967
3930.182333322658,1674.569103972653,571.2390157480316,571.8124015748037
3927.1778258587105,1680.163336261277,568.2390157480316,569.1740551181108
3924.4702154640922,1685.9071456201393,565.2390157480316,566.5357086614179
3922.066923510691,1691.7847886670347,562.2390157480316,563.8973622047249
3919.974537254701,1697.7801551909215,559.2390157480316,561.259015748032
3918.198791781409,1703.8768123088905,556.2390157480316,558.620669291339
3916.744554285727,1710.0580495075549,553.2390157480316,555.9823228346461
3914.9688088124353,1716.1547066255239,556.2390157480316,553.3439763779531
3913.5145713167535,1722.3359438241882,553.2390157480316,550.7056299212602
3912.3858277625745,1728.584818762039,550.2390157480316,548.0672834645673
3911.5856719575227,1734.8842037072254,547.2390157480316,548.0672834645673
3910.4569284033437,1741.1330786450762,550.2390157480316,548.0672834645673
3909.656772598292,1747.4324635902626,547.2390157480316,548.0672834645673
3908.528029044113,1753.6813385281134,550.2390157480316,548.0672834645673
3907.727873239061,1759.9807234732998,547.2390157480316,548.0672834645673
3906.599129684882,1766.2295984111506,550.2390157480316,548.0672834645673
3905.79897387983,1772.528983356337,547.2390157480316,548.0672834645673
3904.670230325651,1778.7778582941878,550.2390157480316,548.0672834645673
3903.8700745205992,1785.0772432393742,547.2390157480316,545.4289370078743
3903.4006996361177,1791.4098720156264,544.2390157480316,542.7905905511814
3903.263392196139,1797.7583873276444,541.2390157480316,540.1522440944884
3903.4585285508124,1804.1053883362376,538.2390157480316,537.5138976377955
3903.9855738449533,1810.4334783528163,535.2390157480316,534.8755511811025
3904.8430834840447,1816.7253125225052,532.2390157480316,532.2372047244096
3906.028707093771,1822.9636453651851,529.2390157480316,529.5988582677167
3907.5391949622294,1829.1313780441556,526.2390157480316,526.9605118110237
3908.724818571956,1835.3697108868355,529.2390157480316,526.9605118110237
3910.235306440414,1841.537443565806,526.2390157480316,526.9605118110237
3911.4209300501407,1847.7757764084859,529.2390157480316,526.9605118110237
3912.931417918599,1853.9435090874563,526.2390157480316,526.9605118110237
3914.1170415283254,1860.1818419301362,529.2390157480316,526.9605118110237
3915.6275293967838,1866.3495746091066,526.2390157480316,526.9605118110237
3916.81315300651,1872.5879074517866,529.2390157480316,526.9605118110237
3918.3236408749685,1878.755640130757,526.2390157480316,526.9605118110237
3919.509264484695,1884.993972973437,529.2390157480316,526.9605118110237
3921.0197523531533,1891.1617056524074,526.2390157480316,526.9605118110237
3922.2053759628798,1897.4000384950873,529.2390157480316,526.9605118110237
3923.715863831338,1903.5677711740577,526.2390157480316,526.9605118110237
3924.9014874410645,1909.8061040167377,529.2390157480316,526.9605118110237
3926.411975309523,1915.973836695708,526.2390157480316,526.9605118110237
3927.5975989192493,1922.212169538388,529.2390157480316,526.9605118110237
3929.1080867877076,1928.3799022173584,526.2390157480316,526.9605118110237
3930.293710397434,1934.6182350600384,529.2390157480316,526.9605118110237
3931.8041982658924,1940.7859677390088,526.2390157480316,526.9605118110237
3932.989821875619,1947.0243005816887,529.2390157480316,526.9605118110237
3934.500309744077,1953.1920332606592,526.2390157480316,526.9605118110237
3935.6859333538036,1959.430366103339,529.2390157480316,526.9605118110237
3937.196421222262,1965.5980987823095,526.2390157480316,526.9605118110237
3938.3820448319884,1971.8364316249895,529.2390157480316,526.9605118110237
3939.8925327004467,1978.00416430396,526.2390157480316,526.9605118110237
3941.078156310173,1984.2424971466398,529.2390157480316,526.9605118110237
3942.5886441786315,1990.4102298256103,526.2390157480316,526.9605118110237
3943.774267788358,1996.6485626682902,529.2390157480316,526.9605118110237
3945.2847556568163,2002.8162953472606,526.2390157480316,526.9605118110237
3946.4703792665427,2009.0546281899406,529.2390157480316,526.9605118110237
3947.980867135001,2015.222360868911,526.2390157480316,526.9605118110237
3949.1664907447275,2021.460693711591,529.2390157480316,526.9605118110237
3950.676978613186,2027.6284263905613,526.2390157480316,526.9605118110237
3951.8626022229123,2033.8667592332413,529.2390157480316,526.9605118110237
3953.3730900913706,2040.0344919122117,526.2390157480316,526.9605118110237
3954.558713701097,2046.2728247548916,529.2390157480316,526.9605118110237
3956.0692015695554,2052.440557433862,526.2390157480316,526.9605118110237
3957.254825179282,2058.678890276542,529.2390157480316,526.9605118110237
3958.76531304774,2064.8466229555124,526.2390157480316,526.9605118110237
3959.9509366574666,2071.0849557981924,529.2390157480316,526.9605118110237
3961.461424525925,2077.252688477163,526.2390157480316,526.9605118110237
3962.6470481356514,2083.4910213198427,529.2390157480316,529.5988582677167
3963.504557774743,2089.782855489532,532.2390157480316,532.2372047244096
3964.1970725488763,2096.0949805902887,533.7390157480316,534.8755511811025
3964.724117843017,2102.4230706068674,535.2390157480316,537.5138976377955
3965.0853324466475,2108.762788582466,536.7390157480316,540.1522440944884
3965.2804688013207,2115.1097895910593,538.2390157480316,542.7905905511814
3965.309393170327,2121.459723715196,539.7390157480316,545.4289370078743
3965.1720857303485,2127.808239027214,541.2390157480316,548.0672834645673
3964.868640585046,2134.1509845718333,542.7390157480316,550.7056299212602
3964.3992657005642,2140.4836133480853,544.2390157480316,553.3439763779531
3963.764282763004,2146.8017852885287,545.7390157480316,555.9823228346461
3962.964126957952,2153.101170233715,547.2390157480316,558.620669291339
3961.9993466722285,2159.3774508998645,548.7390157480316,561.259015748032
3960.8706031180495,2165.6263258377153,550.2390157480316,563.8973622047249
3959.5339099881485,2172.0589109694083,551.7390157480316,566.5357086614179
3957.978906429774,2178.668454367665,553.2390157480316,569.2624015748037
3956.201806829189,2185.4236110653,554.7390157480316,572.0774409448824
3954.248486808568,2192.129933895066,556.2390157480316,574.9707874015753
3952.120285075882,2198.782826678284,557.7390157480316,577.8641338582682
3949.8186601942925,2205.377729854559,559.2390157480316,580.7574803149612
3947.3451895825247,2211.910123606678,560.7390157480316,583.6508267716541
3944.7015684337835,2218.375530958263,562.2390157480316,586.5441732283471
3941.8896085539523,2224.7695208420696,563.7390157480316,589.43751968504
3938.911237119872,2231.087711136818,565.2390157480316,592.3308661417329
3935.768495358551,2237.3257716704816,566.7390157480316,595.2242125984259
3932.4635371482086,2243.4794271879678,568.2390157480316,598.1175590551188
3928.998627542116,2249.5444602811676,569.7390157480316,601.0109055118118
3925.376141216241,2255.516714279354,571.2390157480316,603.9042519685047
3921.5985608417645,2261.3920960979567,572.7390157480316,606.7975984251976
3917.6684753835807,2267.1665790437596,574.2390157480316,609.6909448818906
3913.58857832595,2272.836205574594,575.7390157480316,612.5842913385835
3909.2175472994104,2278.284536765429,578.7390157480316,615.4776377952765
3904.5673629961784,2283.49663911918,581.7390157480316,618.3709842519694
3899.6507712481994,2288.4582266255843,584.7390157480316,621.2643307086623
3894.481248091706,2293.155699918162,587.7390157480316,624.1576771653553
3889.0729628303416,2297.5761835491357,590.7390157480316,627.0510236220482
3883.4407391980817,2301.7075612801373,593.7390157480316,629.9443700787411
3877.6000147284117,2305.538509291974,596.7390157480316,632.8377165354341
3871.566798441119,2309.058527222432,599.7390157480316,635.731062992127
3865.3576269626833,2312.257966947037,602.7390157480316,638.62440944882
3858.989519200533,2315.1280590238944,605.7390157480316,641.5177559055129
3852.479929695402,2317.660936730119,608.7390157480316,644.4111023622058
3845.846700779648,2319.849657623976,611.7390157480316,647.3044488188988
3839.108013672659,2321.6882225736317,614.7390157480316,650.1977952755917
3832.282338647395,2323.1715922003564,617.7390157480316,650.1977952755917
3825.3883844046536,2324.2957006911106,620.7390157480316,650.1977952755917
3818.445046793821,2325.0574669426574,623.7390157480316,650.1977952755917
3811.4713570206627,2325.4548030066508,626.7390157480316,650.1977952755917
3804.4864294841123,2325.486619812558,629.7390157480316,650.1977952755917
3797.5094093850307,2325.152830152725,632.7390157480316,650.1977952755917
3790.559420250543,2324.454348921409,635.7390157480316,650.1977952755917
3783.655511517779,2323.393090607113,638.7390157480316,650.1977952755917
3777.438324974971,2322.101157368929,641.7390157480316,650.1977952755917
3771.2972734316663,2320.485612277488,644.7390157480316,650.1977952755917
3765.2491890832866,2318.5508834295915,647.7390157480316,650.1977952755917
3759.310649308633,2316.30227378253,650.7390157480316,650.1977952755917
3753.2625649602533,2314.3675449346333,647.7390157480316,650.1977952755917
3747.3240251855996,2312.1189352875717,650.7390157480316,650.1977952755917
3741.27594083722,2310.184206439675,647.7390157480316,650.1977952755917
3735.337401062566,2307.9355967926135,650.7390157480316,650.1977952755917
3729.2893167141865,2306.000867944717,647.7390157480316,650.1977952755917
3723.350776939533,2303.7522582976553,650.7390157480316,650.1977952755917
3717.302692591153,2301.8175294497587,647.7390157480316,650.1977952755917
3711.3641528164994,2299.568919802697,650.7390157480316,650.1977952755917
3705.3160684681197,2297.6341909548005,647.7390157480316,650.1977952755917
3699.377528693466,2295.385581307739,650.7390157480316,650.1977952755917
3693.3294443450864,2293.4508524598423,647.7390157480316,650.1977952755917
3687.3909045704327,2291.2022428127807,650.7390157480316,650.1977952755917
3681.342820222053,2289.267513964884,647.7390157480316,650.1977952755917
3675.4042804473993,2287.0189043178225,650.7390157480316,650.1977952755917
3669.3561960990196,2285.084175469926,647.7390157480316,650.1977952755917
3663.417656324366,2282.8355658228643,650.7390157480316,650.1977952755917
3657.369571975986,2280.9008369749677,647.7390157480316,650.1977952755917
3651.4310322013325,2278.652227327906,650.7390157480316,650.1977952755917
3645.618314125145,2276.0959001644233,653.7390157480316,652.8361417322847
3639.947350003633,2273.238862199586,656.7390157480316,655.4744881889776
3634.4336835552695,2270.0889443758656,659.7390157480316,658.1128346456705
3629.0924273565397,2266.654780399069,662.7390157480316,660.7511811023635
3623.938221419418,2262.94578307395,665.7390157480316,663.3895275590564
3618.9851930641134,2258.9721185043686,668.7390157480316,666.0278740157494
3613.8309871269917,2255.26312117925,665.7390157480316,668.6662204724423
3608.877958771687,2251.2894566096684,668.7390157480316,668.6662204724423
3603.7237528345654,2247.5804592845498,665.7390157480316,668.6662204724423
3598.770724479261,2243.606794714968,668.7390157480316,668.6662204724423
3593.616518542139,2239.8977973898495,665.7390157480316,668.6662204724423
3588.6634901868347,2235.924132820268,668.7390157480316,668.6662204724423
3583.509284249713,2232.2151354951493,665.7390157480316,668.6662204724423
3578.5562558944084,2228.2414709255677,668.7390157480316,668.6662204724423
3573.4020499572866,2224.532473600449,665.7390157480316,668.6662204724423
3568.449021601982,2220.5588090308675,668.7390157480316,668.6662204724423
3563.2948156648604,2216.849811705749,665.7390157480316,668.6662204724423
3558.341787309556,2212.876147136167,668.7390157480316,671.3045669291353
3553.6035124425093,2208.648706860502,671.7390157480316,673.9429133858282
3549.092978345778,2204.1790779987027,674.7390157480316,676.5812598425211
3544.8225480797983,2199.4795114927997,677.7390157480316,679.2196062992141
3540.8039265970947,2194.562888527923,680.7390157480316,681.857952755907
3537.0481286598206,2189.4426852258684,683.7390157480316,684.4962992126
3533.56544864906,2184.1329357079867,686.7390157480316,684.4962992126
3529.8096507117857,2179.012732405932,683.7390157480316,684.4962992126
3526.326970701025,2173.7029828880504,686.7390157480316,684.4962992126
3522.571172763751,2168.582779585996,683.7390157480316,684.4962992126
3519.08849275299,2163.273030068114,686.7390157480316,684.4962992126
3515.332694815716,2158.1528267660597,683.7390157480316,684.4962992126
3511.850014804955,2152.843077248178,686.7390157480316,684.4962992126
3508.094216867681,2147.7228739461234,683.7390157480316,684.4962992126
3504.6115368569203,2142.4131244282416,686.7390157480316,684.4962992126
3500.8557389196462,2137.292921126187,683.7390157480316,684.4962992126
3497.3730589088855,2131.9831716083054,686.7390157480316,684.4962992126
3493.6172609716114,2126.862968306251,683.7390157480316,684.4962992126
3490.1345809608506,2121.553218788369,686.7390157480316,684.4962992126
3486.3787830235765,2116.4330154863146,683.7390157480316,684.4962992126
3482.8961030128157,2111.123265968433,686.7390157480316,687.1346456692929
3479.6960867123994,2105.6385238890757,689.7390157480316,689.7729921259859
3476.7875051445767,2099.9938225450433,692.7390157480316,692.4113385826788
3474.178330529252,2094.204633670361,695.7390157480316,695.0496850393718
3471.875714432684,2088.286825029333,698.7390157480316,697.6880314960647
3469.8859681655413,2082.256616924102,701.7390157480316,700.3263779527576
3468.214545484036,2076.1305377359304,704.7390157480316,702.9647244094506
3466.866027641559,2069.9253786220543,707.7390157480316,705.6030708661435
3465.8441108317825,2063.658147492289,710.7390157480316,708.2414173228365
3465.151596057649,2057.346022391532,713.7390157480316,710.8797637795294
3464.1296792478724,2051.078791261767,710.7390157480316,713.5181102362224
3463.437164473739,2044.76666616101,713.7390157480316,716.1564566929153
3463.0759498701086,2038.426948185412,716.7390157480316,718.7948031496082
3463.0470255011023,2032.0770140612751,719.7390157480316,721.4331496063012
3463.350470646405,2025.7342685166554,722.7390157480316,724.0714960629941
3463.9854535839654,2019.4160965762119,725.7390157480316,726.7098425196871
3464.950233869689,2013.1398159100627,728.7390157480316,729.34818897638
3466.2421671078732,2006.9226293672546,731.7390157480316,731.986535433073
3467.857712199314,2000.78157782395,734.7390157480316,734.6248818897659
3469.7924410472106,1994.7334934755702,737.7390157480316,737.2632283464588
3472.041050694272,1988.7949537009167,740.7390157480316,739.9015748031518
3474.597377857755,1982.9822356247291,743.7390157480316,742.5399212598447
3477.454415822592,1977.311271503217,746.7390157480316,745.1782677165377
3480.6043336463126,1971.7976050548536,749.7390157480316,747.8166141732306
3484.0384976231094,1966.4563488561237,752.7390157480316,750.4549606299236
3487.747494948228,1961.3021429190019,755.7390157480316,753.0933070866165
3491.1816589250247,1955.960886720272,752.7390157480316,755.7316535433094
3494.8906562501434,1950.8066807831501,755.7390157480316,758.3700000000024
3498.864320819725,1945.8536524278454,758.7390157480316,761.0083464566953
3503.09176109539,1941.115377560799,761.7390157480316,763.6466929133883
3507.5613899571895,1936.6048434640682,764.7390157480316,766.2850393700812
3512.2609564630925,1932.3344131980884,767.7390157480316,768.9233858267742
3517.1775794279692,1928.3157917153849,770.7390157480316,771.5617322834671
3522.2977827300238,1924.5599937781108,773.7390157480316,774.20007874016
3527.6075322479055,1921.07731376735,776.7390157480316,776.838425196853
3533.0922743272627,1917.8772974669337,779.7390157480316,779.4767716535459
3538.736975671295,1914.968715899111,782.7390157480316,782.1151181102389
3544.2217177506523,1911.7686995986946,779.7390157480316,782.1151181102389
3549.8664190946847,1908.860118030872,782.7390157480316,782.1151181102389
3555.351161174042,1905.6601017304556,779.7390157480316,782.1151181102389
3560.9958625180743,1902.751520162633,782.7390157480316,782.1151181102389
3566.4806045974315,1899.5515038622166,779.7390157480316,782.1151181102389
3572.125305941464,1896.6429222943939,782.7390157480316,782.1151181102389
3577.610048020821,1893.4429059939775,779.7390157480316,782.1151181102389
3583.2547493648535,1890.5343244261549,782.7390157480316,782.1151181102389
3588.7394914442107,1887.3343081257385,779.7390157480316,782.1151181102389
3594.384192788243,1884.4257265579158,782.7390157480316,782.1151181102389
3599.8689348676003,1881.2257102574995,779.7390157480316,782.1151181102389
3605.5136362116327,1878.3171286896768,782.7390157480316,782.1151181102389
3610.99837829099,1875.1171123892605,779.7390157480316,782.1151181102389
3616.6430796350223,1872.2085308214378,782.7390157480316,782.1151181102389
3622.1278217143795,1869.0085145210214,779.7390157480316,779.4767716535459
3627.4375712322612,1865.5258345102607,776.7390157480316,776.838425196853
3632.5577745343157,1861.7700365729866,773.7390157480316,774.20007874016
3637.4743974991925,1857.751415090283,770.7390157480316,771.5617322834671
3642.1739640050955,1853.4809848243033,767.7390157480316,768.9233858267742
3646.643592866895,1848.9704507275724,764.7390157480316,766.2850393700812
3650.87103314256,1844.232175860526,761.7390157480316,763.6466929133883
3654.8446977121416,1839.2791475052213,758.7390157480316,761.0083464566953
3658.5536950372602,1834.1249415680995,755.7390157480316,758.3700000000024
3661.987859014057,1828.7836853693696,752.7390157480316,755.7316535433094
3665.5606639760426,1823.5341554186396,754.2390157480316,753.0933070866165
3668.9948279528394,1818.1928992199096,752.7390157480316,750.4549606299236
3672.287997339998,1812.7635774033768,751.2390157480316,747.8166141732306
3675.4379151637186,1807.2499109550133,749.7390157480316,745.1782677165377
3678.442422627666,1801.6556786663893,748.2390157480316,742.5399212598447
3681.2994605925032,1795.9847145448773,746.7390157480316,739.9015748031518
3684.0070709871216,1790.240905186015,745.2390157480316,737.2632283464588
3686.5633981506044,1784.4281871098274,743.7390157480316,734.6248818897659
3688.9666901040055,1778.550544062932,742.2390157480316,731.986535433073
3691.215299751067,1772.6120042882785,740.7390157480316,729.34818897638
3693.3076860070573,1766.6166377643917,739.2390157480316,726.7098425196871
3695.242414854954,1760.5685534160118,737.7390157480316,724.0714960629941
3697.0796822186594,1754.2606735317509,736.2390157480316,721.4331496063012
3698.8071705920265,1747.6941003067056,734.7390157480316,718.7064566929154
3700.4068318372765,1740.8947393881747,733.2390157480316,715.8914173228367
3701.8279583992794,1734.0558341910858,731.7390157480316,712.9980708661437
4075,1375,180,180
4075.0057589286275,1375.2199246114947,178.5,179.9116535433071
4075.0057589286275,1375.6599246114947,180.0,179.73496062992126
4075.040300659748,1376.3190201044326,177.0,179.46992125984252
4075.040300659748,1377.1990201044327,180.0,179.11653543307088
4075.0978702116154,1378.2975125926628,177.0,178.6748031496063
4075.0978702116154,1379.6175125926627,180.0,178.14472440944883
4075.1784675842296,1381.1554020761848,177.0,177.52629921259845
4075.3624376795806,1382.905760612033,174.0,176.81952755905513
4075.4660628729416,1384.883047090847,177.0,176.02440944881891
4075.6960254921305,1387.0709952606571,174.0,175.1409448818898
4075.8226785062384,1389.4876787347632,177.0,174.16913385826774
4076.098633649265,1392.1132165385354,174.0,173.10897637795279
4076.5460362192803,1394.9380051926375,171.0,171.9604724409449
4077.186404226999,1397.9506998028976,168.0,170.7236220472441
4077.702637961632,1401.2100713268615,171.0,169.3984251968504
4078.4344871133103,1404.6531508814444,168.0,167.98488188976378
4079.4024703419936,1408.2657134717656,165.0,166.48299212598425
4080.6261776397187,1412.0318972762943,162.0,164.89275590551182
4081.7080412482474,1416.0694672301827,165.0,163.21417322834645
4083.0677160234973,1420.2541159018813,162.0,161.44724409448818
4084.7233759503965,1424.5672574722983,159.0,161.44724409448818
4086.1201327649715,1428.8660329259524,162.0,161.44724409448818
4087.7041191019616,1432.99245841107,159.0,161.44724409448818
4089.039072517661,1437.101022561465,162.0,161.44724409448818
4090.5513852647423,1441.0407319612832,159.0,161.44724409448818
4091.824535281567,1444.9590848084192,162.0,161.44724409448818
4093.265174438739,1448.712078122938,159.0,161.44724409448818
4094.476521056689,1452.440219666815,162.0,161.44724409448818
4095.8454866239517,1456.0064968960344,159.0,161.44724409448818
4096.995029843027,1459.5444271366523,162.0,161.44724409448818
4098.2923218203805,1462.923988280572,159.0,161.44724409448818
4099.380061640581,1466.271707217931,162.0,161.44724409448818
4100.605680028026,1469.4645522765513,159.0,161.44724409448818
4101.631616449351,1472.6220599106512,162.0,161.44724409448818
4102.785561246887,1475.6281888839721,159.0,161.44724409448818
4103.749694269336,1478.595485214813,162.0,162.70015748031494
4104.614149879979,1481.8216774746184,165.0,164.04141732283463
4105.35431549929,1485.3038829332306,168.0,165.47102362204723
4106.332651489778,1488.9550825566032,165.0,166.98897637795275
4107.164298253049,1492.8676729595384,168.0,168.59527559055118
4107.824451695519,1497.0357177568499,171.0,170.28992125984252
4108.288558072428,1501.451394972285,174.0,172.07291338582678
4109.017542679515,1506.0540226394583,171.0,173.94425196850395
4109.527641580261,1510.9072894888554,174.0,175.90393700787402
4109.7945549570995,1516.0003001161037,177.0,177.95196850393702
4075,1375,180,180
4074.9884860896263,1375.219698497646,183.0,180.0883464566929
4074.9884860896263,1375.659698497646,180.0,180.26503937007874
4074.953944358506,1376.318793990584,183.0,180.53007874015748
4074.953944358506,1377.1987939905841,180.0,180.88346456692912
4074.8963748066385,1378.2972864788142,183.0,181.3251968503937
4074.8963748066385,1379.617286478814,180.0,181.85527559055117
4074.8157774340243,1381.1551759623362,183.0,182.47370078740155
4074.6318073386733,1382.9055344981844,186.0,183.18047244094487
4074.5281821453123,1384.8828209769983,183.0,183.97559055118109
4074.2982195261234,1387.0707691468085,186.0,184.8590551181102
4074.1715665120155,1389.4874526209146,183.0,185.83086614173226
4073.8956113689887,1392.1129904246868,186.0,186.89102362204721
4073.4482087989736,1394.937779078789,189.0,188.0395275590551
4072.807840791255,1397.950473689049,192.0,189.2763779527559
4072.291607056622,1401.2098452130128,189.0,190.6015748031496
4071.5597579049436,1404.6529247675958,192.0,192.01511811023622
4070.5917746762602,1408.265487357917,195.0,193.51700787401575
4069.368067378535,1412.0316711624457,198.0,195.10724409448818
4068.2862037700065,1416.069241116334,195.0,196.78582677165355
4066.9265289947566,1420.2538897880327,198.0,198.55275590551182
4065.2708690678573,1424.5670313584496,201.0,200.408031496063
4063.3022637153704,1428.98859137344,204.0,202.3516535433071
4061.603599634526,1433.4137625950366,201.0,202.3516535433071
4059.716341610654,1437.6526135184984,204.0,202.3516535433071
4058.0893511197187,1441.8910686547956,201.0,202.3516535433071
4056.2834404244622,1445.9472104867289,204.0,202.3516535433071
4054.7281235234354,1449.9989495377267,201.0,202.3516535433071
4053.0035601567943,1453.8723822781315,204.0,202.3516535433071
4051.5199168456766,1457.73740524383,201.0,202.3516535433071
4049.87670080765,1461.4281288927061,204.0,202.3516535433071
4048.4647310864416,1465.1064357731052,201.0,202.3516535433071
4046.9028623770305,1468.6144503304529,204.0,202.3516535433071
4045.562566245731,1472.1060411255523,201.0,202.3516535433071
4044.082044864935,1475.4313465913715,204.0,202.3516535433071
4042.8134223235447,1478.7362213011716,201.0,202.3516535433071
4041.414248271364,1481.8788176754622,204.0,202.3516535433071
4040.217299319883,1484.9969762999629,201.0,202.3516535433071
4038.899472596317,1487.956863582725,204.0,202.3516535433071
4037.774197234745,1490.8883061219262,201.0,202.3516535433071
4036.5377178397944,1493.6654843131598,204.0,202.3516535433071
4035.369438324277,1496.7089565035408,201.0,202.3516535433071
4033.953994806373,1499.888094696137,204.0,202.3516535433071
4032.6280333930554,1503.3423422741766,201.0,202.3516535433071
4031.033625752198,1506.9234404681356,204.0,202.3516535433071
4029.5499824410804,1510.788463433834,201.0,202.3516535433071
4027.7766106772697,1514.7715216291558,204.0,202.3516535433071
4026.1352854683523,1519.047319982513,201.0,202.3516535433071
4024.1829495815887,1523.4323381791976,204.0,202.3516535433071
4022.383942474871,1528.1189119202136,201.0,202.3516535433071
4020.252642465154,1532.905890118261,204.0,202.3516535433071
4018.2959534606366,1538.0032392469357,201.0,202.3516535433071
4015.985689327966,1543.1921774463456,204.0,202.3516535433071
4013.871318425649,1548.700301962679,201.0,202.3516535433071
4011.382090170025,1554.2912001634518,204.0,202.3516535433071
4009.110037369908,1560.210100067444,201.0,202.3516535433071
4006.5272596863765,1566.0111137234746,204.0,202.3516535433071
4004.2516232067637,1571.939349431732,201.0,202.3516535433071
4001.6688455232324,1577.7403630877625,204.0,202.3516535433071
3999.3932090436197,1583.6685987960198,201.0,202.3516535433071
3996.8104313600884,1589.4696124520503,204.0,202.3516535433071
3994.5347948804756,1595.3978481603076,201.0,202.3516535433071
3991.9520171969443,1601.1988618163382,204.0,202.3516535433071
3989.6763807173315,1607.1270975245955,201.0,202.3516535433071
3987.0936030338003,1612.928111180626,204.0,202.3516535433071
3984.8179665541875,1618.8563468888833,201.0,202.3516535433071
3982.235188870656,1624.657360544914,204.0,202.3516535433071
3979.9595523910434,1630.5855962531712,201.0,202.3516535433071
3977.376774707512,1636.3866099092018,204.0,202.3516535433071
3975.1011382278994,1642.314845617459,201.0,202.3516535433071
3972.518360544368,1648.1158592734896,204.0,202.3516535433071
3970.2427240647553,1654.0440949817469,201.0,202.3516535433071
3967.659946381224,1659.8451086377775,204.0,202.3516535433071
3965.3843099016112,1665.7733443460347,201.0,202.3516535433071
3962.80153221808,1671.5743580020653,204.0,202.3516535433071
3960.525895738467,1677.5025937103226,201.0,202.3516535433071
3957.943118054936,1683.3036073663532,204.0,202.3516535433071
3955.667481575323,1689.2318430746104,201.0,202.3516535433071
3953.084703891792,1695.032856730641,204.0,202.3516535433071
3950.809067412179,1700.9610924388983,201.0,202.3516535433071
3948.2262897286478,1706.7621060949289,204.0,202.3516535433071
3945.950653249035,1712.6903418031861,201.0,202.3516535433071
3943.3678755655037,1718.4913554592167,204.0,202.3516535433071
3941.092239085891,1724.419591167474,201.0,202.3516535433071
3939.12998117161,1730.4588000459482,198.0,199.71330708661418
3937.486480235209,1736.5924290428839,195.0,197.07496062992126
3936.166240998516,1742.8036663075436,192.0,194.43661417322835
3935.172882145511,1749.0754872703228,189.0,191.79826771653543
3933.852642908818,1755.2867245349826,192.0,189.15992125984252
3932.8592840558126,1761.5585454977618,189.0,186.5215748031496
3932.195528314063,1767.8737595333503,186.0,183.8832283464567
3931.86319499192,1774.2150570790418,183.0,183.8832283464567
3931.19943925017,1780.5302711146303,186.0,183.8832283464567
3930.8671059280273,1786.8715686603218,183.0,183.8832283464567
3930.2033501862775,1793.1867826959103,186.0,183.8832283464567
3929.8710168641346,1799.5280802416019,183.0,183.8832283464567
3929.207261122385,1805.8432942771904,186.0,183.8832283464567
3928.874927800242,1812.1845918228819,183.0,183.8832283464567
3928.211172058492,1818.4998058584704,186.0,183.8832283464567
3927.8788387363493,1824.841103404162,183.0,183.8832283464567
3927.2150829945995,1831.1563174397504,186.0,183.8832283464567
3926.8827496724566,1837.497614985442,183.0,183.8832283464567
3926.218993930707,1843.8128290210304,186.0,183.8832283464567
3925.886660608564,1850.154126566722,183.0,183.8832283464567
3925.222904866814,1856.4693406023105,186.0,183.8832283464567
3924.8905715446713,1862.810638148002,183.0,183.8832283464567
3924.2268158029215,1869.1258521835905,186.0,183.8832283464567
3923.8944824807786,1875.467149729282,183.0,183.8832283464567
3923.230726739029,1881.7823637648705,186.0,183.8832283464567
3922.898393416886,1888.123661310562,183.0,183.8832283464567
3922.234637675136,1894.4388753461506,186.0,183.8832283464567
3921.9023043529933,1900.780172891842,183.0,183.8832283464567
3921.9023043529933,1907.130172891842,180.0,181.24488188976378
3922.234637675136,1913.4714704375335,177.0,178.60653543307086
3922.898393416886,1919.786684473122,174.0,175.96818897637795
3923.891752269891,1926.0585054359012,171.0,173.32984251968503
3925.211991506584,1932.269742700561,168.0,170.69149606299212
3926.2053503595894,1938.5415636633402,171.0,168.0531496062992
3927.5255895962823,1944.752800928,168.0,168.0531496062992
3928.5189484492876,1951.0246218907791,171.0,168.0531496062992
3929.8391876859805,1957.235859155439,168.0,168.0531496062992
3930.8325465389858,1963.507680118218,171.0,168.0531496062992
3932.1527857756787,1969.7189173828779,168.0,168.0531496062992
3933.146144628684,1975.990738345657,171.0,168.0531496062992
3934.466383865377,1982.2019756103168,168.0,168.0531496062992
3935.459742718382,1988.473796573096,171.0,168.0531496062992
3936.779981955075,1994.6850338377558,168.0,168.0531496062992
3937.7733408080803,2000.956854800535,171.0,168.0531496062992
3939.0935800447733,2007.1680920651947,168.0,168.0531496062992
3940.0869388977785,2013.439913027974,171.0,168.0531496062992
3941.4071781344715,2019.6511502926337,168.0,168.0531496062992
3942.4005369874767,2025.922971255413,171.0,168.0531496062992
3943.7207762241696,2032.1342085200727,168.0,168.0531496062992
3944.714135077175,2038.4060294828519,171.0,168.0531496062992
3946.034374313868,2044.6172667475116,168.0,168.0531496062992
3947.027733166873,2050.889087710291,171.0,168.0531496062992
3948.347972403566,2057.1003249749506,168.0,168.0531496062992
3949.3413312565713,2063.37214593773,171.0,170.69149606299212
3950.005086998321,2069.6873599733185,174.0,173.32984251968503
3950.337420320464,2076.0286575190103,177.0,175.96818897637795
3950.337420320464,2082.37865751901,180.0,178.60653543307086
3950.005086998321,2088.719955064702,183.0,181.24488188976378
3949.5068717404492,2095.0503801339073,184.5,183.8832283464567
3948.8431159986994,2101.365594169496,186.0,186.5215748031496
3948.014274678102,2107.66126903922,187.5,189.15992125984252
3947.020915825097,2113.933090001999,189.0,191.79826771653543
3945.8637202382215,2120.1767586650303,190.5,194.43661417322835
3944.5434810015286,2126.38799592969,192.0,197.07496062992126
3943.0611029410434,2132.562544924215,193.5,199.71330708661418
3941.4176020046425,2138.6961739211506,195.0,202.3516535433071
3939.614104565773,2144.7846792375635,196.5,204.99
3937.6518466514917,2150.823888116038,198.0,207.62834645669292
3935.5321730953574,2156.809661584473,199.5,210.26669291338584
3933.2565366157446,2162.73789729273,201.0,212.90503937007875
3930.826496820226,2168.6045323241765,202.5,215.54338582677167
3928.243719136695,2174.405545980207,204.0,218.18173228346458
3925.4152612306643,2180.335531298386,205.5,220.8200787401575
3922.3326657374328,2186.3854655976247,207.0,223.54677165354332
3918.9997117970192,2192.5240031295684,208.5,226.36181102362207
3915.5072117970194,2198.5731905750026,210.0,229.25515748031498
3911.8575593224787,2204.528882123016,211.5,232.1485039370079
3908.0532556628987,2210.386996040115,213.0,235.0418503937008
4075,1375,180,180
4074.9942410713725,1375.2199246114947,181.5,180.0883464566929
4074.9942410713725,1375.6599246114947,180.0,180.26503937007874
4074.9769642854894,1376.3196984459785,181.5,180.53007874015748
4074.9769642854894,1377.1996984459786,180.0,180.88346456692912
4074.948169642351,1378.2993215034517,181.5,181.3251968503937
4074.8790861801103,1379.6175124893277,183.0,181.85527559055117
4074.8387736797163,1381.1569847697901,181.5,182.47370078740155
4074.746662396729,1382.914572750958,183.0,183.18047244094487
4074.5913133871877,1384.8884690717496,184.5,183.97559055118109
4074.361350767999,1387.0764172415597,186.0,184.8590551181102
4074.1714797563372,1389.4889571891938,184.5,185.83086614173226
4073.8955246133105,1392.114494992966,186.0,186.89102362204721
4073.522219703561,1394.9500272964951,187.5,188.0395275590551
4072.960934285045,1397.9784524117922,190.5,189.2763779527559
4072.1905645843203,1401.1872731491046,193.5,190.6015748031496
4071.549095534588,1404.6483304237297,190.5,192.01511811023622
4070.676009873767,1408.284993926017,193.5,193.51700787401575
4069.551309108739,1412.081920076095,196.5,195.10724409448818
4068.5755074878216,1416.1464263433572,193.5,195.10724409448818
4067.3258399711244,1420.3652331767773,196.5,195.10724409448818
4066.24732239011,1424.8575822090147,193.5,195.10724409448818
4064.9635730320483,1429.191447410619,196.5,195.10724409448818
4063.9317445238053,1433.4893224587768,193.5,195.10724409448818
4062.7047982346844,1437.6314237134075,196.5,195.10724409448818
4061.7196587992125,1441.7348247774858,193.5,195.10724409448818
4060.5495155790322,1445.6851620851428,196.5,195.10724409448818
4059.6110652163316,1449.5940891651414,193.5,195.10724409448818
4058.4977250650923,1453.3526625258248,196.5,195.10724409448818
4057.6059637751628,1457.067115621744,193.5,195.10724409448818
4056.549426692864,1460.6339250354538,196.5,195.10724409448818
4055.7043544757057,1464.1539041472934,193.5,195.10724409448818
4054.704620462348,1467.5289496140294,196.5,195.10724409448818
4053.906237317961,1470.8544547417896,193.5,195.10724409448818
4052.9633063735437,1474.037736261552,196.5,195.10724409448818
4052.2116123019277,1477.1687674052325,193.5,195.10724409448818
4051.3254844264516,1480.1602849780213,196.5,195.10724409448818
4050.620479427607,1483.0968421376224,193.5,195.10724409448818
4049.791154621071,1485.8965957634375,196.5,195.10724409448818
4049.1328386949976,1488.638678938959,193.5,195.10724409448818
4048.269432047098,1491.5534909329583,196.5,195.10724409448818
4047.5084001609275,1494.7234168734547,193.5,195.10724409448818
4046.5200267613577,1498.060109550796,196.5,195.10724409448818
4045.6562789150908,1501.6578782562674,193.5,195.10724409448818
4044.5429387638515,1505.4164516169508,196.5,195.10724409448818
4043.576474957488,1509.4420630873972,193.5,195.10724409448818
4042.3381680545785,1513.6225171314225,196.5,195.10724409448818
4041.2689882881186,1518.0759713668438,193.5,195.10724409448818
4039.90571463354,1522.6783060942112,196.5,195.10724409448818
4038.7338189069833,1527.5596030946076,193.5,195.10724409448818
4037.2455785007346,1532.583818505317,196.5,195.10724409448818
4035.9709668140813,1537.8929582706883,193.5,195.10724409448818
4034.357759656163,1543.3390543647397,196.5,195.10724409448818
4032.980432009413,1549.076036895086,193.5,195.10724409448818
4031.242258099825,1554.9440136724793,196.5,195.10724409448818
4029.7622144929787,1561.1088389678005,193.5,195.10724409448818
4027.958717054109,1567.1973442842134,196.5,195.10724409448818
4026.476338993624,1573.3718932787385,193.5,195.10724409448818
4024.672841554754,1579.4603985951514,196.5,195.10724409448818
4023.190463494269,1585.6349475896766,193.5,195.10724409448818
4021.386966055399,1591.7234529060895,196.5,195.10724409448818
4019.904587994914,1597.8980019006146,193.5,195.10724409448818
4018.1010905560443,1603.9865072170276,196.5,195.10724409448818
4016.618712495559,1610.1610562115527,193.5,195.10724409448818
4014.8152150566893,1616.2495615279656,196.5,195.10724409448818
4013.332836996204,1622.4241105224908,193.5,195.10724409448818
4011.5293395573344,1628.5126158389037,196.5,195.10724409448818
4010.0469614968492,1634.6871648334288,193.5,195.10724409448818
4008.2434640579795,1640.7756701498417,196.5,195.10724409448818
4006.7610859974943,1646.9502191443669,193.5,195.10724409448818
4004.9575885586246,1653.0387244607798,196.5,195.10724409448818
4003.4752104981394,1659.213273455305,193.5,195.10724409448818
4001.6717130592697,1665.3017787717179,196.5,195.10724409448818
4000.1893349987845,1671.476327766243,193.5,195.10724409448818
3998.3858375599148,1677.564833082656,196.5,195.10724409448818
3996.9034594994296,1683.739382077181,193.5,195.10724409448818
3995.09996206056,1689.827887393594,196.5,195.10724409448818
3993.6175840000747,1696.0024363881191,193.5,195.10724409448818
3991.814086561205,1702.090941704532,196.5,195.10724409448818
3990.3317085007197,1708.2654906990572,193.5,195.10724409448818
3988.52821106185,1714.35399601547,196.5,195.10724409448818
3987.045833001365,1720.5285450099952,193.5,195.10724409448818
3985.242335562495,1726.6170503264082,196.5,195.10724409448818
3983.75995750201,1732.7915993209333,193.5,195.10724409448818
3981.95646006314,1738.8801046373462,196.5,195.10724409448818
3980.474082002655,1745.0546536318714,193.5,195.10724409448818
3978.6705845637853,1751.1431589482843,196.5,195.10724409448818
3977.1882065033,1757.3177079428094,193.5,195.10724409448818
3975.3847090644304,1763.4062132592223,196.5,195.10724409448818
3973.902331003945,1769.5807622537475,193.5,195.10724409448818
3972.0988335650754,1775.6692675701604,196.5,195.10724409448818
3970.6164555045902,1781.8438165646855,193.5,195.10724409448818
3968.8129580657205,1787.9323218810985,196.5,195.10724409448818
3967.3305800052353,1794.1068708756236,193.5,195.10724409448818
3965.5270825663656,1800.1953761920365,196.5,195.10724409448818
3964.0447045058804,1806.3699251865617,193.5,195.10724409448818
3962.2412070670107,1812.4584305029746,196.5,195.10724409448818
3960.7588290065255,1818.6329794974997,193.5,195.10724409448818
3958.955331567656,1824.7214848139126,196.5,195.10724409448818
3957.4729535071706,1830.8960338084378,193.5,195.10724409448818
3955.669456068301,1836.9845391248507,196.5,195.10724409448818
3954.1870780078157,1843.1590881193758,193.5,195.10724409448818
3952.383580568946,1849.2475934357888,196.5,195.10724409448818
3950.9012025084608,1855.422142430314,193.5,195.10724409448818
3949.097705069591,1861.5106477467268,196.5,195.10724409448818
3947.615327009106,1867.685196741252,193.5,195.10724409448818
3945.811829570236,1873.7737020576649,196.5,195.10724409448818
3944.329451509751,1879.94825105219,193.5,195.10724409448818
3942.525954070881,1886.036756368603,196.5,195.10724409448818
3941.043576010396,1892.211305363128,193.5,195.10724409448818
3939.2400785715263,1898.299810679541,196.5,195.10724409448818
3937.757700511041,1904.4743596740661,193.5,192.46889763779527
3936.6005049241658,1910.7180283370972,190.5,189.83055118110235
3935.7716636035684,1917.0137032068208,187.5,187.19220472440944
3935.2734483456966,1923.3441282760261,184.5,184.55385826771652
3935.1072247239417,1929.691952289621,181.5,181.9155118110236
3935.2734483456966,1936.0397763032158,178.5,179.2771653543307
3935.7716636035684,1942.3702013724212,175.5,176.63881889763778
3936.6005049241658,1948.6658762421448,172.5,174.00047244094486
3937.0987201820376,1954.9963013113502,175.5,174.00047244094486
3937.927561502635,1961.2919761810738,172.5,174.00047244094486
3938.425776760507,1967.6224012502792,175.5,174.00047244094486
3939.254618081104,1973.9180761200028,172.5,174.00047244094486
3939.752833338976,1980.2485011892081,175.5,174.00047244094486
3940.5816746595733,1986.5441760589317,172.5,174.00047244094486
3941.079889917445,1992.874601128137,175.5,174.00047244094486
3941.2461135392,1999.222425141732,178.5,176.63881889763778
3941.079889917445,2005.5702491553268,181.5,179.2771653543307
3940.5816746595733,2011.9006742245322,184.5,181.9155118110236
3939.752833338976,2018.1963490942558,187.5,184.55385826771652
3939.254618081104,2024.5267741634611,184.5,187.19220472440944
3938.425776760507,2030.8224490331847,187.5,189.83055118110235
3937.2685811736314,2037.0661176962158,190.5,192.46889763779527
3935.7862031131463,2043.240666690741,193.5,195.10724409448818
3933.9827056742765,2049.329172007154,196.5,197.7455905511811
3931.863032118142,2055.314945475589,199.5,200.383937007874
3929.4329923226237,2061.1815805070355,202.5,203.02228346456693
3926.699246857891,2066.9129970626573,205.5,205.66062992125984
3923.6692887302424,2072.493485728061,208.5,208.29897637795276
3920.3514228442964,2077.9077507717093,211.5,210.93732283464567
3916.7547432398237,2083.140952069459,214.5,213.57566929133858
3912.8891081656184,2088.1787457803084,217.5,216.2140157480315
3908.765113058722,2093.0073236618687,220.5,218.85236220472441
3904.3940615030665,2097.613450917797,223.5,221.49070866141733
3899.7879342471383,2101.9845024734523,226.5,224.12905511811024
3894.959356365578,2106.1084975803487,229.5,226.76740157480316
4075,1375,180,180
4074.9884860896263,1375.219698497646,183.0,180.0883464566929
4074.9884860896263,1375.659698497646,180.0,180.26503937007874
4074.953944358506,1376.318793990584,183.0,180.53007874015748
4074.953944358506,1377.1987939905841,180.0,180.88346456692912
4074.8963748066385,1378.2972864788142,183.0,181.3251968503937
4074.8963748066385,1379.617286478814,180.0,181.85527559055117
4074.8157774340243,1381.1551759623362,183.0,182.47370078740155
4074.6318073386733,1382.9055344981844,186.0,183.18047244094487
4074.5281821453123,1384.8828209769983,183.0,183.97559055118109
4074.2982195261234,1387.0707691468085,186.0,183.97559055118109
4074.1715665120155,1389.4874526209146,183.0,183.97559055118109
4073.8956113689887,1392.1129904246868,186.0,183.97559055118109
4073.745930534134,1394.969070894085,183.0,183.97559055118109
4073.42398286727,1398.0321983318192,186.0,183.97559055118109
4073.2512742116683,1401.3276757965093,183.0,183.97559055118109
4072.8833340209662,1404.8283928682056,186.0,183.97559055118109
4072.687597544618,1408.5632673281877,183.0,183.97559055118109
4072.273664830078,1412.501574033846,186.0,183.97559055118109
4072.054900532982,1416.67584548912,183.0,183.97559055118109
4071.5949752946044,1421.0517418287404,186.0,183.97559055118109
4071.353183176762,1425.6654102793066,183.0,183.97559055118109
4070.847265414546,1430.478896252889,186.0,183.97559055118109
4070.582445475957,1435.5319616987472,183.0,183.97559055118109
4070.0305351899037,1440.7830373062916,186.0,183.97559055118109
4069.7426874305675,1446.2754997474417,183.0,183.97559055118109
4069.1447846206765,1451.9641649889481,186.0,183.97559055118109
4068.8339090405934,1457.8960244253904,183.0,183.97559055118109
4068.1900137068646,1464.0222793008588,186.0,183.97559055118109
4067.857680384722,1470.3635768465504,183.0,183.97559055118109
4067.193924642972,1476.6787908821389,186.0,183.97559055118109
4066.861591320829,1483.0200884278304,183.0,183.97559055118109
4066.1978355790793,1489.3353024634189,186.0,183.97559055118109
4065.8655022569365,1495.6766000091104,183.0,183.97559055118109
4065.2017465151866,1501.991814044699,186.0,183.97559055118109
4064.869413193044,1508.3331115903904,183.0,183.97559055118109
4064.205657451294,1514.648325625979,186.0,183.97559055118109
4063.2122985982887,1520.9201465887581,189.0,186.613937007874
4061.892059361596,1527.131383853418,192.0,189.25228346456691
4060.8987005085905,1533.403204816197,189.0,191.89062992125983
4059.5784612718976,1539.6144420808569,192.0,194.52897637795274
4057.9349603354967,1545.7480710777925,195.0,197.16732283464566
4055.9727024212157,1551.7872799562667,198.0,199.80566929133857
4053.697065941603,1557.715515664524,201.0,202.4440157480315
4051.1142882580716,1563.5165293205546,204.0,205.0823622047244
4048.2314485847255,1569.1744207491506,207.0,207.72070866141732
4045.0564485847253,1574.6736820631818,210.0,210.35905511811023
4041.59799071238,1579.9992401696352,213.0,210.35905511811023
4038.42299071238,1585.4985014836664,210.0,210.35905511811023
4034.9645328400347,1590.8240595901198,213.0,210.35905511811023
4031.7895328400346,1596.323320904151,210.0,210.35905511811023
4028.3310749676893,1601.6488790106043,213.0,210.35905511811023
4025.156074967689,1607.1481403246355,210.0,210.35905511811023
4021.697617095344,1612.473698431089,213.0,210.35905511811023
4018.522617095344,1617.97295974512,210.0,210.35905511811023
4015.0641592229986,1623.2985178515735,213.0,210.35905511811023
4011.8891592229984,1628.7977791656047,210.0,210.35905511811023
4008.430701350653,1634.123337272058,213.0,210.35905511811023
4005.255701350653,1639.6225985860892,210.0,210.35905511811023
4001.797243478308,1644.9481566925426,213.0,210.35905511811023
3998.6222434783076,1650.4474180065738,210.0,210.35905511811023
3995.1637856059624,1655.7729761130272,213.0,210.35905511811023
3991.988785605962,1661.2722374270584,210.0,210.35905511811023
3988.530327733617,1666.5977955335118,213.0,210.35905511811023
3985.355327733617,1672.097056847543,210.0,210.35905511811023
3981.8968698612716,1677.4226149539963,213.0,210.35905511811023
3978.7218698612714,1682.9218762680275,210.0,210.35905511811023
3975.2634119889262,1688.247434374481,213.0,210.35905511811023
3972.088411988926,1693.746695688512,210.0,207.72070866141732
3969.20557231558,1699.4045871171081,207.0,205.0823622047244
3966.6227946320487,1705.2056007731387,204.0,202.4440157480315
3964.347158152436,1711.133836481396,201.0,199.80566929133857
3962.384900238155,1717.1730453598702,198.0,197.16732283464566
3960.741399301754,1723.3066743568058,195.0,194.52897637795274
3959.421160065061,1729.5179116214656,192.0,191.89062992125983
3958.427801212056,1735.7897325842448,189.0,189.25228346456691
3957.107561975363,1742.0009698489046,192.0,189.25228346456691
3956.1142031223576,1748.2727908116838,189.0,189.25228346456691
3954.7939638856647,1754.4840280763435,192.0,189.25228346456691
3953.8006050326594,1760.7558490391227,189.0,189.25228346456691
3952.4803657959665,1766.9670863037825,192.0,189.25228346456691
3951.487006942961,1773.2389072665617,189.0,189.25228346456691
3950.1667677062683,1779.4501445312214,192.0,189.25228346456691
3949.173408853263,1785.7219654940006,189.0,189.25228346456691
3947.85316961657,1791.9332027586604,192.0,189.25228346456691
3946.859810763565,1798.2050237214396,189.0,189.25228346456691
3945.539571526872,1804.4162609860994,192.0,189.25228346456691
3944.5462126738666,1810.6880819488786,189.0,189.25228346456691
3943.2259734371737,1816.8993192135383,192.0,189.25228346456691
3942.2326145841685,1823.1711401763175,189.0,186.613937007874
3941.5688588424186,1829.486354211906,186.0,183.97559055118109
3941.236525520276,1835.8276517575976,183.0,181.33724409448817
3941.236525520276,1842.1776517575975,180.0,178.69889763779526
3941.5688588424186,1848.518949303289,177.0,176.06055118110234
3942.2326145841685,1854.8341633388775,174.0,173.42220472440943
3943.2259734371737,1861.1059843016567,171.0,173.42220472440943
3943.8897291789235,1867.4211983372452,174.0,173.42220472440943
3944.8830880319288,1873.6930193000244,171.0,173.42220472440943
3945.5468437736786,1880.0082333356129,174.0,173.42220472440943
3946.540202626684,1886.280054298392,171.0,173.42220472440943
3947.2039583684336,1892.5952683339806,174.0,173.42220472440943
3948.197317221439,1898.8670892967598,171.0,173.42220472440943
3948.8610729631887,1905.1823033323483,174.0,173.42220472440943
3949.854431816194,1911.4541242951275,171.0,173.42220472440943
3950.5181875579437,1917.769338330716,174.0,173.42220472440943
3951.511546410949,1924.0411592934952,171.0,173.42220472440943
3952.175302152699,1930.3563733290837,174.0,173.42220472440943
3953.168661005704,1936.6281942918629,171.0,173.42220472440943
3953.832416747454,1942.9434083274514,174.0,173.42220472440943
3954.825775600459,1949.2152292902306,171.0,173.42220472440943
3955.489531342209,1955.530443325819,174.0,173.42220472440943
3956.482890195214,1961.8022642885983,171.0,173.42220472440943
3957.146645936964,1968.1174783241868,174.0,173.42220472440943
3958.140004789969,1974.389299286966,171.0,173.42220472440943
3958.803760531719,1980.7045133225545,174.0,173.42220472440943
3959.7971193847243,1986.9763342853337,171.0,173.42220472440943
3960.460875126474,1993.2915483209222,174.0,173.42220472440943
3961.4542339794793,1999.5633692837014,171.0,173.42220472440943
3962.117989721229,2005.8785833192899,174.0,173.42220472440943
3963.1113485742344,2012.150404282069,171.0,173.42220472440943
3963.775104315984,2018.4656183176576,174.0,173.42220472440943
3964.7684631689895,2024.7374392804368,171.0,173.42220472440943
3965.4322189107393,2031.0526533160253,174.0,173.42220472440943
3966.4255777637445,2037.3244742788045,171.0,173.42220472440943
3967.0893335054943,2043.639688314393,174.0,173.42220472440943
3968.0826923584996,2049.911509277172,171.0,173.42220472440943
3968.7464481002494,2056.226723312761,174.0,173.42220472440943
3969.7398069532546,2062.49854427554,171.0,173.42220472440943
3970.4035626950044,2068.813758311129,174.0,173.42220472440943
3971.3969215480097,2075.085579273908,171.0,173.42220472440943
3972.225762868607,2081.381254143632,172.5,173.42220472440943
3972.889518610357,2087.6964681792206,174.0,176.06055118110234
3973.3877338682287,2094.026893248426,175.5,178.69889763779526
3973.7200671903715,2100.3681907941177,177.0,181.33724409448817
3973.8862908121264,2106.7160148077123,178.5,183.97559055118109
3973.8862908121264,2113.0660148077122,180.0,186.613937007874
3973.7200671903715,2119.413838821307,181.5,189.25228346456691
3973.3877338682287,2125.7551363669986,183.0,191.89062992125983
3972.889518610357,2132.085561436204,184.5,194.52897637795274
3972.225762868607,2138.4007754717927,186.0,197.16732283464566
3971.3969215480097,2144.6964503415165,187.5,199.80566929133857
3970.4035626950044,2150.9682713042957,189.0,202.4440157480315
3969.246367108129,2157.211939967327,190.5,205.0823622047244
3967.8803872994563,2163.6383697041483,192.0,207.72070866141732
3966.295293278875,2170.2407614636486,193.5,210.44740157480314
3964.4874422488338,2176.9877533602776,195.0,213.2624409448819
3962.5035950660767,2183.685109208332,196.5,216.1557874015748
3960.345111360368,2190.3282389746537,198.0,219.0491338582677
3958.01347044862,2196.9125897899326,199.5,221.94248031496062
3955.510270321046,2203.4336490690157,201.0,224.83582677165353
3952.8372265459757,2209.886947603607,202.5,227.72917322834644
3949.996171094091,2216.2680626252404,204.0,230.62251968503935
3946.989051082885,2222.572620836424,205.5,233.51586614173226
3943.817927442204,2228.7963014078796,207.0,236.40921259842517
3940.4849735017906,2234.9348389398233,208.5,239.30255905511808
3936.9924735017908,2240.9840263852575,210.0,242.195905511811
3933.34282102725,2246.939717933271,211.5,245.0892519685039
3929.53851736767,2252.7978318503697,213.0,247.9825984251968
3925.58216980275,2258.5543532778943,214.5,250.87594488188972
3921.4764898154867,2264.2053369836035,216.0,253.76929133858263
3917.0806868840036,2269.6337015243803,219.0,256.66263779527554
3912.406809598587,2274.8245681303397,222.0,259.5559842519685
3907.4676687319993,2279.7637089969276,225.0,262.4493307086614
3902.27680212604,2284.437586282344,228.0,265.34267716535436
3896.848437585263,2288.833389213827,231.0,268.2360236220473
3891.197453879554,2292.93906920109,234.0,271.12937007874024
3885.339339962455,2296.74337286067,237.0,274.0227165354332
3879.290152517021,2300.23587286067,240.0,276.9160629921261
3873.0664719455654,2303.406996501351,243.0,279.80940944881905
3866.685356923932,2306.2480519532355,246.0,282.702755905512
3860.164297644849,2308.7512520808095,249.0,285.59610236220493
3853.521167878527,2310.9097357865185,252.0,288.48944881889787
3846.774175981898,2312.7175868165596,255.0,291.3827952755908
3839.9418149907724,2314.169849976922,258.0,294.27614173228375
3833.0428119317153,2315.2625447152277,261.0,297.1694881889767
3826.096076492568,2315.9926760311523,264.0,300.0628346456696
3819.120649192307,2316.358242685509,267.0,302.95618110236256
3812.135649192307,2316.358242685509,270.0,305.8495275590555
3805.160221892046,2315.9926760311523,273.0,305.8495275590555
3798.213486452899,2315.2625447152277,276.0,305.8495275590555
3791.314483393842,2314.169849976922,279.0,305.8495275590555
3784.482122402716,2312.7175868165596,282.0,305.8495275590555
3777.735130506087,2310.9097357865185,285.0,305.8495275590555
3771.0920007397654,2308.7512520808095,288.0,305.8495275590555
3764.570941460682,2306.2480519532355,291.0,305.8495275590555
3758.189826439049,2303.406996501351,294.0,305.8495275590555
3752.531935010453,2300.524156828005,297.0,305.8495275590555
3747.0326736964216,2297.3491568280047,300.0,305.8495275590555
3741.707115589968,2293.8906989556594,303.0,305.8495275590555
3736.569857675687,2290.1582626036025,306.0,305.8495275590555
3731.2442995692336,2286.6998047312572,303.0,305.8495275590555
3726.107041654953,2282.9673683792003,306.0,305.8495275590555
3720.781483548499,2279.508910506855,303.0,305.8495275590555
3715.6442256342184,2275.776474154798,306.0,305.8495275590555
3710.318667527765,2272.318016282453,303.0,305.8495275590555
3705.181409613484,2268.585579930396,306.0,305.8495275590555
3699.8558515070304,2265.1271220580506,303.0,305.8495275590555
3694.7185935927496,2261.3946857059937,306.0,305.8495275590555
3689.393035486296,2257.9362278336484,303.0,305.8495275590555
3684.255777572015,2254.2037914815915,306.0,305.8495275590555
3678.9302194655615,2250.7453336092462,303.0,305.8495275590555
3673.7929615512808,2247.0128972571893,306.0,305.8495275590555
3668.467403444827,2243.554439384844,303.0,305.8495275590555
3663.3301455305464,2239.822003032787,306.0,305.8495275590555
3658.0045874240927,2236.363545160442,303.0,305.8495275590555
3652.867329509812,2232.631108808385,306.0,305.8495275590555
3647.5417714033583,2229.1726509360396,303.0,305.8495275590555
3642.4045134890775,2225.4402145839827,306.0,305.8495275590555
3637.078955382624,2221.9817567116374,303.0,305.8495275590555
3631.941697468343,2218.2493203595805,306.0,305.8495275590555
3626.6161393618895,2214.7908624872352,303.0,305.8495275590555
3621.4788814476087,2211.0584261351783,306.0,305.8495275590555
3616.153323341155,2207.599968262833,303.0,305.8495275590555
3611.0160654268743,2203.867531910776,306.0,305.8495275590555
3605.6905073204207,2200.409074038431,303.0,305.8495275590555
3600.55324940614,2196.676637686374,306.0,305.8495275590555
3595.2276912996863,2193.2181798140286,303.0,305.8495275590555
3590.0904333854055,2189.4857434619717,306.0,305.8495275590555
3584.764875278952,2186.0272855896264,303.0,305.8495275590555
3579.627617364671,2182.2948492375695,306.0,305.8495275590555
3574.3020592582175,2178.8363913652242,303.0,305.8495275590555
3569.1648013439367,2175.1039550131673,306.0,305.8495275590555
3563.839243237483,2171.645497140822,303.0,305.8495275590555
3558.7019853232023,2167.913060788765,306.0,305.8495275590555
3553.3764272167487,2164.45460291642,303.0,305.8495275590555
3548.239169302468,2160.722166564363,306.0,305.8495275590555
3542.9136111960142,2157.2637086920176,303.0,305.8495275590555
3537.7763532817335,2153.5312723399607,306.0,305.8495275590555
3532.45079517528,2150.0728144676154,303.0,305.8495275590555
3527.313537260999,2146.3403781155585,306.0,305.8495275590555
3521.9879791545454,2142.8819202432132,303.0,305.8495275590555
3516.8507212402646,2139.1494838911563,306.0,305.8495275590555
3511.525163133811,2135.691026018811,303.0,305.8495275590555
3506.3879052195302,2131.958589666754,306.0,308.4878740157484
3501.4530283642785,2127.9624051835876,309.0,311.1262204724413
3496.734058722497,2123.713425833209,312.0,313.76456692913416
3492.2439306619626,2119.2232977726744,315.0,316.40291338582705
3487.994951311584,2114.504328130893,318.0,319.04125984251993
3483.9987668284175,2109.5694512756413,321.0,321.6796062992128
3480.133131754212,2104.531657564792,322.5,324.3179527559057
3476.400695402155,2099.3943996505113,324.0,326.9562992125986
3472.8040157976825,2094.1611983527614,325.5,329.5946456692915
3469.3455579253373,2088.835640246308,327.0,332.23299212598437
3466.0276920393912,2083.4213752026594,328.5,334.87133858267725
3462.852692039391,2077.9221138886282,330.0,337.50968503937014
3459.8227339117425,2072.3416252232246,331.5,340.148031496063
3456.9398942383964,2066.6837337946286,333.0,342.7863779527559
3454.2061487736637,2060.952317239007,334.5,345.4247244094488
3451.6233710901324,2055.151303582976,336.0,348.0630708661417
3449.193331294614,2049.2846685515296,337.5,350.7014173228346
3446.917694815001,2043.3564328432724,339.0,353.33976377952746
3444.7245837498353,2037.1632782467968,340.5,355.97811023622035
3442.6263583580294,2030.7056045011527,342.0,358.70480314960616
3440.6425111752724,2024.0082486530985,343.5,361.5198425196849
3438.8346601452313,2017.2612567564693,345.0,364.41318897637785
3437.204044278698,2010.4692528624914,346.5,367.3065354330708
3435.7517811183357,2003.6368918713658,348.0,370.19988188976373
3434.478865972773,1996.7688563420315,349.5,373.09322834645667
3433.386171234467,1989.8698532829744,351.0,375.9865748031496
3432.4744457818097,1982.9446109262783,352.5,378.87992125984255
3431.744314465885,1975.9978754871308,354.0,381.7732677165355
3431.196277682226,1969.034407911005,355.5,384.6666141732284
3430.8307110278693,1962.0589806107444,357.0,387.55996062992136
3430.647865043939,1955.07637419579,358.5,390.4533070866143
3430.647865043939,1948.0913741957902,360.0,393.34665354330724
3430.8307110278693,1941.108767780836,361.5,396.2400000000002
3431.3787478115282,1934.14530020471,364.5,399.1333464566931
3432.2904732641855,1927.220057848014,367.5,402.02669291338606
3433.5633884097483,1920.3520223186797,370.5,404.920039370079
3435.1940042762817,1913.5600184247019,373.5,407.81338582677193
3437.1778514590387,1906.8626625766476,376.5,410.7067322834649
3439.5094923707866,1900.2783117613687,379.5,413.6000787401578
3442.182536145857,1893.8250132267774,382.5,416.49342519685075
3445.189656157063,1887.5204550155936,385.5,419.3867716535437
3448.5226100974764,1881.3819174836497,388.5,422.28011811023663
3452.172262572017,1875.4262259356362,391.5,425.17346456692957
3456.1286101369374,1869.6697045081114,394.5,428.0668110236225
3460.2468812041816,1864.3026691610412,397.5,430.96015748031544
3464.4975186805027,1859.325812116189,400.5,433.76515748031545
3468.8513613717655,1854.7378192195363,403.5,436.4818110236225
3473.2797719067953,1850.5354145349258,406.5,439.1101181102367
3477.7547610143515,1846.7134127705028,409.5,441.650078740158
3482.2491076871015,1843.2647792751684,412.5,441.650078740158
3486.7364747841484,1840.1806973151126,415.5,441.650078740158
3491.1915196428986,1837.450642314472,418.5,441.650078740158
3495.5899992917716,1835.0624627193727,421.5,441.650078740158
3499.9088698773858,1833.002467121145,424.5,441.650078740158
3504.1263799433,1831.2555172523982,427.5,439.6401968503942
3508.2221572220956,1829.8051264490275,430.5,437.71866141732335
3512.177288628427,1828.6335631521238,433.5,435.8854724409454
3515.97439316758,1827.7219590062664,436.5,434.14062992126037
3519.507643890569,1826.6753624610324,433.5,432.48413385826825
3522.7738966572033,1825.5187216937873,430.5,430.91598425196906
3525.7718857402024,1824.2769139557624,427.5,429.43618110236275
3528.76477247442,1823.2170771776953,430.5,428.0447244094494
3531.6980899901437,1822.002057279936,427.5,426.68137795275646
3534.5637982679546,1820.6351845475697,424.5,425.31803149606355
3537.354042600656,1819.1202054837454,421.5,423.95468503937064
3540.219750878467,1817.753332751379,424.5,422.59133858267774
3543.0099952111686,1816.2383536875548,421.5,421.2279921259848
3545.717127732993,1814.5794207445817,418.5,419.8646456692919
3548.5073720656947,1813.0644416807575,421.5,418.501299212599
3551.214504587519,1811.4055087377844,418.5,417.1379527559061
3553.831105236394,1809.607168935548,415.5,415.7746062992132
3556.3500020918186,1807.6743513984454,412.5,414.4112598425203
3558.9666027406934,1805.876011596209,415.5,413.04791338582737
3561.485499596118,1803.9431940591064,412.5,411.68456692913446
3563.899788536898,1801.8811965056582,409.5,410.32122047244155
3566.202852164862,1799.6956707278305,406.5,408.95787401574864
3568.617141105642,1797.6336731743822,409.5,407.59452755905573
3570.920204733606,1795.4481473965545,406.5,406.2311811023628
3573.1057305114336,1793.1450837685904,403.5,404.8678346456699
3575.4087941393977,1790.9595579907627,406.5,403.504488188977
3577.594319917225,1788.6564943627986,403.5,402.1411417322841
3579.6563174706735,1786.2422054220185,400.5,400.7777952755912
3581.5891350077763,1783.723308566594,397.5,399.4144488188983
3583.6511325612246,1781.3090196258138,400.5,398.05110236220537
3585.5839500983275,1778.7901227703892,397.5,396.68775590551246
3587.382289900564,1776.1735221215142,394.5,395.32440944881955
3589.041222843537,1773.46638959969,391.5,393.96106299212664
3590.8395626457736,1770.849788950815,394.5,392.59771653543373
3592.4984955887467,1768.142656428991,391.5,391.2343700787408
3594.013474652571,1765.352412096289,388.5,389.8710236220479
3595.7873572797816,1762.4576987383068,391.5,388.507677165355
3597.51228619812,1759.2807748760338,388.5,387.05598425196916
3599.16329625438,1755.8193603105522,385.5,385.51594488189045
3600.7150775726204,1752.0730288062189,382.5,383.8875590551188
3602.142101895845,1748.0432364317999,379.5,382.1708267716542
3603.862263924326,1743.8903979331617,382.5,380.36574803149676
3605.4361632656132,1739.445843302662,379.5,378.4723228346464
3606.837778991727,1734.7140679110876,376.5,376.49055118110306
3608.0411898424045,1729.7015009714376,373.5,374.42043307086686
3609.0207057919247,1724.4165058432814,370.5,372.26196850393774
3609.7509998373957,1718.869371843895,367.5,370.0151574803157
3610.8106994181326,1713.1517445564104,370.5,367.68000000000075
3611.598424988181,1707.1683748180194,367.5,365.2564960629929
3612.0891866319585,1700.9326568955187,364.5,362.7446456692921
3612.2554102537133,1694.5848328819238,361.5,360.1444488188984
3612.0891866319585,1688.237008868329,358.5,357.5061023622055
3611.5909713740866,1681.9065837991236,355.5,354.86775590551264
3610.7621300534893,1675.6109089294,352.5,352.22940944881975
3609.604934466614,1669.367240266369,349.5,349.59106299212687
3608.1225564061288,1663.1926912718438,346.5,346.952716535434
3606.319058967259,1657.104185955431,343.5,344.3143700787411
3604.1993854111247,1651.1184124869956,340.5,341.6760236220482
3601.769345615606,1645.2517774555488,337.5,339.0376771653553
3599.0356001508735,1639.5203608999273,334.5,336.39933070866243
3596.005642023225,1633.9398722345238,331.5,333.76098425196955
3592.687776137279,1628.5256071908752,328.5,331.12263779527666
3589.091096532806,1623.2924058931255,325.5,328.4842913385838
3585.77323064686,1617.878140849477,328.5,325.8459448818909
3582.1765510423875,1612.6449395517272,325.5,323.207598425198
3578.310915968182,1607.6071458408778,322.5,320.5692519685051
3574.1869208612857,1602.7785679593176,319.5,317.9309055118122
3569.8158693056303,1598.1724407033896,316.5,315.29255905511934
3565.209742049702,1593.8013891477342,313.5,312.65421259842645
3560.381164168142,1589.6773940408375,310.5,310.01586614173357
3555.3433704572926,1585.8117589666322,307.5,307.3775196850407
3550.1101691595427,1582.2150793621595,304.5,304.7391732283478
3544.6959041158943,1578.8972134762132,301.5,302.1008267716549
3539.1154154504907,1575.8672553485646,298.5,299.462480314962
3533.383998894869,1573.133509883832,295.5,296.82413385826914
3527.5173638634224,1570.7034700883137,292.5,294.18578740157625
3521.5315903949872,1568.5837965321791,289.5,291.54744094488336
3515.4430850785743,1566.7802990933092,286.5,288.9090944881905
3509.268536084049,1565.2979210328242,283.5,286.2707480314976
3503.1800307676363,1563.4944235939543,286.5,283.6324015748047
3497.005481773111,1562.0120455334693,283.5,280.9940551181118
3490.76181311008,1560.8548499465942,280.5,278.35570866141893
3484.466138240356,1560.0260086259968,277.5,275.71736220472604
3478.1357131711507,1559.527793368125,274.5,273.07901574803316
3471.787889157556,1559.36156974637,271.5,270.44066929134027
3465.4400651439614,1559.527793368125,268.5,267.8023228346474
3459.109640074756,1560.0260086259968,265.5,265.1639763779545
3452.813965205032,1560.8548499465942,262.5,262.5256299212616
3446.570296542001,1562.0120455334693,259.5,259.8872834645687
3440.395747547476,1563.4944235939543,256.5,257.24893700787584
3434.307242231063,1565.2979210328242,253.5,254.61059055118292
3428.321468762628,1567.4175945889588,250.5,251.97224409449
3422.454833731181,1569.847634384477,247.5,249.3338976377971
3416.7234171755595,1572.5813798492097,244.5,246.69555118110418
3411.142928510156,1575.6113379768583,241.5,244.05720472441126
3405.7286634665074,1578.9292038628046,238.5,241.41885826771835
3400.148174801104,1581.9591619904531,241.5,238.78051181102543
3394.7339097574554,1585.2770278763994,238.5,236.14216535433252
3389.5007084597055,1588.873707480872,235.5,233.5038188976396
3384.4629147488563,1592.7393425550774,232.5,233.5038188976396
3379.2297134511064,1596.33602215955,235.5,233.5038188976396
3374.191919740257,1600.2016572337554,232.5,233.5038188976396
3368.9587184425072,1603.7983368382281,235.5,233.5038188976396
3363.920924731658,1607.6639719124335,232.5,233.5038188976396
3358.687723433908,1611.2606515169061,235.5,233.5038188976396
3353.649929723059,1615.1262865911115,232.5,233.5038188976396
3348.416728425309,1618.7229661955841,235.5,233.5038188976396
3343.5534724493236,1622.4546737554076,232.5,233.5038188976396
3338.6828866745677,1625.8021346156333,235.5,233.5038188976396
3334.1687061683106,1629.265987146693,232.5,233.5038188976396
3329.660735916548,1632.3642292626719,235.5,233.5038188976396
3325.4956308800192,1635.5602267649676,232.5,233.5038188976396
3321.3502761512505,1638.4092501366995,235.5,235.70043307086794
3317.249076960707,1640.9224682329832,238.5,237.80870078740338
3313.2153064135887,1643.1126269425747,241.5,239.82862204724591
3309.27100872098,1644.993960435627,244.5,241.76019685039552
3305.6239177034327,1646.9741692907044,241.5,243.6034251968522
3302.0767575359378,1648.6660779011609,244.5,245.35830708661598
3298.649164470321,1650.0858334352354,247.5,247.02484251968684
3295.3593456664094,1651.2508193739611,250.5,248.6030314960648
3292.3382595950975,1652.502194197795,247.5,250.09287401574983
3289.3453728608797,1653.5620309758622,250.5,250.09287401574983
3286.412055345156,1654.7770508736214,247.5,250.09287401574983
3283.4191686109384,1655.8368876516886,250.5,250.09287401574983
3280.485851095215,1657.0519075494478,247.5,250.09287401574983
3277.492964360997,1658.111744327515,250.5,250.09287401574983
3274.5596468452736,1659.3267642252742,247.5,250.09287401574983
3271.566760111056,1660.3866010033414,250.5,250.09287401574983
3268.6334425953323,1661.6016209011007,247.5,250.09287401574983
3265.6405558611145,1662.6614576791678,250.5,250.09287401574983
3262.707238345391,1663.876477576927,247.5,250.09287401574983
3259.7143516111732,1664.9363143549942,250.5,250.09287401574983
3256.7810340954497,1666.1513342527535,247.5,250.09287401574983
3253.788147361232,1667.2111710308207,250.5,250.09287401574983
3250.8548298455084,1668.42619092858,247.5,250.09287401574983
3247.8619431112907,1669.486027706647,250.5,250.09287401574983
3244.928625595567,1670.7010476044063,247.5,250.09287401574983
3241.9357388613494,1671.7608843824735,250.5,250.09287401574983
3239.002421345626,1672.9759042802327,247.5,250.09287401574983
3236.009534611408,1674.0357410583,250.5,250.09287401574983
3233.0762170956846,1675.2507609560591,247.5,250.09287401574983
3230.083330361467,1676.3105977341263,250.5,250.09287401574983
3227.1500128457433,1677.5256176318856,247.5,250.09287401574983
3224.1571261115255,1678.5854544099527,250.5,250.09287401574983
3221.223808595802,1679.800474307712,247.5,250.09287401574983
3218.230921861584,1680.8603110857791,250.5,250.09287401574983
3215.2976043458607,1682.0753309835384,247.5,250.09287401574983
3212.304717611643,1683.1351677616055,250.5,250.09287401574983
3209.3714000959194,1684.3501876593648,247.5,250.09287401574983
3206.3785133617016,1685.410024437432,250.5,250.09287401574983
3203.445195845978,1686.6250443351912,247.5,248.72952755905692
3200.579487568167,1687.9919170675576,244.5,247.366181102364
3197.6461700524437,1689.2069369653168,247.5,246.0028346456711
3194.780461774633,1690.5738096976831,244.5,244.6394881889782
3191.9902174419312,1692.0887887615074,241.5,243.27614173228528
3189.1245091641204,1693.4556614938738,244.5,241.91279527559237
3186.3342648314187,1694.970640557698,241.5,240.54944881889946
3183.6271323095943,1696.629573500671,238.5,239.18610236220655
3180.8368879768927,1698.1445525644954,241.5,239.18610236220655
3178.1297554550683,1699.8034855074684,238.5,239.18610236220655
3175.3395111223667,1701.3184645712927,241.5,239.18610236220655
3172.6323786005423,1702.9773975142657,238.5,239.18610236220655
3169.8421342678407,1704.49237657809,241.5,239.18610236220655
3167.1350017460163,1706.151309521063,238.5,239.18610236220655
3164.3447574133147,1707.6662885848873,241.5,239.18610236220655
3161.6376248914903,1709.3252215278603,238.5,239.18610236220655
3158.8473805587887,1710.8402005916846,241.5,239.18610236220655
3156.1402480369643,1712.4991335346576,238.5,239.18610236220655
3153.3500037042627,1714.014112598482,241.5,239.18610236220655
3150.4552903462804,1715.7879952256926,238.5,239.18610236220655
3147.2783664840076,1717.512924144031,241.5,239.18610236220655
3144.0084914537097,1719.5167061397167,238.5,239.18610236220655
3140.444888061865,1721.4515849125694,241.5,239.18610236220655
3136.7998513592515,1723.68526627673,238.5,237.46937007874197
3133.0954041413956,1726.2312623117073,235.5,235.6642913385845
3129.3547431419224,1729.1015724494835,232.5,233.7708661417341
3125.602139701686,1732.306598567993,229.5,231.78909448819078
3121.5124032324848,1735.444763734533,232.5,229.71897637795456
3117.4252211673847,1738.9355469943077,229.5,229.71897637795456
3112.986409228455,1742.3415671896116,232.5,229.71897637795456
3108.564648538491,1746.1181075906516,229.5,229.71897637795456
3103.776761129833,1749.7919828147192,232.5,229.71897637795456
3099.020421815005,1753.8542803570244,229.5,229.71897637795456
3093.982628104156,1757.7199154312298,232.5,229.71897637795456
3089.1540502225957,1761.8439105381265,229.5,229.71897637795456
3084.1162565117465,1765.7095456123318,232.5,229.71897637795456
3079.2876786301863,1769.8335407192285,229.5,229.71897637795456
3074.249884919337,1773.6991757934338,232.5,229.71897637795456
3069.421307037777,1777.8231709003305,229.5,229.71897637795456
3064.3835133269276,1781.6888059745359,232.5,229.71897637795456
3059.5549354453674,1785.8128010814326,229.5,229.71897637795456
3054.517141734518,1789.6784361556379,232.5,229.71897637795456
3049.688563852958,1793.8024312625346,229.5,229.71897637795456
3044.6507701421087,1797.66806633674,232.5,229.71897637795456
3039.8221922605485,1801.7920614436366,229.5,229.71897637795456
3034.7843985496993,1805.657696517842,232.5,229.71897637795456
3029.955820668139,1809.7816916247386,229.5,229.71897637795456
3024.91802695729,1813.647326698944,232.5,229.71897637795456
3020.0894490757296,1817.7713218058407,229.5,229.71897637795456
3015.4833218198014,1822.142373361496,226.5,227.08062992126165
3011.112270264146,1826.748500617424,223.5,224.44228346456873
3006.9882751572495,1831.5770784989843,220.5,221.80393700787582
3003.122640083044,1836.6148722098337,217.5,219.1655905511829
2999.5259604785715,1841.8480735075834,214.5,216.52724409449
2996.2080945926255,1847.262338551232,211.5,213.88889763779707
2993.178136464977,1852.8428272166354,208.5,211.25055118110416
2989.860270579031,1858.257092260284,211.5,211.25055118110416
2986.8303124513823,1863.8375809256875,208.5,211.25055118110416
2983.512446565436,1869.251845969336,211.5,211.25055118110416
2980.4824884377877,1874.8323346347395,208.5,211.25055118110416
2977.1646225518416,1880.246599678388,211.5,211.25055118110416
2974.134664424193,1885.8270883437915,208.5,211.25055118110416
2970.816798538247,1891.24135338744,211.5,211.25055118110416
2967.7868404105984,1896.8218420528435,208.5,211.25055118110416
2964.5839242088896,1902.048526260334,211.5,211.25055118110416
2961.7639159357554,1907.2423353961663,208.5,211.25055118110416
2958.7908991025215,1912.093857931341,211.5,211.25055118110416
2955.6926569865427,1916.6018281831034,214.5,213.62385826771833
2952.4966594842467,1920.7669332196324,217.5,215.9088188976396
2949.229935801146,1924.5917752266005,220.5,218.10543307086795
2946.301793327614,1928.4078047934013,217.5,220.21370078740338
2943.3208267857785,1931.8980681755054,220.5,222.23362204724592
2940.3127172899967,1935.067954176829,223.5,224.16519685039552
2937.302413650296,1937.924625665958,226.5,226.00842519685222
2934.3140182054876,1940.4769564958956,229.5,227.763307086616
2931.622879289032,1943.0307519717194,226.5,229.42984251968687
2928.969062469088,1945.2973256603918,229.5,231.00803149606483
2926.3747970463355,1947.2879755332503,232.5,232.49787401574986
2923.758196397461,1949.0863153354867,235.5,233.89937007874198
2921.239299542036,1951.0191328725894,232.5,235.2627165354349
2918.622698893161,1952.8174726748257,235.5,236.6260629921278
2915.915566371337,1954.4764056177987,238.5,237.9894094488207
2913.125322038635,1955.991384681623,241.5,239.35275590551362
2910.418189516811,1957.650317624596,238.5,240.71610236220653
2907.627945184109,1959.1652966884203,241.5,242.07944881889944
2904.7622369062983,1960.5321694207867,244.5,243.44279527559235
2901.828919390575,1961.747189318546,247.5,244.80614173228525
2898.963211112764,1963.1140620509123,244.5,246.16948818897816
2896.0298935970404,1964.3290819486715,247.5,247.53283464567107
2892.8296257347824,1965.4623562357701,250.5,248.89618110236398
2889.489801224754,1966.84575684377,247.5,250.3478740157498
2885.8747711064157,1968.1259061489316,250.5,251.88791338582854
2881.986757081525,1969.2775883717059,253.5,253.5162992126002
2877.829875671825,1970.2755673021898,256.5,255.23303149606477
2873.410144862325,1971.094715989277,259.5,257.0381102362222
2868.82542068765,1972.1954108798575,256.5,258.9315354330726
2863.973057718822,1973.0947431981613,259.5,260.91330708661593
2858.86215945844,1973.7676057190556,262.5,262.9834251968521
2853.503728789625,1974.1893233585927,265.5,265.14188976378125
2847.9106460563867,1974.3357833843752,268.5,267.3887007874033
2842.097638711654,1974.183564429965,271.5,269.72385826771824
2836.0812426025745,1973.7100637872475,274.5,272.1473622047261
2829.879754994681,1972.893622454911,277.5,274.6592125984269
2823.549329925476,1972.3954071970393,274.5,277.2594094488206
2817.253655055752,1971.566565876442,277.5,279.89775590551346
2811.0099863927207,1970.4093702895668,280.5,282.53610236220635
2804.8354373981956,1968.9269922290819,283.5,285.17444881889924
2798.7469320817827,1967.123494790212,286.5,287.8127952755921
2792.7611586133476,1965.0038212340773,289.5,290.451141732285
2786.894523581901,1962.573781438559,292.5,293.0894881889779
2781.1631070262792,1959.8400359738264,295.5,295.7278346456708
2775.5826183608756,1956.8100778461778,298.5,298.36618110236367
2770.1683533172272,1953.4922119602315,301.5,301.00452755905656
2764.9351520194773,1949.8955323557589,304.5,303.64287401574944
2759.897358308628,1946.0298972815535,307.5,306.2812204724423
2755.068780427068,1941.9059021746568,310.5,308.9195669291352
2750.4626531711397,1937.5348506190014,313.5,311.5579133858281
2746.0916016154843,1932.9287233630735,316.5,314.196259842521
2741.967606508588,1928.1001454815132,319.5,316.8346062992139
2737.5965549529324,1923.4940182255853,316.5,316.8346062992139
2733.472559846036,1918.665440344025,319.5,316.8346062992139
2729.1015082903805,1914.059313088097,316.5,316.8346062992139
2724.977513183484,1909.2307352065368,319.5,316.8346062992139
2720.6064616278286,1904.6246079506088,316.5,316.8346062992139
2716.482466520932,1899.7960300690486,319.5,316.8346062992139
2712.1114149652767,1895.1899028131206,316.5,316.8346062992139
2707.9874198583802,1890.3613249315604,319.5,316.8346062992139
2703.616368302725,1885.7551976756324,316.5,316.8346062992139
2699.4923731958283,1880.9266197940722,319.5,316.8346062992139
2695.121321640173,1876.3204925381442,316.5,316.8346062992139
2690.5151943842448,1871.9494409824888,313.5,314.196259842521
2685.6866165026845,1867.825445875592,310.5,311.5579133858281
2680.6488227918353,1863.9598108013868,307.5,308.9195669291352
2675.4156214940854,1860.363131196914,304.5,306.2812204724423
2670.001356450437,1857.0452653109678,301.5,303.64287401574944
2664.4208677850334,1854.0153071833192,298.5,301.00452755905656
2658.6894512294116,1851.2815617185865,295.5,298.36618110236367
2653.108962564008,1848.251603590938,298.5,295.7278346456708
2647.377546008386,1845.5178581262053,295.5,293.0894881889779
2641.5109109769396,1843.087818330687,292.5,290.451141732285
2635.5251375085045,1840.9681447745525,289.5,287.8127952755921
2629.4366321920916,1839.1646473356825,286.5,285.17444881889924
2623.2620831975664,1837.6822692751975,283.5,282.53610236220635
2617.018414534535,1836.5250736883224,280.5,279.89775590551346
2610.7227396648113,1835.696232367725,277.5,277.2594094488206
2604.392314595606,1835.1980171098533,274.5,274.6210629921277
2598.0444905820113,1835.0317934880982,271.5,271.9827165354348
2591.6966665684167,1835.1980171098533,268.5,269.3443700787419
2585.348842554822,1835.0317934880982,271.5,269.3443700787419
2579.0010185412275,1835.1980171098533,268.5,269.3443700787419
2572.653194527633,1835.0317934880982,271.5,269.3443700787419
2566.3053705140383,1835.1980171098533,268.5,269.3443700787419
2559.9575465004436,1835.0317934880982,271.5,269.3443700787419
2553.609722486849,1835.1980171098533,268.5,269.3443700787419
2547.2618984732544,1835.0317934880982,271.5,269.3443700787419
2540.91407445966,1835.1980171098533,268.5,269.3443700787419
2534.566250446065,1835.0317934880982,271.5,269.3443700787419
2528.2184264324706,1835.1980171098533,268.5,269.3443700787419
2521.870602418876,1835.0317934880982,271.5,269.3443700787419
2515.5227784052813,1835.1980171098533,268.5,266.70602362204903
2509.192353336076,1835.696232367725,265.5,264.06767716535614
2502.896678466352,1836.5250736883224,262.5,261.42933070866326
2496.653009803321,1837.6822692751975,259.5,258.7909842519704
2490.4784608087957,1839.1646473356825,256.5,256.1526377952775
2484.389955492383,1840.9681447745525,253.5,253.51429133858457
2478.4041820239477,1843.087818330687,250.5,250.87594488189166
2472.537546992501,1845.5178581262053,247.5,248.23759842519874
2466.8061304368794,1848.251603590938,244.5,245.59925196850583
2461.2256417714757,1851.2815617185865,241.5,242.9609055118129
2455.494225215854,1854.0153071833192,244.5,242.9609055118129
2449.9137365504503,1857.0452653109678,241.5,242.9609055118129
2444.1823199948285,1859.7790107757005,244.5,242.9609055118129
2438.601831329425,1862.808968903349,241.5,242.9609055118129
2432.870414773803,1865.5427143680818,244.5,242.9609055118129
2427.2899261083994,1868.5726724957303,241.5,242.9609055118129
2421.5585095527777,1871.306417960463,244.5,242.9609055118129
2415.978020887374,1874.3363760881116,241.5,242.9609055118129
2410.246604331752,1877.0701215528443,244.5,242.9609055118129
2404.6661156663486,1880.1000796804929,241.5,242.9609055118129
2398.934699110727,1882.8338251452255,244.5,242.9609055118129
2393.354210445323,1885.8637832728741,241.5,242.9609055118129
2387.6227938897014,1888.5975287376068,244.5,242.9609055118129
2382.0423052242977,1891.6274868652554,241.5,242.9609055118129
2376.310888668676,1894.361232329988,244.5,242.9609055118129
2370.7304000032723,1897.3911904576366,241.5,242.9609055118129
2364.9989834476505,1900.1249359223693,244.5,242.9609055118129
2359.418494782247,1903.154894050018,241.5,240.32255905512
2354.0042297385985,1906.4727599359642,238.5,237.68421259842708
2348.7710284408486,1910.0694395404369,235.5,235.04586614173417
2343.7332347299994,1913.9350746146422,232.5,232.40751968504125
2338.904656848439,1918.059069721539,229.5,229.76917322834834
2334.298529592511,1922.4301212771943,226.5,227.13082677165542
2329.9274780368555,1927.0362485331223,223.5,224.4924803149625
2325.803482929959,1931.8648264146825,220.5,221.8541338582696
2321.9378478557537,1936.902620125532,217.5,219.21578740157668
2317.8138527488572,1941.7311980070922,220.5,219.21578740157668
2313.948217674652,1946.7689917179416,217.5,219.21578740157668
2309.8242225677554,1951.5975695995019,220.5,219.21578740157668
2305.95858749355,1956.6353633103513,217.5,219.21578740157668
2301.8345923866536,1961.4639411919115,220.5,219.21578740157668
2297.9689573124483,1966.501734902761,217.5,219.21578740157668
2293.844962205552,1971.3303127843212,220.5,219.21578740157668
2289.9793271313465,1976.3681064951707,217.5,219.21578740157668
2285.85533202445,1981.196684376731,220.5,219.21578740157668
2281.9896969502447,1986.2344780875803,217.5,219.21578740157668
2277.8657018433482,1991.0630559691406,220.5,219.21578740157668
2274.000066769143,1996.10084967999,217.5,219.21578740157668
2269.8760716622464,2000.9294275615503,220.5,219.21578740157668
2266.010436588041,2005.9672212723997,217.5,219.21578740157668
2261.8864414811446,2010.79579915396,220.5,219.21578740157668
2258.0208064069393,2015.8335928648094,217.5,219.21578740157668
2253.896811300043,2020.6621707463696,220.5,219.21578740157668
2250.0311762258375,2025.699964457219,217.5,219.21578740157668
2245.907181118941,2030.5285423387793,220.5,219.21578740157668
2242.0415460447357,2035.5663360496287,217.5,219.21578740157668
2237.917550937839,2040.394913931189,220.5,219.21578740157668
2234.051915863634,2045.4327076420384,217.5,219.21578740157668
2229.9279207567374,2050.2612855235984,220.5,219.21578740157668
2226.062285682532,2055.2990792344476,217.5,219.21578740157668
2221.9382905756356,2060.127657116008,220.5,219.21578740157668
2218.0726555014303,2065.165450826857,217.5,219.21578740157668
2213.948660394534,2069.9940287084173,220.5,219.21578740157668
2210.0830253203285,2075.0318224192665,217.5,219.21578740157668
2205.959030213432,2079.8604003008268,220.5,219.21578740157668
2202.0933951392267,2084.898194011676,217.5,219.21578740157668
2197.96940003233,2089.726771893236,220.5,219.21578740157668
2194.103764958125,2094.7645656040854,217.5,219.21578740157668
2189.9797698512284,2099.5931434856457,220.5,219.21578740157668
2186.114134777023,2104.630937196495,217.5,219.21578740157668
2181.9901396701266,2109.459515078055,220.5,219.21578740157668
2178.1245045959213,2114.4973087889043,217.5,219.21578740157668
2174.000509489025,2119.3258866704646,220.5,219.21578740157668
2170.1348744148195,2124.3636803813138,217.5,219.21578740157668
2166.010879307923,2129.192258262874,220.5,219.21578740157668
2162.1452442337177,2134.230051973723,217.5,219.21578740157668
2158.021249126821,2139.0586298552835,220.5,219.21578740157668
2154.155614052616,2144.0964235661327,217.5,219.21578740157668
2150.0316189457194,2148.925001447693,220.5,219.21578740157668
2146.165983871514,2153.962795158542,217.5,219.21578740157668
2142.0419887646176,2158.7913730401024,220.5,219.21578740157668
2138.1763536904123,2163.8291667509516,217.5,219.21578740157668
2134.052358583516,2168.657744632512,220.5,219.21578740157668
2129.6813070278604,2173.26387188844,223.5,221.8541338582696
2125.075179771932,2177.6349234440954,226.5,224.4924803149625
2120.246601890372,2181.758918550992,229.5,227.13082677165542
2115.2088081795227,2185.624553625197,232.5,229.76917322834834
2110.3802302979625,2189.7485487320937,229.5,232.40751968504125
2105.3424365871133,2193.614183806299,232.5,235.04586614173417
2100.1092352893634,2197.2108634107717,235.5,237.68421259842708
2094.694970245715,2200.5287292967178,238.5,240.32255905512
2089.1144815803113,2203.5586874243663,241.5,242.9609055118129
2083.3830650246896,2206.292432889099,244.5,245.59925196850583
2077.516429993243,2208.7224726846175,247.5,248.23759842519874
2071.530656524808,2210.842146240752,250.5,250.87594488189166
2065.442151208395,2212.6456436796216,253.5,253.51429133858457
2059.26760221387,2214.1280217401068,256.5,256.1526377952775
2053.0239335508386,2215.285217326982,259.5,258.7909842519704
2046.728258681115,2216.1140586475794,262.5,261.42933070866326
2040.3978336119096,2216.6122739054513,265.5,264.06767716535614
2034.0500095983148,2216.778497527206,268.5,266.70602362204903
2027.70218558472,2216.6122739054513,271.5,269.3443700787419
2021.3717605155146,2216.1140586475794,274.5,271.9827165354348
2015.076085645791,2215.285217326982,277.5,274.6210629921277
2008.7456605765856,2214.7870020691103,274.5,277.2594094488206
2002.449985706862,2213.958160748513,277.5,279.89775590551346
1996.206317043831,2212.8009651616376,280.5,282.53610236220635
1990.0317680493058,2211.3185871011524,283.5,285.17444881889924
1983.943262732893,2209.5150896622827,286.5,287.8127952755921
1977.9574892644575,2207.3954161061483,289.5,290.451141732285
1972.0908542330108,2204.96537631063,292.5,293.0894881889779
1966.3594376773892,2202.231630845897,295.5,295.7278346456708
1960.7789490119858,2199.2016727182486,298.5,298.36618110236367
1955.3646839683372,2195.883806832302,301.5,301.00452755905656
1950.1314826705875,2192.2871272278294,304.5,303.64287401574944
1945.093688959738,2188.421492153624,307.5,306.2812204724423
1940.2651110781778,2184.2974970467276,310.5,308.9195669291352
1935.6589838222499,2179.926445491072,313.5,311.5579133858281
1931.2879322665945,2175.320318235144,316.5,314.196259842521
1927.1639371596978,2170.4917403535837,319.5,316.8346062992139
1922.7928856040423,2165.8856130976556,316.5,319.47295275590676
1918.6688904971456,2161.0570352160953,319.5,322.11129921259965
1914.8032554229403,2156.019241505246,322.5,324.74964566929253
1911.2065758184676,2150.786040207496,325.5,324.74964566929253
1907.3409407442623,2145.748246496647,322.5,324.74964566929253
1903.7442611397896,2140.515045198897,325.5,324.74964566929253
1899.8786260655843,2135.477251488048,322.5,324.74964566929253
1896.2819464611116,2130.244050190298,325.5,324.74964566929253
1892.4163113869063,2125.2062564794487,322.5,324.74964566929253
1888.8196317824336,2119.973055181699,325.5,324.74964566929253
1884.9539967082283,2114.9352614708496,322.5,324.74964566929253
1881.3573171037556,2109.7020601730997,325.5,324.74964566929253
1877.4916820295502,2104.6642664622505,322.5,324.74964566929253
1873.8950024250776,2099.4310651645005,325.5,324.74964566929253
1870.0293673508722,2094.3932714536513,322.5,324.74964566929253
1866.4326877463996,2089.1600701559014,325.5,324.74964566929253
1862.5670526721942,2084.122276445052,322.5,324.74964566929253
1858.9703730677215,2078.8890751473023,325.5,324.74964566929253
1855.1047379935162,2073.851281436453,322.5,324.74964566929253
1851.5080583890435,2068.618080138703,325.5,324.74964566929253
1847.6424233148382,2063.580286427854,322.5,324.74964566929253
1844.0457437103655,2058.347085130104,325.5,324.74964566929253
1840.1801086361602,2053.309291419255,322.5,324.74964566929253
1836.5834290316875,2048.076090121505,325.5,324.74964566929253
1832.7177939574822,2043.0382964106554,322.5,324.74964566929253
1829.1211143530095,2037.8050951129057,325.5,324.74964566929253
1825.2554792788042,2032.7673014020563,322.5,324.74964566929253
1821.6587996743315,2027.5341001043066,325.5,324.74964566929253
1817.7931646001261,2022.4963063934572,322.5,324.74964566929253
1814.1964849956535,2017.2631050957075,325.5,324.74964566929253
1810.3308499214481,2012.225311384858,322.5,324.74964566929253
1806.7341703169755,2006.9921100871084,325.5,324.74964566929253
1802.8685352427701,2001.954316376259,322.5,324.74964566929253
1799.2718556382974,1996.7211150785092,325.5,324.74964566929253
1795.406220564092,1991.6833213676598,322.5,324.74964566929253
1791.8095409596194,1986.45012006991,325.5,324.74964566929253
1787.943905885414,1981.4123263590607,322.5,324.74964566929253
1784.3472262809414,1976.179125061311,325.5,324.74964566929253
1780.481591206736,1971.1413313504615,322.5,324.74964566929253
1776.8849116022634,1965.9081300527118,325.5,324.74964566929253
1773.019276528058,1960.8703363418624,322.5,322.11129921259965
1768.8952814211614,1956.0417584603022,319.5,319.47295275590676
1764.524229865506,1951.4356312043742,316.5,316.8346062992139
1759.918102609578,1947.0645796487188,313.5,314.196259842521
1755.0895247280178,1942.940584541822,310.5,311.5579133858281
1750.0517310171683,1939.0749494676168,307.5,308.9195669291352
1744.8185297194186,1935.478269863144,304.5,306.2812204724423
1739.40426467577,1932.1604039771978,301.5,303.64287401574944
1733.8237760103666,1929.1304458495492,298.5,301.00452755905656
1728.092359454745,1926.3967003848165,295.5,298.36618110236367
1722.5118707893416,1923.366742257168,298.5,295.7278346456708
1716.78045423372,1920.6329967924353,295.5,293.0894881889779
1710.9138192022733,1918.202956996917,292.5,290.451141732285
1704.928045733838,1916.0832834407825,289.5,287.8127952755921
1698.839540417425,1914.2797860019125,286.5,285.17444881889924
1692.6649914229,1912.7974079414275,283.5,282.53610236220635
1686.4213227598689,1911.6402123545524,280.5,279.89775590551346
1680.1256478901453,1910.811371033955,277.5,277.2594094488206
1673.79522282094,1910.3131557760832,274.5,274.6210629921277
1667.447398807345,1910.1469321543282,271.5,271.9827165354348
1661.0995747937502,1910.3131557760832,268.5,269.3443700787419
1654.7691497245448,1910.811371033955,265.5,266.70602362204903
1648.4734748548212,1911.6402123545524,262.5,264.06767716535614
1642.2298061917902,1912.7974079414275,259.5,261.42933070866326
1636.055257197265,1914.2797860019125,256.5,258.7909842519704
1629.9667518808521,1916.0832834407825,253.5,256.1526377952775
1623.792202886327,1917.5656615012674,256.5,253.51429133858457
1617.703697569914,1919.3691589401374,253.5,250.87594488189166
1611.7179241014787,1921.488832496272,250.5,248.23759842519874
1606.0545425671846,1923.83468193667,247.5,245.59925196850583
1600.7202635366768,1926.379002518807,244.5,243.0492519685058
1595.7197941656302,1929.0940358646842,241.5,240.58759842519873
1591.0558524666133,1931.9521030136805,238.5,238.21429133858456
1586.7291899763477,1934.925735757536,235.5,235.9293307086633
1582.7386226746828,1937.9878057454498,232.5,233.73271653543495
1579.0810699801466,1941.111650857918,229.5,231.6244488188995
1575.4395781482099,1943.905865817068,232.5,229.60452755905698
1571.7820254536737,1947.0297109295361,229.5,227.67295275590737
1568.133392367482,1950.4921344452757,226.5,225.65303149606484
1564.5195308450898,1954.3003498930902,223.5,223.5447637795294
1560.9670500207237,1958.4597705249223,220.5,221.34814960630106
1557.503197489664,1962.9739510311795,217.5,219.0631889763798
1554.1557366294383,1967.8445368059356,214.5,216.68988188976562
1550.9528204277294,1973.071221013426,211.5,214.22822834645854
1547.3561408232567,1978.3044223111758,214.5,211.67822834645852
1544.0382749373105,1983.7186873548244,211.5,211.67822834645852
1540.4415953328378,1988.951888652574,214.5,211.67822834645852
1537.1237294468915,1994.3661536962227,211.5,211.67822834645852
1533.5270498424188,1999.5993549939724,214.5,211.67822834645852
1530.2091839564725,2005.013620037621,211.5,211.67822834645852
1526.6125043519999,2010.2468213353707,214.5,211.67822834645852
1523.2946384660536,2015.6610863790193,211.5,211.67822834645852
1519.697958861581,2020.894287676769,214.5,211.67822834645852
1516.3800929756346,2026.3085527204175,211.5,211.67822834645852
1512.783413371162,2031.5417540181672,214.5,211.67822834645852
1509.4655474852157,2036.9560190618158,211.5,211.67822834645852
1505.868867880743,2042.1892203595655,214.5,211.67822834645852
1502.5510019947967,2047.603485403214,211.5,214.31657480315144
1498.954322390324,2052.836686700964,214.5,216.95492125984435
1495.0886873161187,2057.8744804118132,217.5,219.59326771653727
1490.964692209222,2062.7030582933735,220.5,222.23161417323018
1486.5936406535666,2067.3091855493017,223.5,224.8699606299231
1481.9875133976386,2071.680237104957,226.5,224.8699606299231
1477.6164618419832,2076.2863643608853,223.5,224.8699606299231
1473.0103345860553,2080.6574159165407,226.5,224.8699606299231
1468.6392830303998,2085.263543172469,223.5,224.8699606299231
1464.0331557744719,2089.6345947281243,226.5,224.8699606299231
1459.6621042188165,2094.2407219840525,223.5,224.8699606299231
1455.0559769628885,2098.611773539708,226.5,224.8699606299231
1450.684925407233,2103.217900795636,223.5,224.8699606299231
1446.0787981513051,2107.5889523512915,226.5,224.8699606299231
1441.7077465956497,2112.1950796072197,223.5,224.8699606299231
1437.1016193397218,2116.566131162875,226.5,224.8699606299231
1432.7305677840664,2121.1722584188033,223.5,224.8699606299231
1428.1244405281384,2125.5433099744587,226.5,224.8699606299231
1423.753388972483,2130.149437230387,223.5,224.8699606299231
1419.147261716555,2134.5204887860423,226.5,224.8699606299231
1414.7762101608996,2139.1266160419705,223.5,224.8699606299231
1410.1700829049717,2143.497667597626,226.5,224.8699606299231
1405.7990313493162,2148.103794853554,223.5,224.8699606299231
1401.1929040933883,2152.4748464092095,226.5,224.8699606299231
1396.8218525377329,2157.0809736651377,223.5,224.8699606299231
1392.215725281805,2161.452025220793,226.5,224.8699606299231
1387.8446737261495,2166.0581524767213,223.5,224.8699606299231
1383.2385464702215,2170.4292040323767,226.5,224.8699606299231
1378.8674949145661,2175.035331288305,223.5,224.8699606299231
1374.2613676586382,2179.4063828439603,226.5,227.508307086616
1369.432789777078,2183.5303779508567,229.5,230.14665354330893
1364.3949960662285,2187.396013025062,232.5,232.78500000000184
1359.1617947684788,2190.9926926295348,235.5,235.42334645669476
1353.7475297248302,2194.310558515481,238.5,238.06169291338767
1348.5143284270805,2197.9072381199535,235.5,238.06169291338767
1343.100063383432,2201.2251040058995,238.5,238.06169291338767
1337.8668620856822,2204.821783610372,235.5,238.06169291338767
1332.4525970420336,2208.1396494963183,238.5,238.06169291338767
1327.219395744284,2211.736329100791,235.5,238.06169291338767
1321.8051307006353,2215.054194986737,238.5,238.06169291338767
1316.5719294028856,2218.6508745912097,235.5,238.06169291338767
1311.157664359237,2221.9687404771557,238.5,238.06169291338767
1305.9244630614874,2225.5654200816284,235.5,238.06169291338767
1300.5101980178388,2228.8832859675745,238.5,238.06169291338767
1295.276996720089,2232.479965572047,235.5,238.06169291338767
1289.8627316764405,2235.797831457993,238.5,238.06169291338767
1284.6295303786908,2239.394511062466,235.5,238.06169291338767
1279.2152653350422,2242.712376948412,238.5,238.06169291338767
1273.9820640372925,2246.3090565528846,235.5,238.06169291338767
1268.567798993644,2249.6269224388307,238.5,238.06169291338767
1263.3345976958942,2253.2236020433033,235.5,238.06169291338767
1257.9203326522456,2256.5414679292494,238.5,238.06169291338767
1252.687131354496,2260.138147533722,235.5,238.06169291338767
1247.2728663108473,2263.456013419668,238.5,238.06169291338767
1242.0396650130976,2267.052693024141,235.5,238.06169291338767
1236.625399969449,2270.370558910087,238.5,238.06169291338767
1231.0449113040456,2273.4005170377354,241.5,240.7000393700806
1225.313494748424,2276.134262502468,244.5,243.3383858267735
1219.4468597169773,2278.5643022979866,247.5,245.97673228346642
1213.461086248542,2280.683975854121,250.5,248.61507874015933
1207.372580932129,2282.4874732929907,253.5,251.25342519685225
1201.198031937604,2283.969851353476,256.5,253.89177165354516
1194.9543632745729,2285.127046940351,259.5,256.53011811023805
1188.7798142800477,2286.6094250008364,256.5,256.53011811023805
1182.5361456170167,2287.7666205877117,259.5,256.53011811023805
1176.3615966224916,2289.248998648197,256.5,256.53011811023805
1170.1179279594605,2290.4061942350722,259.5,256.53011811023805
1163.9433789649354,2291.8885722955574,256.5,256.53011811023805
1157.6997103019044,2293.0457678824328,259.5,256.53011811023805
1151.5251613073792,2294.528145942918,256.5,256.53011811023805
1145.2814926443482,2295.6853415297933,259.5,256.53011811023805
1139.106943649823,2297.1677195902785,256.5,256.53011811023805
1132.863274986792,2298.324915177154,259.5,256.53011811023805
1126.6887259922669,2299.807293237639,256.5,256.53011811023805
1120.4450573292359,2300.9644888245143,259.5,259.16846456693094
1114.1493824595123,2301.7933301451117,262.5,261.8068110236238
1107.8189573903069,2302.2915454029835,265.5,264.4451574803167
1101.471133376712,2302.4577690247384,268.5,267.0835039370096
1095.1233093631172,2302.2915454029835,271.5,269.7218503937025
1088.7928842939118,2301.7933301451117,274.5,272.36019685039537
1082.4972094241882,2300.9644888245143,277.5,274.99854330708826
1076.2535407611572,2299.807293237639,280.5,277.63688976378114
1069.9578658914336,2298.9784519170416,277.5,280.275236220474
1063.7141972284026,2297.8212563301663,280.5,282.9135826771669
1057.5396482338774,2296.338878269681,283.5,285.5519291338598
1051.4511429174645,2294.5353808308114,286.5,288.1902755905527
1045.4653694490291,2292.415707274677,289.5,290.8286220472456
1039.5987344175824,2289.9856674791586,292.5,290.8286220472456
1033.612960949147,2287.8659939230242,289.5,290.8286220472456
1027.7463259177002,2285.4359541275057,292.5,290.8286220472456
1021.7605524492649,2283.3162805713714,289.5,290.8286220472456
1015.8939174178182,2280.886240775853,292.5,290.8286220472456
1009.9081439493829,2278.7665672197186,289.5,290.8286220472456
1004.0415089179362,2276.3365274242,292.5,290.8286220472456
998.3100923623145,2273.6027819594674,295.5,293.46696850393846
992.7296036969111,2270.572823831819,298.5,296.10531496063135
987.3153386532626,2267.2549579458723,301.5,298.74366141732423
981.7348499878592,2264.2249998182238,298.5,301.3820078740171
976.3205849442107,2260.9071339322772,301.5,304.02035433071
971.0873836464609,2257.3104543278046,304.5,306.6587007874029
966.0495899356116,2253.4448192535992,307.5,309.2970472440958
961.2210120540514,2249.3208241467028,310.5,311.93539370078867
956.6148847981233,2244.9497725910473,313.5,314.57374015748155
952.243833242468,2240.343645335119,316.5,317.21208661417444
948.1198381355713,2235.515067453559,319.5,319.8504330708673
944.254203061366,2230.4772737427097,322.5,322.4887795275602
940.6575234568933,2225.24407244496,325.5,325.1271259842531
937.339657570947,2219.8298074013114,328.5,327.765472440946
934.3096994432984,2214.2493187359078,331.5,330.40381889763887
931.5759539785657,2208.517902180286,334.5,333.04216535433176
929.1459141830475,2202.6512671488395,337.5,335.68051181102464
927.026240626913,2196.6654936804043,340.5,338.31885826771753
925.2227431880431,2190.5769883639914,343.5,340.9572047244104
923.1030696319086,2184.5912148955563,340.5,340.9572047244104
921.2995721930387,2178.5027095791434,343.5,340.9572047244104
919.1798986369042,2172.5169361107082,340.5,340.9572047244104
917.3764011980343,2166.4284307942953,343.5,340.9572047244104
915.2567276418998,2160.44265732586,340.5,340.9572047244104
913.4532302030299,2154.3541520094473,343.5,340.9572047244104
911.3335566468954,2148.368378541012,340.5,340.9572047244104
909.5300592080255,2142.279873224599,343.5,340.9572047244104
907.410385651891,2136.294099756164,340.5,340.9572047244104
905.6068882130211,2130.205594439751,343.5,340.9572047244104
903.4872146568866,2124.219820971316,340.5,340.9572047244104
901.6837172180167,2118.131315654903,343.5,340.9572047244104
899.5640436618822,2112.145542186468,340.5,340.9572047244104
897.7605462230123,2106.057036870055,343.5,340.9572047244104
895.6408726668778,2100.07126340162,340.5,340.9572047244104
893.8373752280079,2093.982758085207,343.5,340.9572047244104
891.7177016718734,2087.996984616772,340.5,340.9572047244104
889.9142042330035,2081.908479300359,343.5,340.9572047244104
887.794530676869,2075.922705831924,340.5,340.9572047244104
885.9910332379991,2069.834200515511,343.5,340.9572047244104
883.8713596818646,2063.848427047076,340.5,340.9572047244104
882.0678622429947,2057.759921730663,343.5,340.9572047244104
879.9481886868602,2051.7741482622278,340.5,340.9572047244104
878.1446912479903,2045.6856429458148,343.5,340.9572047244104
876.0250176918559,2039.6998694773795,340.5,340.9572047244104
874.2215202529859,2033.6113641609666,343.5,340.9572047244104
872.1018466968515,2027.6255906925312,340.5,340.9572047244104
870.2983492579815,2021.5370853761183,343.5,340.9572047244104
868.8159711974965,2015.3625363815931,346.5,343.5955511811033
867.0124737586266,2009.2740310651802,343.5,346.2338976377962
865.5300956981416,2003.099482070655,346.5,348.8722440944891
864.3729001112665,1996.855813407624,349.5,351.51059055118196
863.5440587906692,1990.5601385379005,352.5,354.14893700787485
863.0458435327973,1984.229713468695,355.5,356.78728346456774
862.8796199110424,1977.8818894551002,358.5,356.78728346456774
862.3814046531705,1971.5514643858949,355.5,356.78728346456774
862.2151810314156,1965.2036403723,358.5,356.78728346456774
861.7169657735437,1958.8732153030946,355.5,356.78728346456774
861.5507421517888,1952.5253912894998,358.5,356.78728346456774
861.0525268939169,1946.1949662202944,355.5,356.78728346456774
860.886303272162,1939.8471422066996,358.5,356.78728346456774
860.3880880142901,1933.5167171374942,355.5,356.78728346456774
860.2218643925352,1927.1688931238994,358.5,356.78728346456774
859.7236491346633,1920.838468054694,355.5,356.78728346456774
859.5574255129084,1914.4906440410991,358.5,356.78728346456774
859.0592102550365,1908.1602189718938,355.5,356.78728346456774
858.8929866332816,1901.812394958299,358.5,356.78728346456774
858.3947713754097,1895.4819698890935,355.5,356.78728346456774
858.2285477536548,1889.1341458754987,358.5,356.78728346456774
857.7303324957829,1882.8037208062933,355.5,356.78728346456774
857.564108874028,1876.4558967926985,358.5,356.78728346456774
857.0658936161561,1870.125471723493,355.5,356.78728346456774
856.8996699944012,1863.7776477098982,358.5,356.78728346456774
856.4014547365293,1857.4472226406929,355.5,356.78728346456774
856.2352311147744,1851.099398627098,358.5,356.78728346456774
855.7370158569025,1844.7689735578927,355.5,356.78728346456774
855.5707922351476,1838.4211495442978,358.5,356.78728346456774
855.0725769772757,1832.0907244750924,355.5,356.78728346456774
854.9063533555208,1825.7429004614976,358.5,356.78728346456774
854.4081380976489,1819.4124753922922,355.5,356.78728346456774
854.241914475894,1813.0646513786974,358.5,356.78728346456774
853.7436992180221,1806.734226309492,355.5,356.78728346456774
853.5774755962672,1800.3864022958971,358.5,359.4256299212606
853.7436992180221,1794.0385782823023,361.5,362.0639763779535
854.241914475894,1787.708153213097,364.5,364.7023228346464
855.0707557964913,1781.4124783433733,367.5,367.3406692913393
855.5689710543631,1775.082053274168,364.5,367.3406692913393
856.3978123749605,1768.7863784044443,367.5,367.3406692913393
856.8960276328323,1762.455953335239,364.5,367.3406692913393
857.7248689534297,1756.1602784655154,367.5,367.3406692913393
858.2230842113015,1749.82985339631,364.5,367.3406692913393
859.0519255318989,1743.5341785265864,367.5,367.3406692913393
859.5501407897707,1737.203753457381,364.5,367.3406692913393
860.378982110368,1730.9080785876574,367.5,367.3406692913393
860.8771973682399,1724.577653518452,364.5,367.3406692913393
861.7060386888372,1718.2819786487285,367.5,367.3406692913393
862.2042539467091,1711.951553579523,364.5,367.3406692913393
863.0330952673064,1705.6558787097995,367.5,367.3406692913393
863.5313105251782,1699.325453640594,364.5,367.3406692913393
864.3601518457756,1693.0297787708705,367.5,367.3406692913393
864.8583671036474,1686.6993537016651,364.5,367.3406692913393
865.6872084242448,1680.4036788319415,367.5,367.3406692913393
866.1854236821166,1674.0732537627362,364.5,367.3406692913393
867.014265002714,1667.7775788930126,367.5,367.3406692913393
867.5124802605858,1661.4471538238072,364.5,367.3406692913393
868.3413215811831,1655.1514789540836,367.5,367.3406692913393
868.839536839055,1648.8210538848782,364.5,367.3406692913393
869.6683781596523,1642.5253790151546,367.5,367.3406692913393
870.1665934175242,1636.1949539459492,364.5,367.3406692913393
870.9954347381215,1629.8992790762256,367.5,367.3406692913393
871.4936499959933,1623.5688540070203,364.5,367.3406692913393
872.3224913165907,1617.2731791372967,367.5,367.3406692913393
872.8207065744625,1610.9427540680913,364.5,367.3406692913393
873.6495478950599,1604.6470791983677,367.5,367.3406692913393
874.1477631529317,1598.3166541291623,364.5,367.3406692913393
874.976604473529,1592.0209792594387,367.5,367.3406692913393
875.4748197314009,1585.6905541902333,364.5,367.3406692913393
876.3036610519982,1579.3948793205097,367.5,367.3406692913393
876.8018763098701,1573.0644542513044,364.5,364.7023228346464
876.968099931625,1566.7166302377095,361.5,362.0639763779535
876.8018763098701,1560.3688062241147,358.5,359.4256299212606
876.968099931625,1554.0209822105198,361.5,359.4256299212606
876.8018763098701,1547.673158196925,358.5,359.4256299212606
876.968099931625,1541.3253341833301,361.5,359.4256299212606
876.8018763098701,1534.9775101697353,358.5,359.4256299212606
876.968099931625,1528.6296861561405,361.5,359.4256299212606
876.8018763098701,1522.2818621425456,358.5,359.4256299212606
876.968099931625,1515.9340381289508,361.5,359.4256299212606
876.8018763098701,1509.586214115356,358.5,359.4256299212606
876.968099931625,1503.238390101761,361.5,359.4256299212606
876.8018763098701,1496.8905660881662,358.5,359.4256299212606
876.968099931625,1490.5427420745714,361.5,359.4256299212606
876.8018763098701,1484.1949180609765,358.5,359.4256299212606
876.968099931625,1477.8470940473817,361.5,359.4256299212606
876.8018763098701,1471.4992700337868,358.5,359.4256299212606
876.968099931625,1465.151446020192,361.5,359.4256299212606
876.8018763098701,1458.8036220065972,358.5,359.4256299212606
876.968099931625,1452.4557979930023,361.5,359.4256299212606
876.8018763098701,1446.1079739794075,358.5,359.4256299212606
876.968099931625,1439.7601499658126,361.5,359.4256299212606
876.8018763098701,1433.4123259522178,358.5,359.4256299212606
876.968099931625,1427.064501938623,361.5,359.4256299212606
876.8018763098701,1420.716677925028,358.5,359.4256299212606
876.968099931625,1414.3688539114332,361.5,359.4256299212606
876.8018763098701,1408.0210298978384,358.5,359.4256299212606
876.968099931625,1401.6732058842435,361.5,359.4256299212606
876.8018763098701,1395.3253818706487,358.5,359.4256299212606
876.968099931625,1388.9775578570539,361.5,359.4256299212606
876.8018763098701,1382.629733843459,358.5,359.4256299212606
876.968099931625,1376.2819098298642,361.5,359.4256299212606
876.8018763098701,1369.9340858162693,358.5,359.4256299212606
876.968099931625,1363.5862618026745,361.5,359.4256299212606
876.8018763098701,1357.2384377890796,358.5,359.4256299212606
876.968099931625,1350.8906137754848,361.5,359.4256299212606
876.8018763098701,1344.54278976189,358.5,359.4256299212606
876.968099931625,1338.194965748295,361.5,359.4256299212606
876.8018763098701,1331.8471417347002,358.5,359.4256299212606
876.968099931625,1325.4993177211054,361.5,359.4256299212606
876.8018763098701,1319.1514937075106,358.5,359.4256299212606
876.968099931625,1312.8036696939157,361.5,359.4256299212606
876.8018763098701,1306.4558456803209,358.5,359.4256299212606
876.968099931625,1300.108021666726,361.5,359.4256299212606
876.8018763098701,1293.7601976531312,358.5,359.4256299212606
876.968099931625,1287.4123736395363,361.5,359.4256299212606
876.8018763098701,1281.0645496259415,358.5,359.4256299212606
876.968099931625,1274.7167256123466,361.5,359.4256299212606
876.8018763098701,1268.3689015987518,358.5,359.4256299212606
876.968099931625,1262.021077585157,361.5,359.4256299212606
876.8018763098701,1255.673253571562,358.5,359.4256299212606
876.968099931625,1249.3254295579673,361.5,359.4256299212606
876.8018763098701,1242.9776055443724,358.5,359.4256299212606
876.968099931625,1236.6297815307776,361.5,359.4256299212606
876.8018763098701,1230.2819575171827,358.5,359.4256299212606
876.968099931625,1223.9341335035879,361.5,359.4256299212606
876.8018763098701,1217.586309489993,358.5,359.4256299212606
876.968099931625,1211.2384854763982,361.5,359.4256299212606
876.8018763098701,1204.8906614628033,358.5,359.4256299212606
876.968099931625,1198.5428374492085,361.5,359.4256299212606
876.8018763098701,1192.1950134356136,358.5,359.4256299212606
876.968099931625,1185.8471894220188,361.5,359.4256299212606
876.8018763098701,1179.499365408424,358.5,359.4256299212606
876.968099931625,1173.151541394829,361.5,359.4256299212606
876.8018763098701,1166.8037173812343,358.5,359.4256299212606
876.968099931625,1160.4558933676394,361.5,359.4256299212606
876.8018763098701,1154.1080693540446,358.5,359.4256299212606
876.968099931625,1147.7602453404497,361.5,359.4256299212606
876.8018763098701,1141.4124213268549,358.5,359.4256299212606
876.968099931625,1135.06459731326,361.5,359.4256299212606
876.8018763098701,1128.7167732996652,358.5,359.4256299212606
876.968099931625,1122.3689492860703,361.5,359.4256299212606
876.8018763098701,1116.0211252724755,358.5,359.4256299212606
876.968099931625,1109.6733012588807,361.5,359.4256299212606
876.8018763098701,1103.3254772452858,358.5,359.4256299212606
876.968099931625,1096.977653231691,361.5,359.4256299212606
876.8018763098701,1090.6298292180961,358.5,359.4256299212606
876.968099931625,1084.2820052045013,361.5,359.4256299212606
876.8018763098701,1077.9341811909064,358.5,359.4256299212606
876.968099931625,1071.5863571773116,361.5,359.4256299212606
876.8018763098701,1065.2385331637167,358.5,359.4256299212606
876.968099931625,1058.890709150122,361.5,359.4256299212606
876.8018763098701,1052.542885136527,358.5,359.4256299212606
876.968099931625,1046.1950611229322,361.5,359.4256299212606
876.8018763098701,1039.8472371093374,358.5,359.4256299212606
876.968099931625,1033.4994130957425,361.5,359.4256299212606
876.8018763098701,1027.1515890821477,358.5,359.4256299212606
876.968099931625,1020.8037650685528,361.5,359.4256299212606
876.8018763098701,1014.455941054958,358.5,359.4256299212606
876.968099931625,1008.1081170413631,361.5,359.4256299212606
876.8018763098701,1001.7602930277683,358.5,359.4256299212606
876.968099931625,995.4124690141734,361.5,359.4256299212606
876.8018763098701,989.0646450005786,358.5,359.4256299212606
876.968099931625,982.7168209869837,361.5,359.4256299212606
876.8018763098701,976.3689969733889,358.5,359.4256299212606
876.968099931625,970.0211729597941,361.5,359.4256299212606
876.8018763098701,963.6733489461992,358.5,359.4256299212606
876.968099931625,957.3255249326044,361.5,359.4256299212606
876.8018763098701,950.9777009190095,358.5,359.4256299212606
876.968099931625,944.6298769054147,361.5,359.4256299212606
876.8018763098701,938.2820528918198,358.5,359.4256299212606
876.968099931625,931.934228878225,361.5,359.4256299212606
876.8018763098701,925.5864048646301,358.5,359.4256299212606
876.968099931625,919.2385808510353,361.5,362.0639763779535
877.3004332537678,912.8972833053438,363.0,364.7023228346464
877.7986485116396,906.5668582361384,364.5,367.3406692913393
878.4624042533892,900.2516442005499,366.0,369.97901574803217
879.2912455739865,893.9559693308262,367.5,372.61736220472505
880.284604426992,887.6841483680471,369.0,375.25570866141794
881.4418000138671,881.440479705016,370.5,377.8940551181108
882.76203925056,875.2292424403563,372.0,380.5324015748037
884.2444173110449,869.054693445831,373.5,383.1707480314966
885.8879182474459,862.9210644488954,375.0,385.8090944881895
887.6914156863158,856.8325591324824,376.5,388.4474409448824
889.6536736005968,850.7933502540081,378.0,391.08578740157526
891.7733471567312,844.8075767855728,379.5,393.72413385826815
894.1278245852438,838.6739533834862,381.0,396.36248031496103
896.7262450910029,832.4008113577345,382.5,399.08917322834685
899.5673005428873,826.0196963361009,384.0,401.9042125984256
902.5744205540933,819.7151381249171,385.5,404.79755905511854
905.7455441947741,813.4914575534614,387.0,407.6909055118115
909.0784981351875,807.3529200215175,388.5,410.5842519685044
912.5709981351874,801.3037325760832,390.0,413.47759842519736
916.2206506097283,795.3480410280699,391.5,416.3709448818903
920.0249542693083,789.4899271109712,393.0,419.26429133858323
923.9813018342282,783.7334056834463,394.5,422.1576377952762
928.0869818214911,778.0824219777373,396.0,425.0509842519691
932.339180403117,772.540848895803,397.5,427.94433070866205
936.7349833346001,767.1124843550261,399.0,430.837677165355
941.2713779521864,761.80104868531,400.5,433.7310236220479
945.9452552376031,756.6101820793504,402.0,436.62437007874087
950.7534119488239,751.5434420978295,403.5,439.5177165354338
955.6925528154119,746.6043012312415,405.0,442.41106299212674
960.7592927969328,741.7961445200207,406.5,445.3044094488197
965.9501594028924,737.122267234604,408.0,448.1977559055126
971.2615950726085,732.5858726170177,409.5,451.09110236220556
976.6899596133854,728.1900696855346,411.0,453.9844488188985
982.2315326953197,723.9378711039087,412.5,456.87779527559144
987.8825164010287,719.8321911166458,414.0,459.7711417322844
993.6390378285536,715.8758435517259,415.5,462.6644881889773
999.3995498797141,711.9253086628235,415.55783464567025,465.55783464567025
1005.3521295779981,708.2705829637351,418.4511811023632,468.4511811023632
1011.4816005311926,704.9209843558502,421.34452755905613,471.34452755905613
1017.7723353542042,701.8850528041598,424.23787401574907,474.23787401574907
1024.2082955118394,699.1705285641995,427.131220472442,477.131220472442
1030.7730722098324,696.7843324478903,430.02456692913495,480.02456692913495
1037.449928229866,694.7325481785915,432.9179133858279,482.9179133858279
1044.221840601926,693.0204068803513,435.8112598425208,485.8112598425208
1051.0715440051938,691.6522737409006,438.70460629921376,488.70460629921376
1057.9815747868226,690.6316368823941,441.5979527559067,491.5979527559067
1064.935551617387,689.9740418398552,444.5979527559067,491.5979527559067
1071.9144141297597,689.6812910355865,447.5979527559067,491.5979527559067
1078.8990337468888,689.7541868791936,450.5979527559067,491.5979527559067
1085.8702661118987,690.1925295682363,453.5979527559067,491.5979527559067
1092.8090035614414,690.9951176358726,456.5979527559067,491.5979527559067
1099.6962274984735,692.1597512439963,459.5979527559067,491.5979527559067
1106.5130605209085,693.6832382128404,462.5979527559067,491.5979527559067
1113.2408181632645,695.5614027705194,465.5979527559067,491.5979527559067
1119.8610601094842,697.7890969985303,468.5979527559067,491.5979527559067
1126.3556407365604,700.3602149418394,471.5979527559067,491.5979527559067
1132.7067588504271,703.2677093448802,474.5979527559067,491.5979527559067
1138.897006477795,706.5036109675916,477.5979527559067,491.5979527559067
1144.9094165801964,710.0590504285503,480.5979527559067,491.5979527559067
1150.1985920158888,713.5728977801678,483.5979527559067,491.5979527559067
1155.296618259231,717.3587435802757,486.5979527559067,491.5979527559067
1160.1895219746496,721.406211088687,489.5979527559067,491.5979527559067
1164.8638920531619,725.704206478297,492.5979527559067,491.5979527559067
1169.7567957685803,729.7516739867083,489.5979527559067,491.5979527559067
1174.4311658470926,734.0496693763183,492.5979527559067,491.5979527559067
1179.324069562511,738.0971368847296,489.5979527559067,491.5979527559067
1183.9984396410234,742.3951322743396,492.5979527559067,491.5979527559067
1188.891343356442,746.4425997827509,489.5979527559067,491.5979527559067
1193.5657134349542,750.7405951723609,492.5979527559067,491.5979527559067
1198.4586171503727,754.7880626807722,489.5979527559067,491.5979527559067
1203.132987228885,759.0860580703823,492.5979527559067,491.5979527559067
1208.0258909443035,763.1335255787935,489.5979527559067,491.5979527559067
1212.7002610228158,767.4315209684036,492.5979527559067,491.5979527559067
1217.5931647382342,771.4789884768148,489.5979527559067,491.5979527559067
1222.2675348167465,775.7769838664249,492.5979527559067,491.5979527559067
1227.160438532165,779.8244513748361,489.5979527559067,491.5979527559067
1231.8348086106773,784.1224467644462,492.5979527559067,491.5979527559067
1236.7277123260958,788.1699142728575,489.5979527559067,491.5979527559067
1241.402082404608,792.4679096624675,492.5979527559067,491.5979527559067
1246.2949861200266,796.5153771708788,489.5979527559067,491.5979527559067
1250.969356198539,800.8133725604888,492.5979527559067,491.5979527559067
1255.8622599139574,804.8608400689001,489.5979527559067,491.5979527559067
1260.5366299924697,809.1588354585101,492.5979527559067,491.5979527559067
1265.4295337078881,813.2063029669214,489.5979527559067,491.5979527559067
1270.1039037864005,817.5042983565314,492.5979527559067,491.5979527559067
1274.996807501819,821.5517658649427,489.5979527559067,491.5979527559067
1279.6711775803312,825.8497612545527,492.5979527559067,491.5979527559067
1284.5640812957497,829.897228762964,489.5979527559067,491.5979527559067
1289.238451374262,834.195224152574,492.5979527559067,491.5979527559067
1294.1313550896805,838.2426916609853,489.5979527559067,491.5979527559067
1298.8057251681928,842.5406870505954,492.5979527559067,491.5979527559067
1303.6986288836113,846.5881545590066,489.5979527559067,491.5979527559067
1308.3729989621236,850.8861499486167,492.5979527559067,491.5979527559067
1313.265902677542,854.9336174570279,489.5979527559067,491.5979527559067
1317.9402727560544,859.231612846638,492.5979527559067,491.5979527559067
1322.8331764714728,863.2790803550492,489.5979527559067,491.5979527559067
1327.5075465499851,867.5770757446593,492.5979527559067,491.5979527559067
1332.4004502654036,871.6245432530706,489.5979527559067,491.5979527559067
1337.074820343916,875.9225386426806,492.5979527559067,491.5979527559067
1341.9677240593344,879.9700061510919,489.5979527559067,491.5979527559067
1346.6420941378467,884.2680015407019,492.5979527559067,491.5979527559067
1351.5349978532652,888.3154690491132,489.5979527559067,491.5979527559067
1356.2093679317775,892.6134644387232,492.5979527559067,491.5979527559067
1361.102271647196,896.6609319471345,489.5979527559067,491.5979527559067
1365.7766417257083,900.9589273367445,492.5979527559067,491.5979527559067
1370.6695454411267,905.0063948451558,489.5979527559067,491.5979527559067
1375.343915519639,909.3043902347658,492.5979527559067,491.5979527559067
1380.2368192350575,913.3518577431771,489.5979527559067,491.5979527559067
1384.9111893135698,917.6498531327871,492.5979527559067,491.5979527559067
1389.8040930289883,921.6973206411984,489.5979527559067,491.5979527559067
1394.4784631075006,925.9953160308085,492.5979527559067,491.5979527559067
1399.371366822919,930.0427835392197,489.5979527559067,491.5979527559067
1404.0457369014314,934.3407789288298,492.5979527559067,491.5979527559067
1408.9386406168499,938.388246437241,489.5979527559067,491.5979527559067
1413.6130106953622,942.6862418268511,492.5979527559067,491.5979527559067
1418.5059144107806,946.7337093352623,489.5979527559067,491.5979527559067
1423.180284489293,951.0317047248724,492.5979527559067,491.5979527559067
1428.0731882047114,955.0791722332837,489.5979527559067,491.5979527559067
1432.7475582832237,959.3771676228937,492.5979527559067,491.5979527559067
1437.6404619986422,963.424635131305,489.5979527559067,491.5979527559067
1442.3148320771545,967.722630520915,492.5979527559067,491.5979527559067
1447.207735792573,971.7700980293263,489.5979527559067,491.5979527559067
1451.8821058710853,976.0680934189363,492.5979527559067,491.5979527559067
1456.7750095865038,980.1155609273476,489.5979527559067,491.5979527559067
1461.449379665016,984.4135563169576,492.5979527559067,491.5979527559067
1466.3422833804345,988.4610238253689,489.5979527559067,491.5979527559067
1471.0166534589468,992.7590192149789,492.5979527559067,491.5979527559067
1475.9095571743653,996.8064867233902,489.5979527559067,491.5979527559067
1480.5839272528776,1001.1044821130002,492.5979527559067,491.5979527559067
1485.476830968296,1005.1519496214115,489.5979527559067,491.5979527559067
1490.1512010468084,1009.4499450110216,492.5979527559067,491.5979527559067
1495.0441047622269,1013.4974125194328,489.5979527559067,491.5979527559067
1499.7184748407392,1017.7954079090429,492.5979527559067,491.5979527559067
1504.6113785561577,1021.8428754174541,489.5979527559067,491.5979527559067
1509.28574863467,1026.1408708070642,492.5979527559067,491.5979527559067
1514.1786523500884,1030.1883383154754,489.5979527559067,491.5979527559067
1518.8530224286008,1034.4863337050856,492.5979527559067,491.5979527559067
1523.7459261440192,1038.5338012134969,489.5979527559067,491.5979527559067
1528.4202962225315,1042.831796603107,492.5979527559067,491.5979527559067
1533.31319993795,1046.8792641115183,489.5979527559067,491.5979527559067
1537.9875700164623,1051.1772595011284,492.5979527559067,491.5979527559067
1542.8804737318808,1055.2247270095397,489.5979527559067,491.5979527559067
1547.554843810393,1059.5227223991499,492.5979527559067,491.5979527559067
1552.4477475258116,1063.5701899075611,489.5979527559067,491.5979527559067
1557.1221176043239,1067.8681852971713,492.5979527559067,491.5979527559067
1562.0150213197423,1071.9156528055826,489.5979527559067,491.5979527559067
1566.6893913982547,1076.2136481951927,492.5979527559067,491.5979527559067
1571.5822951136731,1080.261115703604,489.5979527559067,491.5979527559067
1576.2566651921854,1084.5591110932141,492.5979527559067,491.5979527559067
1581.149568907604,1088.6065786016254,489.5979527559067,491.5979527559067
1585.8239389861162,1092.9045739912356,492.5979527559067,491.5979527559067
1590.7168427015347,1096.9520414996468,489.5979527559067,491.5979527559067
1595.391212780047,1101.250036889257,492.5979527559067,491.5979527559067
1600.2841164954655,1105.2975043976683,489.5979527559067,491.5979527559067
1604.9584865739778,1109.5954997872784,492.5979527559067,491.5979527559067
1609.8513902893962,1113.6429672956897,489.5979527559067,491.5979527559067
1614.5257603679086,1117.9409626852998,492.5979527559067,491.5979527559067
1619.418664083327,1121.988430193711,489.5979527559067,491.5979527559067
1624.0930341618393,1126.2864255833213,492.5979527559067,491.5979527559067
1628.9859378772578,1130.3338930917325,489.5979527559067,491.5979527559067
1633.6603079557701,1134.6318884813427,492.5979527559067,491.5979527559067
1638.5532116711886,1138.679355989754,489.5979527559067,491.5979527559067
1643.227581749701,1142.977351379364,492.5979527559067,491.5979527559067
1648.1204854651194,1147.0248188877754,489.5979527559067,491.5979527559067
1652.7948555436317,1151.3228142773855,492.5979527559067,491.5979527559067
1657.6877592590502,1155.3702817857968,489.5979527559067,491.5979527559067
1662.3621293375625,1159.668277175407,492.5979527559067,491.5979527559067
1667.255033052981,1163.7157446838182,489.5979527559067,491.5979527559067
1671.9294031314932,1168.0137400734284,492.5979527559067,491.5979527559067
1676.8223068469117,1172.0612075818397,489.5979527559067,488.9596062992138
1681.920333090254,1175.8470533819475,486.5979527559067,486.32125984252093
1687.2095085259464,1179.360900733565,483.5979527559067,483.68291338582804
1692.6753358917658,1182.5931184253454,480.5979527559067,481.04456692913516
1698.3028337348276,1185.5348471732648,477.5979527559067,478.40622047244227
1703.768661100647,1188.7670648650453,480.5979527559067,478.40622047244227
1709.3961589437088,1191.7087936129647,477.5979527559067,478.40622047244227
1714.8619863095282,1194.9410113047452,480.5979527559067,478.40622047244227
1720.48948415259,1197.8827400526645,477.5979527559067,478.40622047244227
1725.9553115184094,1201.114957744445,480.5979527559067,478.40622047244227
1731.5828093614712,1204.0566864923644,477.5979527559067,478.40622047244227
1737.0486367272906,1207.288904184145,480.5979527559067,478.40622047244227
1742.6761345703524,1210.2306329320643,477.5979527559067,478.40622047244227
1748.1419619361718,1213.4628506238448,480.5979527559067,478.40622047244227
1753.7694597792336,1216.4045793717642,477.5979527559067,478.40622047244227
1759.235287145053,1219.6367970635447,480.5979527559067,478.40622047244227
1764.8627849881148,1222.578525811464,477.5979527559067,478.40622047244227
1770.6365287279937,1225.2217025415011,474.5979527559067,475.7678740157494
1776.5406929344267,1227.5590824899639,471.5979527559067,473.1295275590565
1782.5590947037174,1229.584259060883,468.5979527559067,470.4911811023636
1788.67523801495,1231.2916813860456,465.5979527559067,467.8528346456707
1794.8723589444367,1232.6766695395402,462.5979527559067,465.21448818897784
1801.1334716144659,1233.7354273651072,459.5979527559067,462.57614173228495
1807.3305925439524,1235.1204155186017,462.5979527559067,459.93779527559207
1813.5917052139816,1236.1791733441687,459.5979527559067,457.2994488188992
1819.8996483499297,1236.9087988602016,456.5979527559067,457.2994488188992
1826.160761019959,1237.9675566857686,459.5979527559067,457.2994488188992
1832.468704155907,1238.6971822018015,456.5979527559067,457.2994488188992
1838.7298168259363,1239.7559400273685,459.5979527559067,457.2994488188992
1845.0377599618844,1240.4855655434014,456.5979527559067,457.2994488188992
1851.2988726319136,1241.5443233689684,459.5979527559067,457.2994488188992
1857.6068157678617,1242.2739488850013,456.5979527559067,457.2994488188992
1863.867928437891,1243.3327067105683,459.5979527559067,457.2994488188992
1870.175871573839,1244.0623322266013,456.5979527559067,457.2994488188992
1876.4369842438682,1245.1210900521683,459.5979527559067,457.2994488188992
1882.7449273798163,1245.8507155682012,456.5979527559067,457.2994488188992
1889.0060400498455,1246.9094733937682,459.5979527559067,457.2994488188992
1895.3139831857936,1247.639098909801,456.5979527559067,457.2994488188992
1901.5750958558228,1248.697856735368,459.5979527559067,457.2994488188992
1907.883038991771,1249.427482251401,456.5979527559067,457.2994488188992
1914.1441516618002,1250.486240076968,459.5979527559067,457.2994488188992
1920.4520947977483,1251.215865593001,456.5979527559067,457.2994488188992
1926.7132074677775,1252.274623418568,459.5979527559067,457.2994488188992
1933.0211506037256,1253.0042489346008,456.5979527559067,457.2994488188992
1939.2822632737548,1254.0630067601678,459.5979527559067,457.2994488188992
1945.590206409703,1254.7926322762007,456.5979527559067,457.2994488188992
1951.851319079732,1255.8513901017677,459.5979527559067,457.2994488188992
1958.1592622156802,1256.5810156178006,456.5979527559067,457.2994488188992
1964.4203748857094,1257.6397734433676,459.5979527559067,457.2994488188992
1970.7283180216575,1258.3693989594005,456.5979527559067,457.2994488188992
1976.9894306916867,1259.4281567849675,459.5979527559067,457.2994488188992
1983.2973738276348,1260.1577823010005,456.5979527559067,457.2994488188992
1989.558486497664,1261.2165401265675,459.5979527559067,457.2994488188992
1995.8664296336121,1261.9461656426004,456.5979527559067,457.2994488188992
2002.1275423036413,1263.0049234681674,459.5979527559067,457.2994488188992
2008.4354854395895,1263.7345489842003,456.5979527559067,457.2994488188992
2014.6965981096187,1264.7933068097673,459.5979527559067,457.2994488188992
2021.0045412455668,1265.5229323258002,456.5979527559067,457.2994488188992
2027.265653915596,1266.5816901513672,459.5979527559067,457.2994488188992
2033.573597051544,1267.3113156674,456.5979527559067,454.6611023622063
2039.911081019735,1267.7098090210752,453.5979527559067,452.0227559055134
2046.260735217125,1267.776077969809,450.5979527559067,449.3844094488205
2052.6051556829184,1267.5099408750193,447.5979527559067,446.74606299212763
2058.9269528016134,1266.9121271999838,444.5979527559067,444.10771653543475
2065.2087989667307,1265.9842755104326,441.5979527559067,441.46937007874186
2071.433476074577,1264.7289289833523,438.5979527559067,438.831023622049
2077.583922717872,1263.1495284363154,435.5979527559067,436.1926771653561
2083.6432809498788,1261.250402896439,432.5979527559067,433.5543307086632
2089.594942490864,1259.036757734821,429.5979527559067,430.9159842519703
2095.422594250239,1256.514660398981,426.5979527559067,428.2776377952774
2101.374255791224,1254.3010152373631,429.5979527559067,428.2776377952774
2107.201907550599,1251.778917901523,426.5979527559067,428.2776377952774
2113.1535690915844,1249.5652727399051,429.5979527559067,428.2776377952774
2118.9812208509593,1247.043175404065,426.5979527559067,428.2776377952774
2124.9328823919445,1244.8295302424472,429.5979527559067,428.2776377952774
2130.7605341513195,1242.3074329066071,426.5979527559067,428.2776377952774
2136.7121956923047,1240.0937877449892,429.5979527559067,428.2776377952774
2142.5398474516796,1237.5716904091491,426.5979527559067,428.2776377952774
2148.491508992665,1235.3580452475312,429.5979527559067,428.2776377952774
2154.31916075204,1232.8359479116912,426.5979527559067,428.2776377952774
2160.270822293025,1230.6223027500732,429.5979527559067,428.2776377952774
2166.0984740524,1228.1002054142332,426.5979527559067,428.2776377952774
2172.050135593385,1225.8865602526153,429.5979527559067,428.2776377952774
2177.87778735276,1223.3644629167752,426.5979527559067,428.2776377952774
2183.8294488937454,1221.1508177551573,429.5979527559067,428.2776377952774
2189.6571006531203,1218.6287204193172,426.5979527559067,428.2776377952774
2195.6087621941056,1216.4150752576993,429.5979527559067,428.2776377952774
2201.4364139534805,1213.8929779218593,426.5979527559067,428.2776377952774
2207.3880754944657,1211.6793327602413,429.5979527559067,428.2776377952774
2213.2157272538407,1209.1572354244013,426.5979527559067,428.2776377952774
2219.167388794826,1206.9435902627833,429.5979527559067,428.2776377952774
2224.995040554201,1204.4214929269433,426.5979527559067,428.2776377952774
2230.946702095186,1202.2078477653254,429.5979527559067,428.2776377952774
2236.774353854561,1199.6857504294853,426.5979527559067,428.2776377952774
2242.7260153955463,1197.4721052678674,429.5979527559067,428.2776377952774
2248.553667154921,1194.9500079320273,426.5979527559067,428.2776377952774
2254.5053286959064,1192.7363627704094,429.5979527559067,428.2776377952774
2260.3329804552814,1190.2142654345694,426.5979527559067,428.2776377952774
2266.2846419962666,1188.0006202729514,429.5979527559067,428.2776377952774
2272.1122937556415,1185.4785229371114,426.5979527559067,428.2776377952774
2278.063955296627,1183.2648777754935,429.5979527559067,428.2776377952774
2283.8916070560017,1180.7427804396534,426.5979527559067,428.2776377952774
2289.843268596987,1178.5291352780355,429.5979527559067,428.2776377952774
2295.670920356362,1176.0070379421954,426.5979527559067,428.2776377952774
2301.622581897347,1173.7933927805775,429.5979527559067,428.2776377952774
2307.450233656722,1171.2712954447375,426.5979527559067,428.2776377952774
2313.4018951977073,1169.0576502831195,429.5979527559067,428.2776377952774
2319.229546957082,1166.5355529472795,426.5979527559067,428.2776377952774
2325.1812084980675,1164.3219077856616,429.5979527559067,428.2776377952774
2331.0088602574424,1161.7998104498215,426.5979527559067,428.2776377952774
2336.9605217984276,1159.5861652882036,429.5979527559067,428.2776377952774
2342.7881735578026,1157.0640679523635,426.5979527559067,428.2776377952774
2348.739835098788,1154.8504227907456,429.5979527559067,428.2776377952774
2354.5674868581627,1152.3283254549056,426.5979527559067,428.2776377952774
2360.519148399148,1150.1146802932876,429.5979527559067,428.2776377952774
2366.346800158523,1147.5925829574476,426.5979527559067,428.2776377952774
2372.298461699508,1145.3789377958296,429.5979527559067,428.2776377952774
2378.126113458883,1142.8568404599896,426.5979527559067,428.2776377952774
2384.0777749998683,1140.6431952983717,429.5979527559067,428.2776377952774
2389.9054267592433,1138.1210979625316,426.5979527559067,425.63929133858454
2395.5930955486106,1135.297461345958,423.5979527559067,423.00094488189166
2401.1251918631638,1132.1800248403486,420.5979527559067,420.36259842519877
2406.486552611436,1128.7773331224746,417.5979527559067,417.7242519685059
2411.6624826762795,1125.0987127338167,414.5979527559067,415.085905511813
2416.638795193161,1121.1542465171624,411.5979527559067,412.4475590551201
2421.401850435371,1116.954745980235,408.5979527559067,409.8092125984272
2425.938593199567,1112.5117216621027,405.5979527559067,407.17086614173434
2430.2365885891772,1107.8373515835904,402.5979527559067,404.53251968504145
2434.2840560975883,1102.944447868172,399.5979527559067,401.89417322834856
2438.069901897696,1097.8464216248296,396.5979527559067,399.2558267716557
2442.117369406107,1092.9535179094112,399.5979527559067,396.6174803149628
2445.903215206215,1087.855491666069,396.5979527559067,393.9791338582699
2449.417062557832,1082.5663162303765,393.5979527559067,391.340787401577
2452.6492802496127,1077.100488864557,390.5979527559067,388.70244094488413
2455.5910089975323,1071.4729910214953,387.5979527559067,386.06409448819124
2458.2341857275696,1065.6992472816164,384.5979527559067,383.42574803149836
2460.5715656760326,1059.7950830751834,381.5979527559067,380.7874015748055
2462.5967422469516,1053.7766813058927,378.5979527559067,378.1490551181126
2464.3041645721146,1047.66053799466,375.5979527559067,375.5107086614197
2465.6891527256093,1041.4634170651734,372.5979527559067,372.8723622047268
2466.711229177692,1035.4192248341058,369.5979527559067,370.2340157480339
2467.390297965055,1029.548367521751,366.5979527559067,367.6840157480339
2467.7473731118916,1023.8695826746634,363.5979527559067,365.22236220472683
2467.804458332297,1018.3998805550219,360.5979527559067,362.8490551181127
2467.5844237263686,1013.154493555744,357.5979527559067,360.5640944881914
2467.6369170826097,1008.1247674749767,360.5979527559067,358.3674803149631
2467.4353234722257,1003.3189938623049,357.5979527559067,356.25921259842767
2467.0032030362554,998.7493798820198,354.5979527559067,354.23929133858513
2466.3646657317927,994.4262825998841,351.5979527559067,352.30771653543553
2465.544242410945,990.3581865372757,348.5979527559067,350.46448818897886
2464.9699971920577,986.4703667846915,351.5979527559067,348.70960629921507
2464.236558512456,982.8335869311308,348.5979527559067,347.0430708661442
2463.368510022825,979.4532627130047,345.5979527559067,345.4648818897663
2462.3905351385106,976.332931780932,342.5979527559067,343.9750393700812
2461.2837125577016,973.3571010104392,339.5979527559067,342.5735433070891
2460.334149787763,970.3274218944358,342.5979527559067,341.2101968503962
2459.1506339887565,967.1453918264601,339.5979527559067,339.8468503937033
2457.7148258204,963.8277601555717,336.5979527559067,338.39515748031744
2456.377923584998,960.2333314926301,339.5979527559067,336.8551181102387
2454.7673559162054,956.5118940305409,336.5979527559067,335.2267322834671
2452.866403705835,952.6827941762817,333.5979527559067,333.5100000000025
2450.65965140777,948.766766942594,330.5979527559067,331.70492125984504
2448.133085825128,944.7858510484047,327.5979527559067,329.81149606299465
2445.7103221786424,940.4864974559133,330.5979527559067,327.82972440945133
2442.947979532085,936.1340856988515,327.5979527559067,325.75960629921514
2439.834186683418,931.7528850534131,324.5979527559067,323.601141732286
2436.358708182287,927.3682443397198,321.5979527559067,321.35433070866395
2432.513023832329,923.0064858777587,318.5979527559067,319.019173228349
2428.2904015079307,918.694794132574,315.5979527559067,316.59566929134115
2423.6859629502783,914.4610994613912,312.5979527559067,314.08381889764036
2418.79305923486,910.4136319529799,309.5979527559067,311.4836220472467
2413.6950329915176,906.627786152872,306.5979527559067,308.8452755905538
2408.405857555825,903.1139388012546,303.5979527559067,306.2069291338609
2402.940030190006,899.8817211094739,300.5979527559067,303.568582677168
2397.6508547543135,896.3678737578565,303.5979527559067,300.93023622047514
2392.1850273884943,893.1356560660759,300.5979527559067,298.29188976378225
2386.5575295454323,890.1939273181565,297.5979527559067,295.65354330708936
2380.7837858055536,887.5507505881194,294.5979527559067,293.0151968503965
2374.8796215991206,885.2133706396565,291.5979527559067,290.3768503937036
2368.86121982983,883.1881940687375,288.5979527559067,287.7385039370107
2362.7450765185977,881.4807717435748,285.5979527559067,285.1001574803178
2356.547955589111,880.0957835900803,282.5979527559067,282.46181102362493
2350.2868429190817,879.0370257645131,279.5979527559067,279.82346456693205
2343.978899783134,878.3074002484801,276.5979527559067,277.18511811023916
2337.641415814943,877.908906894805,273.5979527559067,274.5467716535463
2331.333472678995,877.179281378772,276.5979527559067,274.5467716535463
2324.995988710804,876.7807880250969,273.5979527559067,274.5467716535463
2318.688045574856,876.0511625090638,276.5979527559067,274.5467716535463
2312.350561606665,875.6526691553887,273.5979527559067,274.5467716535463
2306.042618470717,874.9230436393557,276.5979527559067,274.5467716535463
2299.705134502526,874.5245502856806,273.5979527559067,274.5467716535463
2293.397191366578,873.7949247696475,276.5979527559067,274.5467716535463
2287.059707398387,873.3964314159724,273.5979527559067,274.5467716535463
2280.7517642624393,872.6668058999394,276.5979527559067,274.5467716535463
2274.4142802942483,872.2683125462643,273.5979527559067,274.5467716535463
2268.1063371583004,871.5386870302312,276.5979527559067,274.5467716535463
2261.7688531901094,871.1401936765561,273.5979527559067,274.5467716535463
2255.4609100541616,870.4105681605231,276.5979527559067,274.5467716535463
2249.1234260859706,870.012074806848,273.5979527559067,274.5467716535463
2242.8154829500227,869.282449290815,276.5979527559067,274.5467716535463
2236.4779989818317,868.8839559371398,273.5979527559067,274.5467716535463
2230.170055845884,868.1543304211068,276.5979527559067,274.5467716535463
2223.8325718776928,867.7558370674317,273.5979527559067,274.5467716535463
2217.524628741745,867.0262115513987,276.5979527559067,274.5467716535463
2211.187144773554,866.6277181977235,273.5979527559067,274.5467716535463
2204.879201637606,865.8980926816905,276.5979527559067,274.5467716535463
2198.541717669415,865.4995993280154,273.5979527559067,274.5467716535463
2192.233774533467,864.7699738119824,276.5979527559067,274.5467716535463
2185.896290565276,864.3714804583072,273.5979527559067,274.5467716535463
2179.806890341125,863.6671333066092,276.5979527559067,274.5467716535463
2173.979618549019,862.6817382280105,279.5979527559067,277.0967716535463
2168.327304148461,862.0279478049825,276.5979527559067,279.55842519685336
2162.933873234278,861.1159154733523,279.5979527559067,281.9317322834675
2157.8102693161986,859.9708465275497,282.5979527559067,281.9317322834675
2152.8506792799394,859.1321769428879,279.5979527559067,281.9317322834675
2148.156482166423,858.0830756801621,282.5979527559067,281.9317322834675
2143.6307330080867,857.3177688424687,279.5979527559067,281.9317322834675
2139.365942699133,856.3646352628197,282.5979527559067,281.9317322834675
2135.27403441872,855.6726911720947,279.5979527559067,281.9317322834675
2131.438650914329,854.8155252755224,282.5979527559067,281.9317322834675
2127.7805835118397,854.1969439317659,279.5979527559067,281.9317322834675
2124.3746068120117,853.4357457182704,282.5979527559067,281.9317322834675
2121.1503802874454,852.8905271214823,279.5979527559067,281.9317322834675
2118.0518198227023,852.198033044735,282.5979527559067,281.9317322834675
2114.9212634876876,851.6686541319515,279.5979527559067,281.9317322834675
2111.8227030229446,850.9761600552042,282.5979527559067,281.9317322834675
2108.69214668793,850.4467811424207,279.5979527559067,281.9317322834675
2105.593586223187,849.7542870656735,282.5979527559067,281.9317322834675
2102.463029888172,849.22490815289,279.5979527559067,281.9317322834675
2099.364469423429,848.5324140761427,282.5979527559067,281.9317322834675
2096.2339130884143,848.0030351633592,279.5979527559067,281.9317322834675
2093.135352623671,847.3105410866119,282.5979527559067,281.9317322834675
2090.0047962886565,846.7811621738284,279.5979527559067,281.9317322834675
2086.9062358239134,846.0886680970812,282.5979527559067,281.9317322834675
2083.7756794888987,845.5592891842977,279.5979527559067,281.9317322834675
2080.6771190241557,844.8667951075504,282.5979527559067,281.9317322834675
2077.546562689141,844.3374161947669,279.5979527559067,281.9317322834675
2074.448002224398,843.6449221180196,282.5979527559067,281.9317322834675
2071.317445889383,843.1155432052361,279.5979527559067,281.9317322834675
2068.21888542464,842.4230491284889,282.5979527559067,281.9317322834675
2065.0883290896254,841.8936702157054,279.5979527559067,281.9317322834675
2061.9897686248823,841.2011761389581,282.5979527559067,281.9317322834675
2058.931696969266,840.3474649763767,285.5979527559067,283.2950787401604
2055.833136504523,839.6549708996295,282.5979527559067,284.65842519685333
2052.7750648489064,838.8012597370481,285.5979527559067,286.02177165354624
2049.765863964261,837.7886714515886,288.5979527559067,287.38511811023915
2046.8137818610444,836.6199814773572,291.5979527559067,288.74846456693206
2043.8045809763992,835.6073931918977,288.5979527559067,290.11181102362497
2040.8524988731826,834.4387032176663,291.5979527559067,291.4751574803179
2037.9656270032433,833.1171148526478,294.5979527559067,292.8385039370108
2035.0135449000268,831.9484248784164,291.5979527559067,294.2018503937037
2032.1266730300874,830.6268365133978,294.5979527559067,294.2018503937037
2029.174590926871,829.4581465391665,291.5979527559067,294.2018503937037
2026.2877190569316,828.1365581741479,294.5979527559067,294.2018503937037
2023.335636953715,826.9678681999166,291.5979527559067,294.2018503937037
2020.4487650837757,825.646279834898,294.5979527559067,294.2018503937037
2017.4966829805592,824.4775898606666,291.5979527559067,294.2018503937037
2014.6098111106198,823.1560014956481,294.5979527559067,294.2018503937037
2011.6577290074033,821.9873115214167,291.5979527559067,294.2018503937037
2008.770857137464,820.6657231563981,294.5979527559067,294.2018503937037
2005.8187750342474,819.4970331821668,291.5979527559067,294.2018503937037
2002.931903164308,818.1754448171482,294.5979527559067,294.2018503937037
1999.9798210610916,817.0067548429168,291.5979527559067,294.2018503937037
1997.0929491911522,815.6851664778983,294.5979527559067,294.2018503937037
1994.1408670879357,814.5164765036669,291.5979527559067,294.2018503937037
1991.2539952179964,813.1948881386484,294.5979527559067,294.2018503937037
1988.3019131147798,812.026198164417,291.5979527559067,294.2018503937037
1985.4150412448405,810.7046097993984,294.5979527559067,294.2018503937037
1982.258405421086,809.4549397324644,291.5979527559067,294.2018503937037
1978.9714631187771,807.9502021137109,294.5979527559067,294.2018503937037
1975.4057198539472,806.5385718613716,291.5979527559067,294.2018503937037
1971.7187071192686,804.8506849888832,294.5979527559067,294.2018503937037
1967.743856413363,803.2770945511386,291.5979527559067,294.2018503937037
1963.6567732463147,801.4060584249155,294.5979527559067,294.2018503937037
1959.2728150993335,799.6705078017656,291.5979527559067,294.2018503937037
1954.7856614999157,797.6163224218076,294.5979527559067,294.2018503937037
1949.9925959118586,795.7188116132523,291.5979527559067,294.2018503937037
1945.1053718800715,793.4814769795595,294.5979527559067,294.2018503937037
1939.903198850939,791.422005985599,291.5979527559067,294.2018503937037
1934.6159043867822,789.0015220981712,294.5979527559067,294.2018503937037
1929.0046239165738,786.7800909188054,291.5979527559067,294.2018503937037
1923.3172590200475,784.1764577776428,294.5979527559067,294.2018503937037
1917.4130948136144,781.8390778291799,291.5979527559067,294.2018503937037
1911.6393510737355,779.1959010991428,294.5979527559067,294.2018503937037
1905.7351868673027,776.85852115068,291.5979527559067,294.2018503937037
1899.9614431274238,774.2153444206429,294.5979527559067,294.2018503937037
1894.057278920991,771.87796447218,291.5979527559067,294.2018503937037
1888.283535181112,769.2347877421429,294.5979527559067,294.2018503937037
1882.3793709746792,766.89740779368,291.5979527559067,294.2018503937037
1876.6056272348003,764.2542310636429,294.5979527559067,294.2018503937037
1870.9781293917385,761.3125023157236,297.5979527559067,296.8401968503966
1865.512302025919,758.0802846239429,300.5979527559067,299.47854330708947
1860.2231265902267,754.5664372723255,303.5979527559067,302.11688976378235
1855.1251003468844,750.7805914722176,306.5979527559067,304.75523622047524
1850.232196631466,746.7331239638063,309.5979527559067,307.3935826771681
1845.5578265529537,742.4351285741963,312.5979527559067,310.031929133861
1841.1148022348214,737.8983858100003,315.5979527559067,312.6702755905539
1836.440432156309,733.6003904203902,312.5979527559067,315.3086220472468
1831.9974078381767,729.0636476561942,315.5979527559067,317.9469685039397
1827.7979073012493,724.300592413984,318.5979527559067,320.58531496063256
1823.853441084595,719.3242798971023,321.5979527559067,323.22366141732545
1820.1748206959371,714.1483498322589,324.5979527559067,325.86200787401833
1816.7721289780632,708.7869890839868,327.5979527559067,328.5003543307112
1813.6546924724537,703.2548927694336,330.5979527559067,331.1387007874041
1810.83105585588,697.567223980066,333.5979527559067,333.777047244097
1808.30895852004,691.7395722206909,336.5979527559067,336.4153937007899
1806.0953133584221,685.7879106797054,339.5979527559067,339.05374015748276
1804.1961878185457,679.7285524476986,342.5979527559067,341.69208661417565
1802.6167872715089,673.5781058044034,345.5979527559067,344.33043307086854
1801.3614407444286,667.353428696557,348.5979527559067,346.9687795275614
1800.4335890548773,661.0715825314398,351.5979527559067,349.6071259842543
1799.8357753798418,654.7497854127448,354.5979527559067,352.2454724409472
1799.5696382850522,648.4053649469515,357.5979527559067,354.8838188976401
1798.9718246100167,642.0835678282565,354.5979527559067,357.52216535433297
1798.705687515227,635.7391473624632,357.5979527559067,360.16051181102586
1798.7719564639608,629.3894931650731,360.5979527559067,362.79885826771874
1799.170449817636,623.0520091968822,363.5979527559067,365.43720472441163
1799.9000753336688,616.7440660609342,366.5979527559067,368.0755511811045
1800.9588331592358,610.482953390905,369.5979527559067,370.7138976377974
1802.3438213127304,604.2858324614185,372.5979527559067,373.3522440944903
1804.051243637893,598.1696891501858,375.5979527559067,375.9905905511832
1806.0764202088121,592.1512873808953,378.5979527559067,378.62893700787606
1808.4138001572749,586.2471231744623,381.5979527559067,381.26728346456895
1811.056976887312,580.4733794345835,384.5979527559067,383.90562992126183
1813.9987056352313,574.8458815915218,387.5979527559067,386.5439763779547
1817.2309233270119,569.3800542257023,390.5979527559067,389.1823228346476
1820.7447706786293,564.0908787900099,393.5979527559067,391.8206692913405
1824.530616478737,558.9928525466678,396.5979527559067,394.4590157480334
1828.5780839871484,554.0999488312494,399.5979527559067,397.09736220472627
1832.8760793767585,549.4255787527372,402.5979527559067,399.73570866141915
1836.9235468851698,544.5326750373189,399.5979527559067,402.37405511811204
1841.22154227478,539.8583049588067,402.5979527559067,405.0124015748049
1845.7582850389758,535.4152806406743,405.5979527559067,407.6507480314978
1850.5213402811862,531.215780103747,408.5979527559067,410.2890944881907
1855.4976527980677,527.2713138870927,411.5979527559067,412.9274409448836
1860.6735828629112,523.5926934984348,414.5979527559067,415.5657874015765
1866.0349436111833,520.1900017805608,417.5979527559067,418.20413385826936
1871.5670399257365,517.0725652749513,420.5979527559067,420.84248031496224
1877.254708715104,514.2489286583778,423.5979527559067,423.48082677165513
1883.0823604744792,511.72683132253775,426.5979527559067,426.119173228348
1889.0340220154646,509.51318616091976,429.5979527559067,428.7575196850409
1895.0933802474715,507.61406062104334,432.5979527559067,431.3958661417338
1901.2438268907665,506.03466007400664,435.5979527559067,434.0342125984267
1907.468503998613,504.7793135469263,438.5979527559067,436.67255905511956
1913.75035016373,503.851461857375,441.5979527559067,439.31090551181245
1920.072147282425,503.25364818233965,444.5979527559067,441.94925196850534
1926.353993447542,502.32579649278836,441.5979527559067,444.5875984251982
1932.675790566237,501.727982817753,444.5979527559067,447.2259448818911
1939.0202110320304,501.4618457229633,447.5979527559067,447.2259448818911
1945.3420081507254,500.86403204792794,444.5979527559067,447.2259448818911
1951.6864286165187,500.5978949531382,447.5979527559067,447.2259448818911
1958.0082257352137,500.00008127810287,444.5979527559067,447.2259448818911
1964.352646201007,499.73394418331316,447.5979527559067,447.2259448818911
1970.674443319702,499.1361305082778,444.5979527559067,447.2259448818911
1977.0188637854953,498.8699934134881,447.5979527559067,447.2259448818911
1983.3406609041904,498.27217973845273,444.5979527559067,447.2259448818911
1989.6850813699837,498.006042643663,447.5979527559067,447.2259448818911
1996.0068784886787,497.40822896862767,444.5979527559067,447.2259448818911
2002.351298954472,497.14209187383796,447.5979527559067,447.2259448818911
2008.673096073167,496.5442781988026,444.5979527559067,447.2259448818911
2015.0175165389603,496.2781411040129,447.5979527559067,447.2259448818911
2021.3393136576553,495.68032742897753,444.5979527559067,447.2259448818911
2027.6837341234486,495.4141903341878,447.5979527559067,447.2259448818911
2034.0055312421437,494.81637665915247,444.5979527559067,447.2259448818911
2040.349951707937,494.55023956436276,447.5979527559067,447.2259448818911
2046.671748826632,493.9524258893274,444.5979527559067,447.2259448818911
2053.0161692924253,493.6862887945377,447.5979527559067,447.2259448818911
2059.3379664111203,493.08847511950233,444.5979527559067,447.2259448818911
2065.682386876914,492.8223380247126,447.5979527559067,447.2259448818911
2072.004183995609,492.22452434967727,444.5979527559067,447.2259448818911
2078.3486044614024,491.95838725488755,447.5979527559067,447.2259448818911
2084.6704015800974,491.3605735798522,444.5979527559067,447.2259448818911
2091.014822045891,491.0944364850625,447.5979527559067,447.2259448818911
2097.336619164586,490.49662281002713,444.5979527559067,447.2259448818911
2103.6810396303795,490.2304857152374,447.5979527559067,447.2259448818911
2110.0028367490745,489.63267204020207,444.5979527559067,447.2259448818911
2116.347257214868,489.36653494541235,447.5979527559067,447.2259448818911
2122.669054333563,488.768721270377,444.5979527559067,447.2259448818911
2129.0134747993566,488.5025841755873,447.5979527559067,447.2259448818911
2135.3352719180516,487.90477050055193,444.5979527559067,447.2259448818911
2141.679692383845,487.6386334057622,447.5979527559067,447.2259448818911
2148.00148950254,487.04081973072687,444.5979527559067,447.2259448818911
2154.3459099683337,486.77468263593715,447.5979527559067,447.2259448818911
2160.6677070870287,486.1768689609018,444.5979527559067,447.2259448818911
2167.012127552822,485.9107318661121,447.5979527559067,447.2259448818911
2173.3339246715173,485.31291819107673,444.5979527559067,447.2259448818911
2179.6783451373108,485.046781096287,447.5979527559067,447.2259448818911
2186.000142256006,484.44896742125167,444.5979527559067,447.2259448818911
2192.3445627217993,484.18283032646195,447.5979527559067,447.2259448818911
2198.6663598404944,483.5850166514266,444.5979527559067,447.2259448818911
2205.010780306288,483.3188795566369,447.5979527559067,447.2259448818911
2211.332577424983,482.72106588160153,444.5979527559067,447.2259448818911
2217.6769978907764,482.4549287868118,447.5979527559067,447.2259448818911
2223.9987950094715,481.85711511177647,444.5979527559067,447.2259448818911
2230.343215475265,481.59097801698675,447.5979527559067,447.2259448818911
2236.66501259396,480.9931643419514,444.5979527559067,447.2259448818911
2243.0094330597535,480.7270272471617,447.5979527559067,447.2259448818911
2249.3312301784485,480.12921357212633,444.5979527559067,447.2259448818911
2255.675650644242,479.8630764773366,447.5979527559067,447.2259448818911
2261.997447762937,479.26526280230127,444.5979527559067,447.2259448818911
2268.3418682287306,478.99912570751155,447.5979527559067,447.2259448818911
2274.6636653474256,478.4013120324762,444.5979527559067,447.2259448818911
2281.008085813219,478.1351749376865,447.5979527559067,449.864291338584
2287.357740010609,478.2014438864203,450.5979527559067,452.5026377952769
2293.6952239788,478.59993724009547,453.5979527559067,455.14098425196977
2300.003167114748,479.3295627561285,456.5979527559067,457.77933070866266
2306.2642797847775,480.38832058169555,459.5979527559067,460.41767716535554
2312.461400714264,481.77330873519014,462.5979527559067,463.05602362204843
2318.5775440254965,483.48073106035287,465.5979527559067,465.6943700787413
2324.595945794787,485.50590763127195,468.5979527559067,465.6943700787413
2330.7120891060194,487.2133299564347,465.5979527559067,465.6943700787413
2336.73049087531,489.23850652735376,468.5979527559067,465.6943700787413
2342.8466341865424,490.9459288525165,465.5979527559067,465.6943700787413
2348.865035955833,492.9711054234356,468.5979527559067,465.6943700787413
2354.9811792670653,494.6785277485983,465.5979527559067,465.6943700787413
2360.9995810363557,496.7037043195174,468.5979527559067,465.6943700787413
2367.115724347588,498.4111266446801,465.5979527559067,465.6943700787413
2373.1341261168786,500.4363032155992,468.5979527559067,465.6943700787413
2379.250269428111,502.1437255407619,465.5979527559067,465.6943700787413
2385.2686711974015,504.168902111681,468.5979527559067,465.6943700787413
2391.384814508634,505.87632443684373,465.5979527559067,465.6943700787413
2397.4032162779245,507.9015010077628,468.5979527559067,465.6943700787413
2403.519359589157,509.60892333292554,465.5979527559067,465.6943700787413
2409.5377613584474,511.63409990384463,468.5979527559067,465.6943700787413
2415.65390466968,513.3415222290074,465.5979527559067,465.6943700787413
2421.6723064389703,515.3666987999264,468.5979527559067,465.6943700787413
2427.7884497502027,517.0741211250892,465.5979527559067,465.6943700787413
2433.806851519493,519.0992976960082,468.5979527559067,465.6943700787413
2439.9229948307257,520.8067200211709,465.5979527559067,465.6943700787413
2445.941396600016,522.83189659209,468.5979527559067,465.6943700787413
2452.0575399112486,524.5393189172527,465.5979527559067,465.6943700787413
2458.075941680539,526.5644954881717,468.5979527559067,465.6943700787413
2464.1920849917715,528.2719178133344,465.5979527559067,465.6943700787413
2470.210486761062,530.2970943842535,468.5979527559067,465.6943700787413
2476.3266300722944,532.0045167094162,465.5979527559067,465.6943700787413
2482.345031841585,534.0296932803352,468.5979527559067,468.3327165354342
2488.249196048018,536.3670732287981,471.5979527559067,470.9710629921271
2494.0229397878966,539.0102499588352,474.5979527559067,473.60940944882
2499.6504376309585,541.9519787067545,477.5979527559067,476.24775590551286
2505.1162649967778,545.1841963985352,480.5979527559067,478.88610236220575
2510.40544043247,548.6980437501526,483.5979527559067,481.52444881889863
2515.5034666758124,552.4838895502605,486.5979527559067,484.1627952755915
2520.792642111505,555.9977369018779,483.5979527559067,484.1627952755915
2525.890668354847,559.7835827019859,486.5979527559067,484.1627952755915
2531.1798437905395,563.2974300536033,483.5979527559067,484.1627952755915
2536.2778700338818,567.0832758537113,486.5979527559067,484.1627952755915
2541.567045469574,570.5971232053287,483.5979527559067,484.1627952755915
2546.6650717129164,574.3829690054366,486.5979527559067,484.1627952755915
2551.954247148609,577.896816357054,483.5979527559067,484.1627952755915
2557.052273391951,581.682662157162,486.5979527559067,484.1627952755915
2562.3414488276435,585.1965095087794,483.5979527559067,484.1627952755915
2567.4394750709857,588.9823553088873,486.5979527559067,484.1627952755915
2572.728650506678,592.4962026605048,483.5979527559067,484.1627952755915
2577.8266767500204,596.2820484606127,486.5979527559067,484.1627952755915
2583.115852185713,599.7958958122301,483.5979527559067,484.1627952755915
2588.213878429055,603.5817416123381,486.5979527559067,484.1627952755915
2593.5030538647475,607.0955889639555,483.5979527559067,484.1627952755915
2598.6010801080897,610.8814347640634,486.5979527559067,484.1627952755915
2603.890255543782,614.3952821156809,483.5979527559067,484.1627952755915
2608.9882817871244,618.1811279157888,486.5979527559067,484.1627952755915
2614.277457222817,621.6949752674062,483.5979527559067,484.1627952755915
2619.375483466159,625.4808210675142,486.5979527559067,484.1627952755915
2624.6646589018515,628.9946684191316,483.5979527559067,484.1627952755915
2629.7626851451937,632.7805142192395,486.5979527559067,484.1627952755915
2635.051860580886,636.294361570857,483.5979527559067,484.1627952755915
2640.1498868242284,640.0802073709649,486.5979527559067,484.1627952755915
2645.439062259921,643.5940547225823,483.5979527559067,484.1627952755915
2650.537088503263,647.3799005226903,486.5979527559067,484.1627952755915
2655.8262639389554,650.8937478743077,483.5979527559067,484.1627952755915
2660.9242901822977,654.6795936744156,486.5979527559067,484.1627952755915
2665.817193897716,658.7270611828269,489.5979527559067,486.8011417322844
2670.9152201410584,662.5129069829349,486.5979527559067,489.4394881889773
2675.808123856477,666.5603744913461,489.5979527559067,492.0778346456702
2680.482493934989,670.8583698809562,492.5979527559067,494.71618110236307
2684.9255182531215,675.3951126451522,495.5979527559067,497.35452755905595
2689.1250187900487,680.1581678873624,498.5979527559067,499.99287401574884
2693.069485006703,685.1344804042441,501.5979527559067,502.6312204724417
2696.7481053953607,690.3104104690875,504.5979527559067,505.2695669291346
2700.1507971132346,695.6717712173596,507.5979527559067,505.2695669291346
2703.8294175018923,700.847701282203,504.5979527559067,505.2695669291346
2707.2321092197662,706.2090620304751,507.5979527559067,505.2695669291346
2710.910729608424,711.3849920953186,504.5979527559067,505.2695669291346
2714.313421326298,716.7463528435907,507.5979527559067,505.2695669291346
2717.9920417149556,721.9222829084341,504.5979527559067,505.2695669291346
2721.3947334328295,727.2836436567062,507.5979527559067,505.2695669291346
2725.073353821487,732.4595737215496,504.5979527559067,505.2695669291346
2728.476045539361,737.8209344698217,507.5979527559067,505.2695669291346
2732.154665928019,742.9968645346652,504.5979527559067,505.2695669291346
2735.557357645893,748.3582252829373,507.5979527559067,505.2695669291346
2739.2359780345505,753.5341553477807,504.5979527559067,505.2695669291346
2742.6386697524244,758.8955160960528,507.5979527559067,505.2695669291346
2746.317290141082,764.0714461608962,504.5979527559067,505.2695669291346
2749.719981858956,769.4328069091683,507.5979527559067,505.2695669291346
2753.398602247614,774.6087369740118,504.5979527559067,505.2695669291346
2756.8012939654877,779.9700977222839,507.5979527559067,505.2695669291346
2760.4799143541454,785.1460277871273,504.5979527559067,505.2695669291346
2763.8826060720194,790.5073885353994,507.5979527559067,505.2695669291346
2767.561226460677,795.6833186002428,504.5979527559067,505.2695669291346
2770.963918178551,801.0446793485149,507.5979527559067,505.2695669291346
2774.6425385672087,806.2206094133584,504.5979527559067,505.2695669291346
2778.0452302850827,811.5819701616305,507.5979527559067,505.2695669291346
2781.7238506737403,816.7579002264739,504.5979527559067,505.2695669291346
2785.1265423916143,822.119260974746,507.5979527559067,505.2695669291346
2788.805162780272,827.2951910395894,504.5979527559067,505.2695669291346
2792.207854498146,832.6565517878615,507.5979527559067,505.2695669291346
2795.8864748868036,837.832481852705,504.5979527559067,505.2695669291346
2799.2891666046776,843.1938426009771,507.5979527559067,505.2695669291346
2802.9677869933353,848.3697726658205,504.5979527559067,505.2695669291346
2806.370478711209,853.7311334140926,507.5979527559067,505.2695669291346
2810.049099099867,858.907063478936,504.5979527559067,502.6312204724417
2813.993565316521,863.8833759958177,501.5979527559067,499.99287401574884
2818.1930658534484,868.646431238028,498.5979527559067,497.35452755905595
2822.6360901715807,873.183174002224,495.5979527559067,494.71618110236307
2827.310460250093,877.481169391834,492.5979527559067,492.0778346456702
2832.2033639655115,881.5286369002453,489.5979527559067,489.4394881889773
2837.3013902088537,885.3144827003532,486.5979527559067,486.8011417322844
2842.590565644546,888.8283300519706,483.5979527559067,484.1627952755915
2847.6885918878884,892.6141758520786,486.5979527559067,484.1627952755915
2852.977767323581,896.128023203696,483.5979527559067,484.1627952755915
2858.075793566923,899.9138690038039,486.5979527559067,484.1627952755915
2863.3649690026155,903.4277163554214,483.5979527559067,484.1627952755915
2868.4629952459577,907.2135621555293,486.5979527559067,484.1627952755915
2873.75217068165,910.7274095071467,483.5979527559067,484.1627952755915
2878.8501969249924,914.5132553072547,486.5979527559067,484.1627952755915
2884.139372360685,918.0271026588721,483.5979527559067,484.1627952755915
2889.237398604027,921.81294845898,486.5979527559067,484.1627952755915
2894.5265740397194,925.3267958105974,483.5979527559067,484.1627952755915
2899.6246002830617,929.1126416107054,486.5979527559067,484.1627952755915
2904.51750399848,933.1601091191167,489.5979527559067,486.8011417322844
2909.6155302418224,936.9459549192246,486.5979527559067,489.4394881889773
2914.508433957241,940.9934224276359,489.5979527559067,492.0778346456702
2919.182804035753,945.2914178172459,492.5979527559067,494.71618110236307
2923.6258283538855,949.8281605814419,495.5979527559067,497.35452755905595
2927.8253288908127,954.5912158236522,498.5979527559067,499.99287401574884
2931.769795107467,959.5675283405338,501.5979527559067,502.6312204724417
2935.4484154961247,964.7434584053773,504.5979527559067,502.6312204724417
2939.392881712779,969.7197709222589,501.5979527559067,502.6312204724417
2943.0715021014366,974.8957009871024,504.5979527559067,502.6312204724417
2947.015968318091,979.872013503984,501.5979527559067,502.6312204724417
2950.6945887067486,985.0479435688275,504.5979527559067,502.6312204724417
2954.639054923403,990.0242560857091,501.5979527559067,502.6312204724417
2958.3176753120606,995.2001861505526,504.5979527559067,502.6312204724417
2962.262141528715,1000.1764986674342,501.5979527559067,502.6312204724417
2965.9407619173726,1005.3524287322776,504.5979527559067,502.6312204724417
2969.885228134027,1010.3287412491593,501.5979527559067,502.6312204724417
2973.5638485226846,1015.5046713140027,504.5979527559067,502.6312204724417
2977.508314739339,1020.4809838308844,501.5979527559067,502.6312204724417
2981.1869351279965,1025.656913895728,504.5979527559067,502.6312204724417
2985.131401344651,1030.6332264126095,501.5979527559067,502.6312204724417
2988.8100217333085,1035.809156477453,504.5979527559067,502.6312204724417
2992.754487949963,1040.7854689943345,501.5979527559067,502.6312204724417
2996.4331083386205,1045.961399059178,504.5979527559067,502.6312204724417
3000.377574555275,1050.9377115760594,501.5979527559067,502.6312204724417
3004.0561949439325,1056.1136416409029,504.5979527559067,502.6312204724417
3008.000661160587,1061.0899541577844,501.5979527559067,502.6312204724417
3011.6792815492445,1066.2658842226278,504.5979527559067,502.6312204724417
3015.6237477658988,1071.2421967395094,501.5979527559067,502.6312204724417
3019.3023681545565,1076.4181268043528,504.5979527559067,502.6312204724417
3023.2468343712108,1081.3944393212344,501.5979527559067,502.6312204724417
3026.9254547598684,1086.5703693860778,504.5979527559067,502.6312204724417
3030.8699209765227,1091.5466819029593,501.5979527559067,502.6312204724417
3034.5485413651804,1096.7226119678028,504.5979527559067,502.6312204724417
3038.4930075818347,1101.6989244846843,501.5979527559067,499.99287401574884
3042.692508118762,1106.4619797268947,498.5979527559067,497.35452755905595
3047.135532436894,1110.9987224910906,495.5979527559067,494.71618110236307
3051.8099025154065,1115.2967178807007,492.5979527559067,492.0778346456702
3056.702806230825,1119.344185389112,489.5979527559067,489.4394881889773
3061.8008324741672,1123.1300311892198,486.5979527559067,489.4394881889773
3066.6937361895857,1127.177498697631,489.5979527559067,489.4394881889773
3071.791762432928,1130.963344497739,486.5979527559067,489.4394881889773
3076.6846661483464,1135.0108120061502,489.5979527559067,489.4394881889773
3081.7826923916887,1138.796657806258,486.5979527559067,489.4394881889773
3086.675596107107,1142.8441253146693,489.5979527559067,489.4394881889773
3091.7736223504494,1146.6299711147772,486.5979527559067,489.4394881889773
3096.666526065868,1150.6774386231884,489.5979527559067,489.4394881889773
3101.76455230921,1154.4632844232963,486.5979527559067,489.4394881889773
3106.6574560246286,1158.5107519317075,489.5979527559067,489.4394881889773
3111.755482267971,1162.2965977318154,486.5979527559067,489.4394881889773
3116.6483859833893,1166.3440652402267,489.5979527559067,489.4394881889773
3121.7464122267315,1170.1299110403345,486.5979527559067,489.4394881889773
3126.63931594215,1174.1773785487458,489.5979527559067,489.4394881889773
3131.7373421854923,1177.9632243488536,486.5979527559067,489.4394881889773
3136.6302459009107,1182.0106918572649,489.5979527559067,489.4394881889773
3141.728272144253,1185.7965376573727,486.5979527559067,489.4394881889773
3146.6211758596714,1189.844005165784,489.5979527559067,489.4394881889773
3151.7192021030137,1193.6298509658918,486.5979527559067,489.4394881889773
3156.612105818432,1197.677318474303,489.5979527559067,489.4394881889773
3161.7101320617744,1201.463164274411,486.5979527559067,489.4394881889773
3166.603035777193,1205.5106317828222,489.5979527559067,489.4394881889773
3171.701062020535,1209.29647758293,486.5979527559067,489.4394881889773
3176.5939657359536,1213.3439450913413,489.5979527559067,489.4394881889773
3181.691991979296,1217.1297908914491,486.5979527559067,489.4394881889773
3186.5848956947143,1221.1772583998604,489.5979527559067,489.4394881889773
3191.6829219380566,1224.9631041999683,486.5979527559067,489.4394881889773
3196.575825653475,1229.0105717083795,489.5979527559067,489.4394881889773
3201.6738518968173,1232.7964175084874,486.5979527559067,489.4394881889773
3206.5667556122357,1236.8438850168986,489.5979527559067,489.4394881889773
3211.664781855578,1240.6297308170065,486.5979527559067,489.4394881889773
3216.5576855709965,1244.6771983254177,489.5979527559067,489.4394881889773
3221.6557118143387,1248.4630441255256,486.5979527559067,489.4394881889773
3226.548615529757,1252.5105116339369,489.5979527559067,489.4394881889773
3231.6466417730994,1256.2963574340447,486.5979527559067,489.4394881889773
3236.539545488518,1260.343824942456,489.5979527559067,489.4394881889773
3241.63757173186,1264.1296707425638,486.5979527559067,489.4394881889773
3246.5304754472786,1268.177138250975,489.5979527559067,489.4394881889773
3251.628501690621,1271.962984051083,486.5979527559067,489.4394881889773
3256.5214054060393,1276.0104515594942,489.5979527559067,489.4394881889773
3261.6194316493816,1279.796297359602,486.5979527559067,489.4394881889773
3266.5123353648,1283.8437648680133,489.5979527559067,489.4394881889773
3271.6103616081423,1287.6296106681211,486.5979527559067,489.4394881889773
3276.5032653235608,1291.6770781765324,489.5979527559067,489.4394881889773
3281.601291566903,1295.4629239766402,486.5979527559067,486.8011417322844
3286.8904670025954,1298.9767713282577,483.5979527559067,484.1627952755915
3292.3562943684146,1302.2089890200382,480.5979527559067,481.52444881889863
3297.9837922114766,1305.1507177679575,477.5979527559067,478.88610236220575
3303.7575359513553,1307.7938944979946,474.5979527559067,476.24775590551286
3309.6617001577883,1310.1312744464574,471.5979527559067,473.60940944882
3315.680101927079,1312.1564510173764,468.5979527559067,470.9710629921271
3321.7962452383113,1313.8638733425391,465.5979527559067,468.3327165354342
3327.8146470076017,1315.8890499134582,468.5979527559067,465.6943700787413
3333.930790318834,1317.596472238621,465.5979527559067,463.05602362204843
3340.1279112483207,1318.9814603921154,462.5979527559067,460.41767716535554
3346.38902391835,1320.0402182176824,459.5979527559067,457.77933070866266
3352.696967054298,1320.7698437337153,456.5979527559067,455.14098425196977
3359.034451022489,1321.1683370873905,453.5979527559067,452.5026377952769
3365.384105219879,1321.2346060361242,450.5979527559067,449.864291338584
3371.7285256856726,1320.9684689413345,447.5979527559067,447.2259448818911
3378.0503228043676,1320.370655266299,444.5979527559067,444.5875984251982
3384.332168969485,1319.4428035767478,441.5979527559067,441.94925196850534
3390.556846077331,1318.1874570496675,438.5979527559067,439.31090551181245
3396.7072927206264,1316.6080565026307,435.5979527559067,436.67255905511956
3402.766650952633,1314.7089309627543,432.5979527559067,434.0342125984267
3408.718312493618,1312.4952858011363,429.5979527559067,431.3958661417338
3414.545964252993,1309.9731884652963,426.5979527559067,428.7575196850409
3420.0365799504457,1307.2473786291396,423.5979527559067,426.119173228348
3425.1853499061954,1304.3459534719502,420.5979527559067,423.569173228348
3430.2818594198175,1301.8157971966268,423.5979527559067,421.1075196850409
3435.047303016763,1299.1303833878576,420.5979527559067,418.7342125984268
3439.4799241078545,1296.317134329773,417.5979527559067,416.4492519685055
3443.579912804888,1293.403203533718,414.5979527559067,414.25263779527717
3447.349371577518,1290.415348021575,411.5979527559067,412.14437007874176
3450.7922729258244,1287.379803538977,408.5979527559067,410.1244488188992
3453.9144092848064,1284.3221631814592,405.5979527559067,408.1928740157496
3457.0272721596366,1281.5776077124438,408.5979527559067,406.34964566929295
3459.8350515396824,1278.8278304572846,405.5979527559067,404.59476377952916
3462.346163806683,1276.096820537398,402.5979527559067,402.9282283464583
3464.570677445164,1273.4076498339632,399.5979527559067,401.35003937008037
3466.7839758583964,1271.0005332738474,402.5979527559067,399.8601968503953
3468.807709612602,1268.5540814161382,399.5979527559067,398.4587007874032
3470.7006325126563,1266.005068294467,396.5979527559067,397.0953543307103
3472.457556188465,1263.3604805766208,393.5979527559067,395.73200787401737
3474.350479088519,1260.8114674549497,396.5979527559067,394.36866141732446
3476.1074027643276,1258.1668797371035,393.5979527559067,393.00531496063155
3477.723511610218,1255.433966054194,390.5979527559067,391.64196850393864
3479.1943759841774,1252.620217132663,387.5979527559067,390.27862204724573
3480.8104848300677,1249.8873034497533,390.5979527559067,388.9152755905528
3482.2813492040273,1247.0735545282223,387.5979527559067,387.5519291338599
3483.602937569046,1244.186682658283,384.5979527559067,386.188582677167
3485.0738019430055,1241.372933736752,387.5979527559067,384.8252362204741
3486.395390308024,1238.4860618668126,384.5979527559067,383.4618897637812
3487.5640802822554,1235.533979763596,381.5979527559067,382.0985433070883
3488.576668567715,1232.5247788789509,378.5979527559067,380.73519685039537
3489.745358541946,1229.5726967757344,381.5979527559067,379.37185039370246
3490.7579468274057,1226.5634958910891,378.5979527559067,378.00850393700955
3491.611657989987,1223.505424235473,375.5979527559067,376.64515748031664
3492.3041520667343,1220.4068637707296,372.5979527559067,375.28181102362373
3493.157863229316,1217.3487921151134,375.5979527559067,375.28181102362373
3493.850357306063,1214.25023165037,372.5979527559067,375.28181102362373
3494.7040684686444,1211.1921599947539,375.5979527559067,375.28181102362373
3495.3965625453916,1208.0935995300106,372.5979527559067,375.28181102362373
3496.250273707973,1205.0355278743943,375.5979527559067,375.28181102362373
3496.94276778472,1201.936967409651,372.5979527559067,375.28181102362373
3497.7964789473017,1198.8788957540348,375.5979527559067,375.28181102362373
3498.488973024049,1195.7803352892915,372.5979527559067,375.28181102362373
3499.3426841866303,1192.7222636336753,375.5979527559067,375.28181102362373
3500.0351782633775,1189.623703168932,372.5979527559067,375.28181102362373
3500.888889425959,1186.5656315133158,375.5979527559067,375.28181102362373
3501.581383502706,1183.4670710485725,372.5979527559067,375.28181102362373
3502.4942494545057,1180.1971015144568,375.5979527559067,375.28181102362373
3503.28271121433,1176.6691342451506,372.5979527559067,375.28181102362373
3504.313886744566,1172.9753689540362,375.5979527559067,375.28181102362373
3505.198316187467,1169.0179948801672,372.5979527559067,375.28181102362373
3506.3478012961396,1164.9004338320537,375.5979527559067,375.28181102362373
3507.328198422117,1160.5136529536219,372.5979527559067,375.28181102362373
3508.595993109226,1155.9722961485097,375.5979527559067,375.28181102362373
3509.672357918281,1151.156108465515,372.5979527559067,375.28181102362373
3511.058462183826,1146.190955903404,375.5979527559067,375.28181102362373
3512.2307946759574,1140.9453614158465,372.5979527559067,375.28181102362373
3513.7352085199395,1135.5564130967368,375.5979527559067,373.0350000000017
3515.0035086951475,1129.8814118046166,372.5979527559067,370.69984251968674
3516.009745463226,1123.9308897631006,369.5979527559067,368.2763385826789
3516.7284553219324,1117.717317429974,366.5979527559067,365.7644881889781
3517.1269486756078,1111.379833461783,363.5979527559067,363.1642913385844
3517.1932176243417,1105.030179264393,360.5979527559067,360.5259448818915
3516.927080529552,1098.6857587985996,357.5979527559067,357.88759842519863
3516.3292668545164,1092.3639616799046,354.5979527559067,355.24925196850575
3515.401415164965,1086.0821155147876,351.5979527559067,352.61090551181286
3514.1460686378846,1079.8574384069411,348.5979527559067,349.97255905512
3512.566668090848,1073.706991763646,345.5979527559067,347.3342125984271
3511.3113215637677,1067.4823146557997,348.5979527559067,347.3342125984271
3509.731921016731,1061.3318680125046,345.5979527559067,347.3342125984271
3508.476574489651,1055.1071909046582,348.5979527559067,347.3342125984271
3506.8971739426142,1048.9567442613632,345.5979527559067,347.3342125984271
3505.641827415534,1042.7320671535167,348.5979527559067,347.3342125984271
3504.0624268684974,1036.5816205102217,345.5979527559067,347.3342125984271
3502.163301328621,1030.5222622782148,342.5979527559067,344.6958661417342
3499.949656167003,1024.5706007372294,339.5979527559067,342.0575196850413
3497.427558831163,1018.7429489778542,336.5979527559067,339.4191732283484
3495.213913669545,1012.7912874368687,339.5979527559067,336.78082677165554
3492.691816333705,1006.9636356774936,336.5979527559067,334.14248031496265
3489.8681797171316,1001.275966888126,333.5979527559067,331.50413385826977
3486.750743211522,995.7438705735728,330.5979527559067,328.8657874015769
3483.348051493648,990.3825098253008,327.5979527559067,326.227440944884
3479.6694311049905,985.2065797604573,324.5979527559067,326.227440944884
3476.2667393871166,979.8452190121852,327.5979527559067,326.227440944884
3472.588118998459,974.6692889473418,324.5979527559067,326.227440944884
3469.185427280585,969.3079281990697,327.5979527559067,326.227440944884
3465.506806891927,964.1319981342263,324.5979527559067,326.227440944884
3462.1041151740533,958.7706373859542,327.5979527559067,326.227440944884
3458.4254947853956,953.5947073211107,324.5979527559067,326.227440944884
3455.0228030675216,948.2333465728386,327.5979527559067,326.227440944884
3451.344182678864,943.0574165079952,324.5979527559067,326.227440944884
3447.94149096099,937.6960557597231,327.5979527559067,326.227440944884
3444.2628705723323,932.5201256948797,324.5979527559067,326.227440944884
3440.8601788544584,927.1587649466076,327.5979527559067,326.227440944884
3437.1815584658007,921.9828348817641,324.5979527559067,326.227440944884
3433.7788667479267,916.621474133492,327.5979527559067,326.227440944884
3430.100246359269,911.4455440686486,324.5979527559067,326.227440944884
3426.697554641395,906.0841833203765,327.5979527559067,326.227440944884
3423.0189342527374,900.908253255533,324.5979527559067,326.227440944884
3419.6162425348634,895.546892507261,327.5979527559067,326.227440944884
3415.9376221462057,890.3709624424175,324.5979527559067,326.227440944884
3412.534930428332,885.0096016941454,327.5979527559067,326.227440944884
3408.856310039674,879.833671629302,324.5979527559067,326.227440944884
3405.4536183218,874.4723108810299,327.5979527559067,326.227440944884
3401.7749979331425,869.2963808161865,324.5979527559067,326.227440944884
3398.3723062152685,863.9350200679144,327.5979527559067,326.227440944884
3394.693685826611,858.7590900030709,324.5979527559067,326.227440944884
3391.290994108737,853.3977292547988,327.5979527559067,326.227440944884
3387.612373720079,848.2217991899554,324.5979527559067,326.227440944884
3384.209682002205,842.8604384416833,327.5979527559067,326.227440944884
3380.5310616135475,837.6845083768399,324.5979527559067,326.227440944884
3377.1283698956736,832.3231476285678,327.5979527559067,326.227440944884
3373.449749507016,827.1472175637243,324.5979527559067,326.227440944884
3370.047057789142,821.7858568154522,327.5979527559067,326.227440944884
3366.3684374004843,816.6099267506088,324.5979527559067,326.227440944884
3362.9657456826103,811.2485660023367,327.5979527559067,328.8657874015769
3359.848309177001,805.7164696877835,330.5979527559067,331.50413385826977
3357.0246725604275,800.028800898416,333.5979527559067,334.14248031496265
3354.5025752245874,794.2011491390408,336.5979527559067,336.78082677165554
3352.2889300629695,788.2494875980553,339.5979527559067,339.4191732283484
3350.389804523093,782.1901293660485,342.5979527559067,342.0575196850413
3348.8104039760565,776.0396827227534,345.5979527559067,344.6958661417342
3347.555057448976,769.8150056149069,348.5979527559067,347.3342125984271
3346.6272057594247,763.5331594497898,351.5979527559067,349.97255905512
3346.029392084389,757.2113623310947,354.5979527559067,352.61090551181286
3345.7632549895993,750.8669418653014,357.5979527559067,355.24925196850575
3345.8295239383333,744.5172876679113,360.5979527559067,357.88759842519863
3345.5633868435434,738.172867202118,357.5979527559067,360.5259448818915
3345.6296557922774,731.8232130047279,360.5979527559067,363.1642913385844
3346.0281491459527,725.485729036537,363.5979527559067,365.8026377952773
3346.757774661986,719.177785900589,366.5979527559067,368.4409842519702
3347.816532487553,712.9166732305598,369.5979527559067,371.07933070866306
3349.201520641048,706.7195523010733,372.5979527559067,373.71767716535595
3350.908942966211,700.6034089898407,375.5979527559067,376.35602362204884
3352.93411953713,694.5850072205501,378.5979527559067,378.9943700787417
3355.271499485593,688.6808430141172,381.5979527559067,381.6327165354346
3357.91467621563,682.9070992742384,384.5979527559067,384.2710629921275
3360.8564049635497,677.2796014311766,387.5979527559067,386.9094094488204
3364.0886226553303,671.8137740653572,390.5979527559067,389.54775590551327
3367.6024700069474,666.5245986296648,393.5979527559067,392.18610236220616
3371.3883158070553,661.4265723863226,396.5979527559067,394.82444881889904
3375.4357833154663,656.5336686709043,399.5979527559067,397.46279527559193
3379.7337787050765,651.8592985923921,402.5979527559067,400.1011417322848
3384.2705214692724,647.4162742742596,405.5979527559067,402.7394881889777
3388.5685168588825,642.7419041957475,402.5979527559067,405.3778346456706
3393.1052596230784,638.298879877615,405.5979527559067,408.0161811023635
3397.8683148652885,634.0993793406877,408.5979527559067,410.65452755905636
3402.84462738217,630.1549131240334,411.5979527559067,413.29287401574925
3408.0205574470137,626.4762927353755,414.5979527559067,415.93122047244213
3413.381918195286,623.0736010175016,417.5979527559067,418.569566929135
3418.914014509839,619.9561645118921,420.5979527559067,421.2079133858279
3424.6016832992063,617.1325278953186,423.5979527559067,423.8462598425208
3430.4293350585813,614.6104305594786,426.5979527559067,426.4846062992137
3436.3809965995665,612.3967853978606,429.5979527559067,429.12295275590657
3442.440354831573,610.4976598579842,432.5979527559067,431.76129921259945
3448.3920163725584,608.2840146963663,429.5979527559067,431.76129921259945
3454.451374604565,606.3848891564899,432.5979527559067,431.76129921259945
3460.4030361455502,604.1712439948719,429.5979527559067,431.76129921259945
3466.462394377557,602.2721184549955,432.5979527559067,431.76129921259945
3472.414055918542,600.0584732933776,429.5979527559067,431.76129921259945
3478.4734141505487,598.1593477535012,432.5979527559067,431.76129921259945
3484.425075691534,595.9457025918832,429.5979527559067,431.76129921259945
3490.4844339235406,594.0465770520068,432.5979527559067,431.76129921259945
3496.436095464526,591.8329318903889,429.5979527559067,431.76129921259945
3502.4954536965324,589.9338063505124,432.5979527559067,431.76129921259945
3508.4471152375177,587.7201611888945,429.5979527559067,431.76129921259945
3514.5064734695243,585.8210356490181,432.5979527559067,431.76129921259945
3520.4581350105095,583.6073904874002,429.5979527559067,431.76129921259945
3526.517493242516,581.7082649475237,432.5979527559067,431.76129921259945
3532.4691547835014,579.4946197859058,429.5979527559067,431.76129921259945
3538.528513015508,577.5954942460294,432.5979527559067,431.76129921259945
3544.4801745564932,575.3818490844114,429.5979527559067,431.76129921259945
3550.5395327885,573.482723544535,432.5979527559067,431.76129921259945
3556.491194329485,571.2690783829171,429.5979527559067,431.76129921259945
3562.5505525614917,569.3699528430407,432.5979527559067,431.76129921259945
3568.502214102477,567.1563076814227,429.5979527559067,431.76129921259945
3574.5615723344836,565.2571821415463,432.5979527559067,431.76129921259945
3580.513233875469,563.0435369799284,429.5979527559067,431.76129921259945
3586.5725921074754,561.144411440052,432.5979527559067,431.76129921259945
3592.5242536484607,558.930766278434,429.5979527559067,431.76129921259945
3598.5836118804673,557.0316407385576,432.5979527559067,431.76129921259945
3604.5352734214525,554.8179955769397,429.5979527559067,431.76129921259945
3610.594631653459,552.9188700370632,432.5979527559067,431.76129921259945
3616.5462931944444,550.7052248754453,429.5979527559067,431.76129921259945
3622.605651426451,548.8060993355689,432.5979527559067,434.39964566929234
3628.7560980697463,547.2266987885322,435.5979527559067,437.0379921259852
3634.9807751775925,545.9713522614519,438.5979527559067,439.6763385826781
3641.2626213427097,545.0435005719006,441.5979527559067,442.314685039371
3647.5844184614048,544.4456868968653,444.5979527559067,444.9530314960639
3653.9288389271983,544.1795498020755,447.5979527559067,447.5913779527568
3660.2784931245883,544.2458187508093,450.5979527559067,450.22972440944966
3666.622913590382,543.9796816560196,447.5979527559067,450.22972440944966
3672.972567787772,544.0459506047534,450.5979527559067,450.22972440944966
3679.3169882535653,543.7798135099637,447.5979527559067,450.22972440944966
3685.6666424509554,543.8460824586975,450.5979527559067,450.22972440944966
3692.011062916749,543.5799453639078,447.5979527559067,450.22972440944966
3698.360717114139,543.6462143126416,450.5979527559067,450.22972440944966
3704.7051375799324,543.3800772178519,447.5979527559067,450.22972440944966
3711.0547917773224,543.4463461665857,450.5979527559067,450.22972440944966
3717.399212243116,543.180209071796,447.5979527559067,450.22972440944966
3723.748866440506,543.2464780205298,450.5979527559067,450.22972440944966
3730.0932869062995,542.98034092574,447.5979527559067,450.22972440944966
3736.4429411036895,543.0466098744739,450.5979527559067,450.22972440944966
3742.787361569483,542.7804727796841,447.5979527559067,450.22972440944966
3749.137015766873,542.846741728418,450.5979527559067,450.22972440944966
3755.4814362326665,542.5806046336282,447.5979527559067,450.22972440944966
3761.8310904300565,542.6468735823621,450.5979527559067,450.22972440944966
3768.17551089585,542.3807364875723,447.5979527559067,450.22972440944966
3774.52516509324,542.4470054363062,450.5979527559067,450.22972440944966
3780.8695855590336,542.1808683415164,447.5979527559067,450.22972440944966
3787.2192397564236,542.2471372902503,450.5979527559067,450.22972440944966
3793.563660222217,541.9810001954605,447.5979527559067,450.22972440944966
3799.913314419607,542.0472691441944,450.5979527559067,450.22972440944966
3806.2577348854006,541.7811320494046,447.5979527559067,450.22972440944966
3812.6073890827906,541.8474009981385,450.5979527559067,450.22972440944966
3818.951809548584,541.5812639033487,447.5979527559067,450.22972440944966
3825.301463745974,541.6475328520826,450.5979527559067,450.22972440944966
3831.6458842117677,541.3813957572928,447.5979527559067,450.22972440944966
3837.9955384091577,541.4476647060267,450.5979527559067,450.22972440944966
3844.339958874951,541.1815276112369,447.5979527559067,450.22972440944966
3850.689613072341,541.2477965599708,450.5979527559067,450.22972440944966
3857.0340335381347,540.981659465181,447.5979527559067,450.22972440944966
3863.3836877355247,541.0479284139149,450.5979527559067,450.22972440944966
3869.7281082013183,540.7817913191251,447.5979527559067,450.22972440944966
3876.0777623987083,540.848060267859,450.5979527559067,450.22972440944966
3882.422182864502,540.5819231730692,447.5979527559067,450.22972440944966
3888.771837061892,540.648192121803,450.5979527559067,450.22972440944966
3895.1162575276853,540.3820550270133,447.5979527559067,450.22972440944966
3901.4659117250753,540.4483239757471,450.5979527559067,450.22972440944966
3907.8033956932663,540.8468173294223,453.5979527559067,452.86807086614255
3914.111338829214,541.5764428454553,456.5979527559067,455.50641732283543
3920.3724514992437,542.6352006710224,459.5979527559067,458.1447637795283
3926.56957242873,544.0201888245169,462.5979527559067,460.7831102362212
3932.6857157399627,545.7276111496797,465.5979527559067,463.4214566929141
3938.704117509253,547.7527877205987,468.5979527559067,466.059803149607
3944.608281715686,550.0901676690615,471.5979527559067,468.69814960629986
3950.6266834849766,552.1153442399806,468.5979527559067,471.33649606299275
3956.5308476914097,554.4527241884434,471.5979527559067,473.97484251968564
3962.3045914312884,557.0959009184805,474.5979527559067,476.6131889763785
3967.9320892743503,560.0376296663999,477.5979527559067,479.2515354330714
3973.3979166401696,563.2698473581805,480.5979527559067,481.8898818897643
3978.687092075862,566.7836947097979,483.5979527559067,484.5282283464572
3983.7851183192042,570.5695405099059,486.5979527559067,487.16657480315007
3988.6780220346227,574.6170080183172,489.5979527559067,489.80492125984296
3993.352392113135,578.9150034079272,492.5979527559067,492.44326771653584
3997.7954164312673,583.4517461721232,495.5979527559067,495.08161417322873
4001.9949169681945,588.2148014143335,498.5979527559067,497.7199606299216
4005.939383184849,593.1911139312151,501.5979527559067,500.3583070866145
4009.6180035735065,598.3670439960586,504.5979527559067,502.9966535433074
4013.0206952913804,603.7284047443306,507.5979527559067,505.6350000000003
4016.13813179699,609.2605010588838,510.5979527559067,508.27334645669316
4018.9617684135633,614.9481698482514,513.5979527559067,510.91169291338605
4022.0792049191728,620.4802661628046,510.5979527559067,513.5500393700789
4024.902841535746,626.1679349521721,513.5979527559067,516.1883858267719
4027.424938871586,631.9955867115473,516.5979527559067,518.8267322834648
4029.638584033204,637.9472482525327,519.5979527559067,521.4650787401578
4031.5377095730805,644.0066064845396,522.5979527559067,524.1034251968507
4033.117110120117,650.1570531278347,525.5979527559067,526.7417716535437
4034.3724566471974,656.3817302356812,528.5979527559067,529.3801181102366
4035.300308336749,662.6635764007983,531.5979527559067,532.0184645669295
4035.8981220117844,668.9853735194934,534.5979527559067,534.6568110236225
4036.1642591065743,675.3297939852866,537.5979527559067,537.2951574803154
4036.0979901578403,681.6794481826768,540.5979527559067,539.9335039370084
4035.699496804165,688.0169321508677,543.5979527559067,542.5718503937013
4034.969871288132,694.3248752868157,546.5979527559067,545.2101968503943
4033.9111134625646,700.5859879568449,549.5979527559067,547.8485433070872
4032.52612530907,706.7831088863313,552.5979527559067,550.4868897637801
4030.818702983907,712.899252197564,555.5979527559067,553.1252362204731
4028.793526412988,718.9176539668546,558.5979527559067,555.763582677166
4027.086104087825,725.0337972780873,555.5979527559067,558.401929133859
4025.060927516906,731.0521990473778,558.5979527559067,561.0402755905519
4022.723547568443,736.9563632538108,561.5979527559067,563.6786220472449
4020.0803708384055,742.7301069936896,564.5979527559067,566.3169685039378
4017.138642090486,748.3576048367513,567.5979527559067,568.9553149606307
4013.9064243987054,753.8234322025708,570.5979527559067,571.5936614173237
4010.3925770470883,759.1126076382632,573.5979527559067,574.2320078740166
4006.6067312469804,764.2106338816053,576.5979527559067,574.2320078740166
4003.0928838953632,769.4998093172977,573.5979527559067,574.2320078740166
3999.3070380952554,774.5978355606399,576.5979527559067,574.2320078740166
3995.793190743638,779.8870109963323,573.5979527559067,574.2320078740166
3992.0073449435304,784.9850372396744,576.5979527559067,574.2320078740166
3988.493497591913,790.2742126753668,573.5979527559067,574.2320078740166
3984.7076517918053,795.372238918709,576.5979527559067,574.2320078740166
3981.193804440188,800.6614143544014,573.5979527559067,574.2320078740166
3977.4079586400803,805.7594405977435,576.5979527559067,574.2320078740166
3973.894111288463,811.0486160334359,573.5979527559067,574.2320078740166
3970.1082654883553,816.146642276778,576.5979527559067,574.2320078740166
3966.594418136738,821.4358177124705,573.5979527559067,574.2320078740166
3962.8085723366303,826.5338439558126,576.5979527559067,574.2320078740166
3959.294724985013,831.823019391505,573.5979527559067,574.2320078740166
3955.5088791849053,836.9210456348471,576.5979527559067,574.2320078740166
3951.995031833288,842.2102210705395,573.5979527559067,574.2320078740166
3948.2091860331802,847.3082473138817,576.5979527559067,574.2320078740166
3944.695338681563,852.5974227495741,573.5979527559067,574.2320078740166
3940.909492881455,857.6954489929162,576.5979527559067,574.2320078740166
3937.395645529838,862.9846244286086,573.5979527559067,574.2320078740166
3933.60979972973,868.0826506719508,576.5979527559067,574.2320078740166
3930.095952378113,873.3718261076432,573.5979527559067,574.2320078740166
3926.310106578005,878.4698523509853,576.5979527559067,574.2320078740166
3922.796259226388,883.7590277866777,573.5979527559067,574.2320078740166
3919.01041342628,888.8570540300199,576.5979527559067,574.2320078740166
3915.496566074663,894.1462294657123,573.5979527559067,574.2320078740166
3912.2643483828824,899.6120568315317,570.5979527559067,571.5936614173237
3909.322619634963,905.2395546745935,567.5979527559067,568.9553149606307
3906.6794429049255,911.0132984144723,564.5979527559067,566.3169685039378
3904.3420629564625,916.9174626209052,561.5979527559067,563.6786220472449
3902.3168863855435,922.9358643901958,558.5979527559067,561.0402755905519
3900.6094640603806,929.0520077014285,555.5979527559067,558.401929133859
3898.5842874894615,935.070409470719,558.5979527559067,555.763582677166
3896.8768651642986,941.1865527819517,555.5979527559067,553.1252362204731
3895.491877010804,947.3836737114382,552.5979527559067,550.4868897637801
3894.4331191852366,953.6447863814674,549.5979527559067,547.8485433070872
3893.7034936692035,959.9527295174154,546.5979527559067,545.2101968503943
3893.305000315528,966.2902134856063,543.5979527559067,542.5718503937013
3893.238731366794,972.6398676829964,540.5979527559067,539.9335039370084
3893.504868461584,978.9842881487897,537.5979527559067,537.2951574803154
3894.1026821366195,985.3060852674847,534.5979527559067,534.6568110236225
3895.030533826171,991.5879314326019,531.5979527559067,532.0184645669295
3896.2858803532513,997.8126085404483,528.5979527559067,529.3801181102366
3897.865280900288,1003.9630551837434,525.5979527559067,526.7417716535437
3899.7644064401643,1010.0224134157503,522.5979527559067,524.1034251968507
3901.343806987201,1016.1728600590454,525.5979527559067,524.1034251968507
3903.2429325270773,1022.2322182910523,522.5979527559067,524.1034251968507
3904.822333074114,1028.3826649343473,525.5979527559067,524.1034251968507
3906.7214586139903,1034.4420231663541,522.5979527559067,524.1034251968507
3908.300859161027,1040.5924698096492,525.5979527559067,524.1034251968507
3910.1999847009033,1046.651828041656,522.5979527559067,524.1034251968507
3911.77938524794,1052.802274684951,525.5979527559067,524.1034251968507
3913.6785107878163,1058.861632916958,522.5979527559067,524.1034251968507
3915.257911334853,1065.012079560253,525.5979527559067,524.1034251968507
3917.1570368747293,1071.0714377922598,522.5979527559067,524.1034251968507
3918.736437421766,1077.2218844355548,525.5979527559067,524.1034251968507
3920.6355629616423,1083.2812426675616,522.5979527559067,524.1034251968507
3922.214963508679,1089.4316893108567,525.5979527559067,524.1034251968507
3924.1140890485553,1095.4910475428635,522.5979527559067,524.1034251968507
3925.693489595592,1101.6414941861585,525.5979527559067,524.1034251968507
3927.5926151354683,1107.7008524181654,522.5979527559067,524.1034251968507
3929.8062602970863,1113.6525139591508,519.5979527559067,521.4650787401578
3932.3283576329263,1119.480165718526,516.5979527559067,518.8267322834648
3935.1519942494997,1125.1678345078935,513.5979527559067,516.1883858267719
3938.269430755109,1130.6999308224467,510.5979527559067,513.5500393700789
3941.0930673716825,1136.3875996118143,513.5979527559067,510.91169291338605
3944.210503877292,1141.9196959263675,510.5979527559067,508.27334645669316
3947.613195595166,1147.2810566746396,507.5979527559067,508.27334645669316
3950.7306321007754,1152.8131529891928,510.5979527559067,508.27334645669316
3954.1333238186494,1158.1745137374648,507.5979527559067,508.27334645669316
3957.250760324259,1163.706610052018,510.5979527559067,508.27334645669316
3960.653452042133,1169.0679708002901,507.5979527559067,508.27334645669316
3963.7708885477423,1174.6000671148433,510.5979527559067,508.27334645669316
3967.1735802656162,1179.9614278631154,507.5979527559067,508.27334645669316
3970.2910167712257,1185.4935241776686,510.5979527559067,508.27334645669316
3973.6937084890997,1190.8548849259407,507.5979527559067,508.27334645669316
3976.811144994709,1196.386981240494,510.5979527559067,508.27334645669316
3980.213836712583,1201.748341988766,507.5979527559067,508.27334645669316
3983.3312732181926,1207.2804383033192,510.5979527559067,508.27334645669316
3986.7339649360665,1212.6417990515913,507.5979527559067,508.27334645669316
3989.851401441676,1218.1738953661445,510.5979527559067,508.27334645669316
3993.25409315955,1223.5352561144166,507.5979527559067,508.27334645669316
3996.3715296651594,1229.0673524289698,510.5979527559067,508.27334645669316
3999.7742213830334,1234.428713177242,507.5979527559067,508.27334645669316
4002.891657888643,1239.960809491795,510.5979527559067,508.27334645669316
4006.294349606517,1245.3221702400672,507.5979527559067,508.27334645669316
4009.4117861121263,1250.8542665546204,510.5979527559067,508.27334645669316
4012.81447783,1256.2156273028925,507.5979527559067,508.27334645669316
4015.9319143356097,1261.7477236174457,510.5979527559067,508.27334645669316
4019.3346060534836,1267.1090843657178,507.5979527559067,508.27334645669316
4022.452042559093,1272.641180680271,510.5979527559067,508.27334645669316
4025.854734276967,1278.002541428543,507.5979527559067,508.27334645669316
4028.9721707825765,1283.5346377430963,510.5979527559067,508.27334645669316
4032.3748625004505,1288.8959984913683,507.5979527559067,508.27334645669316
4035.49229900606,1294.4280948059215,510.5979527559067,508.27334645669316
4038.894990723934,1299.7894555541936,507.5979527559067,508.27334645669316
4042.0124272295434,1305.3215518687468,510.5979527559067,508.27334645669316
4045.4151189474173,1310.682912617019,507.5979527559067,508.27334645669316
4048.532555453027,1316.2150089315721,510.5979527559067,508.27334645669316
4051.9352471709008,1321.5763696798442,507.5979527559067,508.27334645669316
4055.0526836765102,1327.1084659943974,510.5979527559067,508.27334645669316
4058.455375394384,1332.4698267426695,507.5979527559067,508.27334645669316
4061.5728118999937,1338.0019230572227,510.5979527559067,508.27334645669316
4064.9755036178676,1343.3632838054948,507.5979527559067,508.27334645669316
4068.092940123477,1348.895380120048,510.5979527559067,508.27334645669316
4070.9165767400505,1354.5830489094155,513.5979527559067,510.91169291338605
4074.03401324566,1360.1151452239687,510.5979527559067,513.5500393700789
4076.8576498622333,1365.8028140133363,513.5979527559067,516.1883858267719
4079.3797471980733,1371.6304657727114,516.5979527559067,518.8267322834648
4081.5933923596913,1377.582127313697,519.5979527559067,521.4650787401578
4083.4925178995677,1383.6414855457037,522.5979527559067,524.1034251968507
4085.0719184466043,1389.7919321889988,525.5979527559067,526.7417716535437
4086.3272649736846,1396.0166092968452,528.5979527559067,529.3801181102366
4087.255116663236,1402.2984554619622,531.5979527559067,532.0184645669295
4087.8529303382716,1408.6202525806573,534.5979527559067,534.6568110236225
4088.1190674330614,1414.9646730464506,537.5979527559067,537.2951574803154
4088.716881108097,1421.2864701651456,534.5979527559067,537.2951574803154
4088.983018202887,1427.630890630939,537.5979527559067,537.2951574803154
4089.5808318779223,1433.952687749634,534.5979527559067,537.2951574803154
4089.846968972712,1440.2971082154272,537.5979527559067,537.2951574803154
4090.4447826477476,1446.6189053341222,534.5979527559067,537.2951574803154
4090.7109197425375,1452.9633257999155,537.5979527559067,539.9335039370084
4090.6446507938035,1459.3129799973055,540.5979527559067,542.5718503937013
4090.246157440128,1465.6504639654966,543.5979527559067,545.2101968503943
4089.516531924095,1471.9584071014447,546.5979527559067,547.8485433070872
4088.457774098528,1478.2195197714739,549.5979527559067,550.4868897637801
4087.072785945033,1484.4166407009604,552.5979527559067,553.1252362204731
4085.36536361987,1490.5327840121931,555.5979527559067,555.763582677166
4083.340187048951,1496.5511857814838,558.5979527559067,558.401929133859
4081.002807100488,1502.4553499879166,561.5979527559067,561.0402755905519
4078.3596303704508,1508.2290937277955,564.5979527559067,563.6786220472449
4075.417901622531,1513.8565915708573,567.5979527559067,566.3169685039378
4072.1856839307507,1519.3224189366767,570.5979527559067,568.9553149606307
4068.6718365791335,1524.6115943723692,573.5979527559067,571.5936614173237
4064.8859907790256,1529.7096206157114,576.5979527559067,574.2320078740166
4060.8385232706146,1534.6025243311299,579.5979527559067,576.8703543307096
4057.0526774705068,1539.7005505744721,576.5979527559067,579.5087007874025
4053.0052099620957,1544.5934542898906,579.5979527559067,579.5087007874025
4049.219364161988,1549.6914805332328,576.5979527559067,579.5087007874025
4045.171896653577,1554.5843842486513,579.5979527559067,579.5087007874025
4041.386050853469,1559.6824104919936,576.5979527559067,579.5087007874025
4037.338583345058,1564.575314207412,579.5979527559067,579.5087007874025
4033.55273754495,1569.6733404507543,576.5979527559067,579.5087007874025
4029.505270036539,1574.5662441661727,579.5979527559067,579.5087007874025
4025.719424236431,1579.664270409515,576.5979527559067,579.5087007874025
4021.67195672802,1584.5571741249335,579.5979527559067,579.5087007874025
4017.8861109279123,1589.6552003682757,576.5979527559067,579.5087007874025
4013.8386434195013,1594.5481040836942,579.5979527559067,579.5087007874025
4010.0527976193935,1599.6461303270364,576.5979527559067,579.5087007874025
4006.0053301109824,1604.539034042455,579.5979527559067,579.5087007874025
4002.2194843108746,1609.6370602857971,576.5979527559067,579.5087007874025
3998.1720168024635,1614.5299640012156,579.5979527559067,579.5087007874025
3994.3861710023557,1619.6279902445579,576.5979527559067,579.5087007874025
3990.3387034939446,1624.5208939599763,579.5979527559067,579.5087007874025
3986.552857693837,1629.6189202033186,576.5979527559067,579.5087007874025
3982.5053901854258,1634.511823918737,579.5979527559067,579.5087007874025
3978.719544385318,1639.6098501620793,576.5979527559067,579.5087007874025
3974.672076876907,1644.5027538774978,579.5979527559067,576.8703543307096
3970.886231076799,1649.60078012084,576.5979527559067,574.2320078740166
3967.372383725182,1654.8899555565324,573.5979527559067,571.5936614173237
3964.1401660334013,1660.3557829223519,570.5979527559067,568.9553149606307
3961.1984372854818,1665.9832807654136,567.5979527559067,566.3169685039378
3958.5552605554444,1671.7570245052925,564.5979527559067,563.6786220472449
3956.2178806069815,1677.6611887117256,561.5979527559067,561.0402755905519
3954.1927040360624,1683.6795904810162,558.5979527559067,561.0402755905519
3951.8553240875995,1689.583754687449,561.5979527559067,561.0402755905519
3949.8301475166804,1695.6021564567397,558.5979527559067,561.0402755905519
3947.4927675682175,1701.5063206631726,561.5979527559067,561.0402755905519
3945.4675909972984,1707.5247224324632,558.5979527559067,561.0402755905519
3943.1302110488355,1713.428886638896,561.5979527559067,561.0402755905519
3941.1050344779164,1719.4472884081868,558.5979527559067,561.0402755905519
3938.7676545294535,1725.3514526146196,561.5979527559067,561.0402755905519
3936.7424779585344,1731.3698543839103,558.5979527559067,561.0402755905519
3934.4050980100715,1737.274018590343,561.5979527559067,561.0402755905519
3932.3799214391524,1743.2924203596338,558.5979527559067,561.0402755905519
3930.0425414906895,1749.1965845660666,561.5979527559067,561.0402755905519
3928.0173649197704,1755.2149863353573,558.5979527559067,561.0402755905519
3925.6799849713075,1761.11915054179,561.5979527559067,561.0402755905519
3923.6548084003884,1767.1375523110808,558.5979527559067,561.0402755905519
3921.3174284519255,1773.0417165175136,561.5979527559067,561.0402755905519
3919.2922518810065,1779.0601182868043,558.5979527559067,558.401929133859
3917.5848295558435,1785.176261598037,555.5979527559067,555.763582677166
3916.1998414023487,1791.3733825275235,552.5979527559067,553.1252362204731
3915.1410835767815,1797.6344951975527,549.5979527559067,550.4868897637801
3914.4114580607484,1803.9424383335008,546.5979527559067,547.8485433070872
3914.012964707073,1810.2799223016918,543.5979527559067,545.2101968503943
3913.946695758339,1816.6295764990818,540.5979527559067,542.5718503937013
3914.212832853129,1822.9739969648751,537.5979527559067,539.9335039370084
3914.8106465281644,1829.2957940835702,534.5979527559067,537.2951574803154
3915.0767836229543,1835.6402145493635,537.5979527559067,537.2951574803154
3915.6745972979897,1841.9620116680585,534.5979527559067,537.2951574803154
3915.9407343927796,1848.3064321338518,537.5979527559067,537.2951574803154
3916.538548067815,1854.6282292525468,534.5979527559067,537.2951574803154
3916.804685162605,1860.97264971834,537.5979527559067,537.2951574803154
3917.4024988376405,1867.2944468370351,534.5979527559067,537.2951574803154
3917.6686359324303,1873.6388673028284,537.5979527559067,537.2951574803154
3918.266449607466,1879.9606644215235,534.5979527559067,537.2951574803154
3918.5325867022557,1886.3050848873168,537.5979527559067,537.2951574803154
3919.130400377291,1892.6268820060118,534.5979527559067,537.2951574803154
3919.396537472081,1898.971302471805,537.5979527559067,537.2951574803154
3919.9943511471165,1905.2930995905,534.5979527559067,534.6568110236225
3920.922202836668,1911.5749457556171,531.5979527559067,532.0184645669295
3922.1775493637483,1917.7996228634636,528.5979527559067,529.3801181102366
3923.756949910785,1923.9500695067586,525.5979527559067,526.7417716535437
3925.6560754506613,1930.0094277387655,522.5979527559067,524.1034251968507
3927.8697206122793,1935.961089279751,519.5979527559067,521.4650787401578
3930.3918179481193,1941.788741039126,516.5979527559067,518.8267322834648
3932.6054631097372,1947.7404025801115,519.5979527559067,518.8267322834648
3935.1275604455773,1953.5680543394867,516.5979527559067,518.8267322834648
3937.341205607195,1959.5197158804722,519.5979527559067,518.8267322834648
3939.8633029430353,1965.3473676398473,516.5979527559067,518.8267322834648
3942.076948104653,1971.2990291808328,519.5979527559067,518.8267322834648
3944.5990454404932,1977.126680940208,516.5979527559067,518.8267322834648
3946.812690602111,1983.0783424811934,519.5979527559067,518.8267322834648
3949.334787937951,1988.9059942405686,516.5979527559067,518.8267322834648
3951.548433099569,1994.857655781554,519.5979527559067,518.8267322834648
3954.070530435409,2000.6853075409292,516.5979527559067,518.8267322834648
3956.284175597027,2006.6369690819147,519.5979527559067,518.8267322834648
3958.806272932867,2012.4646208412898,516.5979527559067,518.8267322834648
3961.019918094485,2018.4162823822753,519.5979527559067,518.8267322834648
3963.542015430325,2024.2439341416505,516.5979527559067,518.8267322834648
3965.755660591943,2030.195595682636,519.5979527559067,518.8267322834648
3968.277757927783,2036.023247442011,516.5979527559067,518.8267322834648
3970.491403089401,2041.9749089829966,519.5979527559067,518.8267322834648
3973.013500425241,2047.8025607423717,516.5979527559067,518.8267322834648
3975.227145586859,2053.754222283357,519.5979527559067,518.8267322834648
3977.749242922699,2059.581874042732,516.5979527559067,518.8267322834648
3979.962888084317,2065.5335355837174,519.5979527559067,518.8267322834648
3982.484985420157,2071.3611873430923,516.5979527559067,518.8267322834648
3984.698630581775,2077.3128488840775,519.5979527559067,521.4650787401578
3986.5977561216514,2083.372207116084,522.5979527559067,524.1034251968507
3988.177156668688,2089.5226537593794,525.5979527559067,526.7417716535437
3989.4325031957683,2095.7473308672256,528.5979527559067,529.3801181102366
3990.36035488532,2102.029177032343,531.5979527559067,532.0184645669295
3990.9581685603553,2108.350974151038,534.5979527559067,534.6568110236225
3991.224305655145,2114.6953946168314,537.5979527559067,537.2951574803154
3991.158036706411,2121.0450488142214,540.5979527559067,539.9335039370084
3990.759543352736,2127.3825327824125,543.5979527559067,542.5718503937013
3990.0299178367027,2133.6904759183603,546.5979527559067,545.2101968503943
3988.9711600111355,2139.9515885883898,549.5979527559067,547.8485433070872
3987.5861718576407,2146.1487095178763,552.5979527559067,550.4868897637801
3985.8787495324777,2152.264852829109,555.5979527559067,553.1252362204731
3983.8535729615587,2158.2832545983993,558.5979527559067,555.763582677166
3982.1461506363958,2164.3993979096317,555.5979527559067,558.401929133859
3980.1209740654767,2170.417799678922,558.5979527559067,561.0402755905519
3977.7835941170138,2176.321963885355,561.5979527559067,563.6786220472449
3975.1404173869764,2182.095707625234,564.5979527559067,566.3169685039378
3972.198688639057,2187.723205468296,567.5979527559067,568.9553149606307
3968.9664709472763,2193.189032834115,570.5979527559067,571.5936614173237
3965.452623595659,2198.4782082698075,573.5979527559067,574.2320078740166
3961.6667777955513,2203.5762345131498,576.5979527559067,576.8703543307096
3957.6193102871403,2208.469138228568,579.5979527559067,579.5087007874025
3953.32131489753,2213.1435083070805,582.5979527559067,582.1470472440955
3948.784572133334,2217.586532625213,585.5979527559067,584.7853937007884
3944.021516891124,2221.78603316214,588.5979527559067,587.4237401574813
3939.0452043742425,2225.7304993787943,591.5979527559067,590.0620866141743
3933.869274309399,2229.409119767452,594.5979527559067,592.7004330708672
3928.5079135611268,2232.811811485326,597.5979527559067,595.3387795275602
3922.9758172465736,2235.9292479909354,600.5979527559067,597.9771259842531
3917.2881484572063,2238.752884607509,603.5979527559067,600.6154724409461
3911.756052142653,2241.8703211131183,600.5979527559067,603.253818897639
3906.0683833532858,2244.6939577296916,603.5979527559067,605.892165354332
3900.240731593911,2247.2160550655317,606.5979527559067,608.5305118110249
3894.2890700529256,2249.4297002271496,609.5979527559067,611.1688582677178
3888.229711820919,2251.328825767026,612.5979527559067,613.8072047244108
3882.0792651776237,2252.9082263140626,615.5979527559067,616.4455511811037
3875.8545880697775,2254.163572841143,618.5979527559067,619.0838976377967
3869.5727419046602,2255.0914245306944,621.5979527559067,621.7222440944896
3863.250944785965,2255.68923820573,624.5979527559067,624.3605905511826
3856.9065243201717,2255.95537530052,627.5979527559067,626.9989370078755
3850.5568701227817,2255.889106351786,630.5979527559067,629.6372834645684
3844.2193861545907,2255.4906129981105,633.5979527559067,632.2756299212614
3837.911443018643,2254.7609874820773,636.5979527559067,634.9139763779543
3831.6503303486134,2253.70222965651,639.5979527559067,637.5523228346473
3825.3423872126655,2252.972604140477,636.5979527559067,637.5523228346473
3819.081274542636,2251.9138463149097,639.5979527559067,637.5523228346473
3812.773331406688,2251.1842207988766,636.5979527559067,637.5523228346473
3806.5122187366587,2250.1254629733094,639.5979527559067,637.5523228346473
3800.204275600711,2249.3958374572762,636.5979527559067,637.5523228346473
3793.9431629306814,2248.337079631709,639.5979527559067,637.5523228346473
3787.6352197947335,2247.607454115676,636.5979527559067,637.5523228346473
3781.374107124704,2246.5486962901086,639.5979527559067,637.5523228346473
3775.066163988756,2245.8190707740755,636.5979527559067,637.5523228346473
3768.805051318727,2244.7603129485083,639.5979527559067,637.5523228346473
3762.497108182779,2244.030687432475,636.5979527559067,637.5523228346473
3756.2359955127495,2242.971929606908,639.5979527559067,637.5523228346473
3749.9280523768016,2242.2423040908748,636.5979527559067,637.5523228346473
3743.666939706772,2241.1835462653075,639.5979527559067,637.5523228346473
3737.3589965708243,2240.4539207492744,636.5979527559067,637.5523228346473
3731.097883900795,2239.395162923707,639.5979527559067,637.5523228346473
3724.789940764847,2238.665537407674,636.5979527559067,637.5523228346473
3718.5288280948175,2237.606779582107,639.5979527559067,637.5523228346473
3712.2208849588696,2236.8771540660737,636.5979527559067,637.5523228346473
3705.95977228884,2235.8183962405064,639.5979527559067,637.5523228346473
3699.6518291528923,2235.0887707244733,636.5979527559067,637.5523228346473
3693.390716482863,2234.030012898906,639.5979527559067,637.5523228346473
3687.082773346915,2233.300387382873,636.5979527559067,637.5523228346473
3680.8216606768856,2232.2416295573057,639.5979527559067,637.5523228346473
3674.5137175409377,2231.5120040412726,636.5979527559067,637.5523228346473
3668.2526048709083,2230.4532462157053,639.5979527559067,637.5523228346473
3662.0554839414217,2229.0682580622106,642.5979527559067,640.1906692913402
3655.9393406301892,2227.3608357370476,645.5979527559067,642.8290157480332
3649.7422197007027,2225.975847583553,642.5979527559067,645.4673622047261
3643.62607638947,2224.26842525839,645.5979527559067,648.105708661419
3637.6076746201798,2222.243248687471,648.5979527559067,650.744055118112
3631.7035104137467,2219.905868739008,651.5979527559067,653.3824015748049
3625.929766673868,2217.2626920089706,654.5979527559067,656.0207480314979
3620.302268830806,2214.320963261051,657.5979527559067,658.6590944881908
3614.836441464987,2211.0887455692705,660.5979527559067,658.6590944881908
3609.208943621925,2208.147016821351,657.5979527559067,658.6590944881908
3603.7431162561056,2204.9147991295704,660.5979527559067,658.6590944881908
3598.1156184130436,2201.973070381651,657.5979527559067,658.6590944881908
3592.6497910472244,2198.7408526898703,660.5979527559067,658.6590944881908
3587.0222932041625,2195.7991239419507,657.5979527559067,658.6590944881908
3581.5564658383432,2192.56690625017,660.5979527559067,658.6590944881908
3575.9289679952813,2189.6251775022506,657.5979527559067,658.6590944881908
3570.463140629462,2186.39295981047,660.5979527559067,658.6590944881908
3564.8356427864,2183.4512310625505,657.5979527559067,658.6590944881908
3559.369815420581,2180.21901337077,660.5979527559067,658.6590944881908
3553.742317577519,2177.2772846228504,657.5979527559067,658.6590944881908
3548.2764902116996,2174.04506693107,660.5979527559067,658.6590944881908
3542.987314776007,2170.5312195794527,663.5979527559067,661.2974409448838
3537.889288532665,2166.745373779345,666.5979527559067,663.9357874015767
3532.6001130969726,2163.2315264277277,663.5979527559067,666.5741338582696
3527.5020868536303,2159.44568062762,666.5979527559067,669.2124803149626
3522.609183138212,2155.398213119209,669.5979527559067,671.8508267716555
3517.9348130596995,2151.1002177295986,672.5979527559067,674.4891732283485
3513.4917887415672,2146.5634749654027,675.5979527559067,677.1275196850414
3509.29228820464,2141.8004197231926,678.5979527559067,679.7658661417344
3505.3478219879858,2136.824107206311,681.5979527559067,682.4042125984273
3501.669201599328,2131.6481771414674,684.5979527559067,685.0425590551203
3498.266509881454,2126.2868163931953,687.5979527559067,687.6809055118132
3495.1490733758446,2120.754720078642,690.5979527559067,690.3192519685061
3492.3254367592713,2115.067051289275,693.5979527559067,692.9575984251991
3489.803339423431,2109.2393995299,696.5979527559067,695.595944881892
3487.5896942618133,2103.2877379889146,699.5979527559067,698.234291338585
3485.690568721937,2097.228379756908,702.5979527559067,700.8726377952779
3484.1111681749003,2091.0779331136127,705.5979527559067,703.5109842519709
3482.85582164782,2084.8532560057665,708.5979527559067,706.1493307086638
3481.9279699582685,2078.5714098406493,711.5979527559067,708.7876771653567
3480.672623431188,2072.346732732803,708.5979527559067,711.4260236220497
3479.7447717416367,2066.064886567686,711.5979527559067,714.0643700787426
3479.146958066601,2059.7430894489908,714.5979527559067,716.7027165354356
3478.8808209718113,2053.3986689831972,717.5979527559067,719.3410629921285
3478.9470899205453,2047.0490147858072,720.5979527559067,721.9794094488215
3479.3455832742206,2040.7115308176162,723.5979527559067,724.6177559055144
3480.075208790254,2034.4035876816681,726.5979527559067,727.2561023622073
4075,1375,180,180
4074.9884860896263,1375.219698497646,183.0,180.0883464566929
4074.9884860896263,1375.659698497646,180.0,180.26503937007874
4074.953944358506,1376.318793990584,183.0,180.53007874015748
4074.953944358506,1377.1987939905841,180.0,180.88346456692912
4074.8963748066385,1378.2972864788142,183.0,181.3251968503937
4074.8963748066385,1379.617286478814,180.0,181.85527559055117
4074.8157774340243,1381.1551759623362,183.0,182.47370078740155
4074.6318073386733,1382.9055344981844,186.0,183.18047244094487
4074.5281821453123,1384.8828209769983,183.0,183.97559055118109
4074.2982195261234,1387.0707691468085,186.0,184.8590551181102
4074.1715665120155,1389.4874526209146,183.0,184.8590551181102
4073.8956113689887,1392.1129904246868,186.0,184.8590551181102
4073.745930534134,1394.969070894085,183.0,184.8590551181102
4073.42398286727,1398.0321983318192,186.0,184.8590551181102
4073.2512742116683,1401.3276757965093,183.0,184.8590551181102
4072.8833340209662,1404.8283928682056,186.0,184.8590551181102
4072.687597544618,1408.5632673281877,183.0,184.8590551181102
4072.273664830078,1412.501574033846,186.0,184.8590551181102
4072.054900532982,1416.67584548912,183.0,184.8590551181102
4071.5949752946044,1421.0517418287404,186.0,184.8590551181102
4071.353183176762,1425.6654102793066,183.0,184.8590551181102
4070.847265414546,1430.478896252889,186.0,184.8590551181102
4070.582445475957,1435.5319616987472,183.0,184.8590551181102
4070.0305351899037,1440.7830373062916,186.0,184.8590551181102
4069.7426874305675,1446.2754997474417,183.0,184.8590551181102
4069.1447846206765,1451.9641649889481,186.0,184.8590551181102
4068.8339090405934,1457.8960244253904,183.0,184.8590551181102
4068.1900137068646,1464.0222793008588,186.0,184.8590551181102
4067.857680384722,1470.3635768465504,183.0,184.8590551181102
4067.193924642972,1476.6787908821389,186.0,184.8590551181102
4066.861591320829,1483.0200884278304,183.0,184.8590551181102
4066.1978355790793,1489.3353024634189,186.0,184.8590551181102
4065.8655022569365,1495.6766000091104,183.0,184.8590551181102
4065.2017465151866,1501.991814044699,186.0,184.8590551181102
4064.869413193044,1508.3331115903904,183.0,184.8590551181102
4064.205657451294,1514.648325625979,186.0,187.49740157480312
4063.2122985982887,1520.9201465887581,189.0,190.13574803149604
4061.892059361596,1527.131383853418,192.0,192.77409448818895
4060.248558425195,1533.2650128503535,195.0,195.41244094488187
4058.286300510914,1539.3042217288278,198.0,198.05078740157478
4056.010664031301,1545.232457437085,201.0,200.6891338582677
4053.42788634777,1551.0334710931156,204.0,203.3274803149606
4051.152249868157,1556.9617068013729,201.0,203.3274803149606
4048.5694721846257,1562.7627204574035,204.0,203.3274803149606
4046.293835705013,1568.6909561656607,201.0,203.3274803149606
4043.7110580214817,1574.4919698216913,204.0,203.3274803149606
4041.435421541869,1580.4202055299486,201.0,203.3274803149606
4038.8526438583376,1586.2212191859792,204.0,203.3274803149606
4035.9698041849915,1591.8791106145752,207.0,205.96582677165352
4032.7948041849913,1597.3783719286064,210.0,208.60417322834644
4029.336346312646,1602.7039300350598,213.0,211.24251968503935
4025.603909960589,1607.8411879493408,216.0,213.88086614173227
4021.6077254774227,1612.7760648045926,219.0,216.51921259842518
4017.358746127044,1617.4950344463741,222.0,219.1575590551181
4013.3625616438776,1622.429911301626,219.0,221.79590551181101
4009.113582293499,1627.1488809434074,222.0,224.43425196850393
4004.6234542329644,1631.639009003942,225.0,227.07259842519684
3999.904484591183,1635.8879883543207,228.0,227.07259842519684
3995.4143565306485,1640.3781164148552,225.0,227.07259842519684
3990.6953868888672,1644.627095765234,228.0,227.07259842519684
3986.2052588283327,1649.1172238257684,225.0,227.07259842519684
3981.4862891865514,1653.366203176147,228.0,227.07259842519684
3976.996161126017,1657.8563312366816,225.0,227.07259842519684
3972.2771914842356,1662.1053105870603,228.0,227.07259842519684
3967.787063423701,1666.5954386475948,225.0,227.07259842519684
3963.0680937819197,1670.8444179979736,228.0,227.07259842519684
3958.577965721385,1675.334546058508,225.0,227.07259842519684
3953.858996079604,1679.5835254088868,228.0,227.07259842519684
3949.3688680190694,1684.0736534694213,225.0,227.07259842519684
3944.649898377288,1688.3226328198,228.0,227.07259842519684
3940.1597703167536,1692.8127608803345,225.0,227.07259842519684
3935.4408006749723,1697.0617402307132,228.0,227.07259842519684
3930.9506726144377,1701.5518682912477,225.0,227.07259842519684
3926.701693264059,1706.2708379330293,222.0,224.43425196850393
3922.7055087808926,1711.205714788281,219.0,221.79590551181101
3918.456529430514,1715.9246844300626,222.0,219.1575590551181
3914.4603449473475,1720.8595612853144,219.0,216.51921259842518
3910.7279085952905,1725.9968191995954,216.0,213.88086614173227
3907.2694507229453,1731.3223773060488,213.0,211.24251968503935
3904.094450722945,1736.82163862008,210.0,208.60417322834644
3901.211611049599,1742.479530048676,207.0,205.96582677165352
3898.6288333660677,1748.2805437047066,204.0,203.3274803149606
3896.353196886455,1754.2087794129638,201.0,200.6891338582677
3894.390938972174,1760.247988291438,198.0,198.05078740157478
3892.747438035773,1766.3816172883737,195.0,195.41244094488187
3891.42719879908,1772.5928545530335,192.0,192.77409448818895
3890.433839946075,1778.8646755158127,189.0,190.13574803149604
3889.770084204325,1785.1798895514012,186.0,187.49740157480312
3889.437750882182,1791.5211870970927,183.0,184.8590551181102
3889.437750882182,1797.8711870970926,180.0,182.2207086614173
3889.770084204325,1804.2124846427841,177.0,179.58236220472438
3890.433839946075,1810.5276986783726,174.0,176.94401574803146
3890.7661732682177,1816.8689962240642,177.0,174.30566929133855
3891.4299290099675,1823.1842102596527,174.0,171.66732283464563
3892.4232878629728,1829.4560312224319,171.0,169.02897637795272
3893.7435270996657,1835.6672684870916,168.0,166.3906299212598
3895.3870280360666,1841.8008974840272,165.0,163.7522834645669
3897.3492859503476,1847.8401063625015,162.0,161.11393700787397
3899.6249224299604,1853.7683420707588,159.0,158.47559055118106
3902.2077001134917,1859.5693557267894,156.0,158.47559055118106
3904.4833365931045,1865.4975914350466,159.0,158.47559055118106
3907.0661142766357,1871.2986050910772,156.0,158.47559055118106
3909.3417507562485,1877.2268407993345,159.0,158.47559055118106
3911.92452843978,1883.027854455365,156.0,158.47559055118106
3914.2001649193926,1888.9560901636223,159.0,158.47559055118106
3916.782942602924,1894.757103819653,156.0,158.47559055118106
3919.0585790825367,1900.6853395279102,159.0,158.47559055118106
3921.641356766068,1906.4863531839408,156.0,158.47559055118106
3923.9169932456807,1912.414588892198,159.0,158.47559055118106
3926.499770929212,1918.2156025482286,156.0,158.47559055118106
3928.775407408825,1924.1438382564859,159.0,158.47559055118106
3931.358185092356,1929.9448519125165,156.0,158.47559055118106
3933.633821571969,1935.8730876207737,159.0,158.47559055118106
3936.2165992555,1941.6741012768043,156.0,158.47559055118106
3938.492235735113,1947.6023369850616,159.0,158.47559055118106
3941.075013418644,1953.4033506410922,156.0,158.47559055118106
3943.350649898257,1959.3315863493494,159.0,158.47559055118106
3945.9334275817882,1965.13260000538,156.0,158.47559055118106
3948.209064061401,1971.0608357136373,159.0,158.47559055118106
3950.7918417449323,1976.8618493696679,156.0,158.47559055118106
3953.067478224545,1982.7900850779251,159.0,158.47559055118106
3955.6502559080764,1988.5910987339557,156.0,158.47559055118106
3957.925892387689,1994.519334442213,159.0,158.47559055118106
3960.5086700712204,2000.3203480982436,156.0,158.47559055118106
3962.784306550833,2006.2485838065008,159.0,158.47559055118106
3965.3670842343645,2012.0495974625314,156.0,158.47559055118106
3967.6427207139773,2017.9778331707887,159.0,158.47559055118106
3970.2254983975085,2023.7788468268193,156.0,158.47559055118106
3972.5011348771213,2029.7070825350766,159.0,158.47559055118106
3975.0839125606526,2035.5080961911071,156.0,158.47559055118106
3977.3595490402654,2041.4363318993644,159.0,161.11393700787397
3979.3218069545464,2047.4755407778387,162.0,163.7522834645669
3980.9653078909473,2053.6091697747743,165.0,166.3906299212598
3982.2855471276403,2059.820407039434,168.0,169.02897637795272
3983.2789059806455,2066.0922280022132,171.0,171.66732283464563
3983.9426617223953,2072.407442037802,174.0,174.30566929133855
3984.274995044538,2078.7487395834937,177.0,176.94401574803146
3984.274995044538,2085.0987395834936,180.0,179.58236220472438
3984.607328366681,2091.4400371291854,177.0,179.58236220472438
3984.607328366681,2097.7900371291853,180.0,179.58236220472438
3984.939661688824,2104.131334674877,177.0,179.58236220472438
3984.939661688824,2110.481334674877,180.0,179.58236220472438
3985.2719950109667,2116.8226322205687,177.0,179.58236220472438
3985.2719950109667,2123.1726322205686,180.0,179.58236220472438
3985.6043283331096,2129.5139297662604,177.0,179.58236220472438
3985.6043283331096,2135.8639297662603,180.0,179.58236220472438
3985.9366616552525,2142.205227311952,177.0,179.58236220472438
3985.9366616552525,2148.555227311952,180.0,179.58236220472438
3986.2689949773953,2154.8965248576437,177.0,179.58236220472438
3986.2689949773953,2161.2465248576436,180.0,179.58236220472438
3986.601328299538,2167.5878224033354,177.0,179.58236220472438
3986.601328299538,2173.9378224033353,180.0,179.58236220472438
3986.933661621681,2180.279119949027,177.0,179.58236220472438
3986.933661621681,2186.629119949027,180.0,179.58236220472438
3986.601328299538,2192.9704174947187,183.0,182.2207086614173
3985.9375725577884,2199.2856315303075,186.0,184.8590551181102
3984.944213704783,2205.5574524930867,189.0,187.49740157480312
3983.62397446809,2211.7686897577464,192.0,190.13574803149604
3981.9804735316893,2217.902318754682,195.0,192.77409448818895
3980.0182156174083,2223.941527633156,198.0,195.41244094488187
3977.7425791377955,2229.869763341413,201.0,198.05078740157478
3975.7803212235144,2235.9089722198873,198.0,200.6891338582677
3973.5046847439016,2241.8372079281444,201.0,203.3274803149606
3970.9219070603704,2247.638221584175,204.0,205.96582677165352
3968.0390673870243,2253.296113012771,207.0,208.60417322834644
3964.864067387024,2258.795374326802,210.0,211.24251968503935
3961.405609514679,2264.120932433256,213.0,213.88086614173227
3957.673173162622,2269.2581903475366,216.0,216.51921259842518
3953.6769886794555,2274.1930672027884,219.0,219.1575590551181
3949.4280093290768,2278.9120368445697,222.0,221.79590551181101
3944.9378812685422,2283.402164905104,225.0,224.43425196850393
3940.218911626761,2287.651144255483,228.0,227.07259842519684
3935.284034771509,2291.6473287386493,231.0,229.71094488188976
3930.1467768572284,2295.3797650907063,234.0,232.34929133858267
3924.8212187507747,2298.8382229630515,237.0,234.9876377952756
3919.3219574367436,2302.0132229630517,240.0,237.6259842519685
3913.6640660081475,2304.896062636398,243.0,240.26433070866142
3908.1648046941164,2308.071062636398,240.0,242.90267716535433
3902.5069132655203,2310.953902309744,243.0,245.54102362204725
3896.7058996094897,2313.5366799932754,246.0,248.17937007874016
3890.7776639012327,2315.812316472888,249.0,250.81771653543308
3884.7384550227584,2317.774574387169,252.0,253.456062992126
3878.604826025823,2319.41807532357,255.0,256.0944094488189
3872.3935887611633,2320.738314560263,258.0,258.7327559055118
3866.121767798384,2321.7316734132683,261.0,261.3711023622047
3859.8065537627954,2322.395429155018,264.0,264.00944881889757
3853.4652562171036,2322.727762477161,267.0,266.64779527559045
3847.1152562171037,2322.727762477161,270.0,269.28614173228334
3840.773958671412,2322.395429155018,273.0,271.9244881889762
3834.458744635823,2321.7316734132683,276.0,274.5628346456691
3828.186923673044,2320.738314560263,279.0,277.201181102362
3821.9756864083843,2319.41807532357,282.0,279.8395275590549
3815.842057411449,2317.774574387169,285.0,282.4778740157478
3809.8028485329746,2315.812316472888,288.0,285.11622047244066
3803.6692195360392,2314.1688155364873,285.0,285.11622047244066
3797.630010657565,2312.206557622206,288.0,285.11622047244066
3791.4963816606296,2310.5630566858053,285.0,285.11622047244066
3785.4571727821553,2308.6007987715243,288.0,285.11622047244066
3779.32354378522,2306.9572978351234,285.0,285.11622047244066
3773.2843349067457,2304.9950399208424,288.0,285.11622047244066
3767.1507059098103,2303.3515389844415,285.0,285.11622047244066
3761.111497031336,2301.3892810701605,288.0,285.11622047244066
3754.9778680344007,2299.7457801337596,285.0,285.11622047244066
3748.9386591559264,2297.7835222194785,288.0,285.11622047244066
3742.805030158991,2296.1400212830777,285.0,285.11622047244066
3736.765821280517,2294.1777633687966,288.0,285.11622047244066
3730.6321922835814,2292.5342624323957,285.0,285.11622047244066
3724.592983405107,2290.5720045181147,288.0,285.11622047244066
3718.4593544081717,2288.928503581714,285.0,285.11622047244066
3712.4201455296975,2286.9662456674328,288.0,285.11622047244066
3706.286516532762,2285.322744731032,285.0,287.75456692913355
3700.247307654288,2283.360486816751,288.0,290.39291338582643
3694.319071946031,2281.084850337138,291.0,293.0312598425193
3688.51805829,2278.502072653607,294.0,295.6696062992122
3682.860166861404,2275.6192329802607,297.0,298.3079527559051
3677.360905547373,2272.4442329802605,300.0,300.946299212598
3672.0353474409194,2268.9857751079153,303.0,303.58464566929086
3666.8980895266386,2265.2533387558583,306.0,303.58464566929086
3661.572531420185,2261.794880883513,303.0,303.58464566929086
3656.435273505904,2258.062444531456,306.0,303.58464566929086
3651.1097153994506,2254.603986659111,303.0,303.58464566929086
3645.97245748517,2250.871550307054,306.0,303.58464566929086
3640.646899378716,2247.4130924347087,303.0,303.58464566929086
3635.5096414644354,2243.6806560826517,306.0,303.58464566929086
3630.1840833579818,2240.2221982103065,303.0,303.58464566929086
3625.046825443701,2236.4897618582495,306.0,303.58464566929086
3619.7212673372474,2233.0313039859043,303.0,303.58464566929086
3614.5840094229666,2229.2988676338473,306.0,303.58464566929086
3609.258451316513,2225.840409761502,303.0,303.58464566929086
3604.121193402232,2222.107973409445,306.0,303.58464566929086
3598.7956352957785,2218.6495155371,303.0,303.58464566929086
3593.6583773814978,2214.917079185043,306.0,303.58464566929086
3588.332819275044,2211.4586213126977,303.0,303.58464566929086
3583.1955613607633,2207.7261849606407,306.0,303.58464566929086
3577.8700032543097,2204.2677270882955,303.0,303.58464566929086
3572.732745340029,2200.5352907362385,306.0,303.58464566929086
3567.4071872335753,2197.0768328638933,303.0,303.58464566929086
3562.2699293192945,2193.3443965118363,306.0,303.58464566929086
3556.944371212841,2189.885938639491,303.0,303.58464566929086
3551.80711329856,2186.153502287434,306.0,303.58464566929086
3546.4815551921065,2182.695044415089,303.0,303.58464566929086
3541.3442972778257,2178.962608063032,306.0,303.58464566929086
3536.018739171372,2175.5041501906867,303.0,303.58464566929086
3530.8814812570913,2171.7717138386297,306.0,303.58464566929086
3525.5559231506377,2168.3132559662845,303.0,303.58464566929086
3520.418665236357,2164.5808196142275,306.0,303.58464566929086
3515.0931071299033,2161.1223617418823,303.0,303.58464566929086
3509.9558492156225,2157.3899253898253,306.0,303.58464566929086
3504.630291109169,2153.93146751748,303.0,303.58464566929086
3499.493033194888,2150.199031165423,306.0,303.58464566929086
3494.1674750884345,2146.740573293078,303.0,303.58464566929086
3489.0302171741537,2143.008136941021,306.0,303.58464566929086
3483.7046590677,2139.5496790686757,303.0,303.58464566929086
3478.5674011534193,2135.8172427166187,306.0,303.58464566929086
3473.6325242981675,2131.8210582334523,309.0,306.22299212598375
3468.4952663838867,2128.0886218813953,306.0,308.86133858267664
3463.560389528635,2124.092437398229,309.0,311.4996850393695
3458.8414198868536,2119.84345804785,312.0,314.1380314960624
3454.351291826319,2115.3533299873156,315.0,316.7763779527553
3450.1023124759404,2110.6343603455343,318.0,319.4147244094482
3446.106127992774,2105.6994834902825,321.0,322.05307086614107
3442.373691640717,2100.5622255760018,324.0,324.69141732283396
3438.9152337683718,2095.236667469548,327.0,327.32976377952684
3435.7402337683716,2089.737406155517,330.0,329.96811023621973
3432.8573940950255,2084.079514726921,333.0,332.6064566929126
3430.274616411494,2078.2785010708903,336.0,335.2448031496055
3427.9989799318814,2072.3502653626333,339.0,337.8831496062984
3426.0367220176004,2066.311056484159,342.0,340.5214960629913
3424.3932210811995,2060.1774274872237,345.0,343.15984251968416
3423.0729818445066,2053.966190222564,348.0,345.79818897637705
3422.0796229915013,2047.6943692597847,351.0,348.43653543306993
3421.4158672497515,2041.3791552241962,354.0,351.0748818897628
3420.4225083967463,2035.107334261417,351.0,353.7132283464557
3419.7587526549964,2028.7921202258285,354.0,356.3515748031486
3419.4264193328536,2022.450822680137,357.0,358.9899212598415
3419.4264193328536,2016.100822680137,360.0,361.62826771653437
3419.7587526549964,2009.7595251344455,363.0,364.26661417322725
3420.4225083967463,2003.444311098857,366.0,366.90496062992014
3421.4158672497515,1997.1724901360778,369.0,369.543307086613
3422.7361064864444,1990.961252871418,372.0,372.1816535433059
3424.3796074228453,1984.8276238744825,375.0,374.8199999999988
3426.3418653371264,1978.7884149960082,378.0,377.4583464566917
3428.617501816739,1972.860179287751,381.0,380.0966929133846
3431.2002795002704,1967.0591656317204,384.0,382.73503937007746
3434.0831191736165,1961.4012742031243,387.0,385.37338582677035
3437.2581191736167,1955.9020128890932,390.0,388.01173228346323
3440.716577045962,1950.5764547826398,393.0,390.6500787401561
3444.449013398019,1945.4391968683587,396.0,393.288425196849
3447.907471270364,1940.1136387619053,393.0,395.9267716535419
3451.639907622421,1934.9763808476243,396.0,398.5651181102348
3455.6360921055875,1930.0415039923726,399.0,401.20346456692766
3459.885071455966,1925.322534350591,402.0,403.84181102362055
3464.3751995165007,1920.8324062900565,405.0,406.48015748031344
3469.094169158282,1916.5834269396778,408.0,409.1185039370063
3474.029046013534,1912.5872424565114,411.0,411.7568503936992
3479.1663039278146,1908.8548061044542,414.0,414.3951968503921
3484.4918620342683,1905.3963482321087,417.0,417.033543307085
3489.9911233482994,1902.2213482321088,420.0,419.67188976377787
3495.6490147768955,1899.3385085587627,423.0,422.31023622047076
3501.450028432926,1896.7557308752314,426.0,424.94858267716364
3507.378264141183,1894.4800943956188,429.0,427.58692913385653
3513.4174730196573,1892.517836481338,432.0,430.2252755905494
3519.3457087279144,1890.2422000017255,429.0,430.2252755905494
3525.3849176063886,1888.2799420874446,432.0,430.2252755905494
3531.3131533146457,1886.004305607832,429.0,430.2252755905494
3537.35236219312,1884.0420476935512,432.0,430.2252755905494
3543.280597901377,1881.7664112139387,429.0,430.2252755905494
3549.319806779851,1879.8041532996579,432.0,430.2252755905494
3555.2480424881082,1877.5285168200453,429.0,430.2252755905494
3561.2872513665825,1875.5662589057645,432.0,430.2252755905494
3567.2154870748395,1873.290622426152,429.0,430.2252755905494
3573.254695953314,1871.328364511871,432.0,430.2252755905494
3579.182931661571,1869.0527280322585,429.0,430.2252755905494
3585.222140540045,1867.0904701179777,432.0,430.2252755905494
3591.150376248302,1864.8148336383651,429.0,427.58692913385653
3596.9513899043327,1862.2320559548339,426.0,424.94858267716364
3602.6092813329287,1859.3492162814878,423.0,422.31023622047076
3608.10854264696,1856.1742162814878,420.0,419.67188976377787
3613.4341007534135,1852.7157584091424,417.0,417.033543307085
3618.5713586676943,1848.9833220570852,414.0,414.3951968503921
3623.506235522946,1844.9871375739187,411.0,411.7568503936992
3628.2252051647274,1840.73815822354,408.0,409.1185039370063
3632.715333225262,1836.2480301630055,405.0,406.48015748031344
3636.9643125756406,1831.529060521224,402.0,403.84181102362055
3640.960497058807,1826.5941836659722,399.0,401.20346456692766
3644.692933410864,1821.4569257516912,396.0,398.5651181102348
3648.1513912832093,1816.1313676452378,393.0,395.9267716535419
3651.8838276352662,1810.9941097309568,396.0,393.288425196849
3655.3422855076115,1805.6685516245034,393.0,390.6500787401561
3658.5172855076116,1800.1692903104722,390.0,388.01173228346323
3661.4001251809577,1794.5113988818762,387.0,385.37338582677035
3663.982902864489,1788.7103852258456,384.0,382.73503937007746
3666.258539344102,1782.7821495175883,381.0,380.0966929133846
3668.220797258383,1776.742940639114,378.0,377.4583464566917
3669.8642981947837,1770.6093116421785,375.0,374.8199999999988
3671.1845374314767,1764.3980743775187,372.0,372.1816535433059
3672.177896284482,1758.1262534147395,369.0,369.543307086613
3672.8416520262317,1751.811039379151,366.0,366.90496062992014
3673.1739853483746,1745.4697418334595,363.0,364.26661417322725
3673.1739853483746,1739.1197418334596,360.0,361.62826771653437
3672.8416520262317,1732.778444287768,357.0,358.9899212598415
3672.177896284482,1726.4632302521795,354.0,356.3515748031486
3671.1845374314767,1720.1914092894003,351.0,353.7132283464557
3670.520781689727,1713.8761952538118,354.0,351.0748818897628
3669.5274228367216,1707.6043742910326,351.0,348.43653543306993
3668.2071836000287,1701.3931370263729,348.0,345.79818897637705
3666.563682663628,1695.2595080294373,345.0,343.15984251968416
3664.6014247493467,1689.220299150963,342.0,340.5214960629913
3662.325788269734,1683.2920634427057,339.0,337.8831496062984
3659.7430105862027,1677.4910497866751,336.0,335.2448031496055
3656.8601709128566,1671.8331583580791,333.0,332.6064566929126
3653.6851709128564,1666.333897044048,330.0,329.96811023621973
3650.226713040511,1661.0083389375945,327.0,327.32976377952684
3646.494276688454,1655.8710810233135,324.0,324.69141732283396
3642.498092205288,1650.9362041680617,321.0,322.05307086614107
3638.249112854909,1646.2172345262802,318.0,319.4147244094482
3633.7589847943746,1641.7271064657457,315.0,316.7763779527553
3629.0400151525932,1637.478127115367,312.0,314.1380314960624
3624.1051382973415,1633.4819426322006,309.0,311.4996850393695
3618.9678803830607,1629.7495062801434,306.0,308.86133858267664
3614.033003527809,1625.753321796977,309.0,306.22299212598375
3608.895745613528,1622.0208854449197,306.0,303.58464566929086
3603.5701875070745,1618.5624275725743,303.0,300.946299212598
3598.0709261930433,1615.3874275725743,300.0,298.3079527559051
3592.4130347644473,1612.5045878992282,297.0,295.6696062992122
3586.6120211084167,1609.921810215697,294.0,293.0312598425193
3580.6837854001596,1607.6461737360844,291.0,290.39291338582643
3574.6445765216854,1605.6839158218036,288.0,287.75456692913355
3568.51094752475,1604.0404148854025,285.0,285.11622047244066
3562.4717386462758,1602.0781569711216,288.0,285.11622047244066
3556.3381096493404,1600.4346560347205,285.0,285.11622047244066
3550.298900770866,1598.4723981204397,288.0,285.11622047244066
3544.1652717739307,1596.8288971840386,285.0,285.11622047244066
3538.1260628954565,1594.8666392697578,288.0,285.11622047244066
3531.992433898521,1593.2231383333567,285.0,285.11622047244066
3525.953225020047,1591.2608804190759,288.0,285.11622047244066
3519.8195960231114,1589.6173794826748,285.0,285.11622047244066
3513.780387144637,1587.655121568394,288.0,285.11622047244066
3507.646758147702,1586.0116206319929,285.0,285.11622047244066
3501.6075492692275,1584.049362717712,288.0,285.11622047244066
3495.473920272292,1582.405861781311,285.0,285.11622047244066
3489.434711393818,1580.44360386703,288.0,285.11622047244066
3483.3010823968825,1578.800102930629,285.0,285.11622047244066
3477.2618735184083,1576.8378450163482,288.0,285.11622047244066
3471.128244521473,1575.194344079947,285.0,285.11622047244066
3465.0890356429986,1573.2320861656663,288.0,285.11622047244066
3458.9554066460632,1571.5885852292652,285.0,285.11622047244066
3452.916197767589,1569.6263273149843,288.0,285.11622047244066
3446.7825687706536,1567.9828263785832,285.0,285.11622047244066
3440.7433598921793,1566.0205684643024,288.0,285.11622047244066
3434.609730895244,1564.3770675279013,285.0,285.11622047244066
3428.5705220167697,1562.4148096136205,288.0,285.11622047244066
3422.4368930198343,1560.7713086772194,285.0,285.11622047244066
3416.39768414136,1558.8090507629386,288.0,285.11622047244066
3410.2640551444247,1557.1655498265375,285.0,285.11622047244066
3404.2248462659504,1555.2032919122566,288.0,285.11622047244066
3398.091217269015,1553.5597909758555,285.0,285.11622047244066
3392.052008390541,1551.5975330615747,288.0,285.11622047244066
3385.9183793936054,1549.9540321251736,285.0,285.11622047244066
3379.879170515131,1547.9917742108928,288.0,285.11622047244066
3373.7455415181958,1546.3482732744917,285.0,282.4778740157478
3367.534304253536,1545.028034037799,282.0,279.8395275590549
3361.262483290757,1544.0346751847935,279.0,277.201181102362
3354.947269255168,1543.370919443044,276.0,274.5628346456691
3348.6059717094763,1543.0385861209013,273.0,271.9244881889762
3342.2559717094764,1543.0385861209013,270.0,269.28614173228334
3335.9146741637846,1543.370919443044,267.0,266.64779527559045
3329.599460128196,1544.0346751847935,264.0,264.00944881889757
3323.3276391654167,1545.028034037799,261.0,261.3711023622047
3317.116401900757,1546.3482732744917,258.0,258.7327559055118
3310.9827729038216,1547.9917742108928,255.0,256.0944094488189
3304.9435640253473,1549.9540321251736,252.0,253.456062992126
3299.0153283170903,1552.2296686047862,249.0,250.81771653543308
3293.2143146610597,1554.8124462883175,246.0,248.17937007874016
3287.5564232324637,1557.6952859616636,243.0,245.54102362204725
3281.755409576433,1560.2780636451948,246.0,245.54102362204725
3276.097518147837,1563.160903318541,243.0,245.54102362204725
3270.2965044918064,1565.7436810020722,246.0,245.54102362204725
3264.6386130632104,1568.6265206754183,243.0,245.54102362204725
3258.83759940718,1571.2092983589496,246.0,245.54102362204725
3253.179707978584,1574.0921380322957,243.0,245.54102362204725
3247.378694322553,1576.674915715827,246.0,245.54102362204725
3241.720802893957,1579.557755389173,243.0,245.54102362204725
3235.9197892379266,1582.1405330727043,246.0,245.54102362204725
3230.2618978093305,1585.0233727460504,243.0,245.54102362204725
3224.4608841533,1587.6061504295817,246.0,245.54102362204725
3218.802992724704,1590.4889901029278,243.0,245.54102362204725
3213.3037314106728,1593.6639901029278,240.0,242.90267716535433
3207.6458399820767,1596.5468297762739,243.0,240.26433070866142
3202.1465786680455,1599.7218297762738,240.0,237.6259842519685
3196.821020561592,1603.1802876486192,237.0,234.9876377952756
3191.683762647311,1606.9127240006765,234.0,232.34929133858267
3186.7488857920594,1610.9089084838429,231.0,229.71094488188976
3182.029916150278,1615.1578878342216,228.0,227.07259842519684
3177.5397880897435,1619.648015894756,225.0,224.43425196850393
3173.290808739365,1624.3669855365376,222.0,221.79590551181101
3169.2946242561984,1629.3018623917894,219.0,219.1575590551181
3165.5621879041414,1634.4391203060704,216.0,216.51921259842518
3162.103730031796,1639.7646784125238,213.0,213.88086614173227
3158.928730031796,1645.263939726555,210.0,211.24251968503935
3156.04589035845,1650.921831155151,207.0,208.60417322834644
3153.4631126749186,1656.7228448111816,204.0,205.96582677165352
3151.187476195306,1662.651080519439,201.0,203.3274803149606
3149.225218281025,1668.6902893979131,198.0,200.6891338582677
3146.949581801412,1674.6185251061704,201.0,200.6891338582677
3144.987323887131,1680.6577339846447,198.0,200.6891338582677
3142.711687407518,1686.585969692902,201.0,200.6891338582677
3140.749429493237,1692.6251785713762,198.0,200.6891338582677
3138.4737930136243,1698.5534142796334,201.0,200.6891338582677
3136.5115350993433,1704.5926231581077,198.0,200.6891338582677
3134.2358986197305,1710.520858866365,201.0,200.6891338582677
3132.2736407054495,1716.5600677448392,198.0,200.6891338582677
3129.9980042258367,1722.4883034530965,201.0,200.6891338582677
3128.0357463115556,1728.5275123315707,198.0,200.6891338582677
3125.760109831943,1734.455748039828,201.0,200.6891338582677
3123.797851917662,1740.4949569183023,198.0,200.6891338582677
3121.522215438049,1746.4231926265595,201.0,200.6891338582677
3119.559957523768,1752.4624015050338,198.0,200.6891338582677
3117.284321044155,1758.390637213291,201.0,200.6891338582677
3115.322063129874,1764.4298460917653,198.0,200.6891338582677
3113.0464266502613,1770.3580818000225,201.0,200.6891338582677
3111.0841687359803,1776.3972906784968,198.0,200.6891338582677
3108.8085322563675,1782.325526386754,201.0,200.6891338582677
3106.8462743420864,1788.3647352652283,198.0,200.6891338582677
3104.5706378624736,1794.2929709734856,201.0,200.6891338582677
3102.6083799481926,1800.3321798519598,198.0,200.6891338582677
3100.33274346858,1806.260415560217,201.0,203.3274803149606
3097.7499657850485,1812.0614292162477,204.0,205.96582677165352
3094.8671261117024,1817.7193206448437,207.0,208.60417322834644
3091.6921261117022,1823.218581958875,210.0,211.24251968503935
3088.233668239357,1828.5441400653283,213.0,213.88086614173227
3084.5012318873,1833.6813979796093,216.0,216.51921259842518
3080.5050474041336,1838.616274834861,219.0,216.51921259842518
3076.7726110520766,1843.753532749142,216.0,216.51921259842518
3072.77642656891,1848.6884096043939,219.0,216.51921259842518
3069.043990216853,1853.825667518675,216.0,216.51921259842518
3065.047805733687,1858.7605443739267,219.0,216.51921259842518
3061.31536938163,1863.8978022882077,216.0,216.51921259842518
3057.3191848984634,1868.8326791434595,219.0,216.51921259842518
3053.5867485464064,1873.9699370577405,216.0,216.51921259842518
3049.59056406324,1878.9048139129923,219.0,216.51921259842518
3045.858127711183,1884.0420718272733,216.0,216.51921259842518
3041.8619432280166,1888.976948682525,219.0,216.51921259842518
3038.1295068759596,1894.114206596806,216.0,216.51921259842518
3034.133322392793,1899.0490834520579,219.0,216.51921259842518
3030.400886040736,1904.1863413663389,216.0,216.51921259842518
3026.4047015575698,1909.1212182215907,219.0,216.51921259842518
3022.6722652055128,1914.2584761358717,216.0,216.51921259842518
3018.6760807223463,1919.1933529911234,219.0,216.51921259842518
3014.9436443702893,1924.3306109054045,216.0,216.51921259842518
3010.947459887123,1929.2654877606562,219.0,216.51921259842518
3007.215023535066,1934.4027456749373,216.0,216.51921259842518
3003.2188390518995,1939.337622530189,219.0,216.51921259842518
2998.969859701521,1944.0565921719706,222.0,219.1575590551181
2994.9736752183544,1948.9914690272224,219.0,221.79590551181101
2990.7246958679757,1953.710438669004,222.0,224.43425196850393
2986.234567807441,1958.2005667295384,225.0,227.07259842519684
2981.51559816566,1962.4495460799171,228.0,229.71094488188976
2976.580721310408,1966.4457305630835,231.0,232.34929133858267
2971.4434633961273,1970.1781669151408,234.0,234.9876377952756
2966.1179052896737,1973.6366247874862,237.0,237.6259842519685
2960.6186439756425,1976.8116247874862,240.0,240.26433070866142
2954.9607525470465,1979.6944644608323,243.0,242.90267716535433
2949.159738891016,1982.2772421443635,246.0,245.54102362204725
2943.231503182759,1984.552878623976,249.0,248.17937007874016
2937.1922943042846,1986.515136538257,252.0,250.81771653543308
2931.058665307349,1988.158637474658,255.0,253.456062992126
2924.8474280426894,1989.4788767113507,258.0,256.0944094488189
2918.5756070799102,1990.4722355643562,261.0,258.7327559055118
2912.2603930443215,1991.1359913061058,264.0,261.3711023622047
2905.9190954986298,1991.4683246282484,267.0,264.00944881889757
2899.603881463041,1992.132080369998,264.0,266.64779527559045
2893.2625839173493,1992.4644136921406,267.0,269.28614173228334
2886.9125839173494,1992.4644136921406,270.0,271.9244881889762
2880.5712863716576,1992.132080369998,273.0,274.5628346456691
2874.256072336069,1991.4683246282484,276.0,277.201181102362
2867.9842513732897,1990.474965775243,279.0,279.8395275590549
2861.77301410863,1989.1547265385502,282.0,282.4778740157478
2855.6393851116945,1987.5112256021491,285.0,285.11622047244066
2849.6001762332203,1985.5489676878683,288.0,287.75456692913355
2843.6719405249632,1983.2733312082557,291.0,290.39291338582643
2837.8709268689327,1980.6905535247245,294.0,293.0312598425193
2832.2130354403366,1977.8077138513784,297.0,295.6696062992122
2826.7137741263055,1974.6327138513784,300.0,298.3079527559051
2821.388216019852,1971.174255979033,303.0,300.946299212598
2816.250958105571,1967.4418196269758,306.0,303.58464566929086
2811.3160812503193,1963.4456351438093,309.0,306.22299212598375
2806.1788233360385,1959.7131987917521,306.0,308.86133858267664
2801.2439464807867,1955.7170143085857,309.0,311.4996850393695
2796.5249768390054,1951.468034958207,312.0,314.1380314960624
2792.034848778471,1946.9779068976725,315.0,316.7763779527553
2787.785869428092,1942.258937255891,318.0,316.7763779527553
2783.2957413675576,1937.7688091953564,315.0,316.7763779527553
2779.046762017179,1933.0498395535749,318.0,316.7763779527553
2774.5566339566444,1928.5597114930404,315.0,316.7763779527553
2770.3076546062657,1923.8407418512588,318.0,316.7763779527553
2765.817526545731,1919.3506137907243,315.0,316.7763779527553
2761.5685471953525,1914.6316441489428,318.0,316.7763779527553
2757.078419134818,1910.1415160884083,315.0,316.7763779527553
2752.8294397844393,1905.4225464466267,318.0,316.7763779527553
2748.4948752157657,1901.087981877953,315.0,316.7763779527553
2744.5403133321847,1896.6959959593817,318.0,316.7763779527553
2740.5168757472334,1892.6725583744303,315.0,316.7763779527553
2736.85673133045,1888.607556179069,318.0,316.7763779527553
2733.1444207292207,1884.8952455778397,315.0,314.491417322834
2729.406402257069,1881.5295186278547,312.0,312.2948031496057
2725.668330182461,1878.502487546905,309.0,310.1865354330703
2721.95494217828,1875.8045532388826,306.0,308.16661417322774
2718.5588143267128,1873.0544231299948,309.0,306.23503937007814
2715.201393800057,1870.615114332981,306.0,304.39181102362147
2711.9054184680313,1868.474682925372,303.0,302.6369291338577
2708.692464219991,1866.619682925372,300.0,300.9703937007868
2705.582851450574,1865.035256081281,297.0,299.3922047244089
2702.7509483801987,1863.400256081281,300.0,297.90236220472383
2699.9220026659004,1861.958836244608,297.0,296.5008661417317
2697.021495837885,1860.6674474028423,294.0,295.1375196850388
2694.192550123587,1859.2260275661693,297.0,295.1375196850388
2691.2920432955716,1857.9346387244036,294.0,295.1375196850388
2688.4630975812734,1856.4932188877306,297.0,295.1375196850388
2685.562590753258,1855.201830045965,294.0,295.1375196850388
2682.73364503896,1853.7604102092919,297.0,295.1375196850388
2679.8331382109445,1852.4690213675262,294.0,295.1375196850388
2677.0041924966463,1851.0276015308532,297.0,295.1375196850388
2674.103685668631,1849.7362126890876,294.0,295.1375196850388
2671.2747399543327,1848.2947928524145,297.0,295.1375196850388
2668.3742331263174,1847.0034040106489,294.0,295.1375196850388
2665.545287412019,1845.5619841739758,297.0,295.1375196850388
2662.644780584004,1844.2705953322102,294.0,295.1375196850388
2659.8158348697057,1842.8291754955371,297.0,295.1375196850388
2656.9153280416904,1841.5377866537715,294.0,295.1375196850388
2654.086382327392,1840.0963668170984,297.0,295.1375196850388
2651.185875499377,1838.8049779753328,294.0,295.1375196850388
2648.3569297850786,1837.3635581386598,297.0,295.1375196850388
2645.255442956382,1835.9826872354174,294.0,295.1375196850388
2642.034454371441,1834.341511578859,297.0,295.1375196850388
2638.5310075413813,1832.7816765526632,294.0,295.1375196850388
2634.9179760857974,1830.9407450762194,297.0,295.1375196850388
2631.012569254375,1829.2019459270703,294.0,295.1375196850388
2627.0074949281484,1827.161258630741,297.0,295.1375196850388
2622.7001280953637,1825.2434953586387,294.0,295.1375196850388
2618.303010898494,1823.003052242424,297.0,295.1375196850388
2613.5936840643462,1820.9063248473683,294.0,295.1375196850388
2608.5756892719237,1818.9800971185623,291.0,292.97905511810967
2603.254528063252,1817.2511470350344,288.0,290.7322440944876
2597.825757883171,1815.1672374084285,291.0,288.3970866141727
2592.0861318073294,1813.3023198473757,288.0,285.9735826771648
2586.0442657638914,1811.6834067202594,285.0,283.461732283464
2579.8330284992317,1810.3631674835667,282.0,280.86153543307034
2573.5612075364525,1809.3698086305612,279.0,278.22318897637746
2567.2459935008637,1808.7060528888117,276.0,275.58484251968457
2560.904695955172,1808.373719566669,273.0,272.9464960629917
2554.554695955172,1808.373719566669,270.0,270.3081496062988
2548.2133984094803,1808.7060528888117,267.0,267.6698031496059
2541.8981843738916,1809.3698086305612,264.0,265.031456692913
2535.6263634111124,1810.3631674835667,261.0,262.39311023622014
2529.4151261464526,1811.6834067202594,258.0,259.75476377952725
2523.2814971495172,1813.3269076566605,255.0,257.11641732283437
2517.242288271043,1815.2891655709413,252.0,254.47807086614145
2511.314052562786,1817.564802050554,249.0,251.83972440944854
2505.2748436843117,1819.5270599648347,252.0,251.83972440944854
2499.3466079760547,1821.8026964444473,249.0,251.83972440944854
2493.3073990975804,1823.7649543587281,252.0,251.83972440944854
2487.3791633893234,1826.0405908383407,249.0,251.83972440944854
2481.339954510849,1828.0028487526215,252.0,251.83972440944854
2475.411718802592,1830.278485232234,249.0,251.83972440944854
2469.372509924118,1832.240743146515,252.0,251.83972440944854
2463.444274215861,1834.5163796261274,249.0,251.83972440944854
2457.4050653373865,1836.4786375404083,252.0,251.83972440944854
2451.4768296291295,1838.7542740200208,249.0,251.83972440944854
2445.4376207506552,1840.7165319343017,252.0,251.83972440944854
2439.509385042398,1842.9921684139142,249.0,251.83972440944854
2433.470176163924,1844.954426328195,252.0,251.83972440944854
2427.541940455667,1847.2300628078076,249.0,251.83972440944854
2421.5027315771927,1849.1923207220884,252.0,249.20137795275562
2415.5744958689356,1851.467957201701,249.0,246.5630314960627
2409.773482212905,1854.0507348852323,246.0,243.9246850393698
2404.115590784309,1856.9335745585784,243.0,241.28633858267688
2398.616329470278,1860.1085745585783,240.0,238.64799212598396
2393.290771363824,1863.5670324309237,237.0,236.00964566929105
2388.1535134495434,1867.299468782981,234.0,233.37129921259813
2383.2186365942916,1871.2956532661474,231.0,230.73295275590522
2378.4996669525103,1875.544632616526,228.0,228.0946062992123
2374.009538891976,1880.0347606770606,225.0,225.4562598425194
2369.760559541597,1884.7537303188421,222.0,222.81791338582647
2365.2704314810626,1889.2438583793767,225.0,222.81791338582647
2361.021452130684,1893.9628280211582,222.0,222.81791338582647
2356.5313240701494,1898.4529560816927,225.0,222.81791338582647
2352.2823447197707,1903.1719257234743,222.0,222.81791338582647
2347.792216659236,1907.6620537840088,225.0,222.81791338582647
2343.5432373088574,1912.3810234257903,222.0,222.81791338582647
2339.053109248323,1916.8711514863248,225.0,222.81791338582647
2334.804129897944,1921.5901211281064,222.0,222.81791338582647
2330.3140018374097,1926.080249188641,225.0,222.81791338582647
2326.065022487031,1930.7992188304224,222.0,222.81791338582647
2321.5748944264965,1935.289346890957,225.0,222.81791338582647
2317.325915076118,1940.0083165327385,222.0,222.81791338582647
2312.8357870155833,1944.498444593273,225.0,222.81791338582647
2308.5868076652046,1949.2174142350545,222.0,222.81791338582647
2304.590623182038,1954.1522910903063,219.0,220.17956692913356
2300.858186829981,1959.2895490045873,216.0,217.54122047244064
2297.399728957636,1964.6151071110407,213.0,214.90287401574773
2294.2247289576358,1970.114368425072,210.0,212.2645275590548
2291.3418892842897,1975.772259853668,207.0,209.6261811023619
2288.7591116007584,1981.5732735096985,204.0,206.98783464566898
2285.8762719274123,1987.2311649382946,207.0,204.34948818897607
2283.293494243881,1993.0321785943252,204.0,204.34948818897607
2280.410654570535,1998.6900700229212,207.0,204.34948818897607
2277.8278768870036,2004.4910836789518,204.0,204.34948818897607
2274.9450372136575,2010.1489751075478,207.0,204.34948818897607
2272.3622595301263,2015.9499887635784,204.0,204.34948818897607
2269.47941985678,2021.6078801921744,207.0,204.34948818897607
2266.896642173249,2027.408893848205,204.0,204.34948818897607
2264.013802499903,2033.066785276801,207.0,204.34948818897607
2261.4310248163715,2038.8677989328316,204.0,204.34948818897607
2258.5481851430254,2044.5256903614277,207.0,204.34948818897607
2255.965407459494,2050.3267040174583,204.0,204.34948818897607
2253.082567786148,2055.9845954460543,207.0,204.34948818897607
2250.4997901026168,2061.785609102085,204.0,204.34948818897607
2247.6169504292707,2067.443500530681,207.0,204.34948818897607
2245.0341727457394,2073.2445141867115,204.0,204.34948818897607
2242.1513330723933,2078.9024056153075,207.0,204.34948818897607
2239.568555388862,2084.703419271338,204.0,204.34948818897607
2236.685715715516,2090.361310699934,207.0,204.34948818897607
2234.1029380319846,2096.1623243559648,204.0,204.34948818897607
2231.2200983586386,2101.820215784561,207.0,204.34948818897607
2228.6373206751073,2107.6212294405914,204.0,204.34948818897607
2225.754481001761,2113.2791208691874,207.0,204.34948818897607
2223.17170331823,2119.080134525218,204.0,204.34948818897607
2220.288863644884,2124.738025953814,207.0,204.34948818897607
2217.7060859613525,2130.5390396098446,204.0,204.34948818897607
2214.8232462880064,2136.1969310384407,207.0,204.34948818897607
2212.240468604475,2141.9979446944712,204.0,204.34948818897607
2209.357628931129,2147.6558361230673,207.0,206.98783464566898
2206.182628931129,2153.1550974370984,210.0,209.6261811023619
2202.7241710587837,2158.480655543552,213.0,212.2645275590548
2198.9917347067267,2163.617913457833,216.0,214.90287401574773
2194.9955502235603,2168.5527903130846,219.0,217.54122047244064
2190.7465708731816,2173.271759954866,222.0,220.17956692913356
2186.256442812647,2177.7618880154005,225.0,222.81791338582647
2181.5374731708657,2182.010867365779,228.0,225.4562598425194
2176.602596315614,2186.0070518489456,231.0,228.0946062992123
2171.8836266738326,2190.2560311993243,228.0,230.73295275590522
2166.948749818581,2194.2522156824907,231.0,233.37129921259813
2161.8114919043,2197.9846520345477,234.0,236.00964566929105
2156.4859337978464,2201.443109906893,237.0,238.64799212598396
2150.9866724838153,2204.618109906893,240.0,241.28633858267688
2145.328781055219,2207.500949580239,243.0,243.9246850393698
2139.5277673991886,2210.0837272637705,246.0,246.5630314960627
2133.5995316909316,2212.3593637433833,249.0,249.20137795275562
2127.5603228124573,2214.3216216576643,252.0,251.83972440944854
2121.426693815522,2215.965122594065,255.0,254.47807086614145
2115.215456550862,2217.285361830758,258.0,257.11641732283437
2108.943635588083,2218.2787206837634,261.0,259.75476377952725
2102.6284215524943,2218.942476425513,264.0,262.39311023622014
2096.2871240068025,2219.274809747656,267.0,265.031456692913
2089.9371240068026,2219.274809747656,270.0,267.6698031496059
2083.595826461111,2218.942476425513,273.0,270.3081496062988
2077.245826461111,2218.942476425513,270.0,272.9464960629917
2070.904528915419,2218.6101431033703,273.0,275.58484251968457
2064.5893148798305,2217.9463873616205,276.0,278.22318897637746
2058.3174939170513,2216.9530285086153,279.0,280.86153543307034
2052.1062566523915,2215.6327892719223,282.0,283.49988188976323
2045.9726276554559,2213.9892883355215,285.0,286.1382283464561
2039.9334187769816,2212.0270304212404,288.0,288.776574803149
2034.0051830687244,2209.7513939416276,291.0,291.4149212598419
2028.2041694126938,2207.1686162580963,294.0,294.0532677165348
2022.5462779840977,2204.2857765847502,297.0,296.69161417322766
2017.0470166700666,2201.11077658475,300.0,299.32996062992055
2011.7214585636132,2197.652318712405,303.0,301.96830708661344
2006.5842006493322,2193.919882360348,306.0,304.6066535433063
2001.6493237940804,2189.9236978771814,309.0,307.2449999999992
1996.9303541522988,2185.6747185268027,312.0,309.8833464566921
1992.4402260917643,2181.184590466268,315.0,312.521692913385
1987.7212564499828,2176.9356111158895,312.0,312.521692913385
1983.2311283894483,2172.445483055355,315.0,312.521692913385
1978.5121587476667,2168.1965037049763,312.0,312.521692913385
1974.0220306871322,2163.706375644442,315.0,312.521692913385
1969.3030610453507,2159.457396294063,312.0,312.521692913385
1964.8129329848161,2154.9672682335286,315.0,312.521692913385
1960.0939633430346,2150.71828888315,312.0,312.521692913385
1955.6038352825,2146.2281608226153,315.0,312.521692913385
1950.8848656407185,2141.9791814722366,312.0,312.521692913385
1946.394737580184,2137.489053411702,315.0,312.521692913385
1941.6757679384025,2133.2400740613234,312.0,312.521692913385
1937.185639877868,2128.749946000789,315.0,312.521692913385
1932.4666702360864,2124.50096665041,312.0,312.521692913385
1927.976542175552,2120.0108385898757,315.0,312.521692913385
1923.2575725337704,2115.761859239497,312.0,312.521692913385
1918.7674444732359,2111.2717311789625,315.0,312.521692913385
1914.0484748314543,2107.0227518285838,312.0,312.521692913385
1909.5583467709198,2102.5326237680492,315.0,312.521692913385
1904.8393771291383,2098.2836444176705,312.0,312.521692913385
1900.3492490686037,2093.793516357136,315.0,312.521692913385
1895.6302794268222,2089.5445370067573,312.0,312.521692913385
1891.1401513662877,2085.054408946223,315.0,312.521692913385
1886.4211817245061,2080.805429595844,312.0,312.521692913385
1881.9310536639716,2076.3153015353096,315.0,312.521692913385
1877.21208402219,2072.066322184931,312.0,312.521692913385
1872.7219559616556,2067.5761941243964,315.0,312.521692913385
1868.002986319874,2063.3272147740176,312.0,312.521692913385
1863.5128582593395,2058.837086713483,315.0,312.521692913385
1858.793888617558,2054.5881073631044,312.0,312.521692913385
1854.3037605570235,2050.09797930257,315.0,312.521692913385
1849.584790915242,2045.8489999521912,312.0,312.521692913385
1845.0946628547074,2041.3588718916567,315.0,312.521692913385
1840.3756932129259,2037.109892541278,312.0,312.521692913385
1835.8855651523913,2032.6197644807435,315.0,312.521692913385
1831.1665955106098,2028.3707851303648,312.0,312.521692913385
1826.6764674500753,2023.8806570698302,315.0,312.521692913385
1821.9574978082937,2019.6316777194515,312.0,312.521692913385
1817.4673697477592,2015.141549658917,315.0,312.521692913385
1812.7484001059777,2010.8925703085383,312.0,312.521692913385
1808.2582720454432,2006.4024422480038,315.0,312.521692913385
1803.5393024036616,2002.153462897625,312.0,312.521692913385
1799.049174343127,1997.6633348370906,315.0,312.521692913385
1794.3302047013456,1993.4143554867119,312.0,312.521692913385
1789.840076640811,1988.9242274261774,315.0,312.521692913385
1785.1211069990295,1984.6752480757987,312.0,312.521692913385
1780.630978938495,1980.1851200152641,315.0,312.521692913385
1775.9120092967134,1975.9361406648854,312.0,312.521692913385
1771.421881236179,1971.446012604351,315.0,312.521692913385
1766.7029115943974,1967.1970332539722,312.0,312.521692913385
1762.2127835338629,1962.7069051934377,315.0,312.521692913385
1757.4938138920813,1958.457925843059,312.0,312.521692913385
1753.0036858315468,1953.9677977825245,315.0,312.521692913385
1748.2847161897653,1949.7188184321458,312.0,312.521692913385
1743.7945881292308,1945.2286903716113,315.0,312.521692913385
1739.0756184874492,1940.9797110212326,312.0,312.521692913385
1734.5854904269147,1936.489582960698,315.0,312.521692913385
1729.8665207851332,1932.2406036103193,312.0,312.521692913385
1724.9316439298814,1928.244419127153,309.0,309.8833464566921
1719.7943860156004,1924.5119827750957,306.0,307.2449999999992
1714.468827909147,1921.0535249027503,303.0,304.6066535433063
1708.9695665951158,1917.8785249027503,300.0,301.96830708661344
1703.3116751665198,1914.9956852294042,297.0,299.32996062992055
1697.5106615104892,1912.412907545873,294.0,296.69161417322766
1691.8527700818931,1909.5300678725268,297.0,294.0532677165348
1686.0517564258625,1906.9472901889956,294.0,291.4149212598419
1680.1235207176053,1904.671653709383,291.0,288.776574803149
1674.084311839131,1902.7093957951022,288.0,286.1382283464561
1667.9506828421954,1901.065894858701,285.0,283.49988188976323
1661.7394455775357,1899.7456556220084,282.0,280.86153543307034
1655.4676246147565,1898.752296769003,279.0,278.22318897637746
1649.152410579168,1898.0885410272533,276.0,275.58484251968457
1642.8111130334764,1897.7562077051107,273.0,272.9464960629917
1636.4611130334765,1897.7562077051107,270.0,270.3081496062988
1630.119815487785,1898.0885410272533,267.0,267.6698031496059
1623.8046014521965,1898.752296769003,264.0,265.031456692913
1617.5327804894173,1899.7456556220084,261.0,262.39311023622014
1611.3215432247575,1901.065894858701,258.0,259.75476377952725
1605.187914227822,1902.7093957951022,255.0,257.11641732283437
1599.1487053493477,1904.671653709383,252.0,254.47807086614145
1593.2204696410904,1906.9472901889956,249.0,251.83972440944854
1587.1812607626161,1908.9095481032764,252.0,249.20137795275562
1581.253025054359,1911.185184582889,249.0,246.5630314960627
1575.4520113983283,1913.7679622664202,246.0,243.9246850393698
1569.7941199697323,1916.6508019397663,243.0,241.28633858267688
1564.294858655701,1919.8258019397663,240.0,238.64799212598396
1558.9693005492477,1923.2842598121117,237.0,236.00964566929105
1553.8320426349667,1927.016696164169,234.0,233.37129921259813
1548.897165779715,1931.0128806473354,231.0,230.73295275590522
1544.1781961379334,1935.261859997714,228.0,228.0946062992123
1539.6880680773988,1939.7519880582486,225.0,225.4562598425194
1535.4390887270201,1944.47095770003,222.0,222.81791338582647
1531.4429042438537,1949.405834555282,219.0,220.17956692913356
1527.193924893475,1954.1248041970634,222.0,220.17956692913356
1523.1977404103086,1959.0596810523152,219.0,220.17956692913356
1518.94876105993,1963.7786506940968,222.0,220.17956692913356
1514.9525765767635,1968.7135275493486,219.0,220.17956692913356
1510.7035972263848,1973.43249719113,222.0,220.17956692913356
1506.7074127432184,1978.3673740463819,219.0,220.17956692913356
1502.4584333928397,1983.0863436881634,222.0,220.17956692913356
1498.4622489096732,1988.0212205434152,219.0,220.17956692913356
1494.2132695592945,1992.7401901851968,222.0,220.17956692913356
1490.2170850761281,1997.6750670404485,219.0,220.17956692913356
1485.9681057257494,2002.39403668223,222.0,220.17956692913356
1481.971921242583,2007.3289135374819,219.0,220.17956692913356
1477.7229418922043,2012.0478831792634,222.0,220.17956692913356
1473.7267574090379,2016.9827600345152,219.0,220.17956692913356
1469.4777780586592,2021.7017296762967,222.0,220.17956692913356
1465.4815935754928,2026.6366065315485,219.0,220.17956692913356
1461.232614225114,2031.35557617333,222.0,220.17956692913356
1457.2364297419476,2036.2904530285819,219.0,217.54122047244064
1453.5039933898904,2041.4277109428629,216.0,214.90287401574773
1450.045535517545,2046.7532690493163,213.0,212.2645275590548
1446.870535517545,2052.2525303633474,210.0,209.6261811023619
1443.987695844199,2057.9104217919435,207.0,206.98783464566898
1441.4049181606676,2063.711435447974,204.0,204.34948818897607
1439.129281681055,2069.639671156231,201.0,201.71114173228315
1436.5465039975238,2075.4406848122617,204.0,201.71114173228315
1434.2708675179113,2081.3689205205187,201.0,201.71114173228315
1431.68808983438,2087.1699341765493,204.0,201.71114173228315
1429.4124533547674,2093.0981698848063,201.0,201.71114173228315
1426.8296756712361,2098.899183540837,204.0,201.71114173228315
1424.5540391916236,2104.827419249094,201.0,201.71114173228315
1421.9712615080923,2110.6284329051246,204.0,201.71114173228315
1419.6956250284798,2116.5566686133816,201.0,201.71114173228315
1417.1128473449485,2122.357682269412,204.0,201.71114173228315
1414.837210865336,2128.285917977669,201.0,201.71114173228315
1412.2544331818046,2134.0869316337,204.0,201.71114173228315
1409.978796702192,2140.015167341957,201.0,201.71114173228315
1407.3960190186608,2145.8161809979874,204.0,201.71114173228315
1404.5131793453147,2151.4740724265835,207.0,204.34948818897607
1401.9304016617834,2157.275086082614,204.0,206.98783464566898
1399.0475619884373,2162.93297751121,207.0,209.6261811023619
1395.8725619884374,2168.4322388252413,210.0,212.2645275590548
1392.414104116092,2173.757796931695,213.0,214.90287401574773
1388.6816677640347,2178.8950548459757,216.0,217.54122047244064
1384.6854832808683,2183.8299317012275,219.0,220.17956692913356
1380.4365039304896,2188.5489013430088,222.0,222.81791338582647
1375.946375869955,2193.0390294035433,225.0,225.4562598425194
1371.2274062281735,2197.288008753922,228.0,228.0946062992123
1366.2925293729218,2201.2841932370884,231.0,230.73295275590522
1361.1552714586408,2205.0166295891454,234.0,233.37129921259813
1355.8297133521874,2208.4750874614906,237.0,236.00964566929105
1350.3304520381562,2211.650087461491,240.0,238.64799212598396
1344.6725606095602,2214.532927134837,243.0,241.28633858267688
1338.8715469535296,2217.115704818368,246.0,243.9246850393698
1332.9433112452723,2219.391341297981,249.0,246.5630314960627
1326.904102366798,2221.353599212262,252.0,249.20137795275562
1320.9758666585408,2223.629235691875,249.0,251.83972440944854
1314.9366577800665,2225.591493606156,252.0,254.47807086614145
1308.803028783131,2227.2349945425567,255.0,254.47807086614145
1302.7638199046567,2229.1972524568378,252.0,254.47807086614145
1296.630190907721,2230.8407533932386,255.0,254.47807086614145
1290.5909820292468,2232.8030113075197,252.0,254.47807086614145
1284.4573530323112,2234.4465122439206,255.0,254.47807086614145
1278.418144153837,2236.4087701582016,252.0,254.47807086614145
1272.2845151569013,2238.0522710946025,255.0,254.47807086614145
1266.245306278427,2240.0145290088835,252.0,254.47807086614145
1260.1116772814914,2241.6580299452844,255.0,254.47807086614145
1254.0724684030172,2243.6202878595655,252.0,254.47807086614145
1247.9388394060816,2245.2637887959663,255.0,254.47807086614145
1241.8996305276073,2247.2260467102474,252.0,254.47807086614145
1235.7660015306717,2248.8695476466482,255.0,254.47807086614145
1229.7267926521974,2250.8318055609293,252.0,254.47807086614145
1223.5931636552618,2252.47530649733,255.0,254.47807086614145
1217.5539547767876,2254.437564411611,252.0,254.47807086614145
1211.420325779852,2256.081065348012,255.0,254.47807086614145
1205.3811169013777,2258.043323262293,252.0,254.47807086614145
1199.247487904442,2259.686824198694,255.0,254.47807086614145
1193.2082790259678,2261.649082112975,252.0,254.47807086614145
1187.0746500290322,2263.292583049376,255.0,254.47807086614145
1181.035441150558,2265.254840963657,252.0,254.47807086614145
1174.9018121536224,2266.898341900058,255.0,254.47807086614145
1168.862603275148,2268.860599814339,252.0,254.47807086614145
1162.7289742782125,2270.50410075074,255.0,254.47807086614145
1156.6897653997382,2272.466358665021,252.0,254.47807086614145
1150.5561364028026,2274.1098596014217,255.0,254.47807086614145
1144.5169275243284,2276.0721175157028,252.0,254.47807086614145
1138.3832985273928,2277.7156184521036,255.0,254.47807086614145
1132.3440896489185,2279.6778763663847,252.0,254.47807086614145
1126.2104606519829,2281.3213773027855,255.0,254.47807086614145
1120.1712517735086,2283.2836352170666,252.0,254.47807086614145
1114.037622776573,2284.9271361534675,255.0,254.47807086614145
1107.8263855119133,2286.2473753901604,258.0,257.11641732283437
1101.554564549134,2287.2407342431657,261.0,259.75476377952725
1095.2393505135456,2287.9044899849155,264.0,262.39311023622014
1088.898052967854,2288.2368233070583,267.0,265.031456692913
1082.5480529678541,2288.2368233070583,270.0,267.6698031496059
1076.2067554221626,2287.9044899849155,273.0,270.3081496062988
1069.8567554221627,2287.9044899849155,270.0,272.9464960629917
1063.5154578764711,2287.5721566627726,273.0,275.58484251968457
1057.2002438408826,2286.908400921023,276.0,278.22318897637746
1050.9284228781034,2285.9150420680176,279.0,280.86153543307034
1044.7171856134437,2284.5948028313246,282.0,283.49988188976323
1038.583556616508,2282.9513018949237,285.0,286.1382283464561
1032.5443477380338,2280.9890439806427,288.0,288.776574803149
1026.6161120297766,2278.71340750103,291.0,291.4149212598419
1020.8150983737461,2276.1306298174986,294.0,294.0532677165348
1015.1572069451499,2273.2477901441525,297.0,296.69161417322766
1009.6579456311188,2270.0727901441523,300.0,299.32996062992055
1004.3323875246654,2266.614332271807,303.0,301.96830708661344
999.1951296103845,2262.88189591975,306.0,304.6066535433063
994.2602527551327,2258.8857114365837,309.0,307.2449999999992
989.5412831133513,2254.636732086205,312.0,309.8833464566921
985.0511550528166,2250.1466040256705,315.0,312.521692913385
980.8021757024379,2245.427634383889,318.0,315.16003937007787
976.3120476419033,2240.9375063233547,315.0,317.79838582677075
972.0630682915246,2236.2185366815734,318.0,320.43673228346364
968.0668838083582,2231.2836598263216,321.0,323.0750787401565
964.334447456301,2226.146401912041,324.0,325.7134251968494
960.8759895839555,2220.820843805587,327.0,328.3517716535423
957.7009895839556,2215.321582491556,330.0,330.9901181102352
954.8181499106095,2209.66369106296,333.0,330.9901181102352
951.6431499106095,2204.164429748929,330.0,330.9901181102352
948.7603102372634,2198.5065383203328,333.0,330.9901181102352
945.5853102372635,2193.0072770063016,330.0,330.9901181102352
942.7024705639174,2187.3493855777056,333.0,330.9901181102352
939.5274705639174,2181.8501242636744,330.0,330.9901181102352
936.6446308905713,2176.1922328350784,333.0,330.9901181102352
933.4696308905714,2170.692971521047,330.0,330.9901181102352
930.5867912172253,2165.035080092451,333.0,330.9901181102352
927.4117912172253,2159.53581877842,330.0,330.9901181102352
924.5289515438792,2153.877927349824,333.0,330.9901181102352
921.3539515438792,2148.378666035793,330.0,330.9901181102352
918.4711118705332,2142.7207746071967,333.0,330.9901181102352
915.2961118705332,2137.2215132931656,330.0,330.9901181102352
912.4132721971871,2131.5636218645695,333.0,330.9901181102352
909.2382721971871,2126.0643605505384,330.0,330.9901181102352
906.355432523841,2120.4064691219423,333.0,330.9901181102352
903.1804325238411,2114.907207807911,330.0,330.9901181102352
900.297592850495,2109.249316379315,333.0,333.6284645669281
897.7148151669637,2103.4483027232845,336.0,336.26681102362096
895.439178687351,2097.5200670150275,339.0,338.90515748031385
893.4769207730701,2091.4808581365533,342.0,341.54350393700673
891.8334198366691,2085.347229139618,345.0,344.1818503936996
890.5131805999763,2079.135991874958,348.0,346.8201968503925
888.8696796635753,2073.0023628780227,345.0,346.8201968503925
887.5494404268825,2066.791125613363,348.0,346.8201968503925
885.9059394904815,2060.6574966164276,345.0,346.8201968503925
884.5857002537887,2054.446259351768,348.0,346.8201968503925
882.9421993173877,2048.3126303548324,345.0,346.8201968503925
881.6219600806949,2042.1013930901727,348.0,346.8201968503925
879.9784591442939,2035.967764093237,345.0,346.8201968503925
878.658219907601,2029.7565268285773,348.0,346.8201968503925
877.0147189712001,2023.6228978316417,345.0,346.8201968503925
875.6944797345072,2017.411660566982,348.0,346.8201968503925
874.0509787981063,2011.2780315700463,345.0,346.8201968503925
872.7307395614134,2005.0667943053866,348.0,346.8201968503925
871.0872386250124,1998.933165308451,345.0,346.8201968503925
869.7669993883196,1992.7219280437912,348.0,346.8201968503925
868.1234984519186,1986.5882990468556,345.0,346.8201968503925
866.8032592152258,1980.3770617821958,348.0,346.8201968503925
865.1597582788248,1974.2434327852602,345.0,346.8201968503925
863.839519042132,1968.0321955206005,348.0,346.8201968503925
862.196018105731,1961.8985665236648,345.0,346.8201968503925
860.8757788690382,1955.687329259005,348.0,346.8201968503925
859.2322779326372,1949.5537002620695,345.0,346.8201968503925
857.9120386959444,1943.3424629974097,348.0,346.8201968503925
856.2685377595434,1937.208834000474,345.0,346.8201968503925
854.9482985228506,1930.9975967358143,348.0,346.8201968503925
853.3047975864496,1924.8639677388787,345.0,346.8201968503925
851.9845583497568,1918.652730474219,348.0,346.8201968503925
850.3410574133558,1912.5191014772834,345.0,346.8201968503925
849.0208181766629,1906.3078642126236,348.0,346.8201968503925
847.377317240262,1900.174235215688,345.0,346.8201968503925
846.0570780035691,1893.9629979510282,348.0,346.8201968503925
844.4135770671681,1887.8293689540926,345.0,346.8201968503925
843.0933378304753,1881.6181316894329,348.0,346.8201968503925
841.4498368940743,1875.4845026924972,345.0,346.8201968503925
840.1295976573815,1869.2732654278375,348.0,349.4585433070854
839.136238804376,1863.0014444650583,351.0,352.0968897637783
838.4724830626265,1856.6862304294698,354.0,354.73523622047117
838.1401497404837,1850.3449328837783,357.0,357.37358267716405
838.1401497404837,1843.9949328837783,360.0,360.01192913385694
838.4724830626265,1837.6536353380868,363.0,362.6502755905498
838.4724830626265,1831.303635338087,360.0,362.6502755905498
838.8048163847692,1824.9623377923954,363.0,362.6502755905498
838.8048163847692,1818.6123377923955,360.0,362.6502755905498
839.1371497069119,1812.271040246704,363.0,362.6502755905498
839.1371497069119,1805.921040246704,360.0,362.6502755905498
839.4694830290547,1799.5797427010125,363.0,362.6502755905498
839.4694830290547,1793.2297427010126,360.0,362.6502755905498
839.8018163511974,1786.888445155321,363.0,362.6502755905498
839.8018163511974,1780.5384451553211,360.0,362.6502755905498
840.1341496733402,1774.1971476096296,363.0,362.6502755905498
840.1341496733402,1767.8471476096297,360.0,362.6502755905498
840.4664829954829,1761.5058500639382,363.0,362.6502755905498
840.4664829954829,1755.1558500639383,360.0,362.6502755905498
840.7988163176257,1748.8145525182467,363.0,362.6502755905498
840.7988163176257,1742.4645525182468,360.0,362.6502755905498
841.1311496397684,1736.1232549725553,363.0,362.6502755905498
841.1311496397684,1729.7732549725554,360.0,362.6502755905498
841.4634829619112,1723.4319574268638,363.0,362.6502755905498
841.4634829619112,1717.081957426864,360.0,362.6502755905498
841.7958162840539,1710.7406598811724,363.0,362.6502755905498
841.7958162840539,1704.3906598811725,360.0,362.6502755905498
842.1281496061966,1698.049362335481,363.0,365.2886220472427
842.7919053479462,1691.7341482998925,366.0,367.9269685039356
843.7852642009517,1685.4623273371133,369.0,370.5653149606285
845.1055034376445,1679.2510900724535,372.0,370.5653149606285
846.09886229065,1672.9792691096743,369.0,370.5653149606285
847.4191015273428,1666.7680318450145,372.0,370.5653149606285
848.4124603803483,1660.4962108822353,369.0,370.5653149606285
849.7326996170411,1654.2849736175756,372.0,370.5653149606285
850.7260584700466,1648.0131526547964,369.0,370.5653149606285
852.0462977067394,1641.8019153901366,372.0,370.5653149606285
853.0396565597449,1635.5300944273574,369.0,370.5653149606285
854.3598957964377,1629.3188571626977,372.0,370.5653149606285
855.3532546494432,1623.0470361999185,369.0,370.5653149606285
856.673493886136,1616.8357989352587,372.0,370.5653149606285
857.6668527391415,1610.5639779724795,369.0,370.5653149606285
858.9870919758343,1604.3527407078197,372.0,370.5653149606285
859.9804508288398,1598.0809197450405,369.0,370.5653149606285
861.3006900655326,1591.8696824803808,372.0,370.5653149606285
862.2940489185381,1585.5978615176016,369.0,370.5653149606285
863.614288155231,1579.3866242529418,372.0,370.5653149606285
864.6076470082364,1573.1148032901626,369.0,370.5653149606285
865.271402749986,1566.7995892545741,366.0,367.9269685039356
865.6037360721288,1560.4582917088826,363.0,365.2886220472427
865.6037360721288,1554.1082917088827,360.0,362.6502755905498
865.9360693942715,1547.7669941631912,363.0,360.01192913385694
865.9360693942715,1541.4169941631912,360.0,357.37358267716405
865.6037360721288,1535.0756966174997,357.0,354.73523622047117
864.9399803303792,1528.7604825819112,354.0,354.73523622047117
864.6076470082364,1522.4191850362197,357.0,354.73523622047117
863.9438912664868,1516.1039710006312,354.0,354.73523622047117
863.6115579443441,1509.7626734549397,357.0,354.73523622047117
862.9478022025945,1503.4474594193512,354.0,354.73523622047117
862.6154688804518,1497.1061618736596,357.0,354.73523622047117
861.9517131387022,1490.7909478380711,354.0,354.73523622047117
861.6193798165594,1484.4496502923796,357.0,354.73523622047117
860.9556240748099,1478.134436256791,354.0,354.73523622047117
860.6232907526671,1471.7931387110996,357.0,354.73523622047117
859.9595350109175,1465.477924675511,354.0,354.73523622047117
859.6272016887748,1459.1366271298195,357.0,354.73523622047117
858.9634459470252,1452.821413094231,354.0,354.73523622047117
858.6311126248825,1446.4801155485395,357.0,357.37358267716405
858.6311126248825,1440.1301155485396,360.0,360.01192913385694
858.9634459470252,1433.788818002848,363.0,362.6502755905498
859.6272016887748,1427.4736039672596,366.0,365.2886220472427
860.6205605417803,1421.2017830044804,369.0,367.9269685039356
861.2843162835298,1414.8865689688919,366.0,367.9269685039356
862.2776751365353,1408.6147480061127,369.0,367.9269685039356
862.9414308782849,1402.2995339705242,366.0,367.9269685039356
863.9347897312904,1396.027713007745,369.0,367.9269685039356
864.59854547304,1389.7124989721565,366.0,367.9269685039356
865.5919043260454,1383.4406780093773,369.0,367.9269685039356
866.255660067795,1377.1254639737888,366.0,367.9269685039356
867.2490189208005,1370.8536430110096,369.0,367.9269685039356
867.9127746625501,1364.538428975421,366.0,367.9269685039356
868.9061335155556,1358.2666080126419,369.0,367.9269685039356
869.5698892573051,1351.9513939770534,366.0,367.9269685039356
870.5632481103106,1345.6795730142742,369.0,367.9269685039356
871.2270038520602,1339.3643589786857,366.0,367.9269685039356
872.2203627050657,1333.0925380159065,369.0,367.9269685039356
872.8841184468153,1326.777323980318,366.0,367.9269685039356
873.8774772998207,1320.5055030175388,369.0,367.9269685039356
874.5412330415703,1314.1902889819503,366.0,367.9269685039356
874.873566363713,1307.8489914362588,363.0,365.2886220472427
874.873566363713,1301.4989914362588,360.0,362.6502755905498
875.2058996858558,1295.1576938905673,363.0,360.01192913385694
875.2058996858558,1288.8076938905674,360.0,357.37358267716405
874.873566363713,1282.4663963448759,357.0,354.73523622047117
874.2098106219635,1276.1511823092874,354.0,352.0968897637783
873.216451768958,1269.8793613465082,351.0,352.0968897637783
872.5526960272084,1263.5641473109197,354.0,352.0968897637783
871.5593371742029,1257.2923263481405,351.0,352.0968897637783
870.8955814324534,1250.977112312552,354.0,352.0968897637783
869.9022225794479,1244.7052913497728,351.0,352.0968897637783
869.2384668376983,1238.3900773141843,354.0,352.0968897637783
868.2451079846928,1232.118256351405,351.0,352.0968897637783
867.5813522429432,1225.8030423158166,354.0,352.0968897637783
