875.0115139103734,1274.780301502354,3.0,0
875.0115139103734,1274.340301502354,0.0,0
875.0460556414938,1273.681206009416,3.0,0
875.0460556414938,1272.8012060094159,0.0,0
875.103625193361,1271.7027135211858,3.0,0
875.103625193361,1270.382713521186,0.0,0
875.1842225659751,1268.8448240376638,3.0,0
875.1842225659751,1267.0848240376638,0.0,0
875.2878477593362,1265.1075375588498,3.0,0
875.2878477593362,1262.9075375588498,0.0,0
875.414500773444,1260.4908540847437,3.0,0
875.414500773444,1257.8508540847436,0.0,0
875.5641816082989,1254.9947736153454,3.0,0
875.5641816082989,1251.9147736153454,0.0,0
875.7368902639006,1248.6192961506554,3.0,0
875.7368902639006,1245.0992961506554,0.0,0
875.9326267402492,1241.3644216906732,3.0,0
875.9326267402492,1237.4044216906732,0.0,0
876.1513910373448,1233.2301502353992,3.0,0
876.1513910373448,1228.830150235399,0.0,0
876.3931831551871,1224.216481784833,3.0,0
876.3931831551871,1219.376481784833,0.0,0
876.6580030937764,1214.3234163389748,3.0,0
876.6580030937764,1209.0434163389748,0.0,0
876.9458508531126,1203.5509538978247,3.0,0
876.9458508531126,1197.8309538978247,0.0,0
877.2567264331957,1191.8990944613824,3.0,0
877.2567264331957,1185.7390944613824,0.0,0
877.5890597553384,1179.3977969156908,3.0,0
877.5890597553384,1173.047796915691,0.0,0
877.9213930774812,1166.7064993699994,3.0,0
877.9213930774812,1160.3564993699995,0.0,0
878.2537263996239,1154.015201824308,3.0,0
878.2537263996239,1147.665201824308,0.0,0
878.5860597217667,1141.3239042786165,3.0,0
878.5860597217667,1134.9739042786166,0.0,0
878.9183930439094,1128.632606732925,3.0,0
878.9183930439094,1122.2826067329252,0.0,0
879.2507263660522,1115.9413091872336,3.0,0
879.2507263660522,1109.5913091872337,0.0,0
879.5830596881949,1103.2500116415422,3.0,0
879.5830596881949,1096.9000116415423,0.0,0
879.9153930103377,1090.5587140958507,3.0,0
879.9153930103377,1084.2087140958508,0.0,0
880.2477263324804,1077.8674165501593,3.0,0
880.2477263324804,1071.5174165501594,0.0,0
880.5800596546231,1065.1761190044679,3.0,0
880.5800596546231,1058.826119004468,0.0,0
880.9123929767659,1052.4848214587764,3.0,0
880.9123929767659,1046.1348214587765,0.0,0
881.2447262989086,1039.793523913085,3.0,0
881.2447262989086,1033.443523913085,0.0,0
881.5770596210514,1027.1022263673935,3.0,0
881.5770596210514,1020.7522263673935,0.0,0
881.9093929431941,1014.410928821702,3.0,0
881.9093929431941,1008.060928821702,0.0,0
882.2417262653369,1001.7196312760104,3.0,0
882.2417262653369,995.3696312760104,0.0,0
882.5740595874796,989.0283337303189,3.0,0
882.5740595874796,982.6783337303189,0.0,0
882.9063929096224,976.3370361846273,3.0,0
882.9063929096224,969.9870361846273,0.0,0
883.2387262317651,963.6457386389358,3.0,0
883.2387262317651,957.2957386389357,0.0,0
883.5710595539078,950.9544410932442,3.0,0
883.5710595539078,944.6044410932442,0.0,0
883.9033928760506,938.2631435475527,3.0,0
883.9033928760506,931.9131435475526,0.0,0
884.2357261981933,925.5718460018611,3.0,0
884.2357261981933,919.2218460018611,0.0,0
884.5680595203361,912.8805484561695,3.0,0
884.5680595203361,906.5305484561695,0.0,0
884.9003928424788,900.189250910478,3.0,0
884.9003928424788,893.839250910478,0.0,0
885.2327261646216,887.4979533647864,3.0,0
885.2327261646216,881.1479533647864,0.0,2.638346456692913
885.5650594867643,874.8066558190949,3.0,5.276692913385826
886.2288152285139,868.4914417835064,6.0,7.915039370078739
887.2221740815194,862.2196208207273,9.0,10.553385826771652
888.5424133182122,856.0083835560677,12.0,13.191732283464566
890.1859142546132,849.874754559132,15.0,15.830078740157479
892.1481721688941,843.8355456806578,18.0,18.46842519685039
894.4238086485068,837.9073099724005,21.0,21.106771653543305
897.0065863320381,832.10629631637,24.0,23.74511811023622
899.8894260053842,826.4484048877739,27.0,26.383464566929135
903.0644260053841,820.9491435737427,30.0,29.02181102362205
905.9472656787302,815.2912521451466,27.0,29.02181102362205
909.1222656787302,809.7919908311154,30.0,29.02181102362205
912.0051053520763,804.1340994025193,27.0,29.02181102362205
915.1801053520762,798.6348380884881,30.0,29.02181102362205
918.0629450254223,792.976946659892,27.0,29.02181102362205
921.2379450254223,787.4776853458608,30.0,29.02181102362205
924.1207846987684,781.8197939172646,27.0,29.02181102362205
927.2957846987683,776.3205326032335,30.0,29.02181102362205
930.1786243721144,770.6626411746373,27.0,29.02181102362205
933.3536243721144,765.1633798606061,30.0,29.02181102362205
936.2364640454605,759.50548843201,27.0,29.02181102362205
939.4114640454604,754.0062271179788,30.0,29.02181102362205
942.2943037188065,748.3483356893827,27.0,29.02181102362205
945.4693037188065,742.8490743753515,30.0,31.660157480314965
948.9277615911519,737.5235162688981,33.0,34.29850393700788
952.6601979432091,732.3862583546172,36.0,36.936850393700794
956.6563824263756,727.4513814993654,39.0,39.57519685039371
960.9053617767543,722.732411857584,42.0,42.213543307086624
965.3954898372889,718.2422837970494,45.0,44.85188976377954
970.1144594790703,713.9933044466707,48.0,47.490236220472454
975.0493363343221,709.9971199635042,51.0,50.12858267716537
980.186594248603,706.264683611447,54.0,52.766929133858284
985.5121523550564,702.8062257391016,57.0,55.4052755905512
991.0114136690876,699.6312257391016,60.0,58.043622047244114
996.6693050976837,696.7483860657555,63.0,60.68196850393703
1002.4703187537142,694.1656083822243,66.0,63.32031496062994
1008.1282101823103,691.2827687088782,63.0,65.95866141732286
1013.9292238383408,688.6999910253469,66.0,68.59700787401577
1019.8574595465981,686.4243545457342,69.0,71.23535433070869
1025.8966684250722,684.4620966314533,72.0,73.8737007874016
1032.0302974220078,682.8185956950523,75.0,76.51204724409452
1038.2415346866676,681.4983564583595,78.0,79.15039370078743
1044.5133556494468,680.504997605354,81.0,81.78874015748035
1050.8285696850353,679.8412418636044,84.0,84.42708661417326
1057.1698672307268,679.5089085414617,87.0,87.06543307086618
1063.5198672307267,679.5089085414617,90.0,89.70377952755909
1069.8611647764183,679.8412418636044,93.0,92.34212598425201
1076.1763788120068,680.504997605354,96.0,94.98047244094492
1082.448199774786,681.4983564583595,99.0,97.61881889763784
1088.6594370394457,682.8185956950523,102.0,100.25716535433075
1094.7930660363813,684.4620966314533,105.0,102.89551181102367
1100.8322749148556,686.4243545457342,108.0,105.53385826771658
1106.7605106231129,688.6999910253469,111.0,108.1722047244095
1112.799719501587,690.6622489396278,108.0,110.81055118110241
1118.7279552098444,692.9378854192405,111.0,113.44889763779533
1124.528968865875,695.5206631027718,114.0,116.08724409448824
1130.186860294471,698.4035027761179,117.0,118.72559055118116
1135.6861216085022,701.5785027761178,120.0,121.36393700787407
1141.0116797149556,705.0369606484633,123.0,124.00228346456699
1146.1489376292366,708.7693970005205,126.0,126.6406299212599
1151.0838144844884,712.7655814836869,129.0,129.2789763779528
1155.80278412627,717.0145608340656,132.0,131.91732283464572
1160.2929121868044,721.5046888946002,135.0,134.55566929133863
1164.5418915371831,726.2236585363817,138.0,137.19401574803155
1168.5380760203495,731.1585353916334,141.0,139.83236220472446
1172.2705123724068,736.2957933059143,144.0,142.47070866141738
1175.7289702447522,741.6213514123677,147.0,145.1090551181103
1179.4614065968094,746.7586093266486,144.0,145.1090551181103
1182.9198644691548,752.084167433102,147.0,145.1090551181103
1186.652300821212,757.2214253473829,144.0,145.1090551181103
1190.1107586935575,762.5469834538363,147.0,145.1090551181103
1193.8431950456147,767.6842413681172,144.0,145.1090551181103
1197.3016529179602,773.0097994745706,147.0,145.1090551181103
1201.0340892700174,778.1470573888515,144.0,145.1090551181103
1204.4925471423628,783.4726154953049,147.0,145.1090551181103
1208.22498349442,788.6098734095858,144.0,145.1090551181103
1211.6834413667655,793.9354315160392,147.0,145.1090551181103
1215.4158777188227,799.0726894303201,144.0,145.1090551181103
1218.8743355911681,804.3982475367735,147.0,145.1090551181103
1222.6067719432253,809.5355054510544,144.0,145.1090551181103
1226.0652298155708,814.8610635575078,147.0,145.1090551181103
1229.797666167628,819.9983214717887,144.0,142.47070866141738
1233.7938506507944,824.9331983270405,141.0,139.83236220472446
1238.0428300011731,829.6521679688219,138.0,137.19401574803155
1242.5329580617076,834.1422960293565,135.0,134.55566929133863
1247.2519277034892,838.3912753797352,132.0,131.91732283464572
1252.186804558741,842.3874598629017,129.0,129.2789763779528
1257.324062473022,846.1198962149589,126.0,126.64062992125989
1262.6496205794754,849.5783540873043,123.0,124.00228346456697
1268.1488818935065,852.7533540873043,120.0,121.36393700787406
1273.47443999996,856.2118119596497,123.0,121.36393700787406
1278.9737013139911,859.3868119596497,120.0,121.36393700787406
1284.2992594204445,862.8452698319951,123.0,121.36393700787406
1289.7985207344757,866.020269831995,120.0,121.36393700787406
1295.124078840929,869.4787277043405,123.0,121.36393700787406
1300.6233401549603,872.6537277043404,120.0,121.36393700787406
1305.9488982614137,876.1121855766859,123.0,121.36393700787406
1311.4481595754448,879.2871855766858,120.0,121.36393700787406
1316.7737176818982,882.7456434490313,123.0,121.36393700787406
1322.2729789959294,885.9206434490312,120.0,121.36393700787406
1327.5985371023828,889.3791013213767,123.0,121.36393700787406
1333.097798416414,892.5541013213766,120.0,121.36393700787406
1338.4233565228674,896.012559193722,123.0,121.36393700787406
1343.9226178368986,899.187559193722,120.0,121.36393700787406
1349.248175943352,902.6460170660674,123.0,121.36393700787406
1354.7474372573831,905.8210170660674,120.0,121.36393700787406
1360.0729953638365,909.2794749384128,123.0,121.36393700787406
1365.5722566778677,912.4544749384128,120.0,121.36393700787406
1370.897814784321,915.9129328107582,123.0,121.36393700787406
1376.3970760983523,919.0879328107582,120.0,121.36393700787406
1381.7226342048057,922.5463906831036,123.0,121.36393700787406
1387.2218955188368,925.7213906831036,120.0,121.36393700787406
1392.5474536252902,929.179848555449,123.0,124.00228346456697
1397.6847115395713,932.9122849075062,126.0,126.64062992125989
1402.619588394823,936.9084693906726,129.0,129.2789763779528
1407.3385580366046,941.1574487410513,132.0,131.91732283464572
1411.828686097139,945.647576801586,135.0,134.55566929133863
1416.0776654475178,950.3665464433674,138.0,137.19401574803155
1420.5677935080523,954.856674503902,135.0,137.19401574803155
1424.816772858431,959.5756441456834,138.0,137.19401574803155
1429.3069009189655,964.0657722062181,135.0,137.19401574803155
1433.5558802693442,968.7847418479995,138.0,137.19401574803155
1438.0460083298788,973.2748699085341,135.0,137.19401574803155
1442.2949876802575,977.9938395503156,138.0,137.19401574803155
1446.785115740792,982.4839676108502,135.0,137.19401574803155
1451.0340950911707,987.2029372526316,138.0,137.19401574803155
1455.5242231517052,991.6930653131662,135.0,137.19401574803155
1459.773202502084,996.4120349549477,138.0,137.19401574803155
1464.2633305626184,1000.9021630154823,135.0,137.19401574803155
1468.5123099129971,1005.6211326572637,138.0,137.19401574803155
1473.0024379735316,1010.1112607177984,135.0,137.19401574803155
1477.2514173239103,1014.8302303595798,138.0,137.19401574803155
1481.7415453844449,1019.3203584201144,135.0,137.19401574803155
1485.9905247348236,1024.039328061896,138.0,137.19401574803155
1490.480652795358,1028.5294561224305,135.0,137.19401574803155
1494.7296321457368,1033.248425764212,138.0,137.19401574803155
1499.2197602062713,1037.7385538247465,135.0,137.19401574803155
1503.46873955665,1042.457523466528,138.0,137.19401574803155
1507.9588676171845,1046.9476515270626,135.0,137.19401574803155
1512.2078469675632,1051.6666211688441,138.0,137.19401574803155
1516.6979750280977,1056.1567492293786,135.0,137.19401574803155
1520.9469543784764,1060.8757188711602,138.0,137.19401574803155
1525.437082439011,1065.3658469316947,135.0,137.19401574803155
1529.6860617893897,1070.0848165734762,138.0,137.19401574803155
1534.1761898499242,1074.5749446340108,135.0,137.19401574803155
1538.425169200303,1079.2939142757923,138.0,137.19401574803155
1542.9152972608374,1083.7840423363268,135.0,137.19401574803155
1547.164276611216,1088.5030119781084,138.0,137.19401574803155
1551.6544046717506,1092.9931400386429,135.0,137.19401574803155
1555.9033840221293,1097.7121096804244,138.0,137.19401574803155
1560.3935120826638,1102.202237740959,135.0,137.19401574803155
1564.6424914330426,1106.9212073827405,138.0,137.19401574803155
1569.132619493577,1111.411335443275,135.0,137.19401574803155
1573.3815988439558,1116.1303050850565,138.0,137.19401574803155
1577.8717269044903,1120.620433145591,135.0,137.19401574803155
1582.120706254869,1125.3394027873726,138.0,137.19401574803155
1586.6108343154035,1129.829530847907,135.0,137.19401574803155
1591.329803957185,1134.0785101982858,132.0,134.55566929133863
1596.2646808124368,1138.0746946814522,129.0,131.91732283464572
1600.9836504542184,1142.323674031831,132.0,129.2789763779528
1605.9185273094702,1146.3198585149973,129.0,126.64062992125989
1611.0557852237512,1150.0522948670546,126.0,124.00228346456697
1616.3813433302046,1153.5107527394,123.0,121.36393700787406
1621.8806046442357,1156.6857527394,120.0,118.72559055118114
1627.5384960728318,1159.568592412746,117.0,116.08724409448823
1633.3395097288624,1162.1513700962773,114.0,116.08724409448823
1638.9974011574584,1165.0342097696234,117.0,116.08724409448823
1644.798414813489,1167.6169874531547,114.0,116.08724409448823
1650.456306242085,1170.4998271265008,117.0,116.08724409448823
1656.2573198981156,1173.082604810032,114.0,116.08724409448823
1661.9152113267116,1175.9654444833782,117.0,116.08724409448823
1667.7162249827422,1178.5482221669095,114.0,116.08724409448823
1673.3741164113383,1181.4310618402556,117.0,116.08724409448823
1679.1751300673689,1184.0138395237868,114.0,116.08724409448823
1684.8330214959649,1186.896679197133,117.0,116.08724409448823
1690.6340351519955,1189.4794568806642,114.0,116.08724409448823
1696.2919265805915,1192.3622965540103,117.0,116.08724409448823
1702.092940236622,1194.9450742375416,114.0,116.08724409448823
1707.7508316652181,1197.8279139108877,117.0,116.08724409448823
1713.5518453212487,1200.410691594419,114.0,116.08724409448823
1719.2097367498448,1203.293531267765,117.0,116.08724409448823
1725.0107504058753,1205.8763089512963,114.0,116.08724409448823
1730.6686418344714,1208.7591486246424,117.0,116.08724409448823
1736.469655490502,1211.3419263081737,114.0,116.08724409448823
1742.127546919098,1214.2247659815198,117.0,116.08724409448823
1747.9285605751286,1216.807543665051,114.0,116.08724409448823
1753.5864520037246,1219.6903833383972,117.0,116.08724409448823
1759.3874656597552,1222.2731610219284,114.0,116.08724409448823
1765.0453570883512,1225.1560006952745,117.0,116.08724409448823
1770.8463707443818,1227.7387783788058,114.0,116.08724409448823
1776.5042621729779,1230.621618052152,117.0,116.08724409448823
1782.3052758290085,1233.2043957356832,114.0,116.08724409448823
1787.9631672576045,1236.0872354090293,117.0,116.08724409448823
1793.764180913635,1238.6700130925606,114.0,116.08724409448823
1799.422072342231,1241.5528527659067,117.0,116.08724409448823
1805.2230859982617,1244.135630449438,114.0,116.08724409448823
1810.8809774268577,1247.018470122784,117.0,116.08724409448823
1816.6819910828883,1249.6012478063153,114.0,116.08724409448823
1822.3398825114843,1252.4840874796614,117.0,116.08724409448823
1828.140896167515,1255.0668651631927,114.0,116.08724409448823
1834.0691318757722,1257.3425016428052,111.0,113.44889763779531
1840.1083407542465,1259.304759557086,108.0,110.8105511811024
1846.0365764625037,1261.5803960366986,111.0,108.17220472440948
1852.075785340978,1263.5426539509795,108.0,105.53385826771657
1858.2094143379136,1265.1861548873806,105.0,102.89551181102365
1864.4206516025733,1266.5063941240733,102.0,100.25716535433074
1870.6924725653525,1267.4997529770787,99.0,97.61881889763782
1877.007686600941,1268.1635087188283,96.0,94.98047244094491
1883.3489841466326,1268.495842040971,93.0,94.98047244094491
1889.664198182221,1269.1595977827205,96.0,94.98047244094491
1896.0054957279126,1269.4919311048632,93.0,94.98047244094491
1902.320709763501,1270.1556868466128,96.0,94.98047244094491
1908.6620073091926,1270.4880201687554,93.0,94.98047244094491
1914.9772213447811,1271.151775910505,96.0,94.98047244094491
1921.3185188904727,1271.4841092326476,93.0,94.98047244094491
1927.6337329260612,1272.1478649743972,96.0,94.98047244094491
1933.9750304717527,1272.4801982965398,93.0,94.98047244094491
1940.2902445073412,1273.1439540382894,96.0,94.98047244094491
1946.6315420530327,1273.476287360432,93.0,94.98047244094491
1952.9467560886212,1274.1400431021816,96.0,94.98047244094491
1959.2880536343127,1274.4723764243242,93.0,94.98047244094491
1965.6032676699012,1275.1361321660738,96.0,94.98047244094491
1971.9445652155928,1275.4684654882165,93.0,94.98047244094491
1978.2597792511813,1276.132221229966,96.0,94.98047244094491
1984.6010767968728,1276.4645545521087,93.0,94.98047244094491
1990.9162908324613,1277.1283102938582,96.0,94.98047244094491
1997.2575883781528,1277.4606436160009,93.0,94.98047244094491
2003.5728024137413,1278.1243993577505,96.0,94.98047244094491
2009.9140999594329,1278.456732679893,93.0,92.342125984252
2016.2640999594328,1278.456732679893,90.0,89.70377952755908
2022.6053975051243,1278.1243993577505,87.0,87.06543307086616
2028.9206115407128,1277.4606436160009,84.0,84.42708661417325
2035.192432503492,1276.4672847629954,81.0,81.78874015748033
2041.4036697681518,1275.1470455263027,78.0,79.15039370078742
2047.5372987650874,1273.5035445899016,75.0,76.5120472440945
2053.748536029747,1272.1833053532089,78.0,76.5120472440945
2059.8821650266823,1270.5398044168078,75.0,76.5120472440945
2066.093402291342,1269.219565180115,78.0,76.5120472440945
2072.2270312882774,1267.576064243714,75.0,76.5120472440945
2078.438268552937,1266.2558250070213,78.0,76.5120472440945
2084.5718975498726,1264.6123240706202,75.0,76.5120472440945
2090.7831348145323,1263.2920848339274,78.0,76.5120472440945
2096.9167638114677,1261.6485838975264,75.0,76.5120472440945
2103.1280010761275,1260.3283446608336,78.0,76.5120472440945
2109.261630073063,1258.6848437244325,75.0,76.5120472440945
2115.4728673377226,1257.3646044877398,78.0,76.5120472440945
2121.606496334658,1255.7211035513387,75.0,76.5120472440945
2127.8177335993178,1254.400864314646,78.0,76.5120472440945
2133.951362596253,1252.757363378245,75.0,76.5120472440945
2140.162599860913,1251.4371241415522,78.0,76.5120472440945
2146.2962288578483,1249.793623205151,75.0,76.5120472440945
2152.507466122508,1248.4733839684584,78.0,76.5120472440945
2158.6410951194434,1246.8298830320573,75.0,76.5120472440945
2164.852332384103,1245.5096437953646,78.0,76.5120472440945
2170.9859613810386,1243.8661428589635,75.0,76.5120472440945
2177.1971986456983,1242.5459036222708,78.0,76.5120472440945
2183.3308276426337,1240.9024026858697,75.0,76.5120472440945
2189.5420649072935,1239.582163449177,78.0,76.5120472440945
2195.675693904229,1237.9386625127759,75.0,76.5120472440945
2201.8869311688886,1236.6184232760831,78.0,76.5120472440945
2208.020560165824,1234.974922339682,75.0,76.5120472440945
2214.2317974304838,1233.6546831029893,78.0,76.5120472440945
2220.365426427419,1232.0111821665882,75.0,76.5120472440945
2226.576663692079,1230.6909429298955,78.0,76.5120472440945
2232.7102926890143,1229.0474419934944,75.0,76.5120472440945
2238.921529953674,1227.7272027568017,78.0,76.5120472440945
2245.0551589506094,1226.0837018204006,75.0,76.5120472440945
2251.266396215269,1224.763462583708,78.0,76.5120472440945
2257.4000252122046,1223.1199616473068,75.0,76.5120472440945
2263.6112624768643,1221.799722410614,78.0,76.5120472440945
2269.7448914737997,1220.156221474213,75.0,76.5120472440945
2275.9561287384595,1218.8359822375203,78.0,76.5120472440945
2282.089757735395,1217.1924813011192,75.0,76.5120472440945
2288.3009950000546,1215.8722420644265,78.0,76.5120472440945
2294.43462399699,1214.2287411280254,75.0,76.5120472440945
2300.6458612616498,1212.9085018913327,78.0,76.5120472440945
2306.779490258585,1211.2650009549316,75.0,76.5120472440945
2312.990727523245,1209.9447617182389,78.0,76.5120472440945
2319.1243565201803,1208.3012607818378,75.0,76.5120472440945
2325.33559378484,1206.981021545145,78.0,76.5120472440945
2331.4692227817754,1205.337520608744,75.0,76.5120472440945
2337.680460046435,1204.0172813720512,78.0,76.5120472440945
2343.8140890433706,1202.3737804356501,75.0,76.5120472440945
2349.853297921845,1200.4115225213693,72.0,73.87370078740159
2355.781533630102,1198.1358860417567,69.0,71.23535433070867
2361.5825472861325,1195.5531083582255,66.0,68.59700787401576
2367.2404387147285,1192.6702686848794,63.0,65.95866141732284
2373.041452370759,1190.087491001348,66.0,63.32031496062993
2378.699343799355,1187.204651328002,63.0,60.681968503937014
2384.1986051133863,1184.029651328002,60.0,60.681968503937014
2389.8564965419823,1181.146811654656,63.0,60.681968503937014
2395.3557578560135,1177.971811654656,60.0,60.681968503937014
2401.0136492846095,1175.08897198131,63.0,60.681968503937014
2406.5129105986407,1171.91397198131,60.0,60.681968503937014
2412.1708020272367,1169.0311323079638,63.0,60.681968503937014
2417.670063341268,1165.856132307964,60.0,60.681968503937014
2423.327954769864,1162.9732926346178,63.0,60.681968503937014
2428.827216083895,1159.7982926346178,60.0,60.681968503937014
2434.1527741903487,1156.3398347622724,57.0,58.0436220472441
2439.2900321046295,1152.6073984102152,54.0,55.405275590551184
2444.2249089598813,1148.6112139270488,51.0,52.76692913385827
2448.9438786016626,1144.36223457667,48.0,50.128582677165355
2453.434006662197,1139.8721065161355,45.0,47.49023622047244
2457.682986012576,1135.153136874354,42.0,44.851889763779525
2462.1731140731104,1130.6630088138195,45.0,42.21354330708661
2466.422093423489,1125.944039172038,42.0,39.575196850393695
2470.4182779066555,1121.0091623167862,39.0,36.93685039370078
2474.1507142587125,1115.8719044025052,36.0,36.93685039370078
2478.146898741879,1110.9370275472534,39.0,36.93685039370078
2481.879335093936,1105.7997696329724,36.0,36.93685039370078
2485.8755195771023,1100.8648927777206,39.0,36.93685039370078
2489.6079559291593,1095.7276348634396,36.0,36.93685039370078
2493.6041404123257,1090.7927580081878,39.0,36.93685039370078
2497.3365767643827,1085.6555000939068,36.0,34.298503937007865
2500.795034636728,1080.3299419874534,33.0,31.66015748031495
2503.970034636728,1074.8306806734222,30.0,29.021811023622035
2506.852874310074,1069.1727892448262,27.0,26.38346456692912
2509.4356519936055,1063.3717755887956,24.0,23.745118110236206
2511.7112884732182,1057.4435398805383,21.0,21.10677165354329
2513.6735463874993,1051.404331002064,18.0,18.468425196850376
2515.3170473239,1045.2707020051284,15.0,15.830078740157463
2516.637286560593,1039.0594647404687,12.0,13.19173228346455
2517.6306454135984,1032.7876437776895,9.0,10.553385826771637
2518.294401155348,1026.472429742101,6.0,7.915039370078723
2518.626734477491,1020.1311321964095,3.0,5.27669291338581
2518.626734477491,1013.7811321964094,0.0,2.638346456692897
2518.294401155348,1007.4398346507179,-3.0,-1.5987211554602254e-14
2518.294401155348,1001.0898346507179,0.0,-2.638346456692929
2517.9620678332053,994.7485371050263,-3.0,-5.276692913385842
2517.2983120914555,988.4333230694378,-6.0,-7.915039370078755
2516.3049532384503,982.1615021066588,-9.0,-10.553385826771668
2514.9847140017573,975.9502648419991,-12.0,-13.191732283464582
2513.3412130653564,969.8166358450635,-15.0,-15.830078740157495
2511.3789551510754,963.7774269665892,-18.0,-18.468425196850408
2509.1033186714626,957.849191258332,-21.0,-21.10677165354332
2506.5205409879313,952.0481776023015,-24.0,-23.745118110236234
2503.6377013145852,946.3902861737054,-27.0,-26.38346456692915
2500.462701314585,940.8910248596742,-30.0,-29.021811023622064
2497.00424344224,935.5654667532208,-33.0,-31.66015748031498
2493.271807090183,930.4282088389399,-36.0,-34.298503937007894
2489.2756226070164,925.4933319836881,-39.0,-36.93685039370081
2485.0266432566377,920.7743623419067,-42.0,-39.57519685039372
2480.536515196103,916.284234281372,-45.0,-42.21354330708664
2476.2875358457245,911.5652646395906,-42.0,-44.85188976377955
2471.79740778519,907.075136579056,-45.0,-47.49023622047247
2467.0784381434087,902.8261572286773,-48.0,-50.12858267716538
2462.143561288157,898.8299727455109,-51.0,-52.7669291338583
2457.006303373876,895.0975363934537,-54.0,-55.40527559055121
2451.6807452674225,891.6390785211082,-57.0,-58.04362204724413
2446.1814839533913,888.4640785211083,-60.0,-60.68196850393704
2440.5235925247953,885.5812388477622,-63.0,-63.32031496062996
2434.7225788687647,882.9984611642309,-66.0,-65.95866141732287
2428.7943431605077,880.7228246846182,-69.0,-68.59700787401579
2422.993329504477,878.1400470010869,-66.0,-68.59700787401579
2417.06509379622,875.8644105214743,-69.0,-68.59700787401579
2411.2640801401894,873.281632837943,-66.0,-68.59700787401579
2405.3358444319324,871.0059963583303,-69.0,-68.59700787401579
2399.534830775902,868.423218674799,-66.0,-68.59700787401579
2393.606595067645,866.1475821951864,-69.0,-68.59700787401579
2387.805581411614,863.5648045116551,-66.0,-68.59700787401579
2381.877345703357,861.2891680320424,-69.0,-68.59700787401579
2376.0763320473266,858.7063903485111,-66.0,-68.59700787401579
2370.1480963390695,856.4307538688985,-69.0,-68.59700787401579
2364.347082683039,853.8479761853672,-66.0,-68.59700787401579
2358.418846974782,851.5723397057545,-69.0,-68.59700787401579
2352.6178333187513,848.9895620222233,-66.0,-68.59700787401579
2346.6895976104943,846.7139255426106,-69.0,-68.59700787401579
2340.8885839544637,844.1311478590793,-66.0,-68.59700787401579
2334.9603482462066,841.8555113794666,-69.0,-68.59700787401579
2329.159334590176,839.2727336959354,-66.0,-68.59700787401579
2323.231098881919,836.9970972163227,-69.0,-68.59700787401579
2317.4300852258884,834.4143195327914,-66.0,-68.59700787401579
2311.5018495176314,832.1386830531787,-69.0,-68.59700787401579
2305.700835861601,829.5559053696475,-66.0,-68.59700787401579
2299.772600153344,827.2802688900348,-69.0,-71.2353543307087
2293.7333912748695,825.3180109757539,-72.0,-73.87370078740162
2287.599762277934,823.6745100393529,-75.0,-76.51204724409453
2281.3885250132744,822.35427080266,-78.0,-79.15039370078745
2275.116704050495,821.3609119496546,-81.0,-81.78874015748036
2268.8014900149064,820.697156207905,-84.0,-84.42708661417328
2262.4601924692147,820.3648228857622,-87.0,-87.06543307086619
2256.110192469215,820.3648228857622,-90.0,-89.7037795275591
2249.768894923523,820.0324895636195,-87.0,-89.7037795275591
2243.418894923523,820.0324895636195,-90.0,-89.7037795275591
2237.0775973778314,819.7001562414767,-87.0,-89.7037795275591
2230.7275973778314,819.7001562414767,-90.0,-89.7037795275591
2224.3862998321397,819.367822919334,-87.0,-89.7037795275591
2218.03629983214,819.367822919334,-90.0,-89.7037795275591
2211.695002286448,819.0354895971913,-87.0,-89.7037795275591
2205.345002286448,819.0354895971913,-90.0,-89.7037795275591
2199.0037047407563,818.7031562750485,-87.0,-89.7037795275591
2192.6537047407564,818.7031562750485,-90.0,-89.7037795275591
2186.3124071950647,818.3708229529058,-87.0,-89.7037795275591
2179.9624071950648,818.3708229529058,-90.0,-89.7037795275591
2173.621109649373,818.038489630763,-87.0,-87.06543307086619
2167.3058956137843,817.3747338890134,-84.0,-84.42708661417328
2161.034074651005,816.381375036008,-81.0,-81.78874015748036
2154.8228373863453,815.0611357993151,-78.0,-79.15039370078745
2148.68920838941,813.4176348629142,-75.0,-76.51204724409453
2142.6499995109357,811.4553769486332,-72.0,-73.87370078740162
2136.5163705140003,809.8118760122322,-75.0,-73.87370078740162
2130.477161635526,807.8496180979513,-72.0,-73.87370078740162
2124.3435326385907,806.2061171615503,-75.0,-73.87370078740162
2118.3043237601164,804.2438592472694,-72.0,-73.87370078740162
2112.170694763181,802.6003583108684,-75.0,-73.87370078740162
2106.1314858847068,800.6381003965874,-72.0,-73.87370078740162
2099.9978568877714,798.9945994601865,-75.0,-73.87370078740162
2093.958648009297,797.0323415459055,-72.0,-73.87370078740162
2087.8250190123617,795.3888406095045,-75.0,-73.87370078740162
2081.7858101338875,793.4265826952236,-72.0,-73.87370078740162
2075.652181136952,791.7830817588226,-75.0,-73.87370078740162
2069.612972258478,789.8208238445417,-72.0,-73.87370078740162
2063.4793432615425,788.1773229081407,-75.0,-73.87370078740162
2057.440134383068,786.2150649938598,-72.0,-73.87370078740162
2051.306505386133,784.5715640574588,-75.0,-73.87370078740162
2045.2672965076586,782.6093061431778,-72.0,-73.87370078740162
2039.133667510723,780.9658052067768,-75.0,-73.87370078740162
2033.0944586322487,779.0035472924959,-72.0,-73.87370078740162
2026.960829635313,777.3600463560949,-75.0,-73.87370078740162
2020.9216207568388,775.397788441814,-72.0,-73.87370078740162
2014.7879917599032,773.754287505413,-75.0,-73.87370078740162
2008.748782881429,771.7920295911321,-72.0,-73.87370078740162
2002.6151538844933,770.1485286547311,-75.0,-73.87370078740162
1996.575945006019,768.1862707404501,-72.0,-73.87370078740162
1990.4423160090835,766.5427698040492,-75.0,-73.87370078740162
1984.4031071306092,764.5805118897682,-72.0,-73.87370078740162
1978.474871422352,762.3048754101555,-69.0,-71.2353543307087
1972.6738577663214,759.7220977266243,-66.0,-68.59700787401579
1967.0159663377253,756.8392580532782,-63.0,-65.95866141732287
1961.2149526816947,754.2564803697469,-66.0,-63.32031496062996
1955.5570612530987,751.3736406964008,-63.0,-60.68196850393704
1950.0577999390675,748.1986406964008,-60.0,-58.04362204724413
1944.7322418326141,744.7401828240554,-57.0,-55.40527559055121
1939.5949839183331,741.0077464719982,-54.0,-52.7669291338583
1934.6601070630813,737.0115619888318,-51.0,-50.12858267716538
1929.9411374212998,732.7625826384531,-48.0,-47.49023622047247
1925.4510093607653,728.2724545779184,-45.0,-44.85188976377955
1921.2020300103866,723.553484936137,-42.0,-42.21354330708664
1917.2058455272202,718.6186080808852,-39.0,-39.57519685039372
1913.473409175163,713.4813501666043,-36.0,-36.93685039370081
1910.0149513028175,708.1557920601509,-33.0,-34.298503937007894
1906.8399513028176,702.6565307461198,-30.0,-31.66015748031498
1903.9571116294715,696.9986393175236,-27.0,-29.021811023622064
1901.3743339459402,691.1976256614931,-24.0,-26.38346456692915
1899.0986974663276,685.2693899532359,-21.0,-23.745118110236234
1896.5159197827963,679.4683762972054,-24.0,-21.10677165354332
1894.2402833031838,673.5401405889481,-21.0,-18.468425196850404
1892.278025388903,667.5009317104739,-18.0,-15.830078740157491
1890.6345244525019,661.3673027135383,-15.0,-13.191732283464578
1889.360025787789,655.3712579210401,-12.0,-10.553385826771665
1888.4354980994012,649.5340198281228,-9.0,-8.003385826771666
1887.8407311434082,643.8751902434774,-6.0,-5.5417322834645795
1887.5544534627593,638.4126866883698,-3.0,-3.1684251968504062
1887.5544534627593,633.1626866883698,0.0,-0.8834645669291463
1887.8177033226614,628.1395801285544,3.0,1.3131496062992003
1888.3204852309789,623.355929811833,6.0,3.4214173228346336
1888.560707270134,618.7722202473095,3.0,5.441338582677154
1889.0634891784514,613.9885699305881,6.0,7.37291338582676
1889.8503545376038,609.0204975773946,9.0,9.39283464566928
1890.9418909143972,603.8852226735421,12.0,11.501102362204714
1892.357631091108,598.6016084037409,15.0,13.69771653543306
1894.1159377891015,593.1900968260214,18.0,15.98267716535432
1896.2338923709142,587.6726365054229,21.0,18.355984251968493
1898.1281665464326,581.8426600605336,18.0,20.81763779527558
1900.4038030260451,575.9144243522763,21.0,23.36763779527558
1902.9865807095764,570.1134106962459,24.0,26.005984251968492
1905.8694203829225,564.4555192676497,27.0,28.644330708661407
1909.0444203829225,558.9562579536185,30.0,31.282677165354322
1912.502878255268,553.6306998471651,33.0,33.92102362204724
1916.235314607325,548.4934419328843,36.0,36.55937007874015
1920.2314990904915,543.5585650776325,39.0,39.19771653543307
1924.4804784408702,538.839595435851,42.0,41.83606299212598
1928.9706065014047,534.3494673753164,45.0,44.474409448818896
1933.6895761431863,530.1004880249377,48.0,47.11275590551181
1938.624452998438,526.1043035417713,51.0,49.751102362204726
1943.761710912719,522.3718671897141,54.0,52.38944881889764
1949.0872690191725,518.9134093173686,57.0,55.027795275590556
1954.5865303332037,515.7384093173687,60.0,57.66614173228347
1960.2444217617997,512.8555696440226,63.0,60.304488188976386
1965.7436830758309,509.68056964402257,60.0,62.9428346456693
1971.401574504427,506.79772997067647,63.0,65.58118110236221
1977.2025881604575,504.21495228714514,66.0,68.21952755905512
1983.1308238687147,501.93931580753247,69.0,70.85787401574804
1989.170032747189,499.9770578932515,72.0,73.49622047244095
1995.3036617441246,498.33355695685054,75.0,76.13456692913387
2001.5148990087844,497.0133177201578,78.0,78.77291338582678
2007.7867199715636,496.0199588671523,81.0,81.4112598425197
2014.101934007152,495.3562031254027,84.0,81.4112598425197
2020.3737549699313,494.36284427239724,81.0,81.4112598425197
2026.6889690055198,493.69908853064766,84.0,81.4112598425197
2032.960789968299,492.7057296776422,81.0,81.4112598425197
2039.2760040038875,492.0419739358926,84.0,81.4112598425197
2045.5478249666667,491.0486150828871,81.0,81.4112598425197
2051.8630390022554,490.38485934113754,84.0,81.4112598425197
2058.1348599650346,489.39150048813207,81.0,81.4112598425197
2064.4500740006233,488.7277447463825,84.0,81.4112598425197
2070.7218949634025,487.734385893377,81.0,81.4112598425197
2077.0371089989912,487.0706301516274,84.0,81.4112598425197
2083.3089299617704,486.07727129862195,81.0,81.4112598425197
2089.624143997359,485.41351555687237,84.0,81.4112598425197
2095.8959649601384,484.4201567038669,81.0,81.4112598425197
2102.211178995727,483.7564009621173,84.0,81.4112598425197
2108.4829999585063,482.76304210911184,81.0,81.4112598425197
2114.798213994095,482.09928636736225,84.0,81.4112598425197
2121.070034956874,481.1059275143568,81.0,81.4112598425197
2127.385248992463,480.4421717726072,84.0,81.4112598425197
2133.657069955242,479.4488129196017,81.0,81.4112598425197
2139.972283990831,478.78505717785214,84.0,81.4112598425197
2146.24410495361,477.79169832484666,81.0,81.4112598425197
2152.559318989199,477.1279425830971,84.0,81.4112598425197
2158.831139951978,476.1345837300916,81.0,81.4112598425197
2165.1463539875667,475.470827988342,84.0,81.4112598425197
2171.418174950346,474.47746913533655,81.0,81.4112598425197
2177.7333889859347,473.81371339358697,84.0,81.4112598425197
2184.005209948714,472.8203545405815,81.0,81.4112598425197
2190.3204239843026,472.1565987988319,84.0,81.4112598425197
2196.6617215299943,471.8242654766892,87.0,84.04960629921261
2202.976935565583,471.16050973493964,84.0,86.68795275590553
2209.318233111275,470.82817641279695,87.0,89.32629921259844
2215.6682331112747,470.82817641279695,90.0,91.96464566929136
2222.0095306569665,471.16050973493964,93.0,94.60299212598427
2228.324744692555,471.8242654766892,96.0,94.60299212598427
2234.666042238247,472.1565987988319,93.0,94.60299212598427
2240.9812562738357,472.8203545405815,96.0,94.60299212598427
2247.3225538195275,473.1526878627242,93.0,94.60299212598427
2253.637767855116,473.81644360447376,96.0,94.60299212598427
2259.979065400808,474.14877692661645,93.0,94.60299212598427
2266.2942794363967,474.81253266836603,96.0,94.60299212598427
2272.6355769820884,475.1448659905087,93.0,94.60299212598427
2278.950791017677,475.8086217322583,96.0,94.60299212598427
2285.292088563369,476.140955054401,93.0,94.60299212598427
2291.6073025989576,476.8047107961506,96.0,94.60299212598427
2297.9486001446494,477.13704411829326,93.0,94.60299212598427
2304.263814180238,477.80079986004284,96.0,94.60299212598427
2310.60511172593,478.13313318218553,93.0,94.60299212598427
2316.9203257615186,478.7968889239351,96.0,94.60299212598427
2323.2616233072104,479.1292222460778,93.0,94.60299212598427
2329.576837342799,479.7929779878274,96.0,94.60299212598427
2335.918134888491,480.1253113099701,93.0,94.60299212598427
2342.2333489240796,480.78906705171966,96.0,94.60299212598427
2348.5746464697713,481.12140037386234,93.0,94.60299212598427
2354.88986050536,481.7851561156119,96.0,94.60299212598427
2361.231158051052,482.1174894377546,93.0,94.60299212598427
2367.5463720866405,482.7812451795042,96.0,94.60299212598427
2373.8181930494197,483.77460403250967,99.0,97.24133858267719
2380.0294303140795,485.09484326920244,102.0,99.8796850393701
2386.163059311015,486.7383442056034,105.0,102.51803149606302
2392.202268189489,488.70060211988437,108.0,105.15637795275593
2398.3358971864245,490.34410305628535,105.0,105.15637795275593
2404.375106064899,492.3063609705663,108.0,105.15637795275593
2410.508735061834,493.94986190696727,105.0,105.15637795275593
2416.5479439403084,495.9121198212482,108.0,105.15637795275593
2422.681572937244,497.5556207576492,105.0,105.15637795275593
2428.720781815718,499.51787867193013,108.0,105.15637795275593
2434.8544108126534,501.1613796083311,105.0,105.15637795275593
2440.8936196911277,503.12363752261206,108.0,105.15637795275593
2447.027248688063,504.76713845901304,105.0,105.15637795275593
2453.0664575665373,506.729396373294,108.0,105.15637795275593
2459.2000865634727,508.37289730969496,105.0,105.15637795275593
2465.239295441947,510.3351552239759,108.0,105.15637795275593
2471.3729244388824,511.9786561603769,105.0,105.15637795275593
2477.4121333173566,513.9409140746578,108.0,105.15637795275593
2483.545762314292,515.5844150110588,105.0,105.15637795275593
2489.5849711927663,517.5466729253397,108.0,105.15637795275593
2495.7186001897016,519.1901738617407,105.0,105.15637795275593
2501.757809068176,521.1524317760217,108.0,105.15637795275593
2507.8914380651113,522.7959327124227,105.0,107.79472440944885
2513.9306469435855,524.7581906267036,108.0,110.43307086614176
2519.8588826518426,527.0338271063163,111.0,113.07141732283468
2525.659896307873,529.6166047898475,114.0,115.70976377952759
2531.317787736469,532.4994444631936,117.0,118.3481102362205
2536.8170490505004,535.6744444631936,120.0,118.3481102362205
2542.4749404790964,538.5572841365397,117.0,118.3481102362205
2547.9742017931276,541.7322841365396,120.0,118.3481102362205
2553.6320932217236,544.6151238098857,117.0,118.3481102362205
2559.131354535755,547.7901238098857,120.0,118.3481102362205
2564.789245964351,550.6729634832318,117.0,118.3481102362205
2570.288507278382,553.8479634832318,120.0,118.3481102362205
2575.946398706978,556.7308031565778,117.0,118.3481102362205
2581.445660021009,559.9058031565778,120.0,118.3481102362205
2587.103551449605,562.7886428299239,117.0,118.3481102362205
2592.6028127636364,565.9636428299239,120.0,118.3481102362205
2598.2607041922324,568.84648250327,117.0,118.3481102362205
2603.7599655062636,572.0214825032699,120.0,118.3481102362205
2609.4178569348596,574.904322176616,117.0,118.3481102362205
2614.917118248891,578.079322176616,120.0,118.3481102362205
2620.575009677487,580.9621618499621,117.0,118.3481102362205
2626.074270991518,584.137161849962,120.0,120.98645669291342
2631.3998290979716,587.5956197223074,123.0,123.62480314960634
2636.5370870122524,591.3280560743647,126.0,126.26314960629925
2641.471963867504,595.3242405575311,129.0,128.90149606299215
2646.1909335092855,599.5732199079098,132.0,131.53984251968507
2651.1258103645373,603.5694043910762,129.0,131.53984251968507
2655.8447800063186,607.8183837414549,132.0,131.53984251968507
2660.7796568615704,611.8145682246213,129.0,131.53984251968507
2665.4986265033517,616.063547575,132.0,131.53984251968507
2670.4335033586035,620.0597320581664,129.0,131.53984251968507
2675.152473000385,624.3087114085452,132.0,131.53984251968507
2680.0873498556366,628.3048958917116,129.0,131.53984251968507
2684.806319497418,632.5538752420903,132.0,131.53984251968507
2689.7411963526697,636.5500597252567,129.0,131.53984251968507
2694.460165994451,640.7990390756354,132.0,131.53984251968507
2699.395042849703,644.7952235588018,129.0,131.53984251968507
2704.114012491484,649.0442029091805,132.0,131.53984251968507
2709.048889346736,653.0403873923469,129.0,131.53984251968507
2713.767858988517,657.2893667427256,132.0,131.53984251968507
2718.702735843769,661.285551225892,129.0,131.53984251968507
2723.4217054855503,665.5345305762708,132.0,131.53984251968507
2728.356582340802,669.5307150594372,129.0,131.53984251968507
2733.0755519825834,673.7796944098159,132.0,134.17818897637798
2737.565680043118,678.2698224703505,135.0,136.8165354330709
2741.8146593934966,682.9887921121319,138.0,139.4548818897638
2745.810843876663,687.9236689673837,141.0,142.09322834645673
2749.54328022872,693.0609268816646,144.0,142.09322834645673
2753.5394647118865,697.9958037369164,141.0,142.09322834645673
2757.2719010639435,703.1330616511973,144.0,142.09322834645673
2761.26808554711,708.0679385064491,141.0,142.09322834645673
2765.000521899167,713.20519642073,144.0,142.09322834645673
2768.9967063823333,718.1400732759818,141.0,142.09322834645673
2772.7291427343903,723.2773311902627,144.0,142.09322834645673
2776.7253272175567,728.2122080455144,141.0,142.09322834645673
2780.4577635696137,733.3494659597953,144.0,142.09322834645673
2784.45394805278,738.2843428150471,141.0,142.09322834645673
2788.186384404837,743.421600729328,144.0,142.09322834645673
2792.1825688880035,748.3564775845798,141.0,142.09322834645673
2795.9150052400605,753.4937354988607,144.0,142.09322834645673
2799.911189723227,758.4286123541125,141.0,142.09322834645673
2803.643626075284,763.5658702683934,144.0,142.09322834645673
2807.6398105584503,768.5007471236452,141.0,142.09322834645673
2811.3722469105073,773.6380050379261,144.0,142.09322834645673
2815.3684313936737,778.5728818931779,141.0,142.09322834645673
2819.1008677457307,783.7101398074587,144.0,142.09322834645673
2823.097052228897,788.6450166627105,141.0,142.09322834645673
2826.829488580954,793.7822745769914,144.0,142.09322834645673
2830.8256730641206,798.7171514322432,141.0,142.09322834645673
2834.5581094161776,803.8544093465241,144.0,142.09322834645673
2838.554293899344,808.7892862017759,141.0,142.09322834645673
2842.286730251401,813.9265441160568,144.0,142.09322834645673
2846.2829147345674,818.8614209713086,141.0,142.09322834645673
2850.0153510866244,823.9986788855895,144.0,142.09322834645673
2854.011535569791,828.9335557408413,141.0,142.09322834645673
2857.743971921848,834.0708136551222,144.0,142.09322834645673
2861.740156405014,839.0056905103739,141.0,142.09322834645673
2865.472592757071,844.1429484246548,144.0,142.09322834645673
2869.4687772402376,849.0778252799066,141.0,142.09322834645673
2873.2012135922946,854.2150831941875,144.0,142.09322834645673
2877.197398075461,859.1499600494393,141.0,142.09322834645673
2880.929834427518,864.2872179637202,144.0,142.09322834645673
2884.9260189106844,869.222094818972,141.0,142.09322834645673
2888.6584552627414,874.3593527332529,144.0,142.09322834645673
2892.654639745908,879.2942295885047,141.0,142.09322834645673
2896.387076097965,884.4314875027856,144.0,142.09322834645673
2900.3832605811313,889.3663643580373,141.0,142.09322834645673
2904.1156969331882,894.5036222723182,144.0,142.09322834645673
2908.1118814163547,899.43849912757,141.0,142.09322834645673
2911.8443177684117,904.5757570418509,144.0,142.09322834645673
2915.840502251578,909.5106338971027,141.0,142.09322834645673
2919.572938603635,914.6478918113836,144.0,142.09322834645673
2923.5691230868015,919.5827686666354,141.0,142.09322834645673
2927.3015594388585,924.7200265809163,144.0,142.09322834645673
2931.297743922025,929.6549034361681,141.0,142.09322834645673
2935.030180274082,934.792161350449,144.0,142.09322834645673
2939.0263647572483,939.7270382057008,141.0,142.09322834645673
2942.7588011093053,944.8642961199816,144.0,142.09322834645673
2946.7549855924717,949.7991729752334,141.0,142.09322834645673
2950.4874219445287,954.9364308895143,144.0,142.09322834645673
2954.483606427695,959.8713077447661,141.0,142.09322834645673
2958.216042779752,965.008565659047,144.0,142.09322834645673
2962.2122272629185,969.9434425142988,141.0,142.09322834645673
2965.9446636149755,975.0807004285797,144.0,142.09322834645673
2969.940848098142,980.0155772838315,141.0,142.09322834645673
2973.673284450199,985.1528351981124,144.0,142.09322834645673
2977.6694689333654,990.0877120533642,141.0,142.09322834645673
2981.4019052854223,995.224969967645,144.0,142.09322834645673
2985.3980897685888,1000.1598468228968,141.0,142.09322834645673
2989.1305261206458,1005.2971047371777,144.0,142.09322834645673
2993.126710603812,1010.2319815924295,141.0,142.09322834645673
2996.859146955869,1015.3692395067104,144.0,142.09322834645673
3000.8553314390356,1020.3041163619622,141.0,142.09322834645673
3004.5877677910926,1025.441374276243,144.0,142.09322834645673
3008.583952274259,1030.3762511314949,141.0,142.09322834645673
3012.316388626316,1035.513509045776,144.0,142.09322834645673
3016.3125731094824,1040.4483859010277,141.0,142.09322834645673
3020.0450094615394,1045.5856438153087,144.0,142.09322834645673
3024.041193944706,1050.5205206705605,141.0,142.09322834645673
3027.773630296763,1055.6577785848415,144.0,142.09322834645673
3031.769814779929,1060.5926554400933,141.0,142.09322834645673
3035.502251131986,1065.7299133543743,144.0,142.09322834645673
3039.4984356151526,1070.664790209626,141.0,142.09322834645673
3043.2308719672096,1075.802048123907,144.0,142.09322834645673
3047.227056450376,1080.7369249791589,141.0,142.09322834645673
3050.959492802433,1085.8741828934399,144.0,142.09322834645673
3054.9556772855994,1090.8090597486917,141.0,142.09322834645673
3058.6881136376564,1095.9463176629727,144.0,142.09322834645673
3062.684298120823,1100.8811945182244,141.0,142.09322834645673
3066.41673447288,1106.0184524325055,144.0,142.09322834645673
3070.4129189560463,1110.9533292877572,141.0,142.09322834645673
3074.1453553081033,1116.0905872020383,144.0,142.09322834645673
3078.1415397912697,1121.02546405729,141.0,142.09322834645673
3081.8739761433267,1126.162721971571,144.0,142.09322834645673
3085.870160626493,1131.0975988268228,141.0,142.09322834645673
3089.60259697855,1136.2348567411038,144.0,142.09322834645673
3093.5987814617165,1141.1697335963556,141.0,142.09322834645673
3097.847760812095,1145.8887032381372,138.0,139.4548818897638
3102.3378888726297,1150.3788312986717,135.0,136.8165354330709
3107.056858514411,1154.6278106490504,132.0,134.17818897637798
3111.991735369663,1158.6239951322168,129.0,131.53984251968507
3117.1289932839436,1162.356431484274,126.0,128.90149606299215
3122.0638701391954,1166.3526159674404,129.0,126.26314960629924
3127.201128053476,1170.0850523194977,126.0,126.26314960629924
3132.136004908728,1174.081236802664,129.0,126.26314960629924
3137.2732628230087,1177.8136731547213,126.0,126.26314960629924
3142.2081396782605,1181.8098576378877,129.0,126.26314960629924
3147.3453975925413,1185.542293989945,126.0,126.26314960629924
3152.280274447793,1189.5384784731114,129.0,126.26314960629924
3157.417532362074,1193.2709148251686,126.0,126.26314960629924
3162.3524092173257,1197.267099308335,129.0,126.26314960629924
3167.4896671316064,1200.9995356603922,126.0,126.26314960629924
3172.424543986858,1204.9957201435586,129.0,126.26314960629924
3177.561801901139,1208.7281564956158,126.0,126.26314960629924
3182.496678756391,1212.7243409787823,129.0,126.26314960629924
3187.6339366706716,1216.4567773308395,126.0,126.26314960629924
3192.5688135259234,1220.452961814006,129.0,126.26314960629924
3197.706071440204,1224.1853981660631,126.0,126.26314960629924
3202.640948295456,1228.1815826492295,129.0,126.26314960629924
3207.7782062097367,1231.9140190012868,126.0,126.26314960629924
3212.7130830649885,1235.9102034844532,129.0,126.26314960629924
3217.8503409792693,1239.6426398365104,126.0,126.26314960629924
3222.785217834521,1243.6388243196768,129.0,126.26314960629924
3227.922475748802,1247.371260671734,126.0,126.26314960629924
3232.8573526040536,1251.3674451549005,129.0,126.26314960629924
3237.9946105183344,1255.0998815069577,126.0,126.26314960629924
3242.929487373586,1259.096065990124,129.0,126.26314960629924
3248.066745287867,1262.8285023421813,126.0,126.26314960629924
3253.0016221431188,1266.8246868253477,129.0,126.26314960629924
3258.1388800573995,1270.557123177405,126.0,126.26314960629924
3263.0737569126513,1274.5533076605714,129.0,126.26314960629924
3268.211014826932,1278.2857440126286,126.0,126.26314960629924
3273.145891682184,1282.281928495795,129.0,126.26314960629924
3278.2831495964647,1286.0143648478522,126.0,126.26314960629924
3283.2180264517165,1290.0105493310186,129.0,126.26314960629924
3288.3552843659972,1293.7429856830759,126.0,126.26314960629924
3293.290161221249,1297.7391701662423,129.0,126.26314960629924
3298.42741913553,1301.4716065182995,126.0,126.26314960629924
3303.3622959907816,1305.467791001466,129.0,126.26314960629924
3308.4995539050624,1309.2002273535231,126.0,126.26314960629924
3313.434430760314,1313.1964118366895,129.0,126.26314960629924
3318.571688674595,1316.9288481887468,126.0,126.26314960629924
3323.5065655298467,1320.9250326719132,129.0,126.26314960629924
3328.6438234441275,1324.6574690239704,126.0,126.26314960629924
3333.5787002993793,1328.6536535071368,129.0,126.26314960629924
3338.71595821366,1332.386089859194,126.0,126.26314960629924
3343.650835068912,1336.3822743423605,129.0,126.26314960629924
3348.7880929831927,1340.1147106944177,126.0,126.26314960629924
3353.7229698384444,1344.110895177584,129.0,126.26314960629924
3358.860227752725,1347.8433315296413,126.0,126.26314960629924
3363.795104607977,1351.8395160128077,129.0,126.26314960629924
3368.932362522258,1355.571952364865,126.0,123.62480314960632
3374.2579206287114,1359.0304102372104,123.0,120.9864566929134
3379.7571819427426,1362.2054102372103,120.0,118.34811023622049
3385.4150733713386,1365.0882499105564,117.0,115.70976377952758
3391.216087027369,1367.6710275940877,114.0,113.07141732283466
3397.1443227356262,1369.9466640737003,111.0,110.43307086614175
3403.1835316141005,1371.908921987981,108.0,107.79472440944883
3409.317160611036,1373.5524229243822,105.0,105.15637795275592
3415.5283978756956,1374.872662161075,102.0,102.518031496063
3421.800218838475,1375.8660210140804,99.0,99.87968503937009
3428.1154328740636,1376.52977675583,96.0,97.24133858267717
3434.4567304197553,1376.8621100779726,93.0,94.60299212598426
3440.8067304197552,1376.8621100779726,90.0,91.96464566929134
3447.148027965447,1376.52977675583,87.0,89.32629921259843
3453.4632420010357,1375.8660210140804,84.0,86.68795275590551
3459.8045395467275,1375.5336876919378,87.0,84.0496062992126
3466.119753582316,1374.8699319501882,84.0,81.41125984251968
3472.3915745450954,1373.8765730971827,81.0,78.77291338582677
3478.602811809755,1372.55633386049,78.0,76.13456692913385
3484.7364408066906,1370.912832924089,75.0,73.49622047244094
3490.775649685165,1368.950575009808,72.0,70.85787401574802
3496.703885393422,1366.6749385301955,69.0,68.21952755905511
3502.5048990494524,1364.0921608466642,66.0,65.5811811023622
3508.1627904780485,1361.2093211733181,63.0,62.94283464566928
3513.6620517920796,1358.0343211733182,60.0,60.304488188976364
3518.9876098985333,1354.5758633009727,57.0,57.66614173228345
3524.124867812814,1350.8434269489155,54.0,55.027795275590535
3529.059744668066,1346.847242465749,51.0,52.38944881889762
3533.778714309847,1342.5982631153704,48.0,49.751102362204705
3538.2688423703817,1338.1081350548359,45.0,47.11275590551179
3542.5178217207604,1333.3891654130543,42.0,44.474409448818875
3546.514006203927,1328.4542885578026,39.0,41.83606299212596
3550.7629855543055,1323.735318916021,42.0,39.197716535433045
3554.759170037472,1318.8004420607692,39.0,36.55937007874013
3558.491606389529,1313.6631841464882,36.0,33.921023622047215
3561.950064261874,1308.3376260400348,33.0,31.2826771653543
3565.1250642618743,1302.8383647260036,30.0,28.644330708661386
3568.0079039352204,1297.1804732974076,27.0,26.00598425196847
3570.5906816187517,1291.379459641377,24.0,23.367637795275556
3572.8663180983644,1285.4512239331198,21.0,20.72929133858264
3574.8285760126455,1279.4120150546455,18.0,18.090944881889726
3576.4720769490464,1273.27838605771,15.0,15.452598425196813
3577.7923161857393,1267.0671487930501,12.0,12.8142519685039
3578.7856750387446,1260.795327830271,9.0,10.175905511810987
3579.4494307804944,1254.4801137946824,6.0,7.537559055118074
3579.781764102637,1248.138816248991,3.0,4.89921259842516
3579.781764102637,1241.788816248991,0.0,2.2608661417322473
3579.4494307804944,1235.4475187032995,-3.0,-0.3774803149606658
3578.7856750387446,1229.132304667711,-6.0,-3.015826771653579
3578.4533417166017,1222.7910071220194,-3.0,-5.654173228346492
3577.789585974852,1216.475793086431,-6.0,-8.292519685039405
3576.7962271218466,1210.2039721236517,-9.0,-8.292519685039405
3576.132471380097,1203.8887580880632,-6.0,-8.292519685039405
3575.1391125270916,1197.616937125284,-9.0,-10.930866141732318
3573.8188732903986,1191.4056998606243,-12.0,-13.569212598425231
3572.175372353998,1185.2720708636887,-15.0,-16.207559055118146
3570.2131144397167,1179.2328619852144,-18.0,-18.84590551181106
3567.937477960104,1173.3046262769572,-21.0,-21.484251968503976
3565.3547002765727,1167.5036126209266,-24.0,-24.12259842519689
3562.4718606032266,1161.8457211923305,-27.0,-26.760944881889806
3559.8890829196953,1156.0447075363,-24.0,-26.760944881889806
3557.006243246349,1150.386816107704,-27.0,-26.760944881889806
3554.423465562818,1144.5858024516733,-24.0,-26.760944881889806
3551.540625889472,1138.9279110230773,-27.0,-26.760944881889806
3548.9578482059405,1133.1268973670467,-24.0,-26.760944881889806
3546.0750085325944,1127.4690059384507,-27.0,-26.760944881889806
3543.492230849063,1121.66799228242,-24.0,-26.760944881889806
3540.609391175717,1116.010100853824,-27.0,-26.760944881889806
3538.026613492186,1110.2090871977935,-24.0,-26.760944881889806
3535.1437738188397,1104.5511957691974,-27.0,-26.760944881889806
3532.5609961353084,1098.7501821131668,-24.0,-26.760944881889806
3529.6781564619623,1093.0922906845708,-27.0,-26.760944881889806
3527.095378778431,1087.2912770285402,-24.0,-26.760944881889806
3524.212539105085,1081.6333855999442,-27.0,-26.760944881889806
3521.6297614215537,1075.8323719439136,-24.0,-26.760944881889806
3518.7469217482076,1070.1744805153176,-27.0,-26.760944881889806
3516.1641440646763,1064.373466859287,-24.0,-26.760944881889806
3513.28130439133,1058.715575430691,-27.0,-26.760944881889806
3510.698526707799,1052.9145617746603,-24.0,-26.760944881889806
3507.815687034453,1047.2566703460643,-27.0,-26.760944881889806
3505.2329093509215,1041.4556566900337,-24.0,-26.760944881889806
3502.3500696775754,1035.7977652614377,-27.0,-26.760944881889806
3499.767291994044,1029.996751605407,-24.0,-26.760944881889806
3496.884452320698,1024.338860176811,-27.0,-26.760944881889806
3494.301674637167,1018.5378465207806,-24.0,-26.760944881889806
3491.4188349638207,1012.8799550921844,-27.0,-26.760944881889806
3488.8360572802894,1007.078941436154,-24.0,-26.760944881889806
3485.9532176069433,1001.4210500075578,-27.0,-26.760944881889806
3483.370439923412,995.6200363515273,-24.0,-26.760944881889806
3480.487600250066,989.9621449229312,-27.0,-26.760944881889806
3477.9048225665347,984.1611312669007,-24.0,-26.760944881889806
3475.0219828931886,978.5032398383046,-27.0,-26.760944881889806
3472.4392052096573,972.7022261822741,-24.0,-26.760944881889806
3469.556365536311,967.044334753678,-27.0,-26.760944881889806
3466.97358785278,961.2433210976475,-24.0,-26.760944881889806
3464.090748179434,955.5854296690513,-27.0,-26.760944881889806
3461.5079704959026,949.7844160130209,-24.0,-26.760944881889806
3458.6251308225565,944.1265245844247,-27.0,-26.760944881889806
3455.4501308225563,938.6272632703935,-30.0,-29.39929133858272
3451.991672950211,933.3017051639401,-33.0,-32.037637795275636
3448.259236598154,928.1644472496592,-36.0,-34.67598425196855
3444.2630521149877,923.2295703944075,-39.0,-37.314330708661466
3440.014072764609,918.510600752626,-42.0,-39.95267716535438
3435.5239447040744,914.0204726920914,-45.0,-42.591023622047295
3431.2749653536957,909.30150305031,-42.0,-42.591023622047295
3426.784837293161,904.8113749897753,-45.0,-42.591023622047295
3422.5358579427825,900.0924053479939,-42.0,-42.591023622047295
3418.045729882248,895.6022772874593,-45.0,-42.591023622047295
3413.7967505318693,890.8833076456779,-42.0,-42.591023622047295
3409.306622471335,886.3931795851432,-45.0,-42.591023622047295
3405.057643120956,881.6742099433618,-42.0,-42.591023622047295
3400.5675150604216,877.1840818828272,-45.0,-42.591023622047295
3396.318535710043,872.4651122410457,-42.0,-42.591023622047295
3391.8284076495083,867.9749841805111,-45.0,-42.591023622047295
3387.5794282991296,863.2560145387297,-42.0,-42.591023622047295
3383.089300238595,858.7658864781951,-45.0,-42.591023622047295
3378.8403208882164,854.0469168364136,-42.0,-42.591023622047295
3374.350192827682,849.556788775879,-45.0,-42.591023622047295
3370.101213477303,844.8378191340976,-42.0,-42.591023622047295
3365.6110854167687,840.3476910735629,-45.0,-42.591023622047295
3361.36210606639,835.6287214317815,-42.0,-42.591023622047295
3356.8719780058555,831.1385933712469,-45.0,-42.591023622047295
3352.6229986554767,826.4196237294655,-42.0,-42.591023622047295
3348.1328705949422,821.9294956689308,-45.0,-42.591023622047295
3343.8838912445635,817.2105260271494,-42.0,-42.591023622047295
3339.393763184029,812.7203979666148,-45.0,-42.591023622047295
3335.1447838336503,808.0014283248333,-42.0,-39.95267716535438
3331.148599350484,803.0665514695816,-39.0,-37.314330708661466
3327.416162998427,797.9292935553007,-36.0,-34.67598425196855
3323.9577051260817,792.6037354488473,-33.0,-32.037637795275636
3320.7827051260815,787.1044741348161,-30.0,-29.39929133858272
3317.8998654527354,781.4465827062199,-27.0,-26.760944881889806
3315.317087769204,775.6455690501895,-24.0,-24.12259842519689
3313.0414512895914,769.7173333419322,-21.0,-21.484251968503976
3311.0791933753103,763.678124463458,-18.0,-18.84590551181106
3309.4356924389094,757.5444954665223,-15.0,-16.207559055118146
3308.1154532022165,751.3332582018627,-12.0,-13.569212598425233
3307.1220943492112,745.0614372390836,-9.0,-10.93086614173232
3306.4583386074614,738.7462232034951,-6.0,-8.292519685039407
3306.1260052853186,732.4049256578036,-3.0,-5.654173228346494
3305.4622495435688,726.0897116222151,-6.0,-3.0158267716535807
3305.129916221426,719.7484140765235,-3.0,-0.3774803149606676
3305.129916221426,713.3984140765235,0.0,2.2608661417322455
3305.4622495435688,707.057116530832,3.0,4.899212598425159
3306.1260052853186,700.7419024952435,6.0,7.537559055118072
3307.119364138324,694.4700815324644,9.0,10.175905511810985
3308.4396033750168,688.2588442678048,12.0,12.814251968503898
3310.0831043114176,682.1252152708691,15.0,15.452598425196811
3312.0453622256987,676.0860063923949,18.0,18.090944881889726
3314.3209987053115,670.1577706841376,21.0,20.72929133858264
3316.9037763888427,664.3567570281072,24.0,23.367637795275556
3319.786616062189,658.698865599511,27.0,26.00598425196847
3322.961616062189,653.1996042854798,30.0,28.644330708661386
3326.4200739345342,647.8740461790264,33.0,31.2826771653543
3330.152510286591,642.7367882647455,36.0,33.921023622047215
3334.1486947697576,637.8019114094938,39.0,36.55937007874013
3338.3976741201363,633.0829417677123,42.0,39.197716535433045
3342.3938586033028,628.1480649124605,39.0,41.83606299212596
3346.6428379536815,623.4290952706791,42.0,44.474409448818875
3351.132966014216,618.9389672101445,45.0,47.11275590551179
3355.8519356559973,614.6899878597658,48.0,49.751102362204705
3360.786812511249,610.6938033765994,51.0,52.38944881889762
3365.92407042553,606.9613670245421,54.0,55.027795275590535
3371.2496285319835,603.5029091521967,57.0,57.66614173228345
3376.7488898460147,600.3279091521968,60.0,60.304488188976364
3382.4067812746107,597.4450694788507,63.0,62.94283464566928
3388.2077949306413,594.8622917953194,66.0,65.5811811023622
3394.1360306388983,592.5866553157067,69.0,68.21952755905511
3399.937044294929,590.0038776321754,66.0,68.21952755905511
3405.865280003186,587.7282411525628,69.0,68.21952755905511
3411.6662936592165,585.1454634690315,66.0,68.21952755905511
3417.5945293674736,582.8698269894188,69.0,68.21952755905511
3423.395543023504,580.2870493058875,66.0,68.21952755905511
3429.323778731761,578.0114128262749,69.0,68.21952755905511
3435.124792387792,575.4286351427436,66.0,68.21952755905511
3441.053028096049,573.1529986631309,69.0,68.21952755905511
3446.8540417520794,570.5702209795996,66.0,68.21952755905511
3452.7822774603364,568.294584499987,69.0,68.21952755905511
3458.583291116367,565.7118068164557,66.0,68.21952755905511
3464.511526824624,563.436170336843,69.0,68.21952755905511
3470.3125404806547,560.8533926533117,66.0,68.21952755905511
3476.2407761889117,558.5777561736991,69.0,70.85787401574802
3482.279985067386,556.6154982594181,72.0,73.49622047244094
3488.4136140643213,554.9719973230171,75.0,76.13456692913385
3494.624851328981,553.6517580863243,78.0,76.13456692913385
3500.7584803259165,552.0082571499233,75.0,76.13456692913385
3506.9697175905762,550.6880179132305,78.0,76.13456692913385
3513.1033465875116,549.0445169768295,75.0,76.13456692913385
3519.3145838521714,547.7242777401367,78.0,76.13456692913385
3525.4482128491068,546.0807768037357,75.0,76.13456692913385
3531.6594501137665,544.7605375670429,78.0,76.13456692913385
3537.793079110702,543.1170366306419,75.0,76.13456692913385
3544.0043163753617,541.7967973939491,78.0,76.13456692913385
3550.137945372297,540.1532964575481,75.0,76.13456692913385
3556.349182636957,538.8330572208553,78.0,76.13456692913385
3562.482811633892,537.1895562844543,75.0,76.13456692913385
3568.694048898552,535.8693170477615,78.0,76.13456692913385
3574.8276778954873,534.2258161113605,75.0,76.13456692913385
3581.038915160147,532.9055768746676,78.0,76.13456692913385
3587.1725441570825,531.2620759382667,75.0,76.13456692913385
3593.3837814217422,529.9418367015738,78.0,76.13456692913385
3599.5174104186776,528.2983357651729,75.0,76.13456692913385
3605.7286476833374,526.97809652848,78.0,76.13456692913385
3611.8622766802728,525.334595592079,75.0,76.13456692913385
3618.0735139449325,524.0143563553862,78.0,76.13456692913385
3624.207142941868,522.3708554189852,75.0,76.13456692913385
3630.4183802065277,521.0506161822924,78.0,76.13456692913385
3636.552009203463,519.4071152458914,75.0,76.13456692913385
3642.763246468123,518.0868760091986,78.0,76.13456692913385
3649.035067430902,517.0935171561931,81.0,78.77291338582677
3655.3502814664907,516.4297614144435,84.0,81.41125984251968
3661.6915790121825,516.0974280923008,87.0,84.0496062992126
3668.006793047771,515.4336723505512,84.0,86.68795275590551
3674.348090593463,515.1013390284085,87.0,89.32629921259843
3680.698090593463,515.1013390284085,90.0,91.96464566929134
3687.0393881391547,515.4336723505512,93.0,94.60299212598426
3693.3546021747434,516.0974280923008,96.0,97.24133858267717
3699.6264231375226,517.0907869453063,99.0,97.24133858267717
3705.9416371731113,517.7545426870558,96.0,97.24133858267717
3712.2134581358905,518.7479015400613,99.0,97.24133858267717
3718.5286721714792,519.4116572818109,96.0,97.24133858267717
3724.8004931342584,520.4050161348164,99.0,97.24133858267717
3731.115707169847,521.068771876566,96.0,97.24133858267717
3737.3875281326264,522.0621307295714,99.0,97.24133858267717
3743.702742168215,522.725886471321,96.0,97.24133858267717
3749.9745631309943,523.7192453243265,99.0,97.24133858267717
3756.289777166583,524.3830010660761,96.0,97.24133858267717
3762.561598129362,525.3763599190816,99.0,97.24133858267717
3768.876812164951,526.0401156608311,96.0,97.24133858267717
3775.14863312773,527.0334745138366,99.0,97.24133858267717
3781.463847163319,527.6972302555862,96.0,97.24133858267717
3787.735668126098,528.6905891085917,99.0,97.24133858267717
3794.050882161687,529.3543448503412,96.0,97.24133858267717
3800.322703124466,530.3477037033467,99.0,97.24133858267717
3806.6379171600547,531.0114594450963,96.0,97.24133858267717
3812.909738122834,532.0048182981018,99.0,97.24133858267717
3819.2249521584226,532.6685740398514,96.0,97.24133858267717
3825.496773121202,533.6619328928568,99.0,97.24133858267717
3831.7080103858616,534.9821721295497,102.0,99.87968503937009
3837.841639382797,536.6256730659507,105.0,102.518031496063
3843.8808482612712,538.5879309802316,108.0,105.15637795275592
3850.0144772582066,540.2314319166326,105.0,107.79472440944883
3856.053686136681,542.1936898309135,108.0,110.43307086614175
3861.981921844938,544.4693263105262,111.0,110.43307086614175
3868.021130723412,546.4315842248071,108.0,110.43307086614175
3873.949366431669,548.7072207044198,111.0,110.43307086614175
3879.9885753101435,550.6694786187007,108.0,110.43307086614175
3885.9168110184005,552.9451150983134,111.0,110.43307086614175
3891.9560198968747,554.9073730125943,108.0,110.43307086614175
3897.884255605132,557.183009492207,111.0,110.43307086614175
3903.923464483606,559.145267406488,108.0,110.43307086614175
3909.851700191863,561.4209038861006,111.0,110.43307086614175
3915.8909090703373,563.3831618003816,108.0,110.43307086614175
3921.8191447785944,565.6587982799942,111.0,110.43307086614175
3927.8583536570686,567.6210561942752,108.0,110.43307086614175
3933.7865893653257,569.8966926738879,111.0,110.43307086614175
3939.8257982438,571.8589505881688,108.0,110.43307086614175
3945.754033952057,574.1345870677815,111.0,110.43307086614175
3951.5550476080875,576.7173647513127,114.0,113.07141732283466
3957.2129390366836,579.6002044246588,117.0,115.70976377952758
3962.7122003507147,582.7752044246588,120.0,118.34811023622049
3968.0377584571684,586.2336622970042,123.0,120.9864566929134
3973.175016371449,589.9660986490615,126.0,123.62480314960632
3978.109893226701,593.9622831322279,129.0,126.26314960629924
3983.2471511409817,597.6947194842851,126.0,128.90149606299215
3988.1820279962335,601.6909039674515,129.0,131.53984251968507
3992.900997638015,605.9398833178302,132.0,134.17818897637798
3997.3911256985493,610.4300113783648,135.0,136.8165354330709
4001.640105048928,615.1489810201463,138.0,139.4548818897638
4005.6362895320945,620.083857875398,141.0,142.09322834645673
4009.3687258841514,625.221115789679,144.0,144.73157480314964
4012.8271837564967,630.5466738961323,147.0,147.36992125984256
4016.002183756497,636.0459352101635,150.0,150.00826771653547
4018.885023429843,641.7038266387597,153.0,152.6466141732284
4021.467801113374,647.5048402947901,156.0,155.2849606299213
4023.743437592987,653.4330760030474,159.0,157.92330708661422
4025.705695507268,659.4722848815217,162.0,160.56165354330713
4027.349196443669,665.6059138784573,165.0,163.20000000000005
4028.669435680362,671.8171511431169,168.0,165.83834645669296
4029.662794533367,678.088972105896,171.0,168.47669291338588
4030.326550275117,684.4041861414845,174.0,171.1150393700788
4031.319909128122,690.6760071042636,171.0,173.7533858267717
4031.983664869872,696.9912211398521,174.0,176.39173228346462
4032.315998192015,703.3325186855436,177.0,179.03007874015753
4032.315998192015,709.6825186855436,180.0,181.66842519685045
4031.983664869872,716.0238162312352,183.0,184.30677165354336
4031.319909128122,722.3390302668237,186.0,186.94511811023628
4030.326550275117,728.6108512296028,189.0,189.5834645669292
4029.006311038424,734.8220884942624,192.0,192.2218110236221
4027.362810102023,740.955717491198,195.0,194.86015748031502
4025.400552187742,746.9949263696723,198.0,197.49850393700794
4023.1249157081293,752.9231620779295,201.0,200.13685039370085
4020.542138024598,758.72417573396,204.0,202.77519685039377
4017.659298351252,764.3820671625562,207.0,205.41354330708668
4014.4842983512517,769.8813284765873,210.0,208.0518897637796
4011.0258404789065,775.2068865830407,213.0,210.6902362204725
4007.2934041268495,780.3441444973216,216.0,213.32858267716543
4003.8349462545043,785.669702603775,213.0,215.96692913385834
4000.1025099024473,790.8069605180559,216.0,218.60527559055126
3996.106325419281,795.7418373733077,219.0,218.60527559055126
3992.373889067224,800.8790952875886,216.0,218.60527559055126
3988.3777045840575,805.8139721428404,219.0,218.60527559055126
3984.6452682320005,810.9512300571213,216.0,218.60527559055126
3980.649083748834,815.8861069123731,219.0,218.60527559055126
3976.916647396777,821.023364826654,216.0,218.60527559055126
3973.458189524432,826.3489229331074,213.0,215.96692913385834
3969.725753172375,831.4861808473883,216.0,213.32858267716543
3966.2672953000297,836.8117389538417,213.0,210.6902362204725
3963.0922953000295,842.3110002678728,210.0,208.0518897637796
3960.2094556266834,847.968891696469,207.0,205.41354330708668
3957.626677943152,853.7699053524994,204.0,202.77519685039377
3955.3510414635393,859.6981410607567,201.0,200.13685039370085
3953.3887835492583,865.737349939231,198.0,197.49850393700794
3951.7452826128574,871.8709789361666,195.0,194.86015748031502
3950.4250433761645,878.0822162008262,192.0,192.2218110236221
3949.431684523159,884.3540371636053,189.0,189.5834645669292
3948.7679287814094,890.6692511991938,186.0,186.94511811023628
3948.4355954592666,897.0105487448853,183.0,184.30677165354336
3947.7718397175167,903.3257627804738,186.0,184.30677165354336
3947.439506395374,909.6670603261654,183.0,184.30677165354336
3946.775750653624,915.9822743617539,186.0,184.30677165354336
3946.443417331481,922.3235719074454,183.0,184.30677165354336
3945.7796615897314,928.6387859430339,186.0,184.30677165354336
3945.4473282675885,934.9800834887254,183.0,184.30677165354336
3944.7835725258387,941.2952975243139,186.0,184.30677165354336
3944.451239203696,947.6365950700055,183.0,184.30677165354336
3943.787483461946,953.951809105594,186.0,184.30677165354336
3943.455150139803,960.2931066512855,183.0,184.30677165354336
3942.7913943980534,966.608320686874,186.0,184.30677165354336
3942.4590610759105,972.9496182325655,183.0,184.30677165354336
3941.7953053341607,979.264832268154,186.0,184.30677165354336
3941.462972012018,985.6061298138455,183.0,184.30677165354336
3940.799216270268,991.921343849434,186.0,184.30677165354336
3940.466882948125,998.2626413951256,183.0,184.30677165354336
3939.8031272063754,1004.5778554307141,186.0,184.30677165354336
3939.4707938842325,1010.9191529764056,183.0,184.30677165354336
3938.8070381424827,1017.2343670119941,186.0,184.30677165354336
3938.47470482034,1023.5756645576856,183.0,184.30677165354336
3937.81094907859,1029.8908785932742,186.0,184.30677165354336
3937.478615756447,1036.2321761389658,183.0,184.30677165354336
3936.8148600146974,1042.5473901745543,186.0,184.30677165354336
3936.4825266925545,1048.8886877202458,183.0,181.66842519685045
3936.4825266925545,1055.2386877202457,180.0,179.03007874015753
3936.8148600146974,1061.5799852659372,177.0,176.39173228346462
3937.478615756447,1067.8951993015257,174.0,173.7533858267717
3938.4719746094524,1074.167020264305,171.0,171.1150393700788
3939.7922138461454,1080.3782575289647,168.0,168.47669291338588
3941.4357147825463,1086.5118865259003,165.0,165.83834645669296
3943.3979726968273,1092.5510954043746,162.0,163.20000000000005
3945.67360917644,1098.4793311126318,159.0,160.56165354330713
3948.2563868599714,1104.2803447686624,156.0,157.92330708661422
3951.1392265333175,1109.9382361972584,153.0,155.2849606299213
3954.3142265333177,1115.4374975112896,150.0,152.6466141732284
3957.1970662066637,1121.0953889398857,153.0,152.6466141732284
3960.372066206664,1126.5946502539168,150.0,152.6466141732284
3963.25490588001,1132.2525416825129,153.0,152.6466141732284
3966.42990588001,1137.751802996544,150.0,152.6466141732284
3969.3127455533563,1143.40969442514,153.0,152.6466141732284
3972.4877455533565,1148.9089557391712,150.0,152.6466141732284
3975.3705852267026,1154.5668471677673,153.0,152.6466141732284
3978.5455852267028,1160.0661084817984,150.0,152.6466141732284
3981.428424900049,1165.7239999103945,153.0,152.6466141732284
3984.603424900049,1171.2232612244256,150.0,152.6466141732284
3987.486264573395,1176.8811526530217,153.0,152.6466141732284
3990.6612645733953,1182.3804139670528,150.0,152.6466141732284
3993.5441042467414,1188.0383053956489,153.0,152.6466141732284
3996.7191042467416,1193.53756670968,150.0,152.6466141732284
3999.6019439200877,1199.195458138276,153.0,152.6466141732284
4002.776943920088,1204.6947194523073,150.0,152.6466141732284
4005.659783593434,1210.3526108809033,153.0,152.6466141732284
4008.834783593434,1215.8518721949345,150.0,152.6466141732284
4011.7176232667803,1221.5097636235305,153.0,152.6466141732284
4014.8926232667804,1227.0090249375617,150.0,152.6466141732284
4017.7754629401265,1232.6669163661577,153.0,152.6466141732284
4020.9504629401267,1238.1661776801889,150.0,152.6466141732284
4023.833302613473,1243.824069108785,153.0,152.6466141732284
4027.008302613473,1249.323330422816,150.0,152.6466141732284
4029.891142286819,1254.981221851412,153.0,152.6466141732284
4033.0661422868193,1260.4804831654433,150.0,152.6466141732284
4035.9489819601654,1266.1383745940393,153.0,152.6466141732284
4039.1239819601656,1271.6376359080705,150.0,152.6466141732284
4042.0068216335117,1277.2955273366665,153.0,152.6466141732284
4045.181821633512,1282.7947886506977,150.0,152.6466141732284
4048.064661306858,1288.4526800792937,153.0,155.2849606299213
4050.647438990389,1294.2536937353243,156.0,157.92330708661422
4052.923075470002,1300.1819294435816,159.0,160.56165354330713
4054.885333384283,1306.2211383220558,162.0,163.20000000000005
4056.528834320684,1312.3547673189914,165.0,165.83834645669296
4057.849073557377,1318.5660045836512,168.0,168.47669291338588
4058.842432410382,1324.8378255464304,171.0,168.47669291338588
4060.162671647075,1331.0490628110902,168.0,168.47669291338588
4061.1560305000803,1337.3208837738694,171.0,168.47669291338588
4062.4762697367732,1343.532121038529,168.0,168.47669291338588
4063.4696285897785,1349.8039420013083,171.0,168.47669291338588
4064.7898678264714,1356.015179265968,168.0,168.47669291338588
4065.7832266794767,1362.2870002287473,171.0,168.47669291338588
4067.1034659161696,1368.498237493407,168.0,168.47669291338588
4068.096824769175,1374.7700584561862,171.0,168.47669291338588
4069.417064005868,1380.981295720846,168.0,168.47669291338588
4070.410422858873,1387.2531166836252,171.0,168.47669291338588
4071.730662095566,1393.464353948285,168.0,168.47669291338588
4072.7240209485713,1399.7361749110642,171.0,168.47669291338588
4074.044260185264,1405.947412175724,168.0,168.47669291338588
4075.0376190382694,1412.2192331385031,171.0,168.47669291338588
4075.7013747800193,1418.5344471740916,174.0,171.1150393700788
4076.6947336330245,1424.8062681368708,171.0,173.7533858267717
4077.3584893747743,1431.1214821724593,174.0,176.39173228346462
4077.690822696917,1437.4627797181508,177.0,179.03007874015753
4077.690822696917,1443.8127797181508,180.0,181.66842519685045
4077.3584893747743,1450.1540772638423,183.0,184.30677165354336
4076.6947336330245,1456.4692912994308,186.0,186.94511811023628
4075.7013747800193,1462.74111226221,189.0,189.5834645669292
4074.3811355433263,1468.9523495268697,192.0,192.2218110236221
4072.7376346069254,1475.0859785238054,195.0,194.86015748031502
4070.7753766926444,1481.1251874022796,198.0,197.49850393700794
4068.4997402130316,1487.0534231105369,201.0,200.13685039370085
4065.9169625295003,1492.8544367665675,204.0,202.77519685039377
4063.034122856154,1498.5123281951635,207.0,205.41354330708668
4059.859122856154,1504.0115895091947,210.0,208.0518897637796
4056.976283182808,1509.6694809377907,207.0,208.0518897637796
4053.8012831828078,1515.1687422518219,210.0,208.0518897637796
4050.9184435094617,1520.826633680418,207.0,208.0518897637796
4047.7434435094615,1526.325894994449,210.0,208.0518897637796
4044.8606038361154,1531.983786423045,207.0,208.0518897637796
4041.685603836115,1537.4830477370763,210.0,208.0518897637796
4038.802764162769,1543.1409391656723,207.0,208.0518897637796
4035.627764162769,1548.6402004797035,210.0,208.0518897637796
4032.744924489423,1554.2980919082995,207.0,208.0518897637796
4029.5699244894226,1559.7973532223307,210.0,208.0518897637796
4026.6870848160765,1565.4552446509267,207.0,208.0518897637796
4023.5120848160764,1570.954505964958,210.0,208.0518897637796
4020.6292451427303,1576.612397393554,207.0,208.0518897637796
4017.45424514273,1582.111658707585,210.0,208.0518897637796
4014.571405469384,1587.7695501361811,207.0,208.0518897637796
4011.396405469384,1593.2688114502123,210.0,208.0518897637796
4008.5135657960377,1598.9267028788083,207.0,208.0518897637796
4005.3385657960375,1604.4259641928395,210.0,208.0518897637796
4002.4557261226914,1610.0838556214355,207.0,208.0518897637796
3999.2807261226912,1615.5831169354667,210.0,208.0518897637796
3996.397886449345,1621.2410083640627,207.0,208.0518897637796
3993.815108765814,1627.0420220200933,204.0,205.41354330708668
3991.539472286201,1632.9702577283506,201.0,202.77519685039377
3989.57721437192,1639.0094666068248,198.0,200.13685039370085
3987.933713435519,1645.1430956037605,195.0,197.49850393700794
3985.971455521238,1651.1823044822347,198.0,197.49850393700794
3984.3279545848372,1657.3159334791703,195.0,197.49850393700794
3982.365696670556,1663.3551423576446,198.0,197.49850393700794
3980.7221957341553,1669.4887713545802,195.0,197.49850393700794
3978.7599378198743,1675.5279802330544,198.0,197.49850393700794
3977.1164368834734,1681.66160922999,195.0,197.49850393700794
3975.1541789691923,1687.7008181084643,198.0,197.49850393700794
3973.5106780327915,1693.8344471054,195.0,197.49850393700794
3971.5484201185104,1699.8736559838742,198.0,197.49850393700794
3969.9049191821096,1706.0072849808098,195.0,197.49850393700794
3967.9426612678285,1712.046493859284,198.0,197.49850393700794
3966.2991603314276,1718.1801228562197,195.0,197.49850393700794
3964.3369024171466,1724.219331734694,198.0,197.49850393700794
3962.6934014807457,1730.3529607316295,195.0,197.49850393700794
3960.7311435664647,1736.3921696101038,198.0,197.49850393700794
3959.087642630064,1742.5257986070394,195.0,197.49850393700794
3957.1253847157827,1748.5650074855137,198.0,197.49850393700794
3955.481883779382,1754.6986364824493,195.0,197.49850393700794
3953.519625865101,1760.7378453609235,198.0,197.49850393700794
3951.8761249287,1766.8714743578591,195.0,197.49850393700794
3949.913867014419,1772.9106832363334,198.0,197.49850393700794
3948.270366078018,1779.044312233269,195.0,197.49850393700794
3946.308108163737,1785.0835211117433,198.0,197.49850393700794
3944.664607227336,1791.2171501086789,195.0,197.49850393700794
3942.702349313055,1797.2563589871531,198.0,197.49850393700794
3941.058848376654,1803.3899879840887,195.0,197.49850393700794
3939.096590462373,1809.429196862563,198.0,197.49850393700794
3937.4530895259722,1815.5628258594986,195.0,197.49850393700794
3935.490831611691,1821.6020347379729,198.0,197.49850393700794
3933.8473306752903,1827.7356637349085,195.0,197.49850393700794
3932.5270914385974,1833.9469009995682,192.0,194.86015748031502
3930.8835905021965,1840.0805299965039,195.0,192.2218110236221
3929.5633512655036,1846.2917672611636,192.0,189.5834645669292
3928.5699924124983,1852.5635882239428,189.0,186.94511811023628
3927.9062366707485,1858.8788022595313,186.0,184.30677165354336
3927.5739033486057,1865.2200998052228,183.0,181.66842519685045
3927.5739033486057,1871.5700998052228,180.0,181.66842519685045
3927.241570026463,1877.9113973509143,183.0,181.66842519685045
3927.241570026463,1884.2613973509142,180.0,181.66842519685045
3926.90923670432,1890.6026948966057,183.0,181.66842519685045
3926.90923670432,1896.9526948966056,180.0,181.66842519685045
3926.576903382177,1903.2939924422972,183.0,181.66842519685045
3926.576903382177,1909.643992442297,180.0,181.66842519685045
3926.244570060034,1915.9852899879886,183.0,181.66842519685045
3926.244570060034,1922.3352899879885,180.0,181.66842519685045
3925.9122367378914,1928.67658753368,183.0,181.66842519685045
3925.9122367378914,1935.02658753368,180.0,181.66842519685045
3925.5799034157485,1941.3678850793715,183.0,181.66842519685045
3925.5799034157485,1947.7178850793714,180.0,181.66842519685045
3925.2475700936056,1954.059182625063,183.0,181.66842519685045
3925.2475700936056,1960.4091826250628,180.0,181.66842519685045
3924.915236771463,1966.7504801707544,183.0,181.66842519685045
3924.915236771463,1973.1004801707543,180.0,179.03007874015753
3925.2475700936056,1979.4417777164458,177.0,176.39173228346462
3925.9113258353555,1985.7569917520343,174.0,173.7533858267717
3926.9046846883607,1992.0288127148135,171.0,171.1150393700788
3927.5684404301105,1998.344026750402,174.0,171.1150393700788
3928.5617992831158,2004.6158477131812,171.0,171.1150393700788
3929.2255550248656,2010.9310617487697,174.0,171.1150393700788
3930.218913877871,2017.202882711549,171.0,171.1150393700788
3930.8826696196206,2023.5180967471374,174.0,171.1150393700788
3931.876028472626,2029.7899177099166,171.0,171.1150393700788
3932.5397842143757,2036.105131745505,174.0,171.1150393700788
3933.533143067381,2042.3769527082843,171.0,171.1150393700788
3934.1968988091307,2048.692166743873,174.0,171.1150393700788
3935.190257662136,2054.963987706652,171.0,171.1150393700788
3935.854013403886,2061.2792017422407,174.0,171.1150393700788
3936.847372256891,2067.55102270502,171.0,171.1150393700788
3937.511127998641,2073.8662367406087,174.0,171.1150393700788
3938.504486851646,2080.138057703388,171.0,171.1150393700788
3939.168242593396,2086.4532717389766,174.0,171.1150393700788
3940.161601446401,2092.725092701756,171.0,171.1150393700788
3940.825357188151,2099.0403067373445,174.0,171.1150393700788
3941.818716041156,2105.3121277001237,171.0,171.1150393700788
3942.482471782906,2111.6273417357124,174.0,171.1150393700788
3943.4758306359113,2117.8991626984916,171.0,173.7533858267717
3944.139586377661,2124.2143767340804,174.0,176.39173228346462
3944.471919699804,2130.555674279772,177.0,179.03007874015753
3944.471919699804,2136.905674279772,180.0,181.66842519685045
3944.139586377661,2143.246971825464,183.0,184.30677165354336
3943.4758306359113,2149.5621858610525,186.0,186.94511811023628
3942.482471782906,2155.8340068238317,189.0,189.5834645669292
3941.162232546213,2162.0452440884915,192.0,192.2218110236221
3939.518731609812,2168.178873085427,195.0,194.86015748031502
3937.556473695531,2174.218081963901,198.0,197.49850393700794
3935.2808372159184,2180.146317672158,201.0,200.13685039370085
3932.698059532387,2185.9473313281887,204.0,202.77519685039377
3929.815219859041,2191.6052227567848,207.0,205.41354330708668
3926.640219859041,2197.104484070816,210.0,208.0518897637796
3923.1817619866956,2202.4300421772696,213.0,210.6902362204725
3919.4493256346386,2207.5673000915504,216.0,213.32858267716543
3915.9908677622934,2212.892858198004,213.0,215.96692913385834
3912.2584314102364,2218.0301161122848,216.0,218.60527559055126
3908.26224692707,2222.9649929675365,219.0,221.24362204724417
3904.0132675766913,2227.683962609318,222.0,223.8819685039371
3899.523139516157,2232.1740906698524,225.0,226.52031496063
3894.8041698743755,2236.423070020231,228.0,229.15866141732292
3889.8692930191237,2240.4192545033975,231.0,231.79700787401583
3884.732035104843,2244.1516908554545,234.0,234.43535433070875
3879.4064769983893,2247.6101487277997,237.0,237.07370078740166
3873.907215684358,2250.7851487278,240.0,239.71204724409458
3868.249324255762,2253.667988401146,243.0,242.3503937007875
3862.4483105997315,2256.2507660846773,246.0,244.9887401574804
3856.5200748914745,2258.52640256429,249.0,247.62708661417332
3850.480866013,2260.488660478571,252.0,250.26543307086624
3844.347237016065,2262.132161414972,255.0,252.90377952755915
3838.135999751405,2263.452400651665,258.0,255.54212598425207
3831.864178788626,2264.44575950467,261.0,258.180472440945
3825.652941523966,2265.765998741363,258.0,260.81881889763787
3819.381120561187,2266.7593575943683,261.0,263.45716535433075
3813.065906525598,2267.423113336118,264.0,266.09551181102364
3806.7246089799064,2267.755446658261,267.0,268.7338582677165
3800.3746089799065,2267.755446658261,270.0,271.3722047244094
3794.0333114342147,2267.423113336118,273.0,274.0105511811023
3787.718097398626,2266.7593575943683,276.0,276.6488976377952
3781.446276435847,2265.765998741363,279.0,279.2872440944881
3775.235039171187,2264.44575950467,282.0,281.92559055118096
3768.963218208408,2263.452400651665,279.0,281.92559055118096
3762.751980943748,2262.132161414972,282.0,281.92559055118096
3756.480159980969,2261.1388025619667,279.0,281.92559055118096
3750.268922716309,2259.8185633252738,282.0,281.92559055118096
3743.99710175353,2258.8252044722685,279.0,281.92559055118096
3737.78586448887,2257.5049652355756,282.0,281.92559055118096
3731.514043526091,2256.5116063825703,279.0,281.92559055118096
3725.302806261431,2255.1913671458774,282.0,281.92559055118096
3719.030985298652,2254.198008292872,279.0,281.92559055118096
3712.8197480339923,2252.877769056179,282.0,281.92559055118096
3706.547927071213,2251.884410203174,279.0,281.92559055118096
3700.3366898065533,2250.564170966481,282.0,284.56393700787385
3694.203060809618,2248.92067003008,285.0,287.20228346456673
3688.1638519311437,2246.958412115799,288.0,289.8406299212596
3682.2356162228866,2244.6827756361863,291.0,289.8406299212596
3676.1964073444124,2242.7205177219053,288.0,289.8406299212596
3670.2681716361553,2240.4448812422925,291.0,289.8406299212596
3664.228962757681,2238.4826233280114,288.0,289.8406299212596
3658.300727049424,2236.2069868483986,291.0,289.8406299212596
3652.26151817095,2234.2447289341176,288.0,289.8406299212596
3646.3332824626928,2231.969092454505,291.0,289.8406299212596
3640.2940735842185,2230.0068345402237,288.0,289.8406299212596
3634.3658378759615,2227.731198060611,291.0,289.8406299212596
3628.326628997487,2225.76894014633,288.0,289.8406299212596
3622.39839328923,2223.493303666717,291.0,289.8406299212596
3616.359184410756,2221.531045752436,288.0,289.8406299212596
3610.430948702499,2219.2554092728233,291.0,289.8406299212596
3604.3917398240246,2217.293151358542,288.0,289.8406299212596
3598.4635041157676,2215.0175148789294,291.0,289.8406299212596
3592.4242952372933,2213.0552569646484,288.0,289.8406299212596
3586.4960595290363,2210.7796204850356,291.0,289.8406299212596
3580.456850650562,2208.8173625707545,288.0,289.8406299212596
3574.528614942305,2206.5417260911418,291.0,289.8406299212596
3568.4894060638308,2204.5794681768607,288.0,289.8406299212596
3562.5611703555737,2202.303831697248,291.0,289.8406299212596
3556.5219614770995,2200.341573782967,288.0,289.8406299212596
3550.5937257688424,2198.065937303354,291.0,289.8406299212596
3544.554516890368,2196.103679389073,288.0,289.8406299212596
3538.626281182111,2193.8280429094602,291.0,289.8406299212596
3532.587072303637,2191.865784995179,288.0,289.8406299212596
3526.65883659538,2189.5901485155664,291.0,292.4789763779525
3520.8578229393493,2187.007370832035,294.0,295.1173228346454
3515.1999315107532,2184.124531158689,297.0,297.7556692913383
3509.700670196722,2180.949531158689,300.0,300.39401574803117
3504.3751120902684,2177.4910732863436,303.0,303.03236220472405
3499.2378541759876,2173.7586369342866,306.0,305.67070866141694
3494.302977320736,2169.76245245112,309.0,308.3090551181098
3489.5840076789545,2165.5134731007415,312.0,310.9474015748027
3484.6491308237028,2161.517288617575,309.0,310.9474015748027
3479.9301611819214,2157.2683092671964,312.0,310.9474015748027
3474.9952843266697,2153.27212478403,309.0,310.9474015748027
3470.2763146848883,2149.0231454336513,312.0,310.9474015748027
3465.3414378296366,2145.026960950485,309.0,310.9474015748027
3460.6224681878552,2140.777981600106,312.0,310.9474015748027
3455.6875913326035,2136.7817971169397,309.0,310.9474015748027
3450.968621690822,2132.532817766561,312.0,313.5857480314956
3446.4784936302876,2128.0426897060265,315.0,316.2240944881885
3442.229514279909,2123.323720064245,318.0,318.86244094488137
3438.2333297967425,2118.3888432089934,321.0,321.50078740157426
3434.5008934446855,2113.2515852947126,324.0,324.13913385826714
3431.0424355723403,2107.926027188259,327.0,326.77748031496003
3427.86743557234,2102.426765874228,330.0,329.4158267716529
3424.984595898994,2096.768874445632,333.0,332.0541732283458
3422.4018182154628,2090.967860789601,336.0,334.6925196850387
3420.12618173585,2085.039625081344,339.0,337.3308661417316
3418.163923821569,2079.00041620287,342.0,339.96921259842446
3416.520422885168,2072.8667872059345,345.0,342.60755905511735
3415.200183648475,2066.655549941275,348.0,345.24590551181024
3413.5566827120742,2060.5219209443394,345.0,347.8842519685031
3412.2364434753813,2054.3106836796796,348.0,350.522598425196
3411.243084622376,2048.0388627169004,351.0,353.1609448818889
3410.5793288806262,2041.723648681312,354.0,355.7992913385818
3410.2469955584834,2035.3823511356204,357.0,358.43763779527467
3410.2469955584834,2029.0323511356205,360.0,361.07598425196755
3410.5793288806262,2022.691053589929,363.0,363.71433070866044
3411.243084622376,2016.3758395543405,366.0,366.3526771653533
3412.2364434753813,2010.1040185915613,369.0,368.9910236220462
3413.5566827120742,2003.8927813269015,372.0,371.6293700787391
3415.200183648475,1997.759152329966,375.0,374.267716535432
3417.162441562756,1991.7199434514916,378.0,376.9060629921249
3419.438078042369,1985.7917077432344,381.0,379.54440944881776
3422.0208557259,1979.9906940872038,384.0,382.18275590551065
3424.9036953992463,1974.3328026586078,387.0,384.82110236220353
3428.0786953992465,1968.8335413445766,390.0,387.4594488188964
3431.5371532715917,1963.5079832381232,393.0,390.0977952755893
3434.712153271592,1958.008721924092,390.0,392.7361417322822
3438.170611143937,1952.6831638176386,393.0,395.3744881889751
3441.903047495994,1947.5459059033576,396.0,398.01283464566797
3445.8992319791605,1942.6110290481058,399.0,400.65118110236085
3450.148211329539,1937.8920594063243,402.0,403.28952755905374
3454.6383393900737,1933.4019313457898,405.0,405.9278740157466
3459.357309031855,1929.152951995411,408.0,408.5662204724395
3464.292185887107,1925.1567675122446,411.0,411.2045669291324
3469.4294438013876,1921.4243311601874,414.0,413.8429133858253
3474.7550019078412,1917.965873287842,417.0,416.48125984251817
3480.2542632218724,1914.790873287842,420.0,419.11960629921106
3485.579821328326,1911.3324154154966,417.0,419.11960629921106
3491.079082642357,1908.1574154154966,420.0,419.11960629921106
3496.404640748811,1904.6989575431512,417.0,419.11960629921106
3501.903902062842,1901.5239575431513,420.0,419.11960629921106
3507.2294601692956,1898.0654996708058,417.0,419.11960629921106
3512.728721483327,1894.8904996708059,420.0,419.11960629921106
3518.0542795897804,1891.4320417984604,417.0,419.11960629921106
3523.5535409038116,1888.2570417984605,420.0,419.11960629921106
3528.8790990102652,1884.798583926115,417.0,419.11960629921106
3534.3783603242964,1881.623583926115,420.0,419.11960629921106
3539.70391843075,1878.1651260537697,417.0,419.11960629921106
3545.203179744781,1874.9901260537697,420.0,419.11960629921106
3550.528737851235,1871.5316681814243,417.0,416.48125984251817
3555.6659957655156,1867.799231829367,414.0,413.8429133858253
3560.6008726207674,1863.8030473462006,411.0,411.2045669291324
3565.3198422625487,1859.554067995822,408.0,408.5662204724395
3569.8099703230832,1855.0639399352874,405.0,405.9278740157466
3574.058949673462,1850.3449702935059,402.0,403.28952755905374
3578.0551341566284,1845.410093438254,399.0,400.65118110236085
3581.7875705086853,1840.272835523973,396.0,398.01283464566797
3585.2460283810306,1834.9472774175197,393.0,395.3744881889751
3588.4210283810307,1829.4480161034885,390.0,392.7361417322822
3591.879486253376,1824.122457997035,393.0,390.0977952755893
3595.054486253376,1818.623196683004,390.0,387.4594488188964
3597.937325926722,1812.965305254408,387.0,384.82110236220353
3600.5201036102535,1807.1642915983773,384.0,382.18275590551065
3602.7957400898663,1801.23605589012,381.0,379.54440944881776
3604.7579980041473,1795.1968470116458,378.0,376.9060629921249
3606.401498940548,1789.0632180147102,375.0,374.267716535432
3607.721738177241,1782.8519807500504,372.0,371.6293700787391
3608.7150970302464,1776.5801597872712,369.0,368.9910236220462
3609.378852771996,1770.2649457516827,366.0,366.3526771653533
3609.711186094139,1763.9236482059912,363.0,363.71433070866044
3609.711186094139,1757.5736482059913,360.0,361.07598425196755
3609.378852771996,1751.2323506602997,357.0,358.43763779527467
3608.7150970302464,1744.9171366247112,354.0,355.7992913385818
3607.721738177241,1738.645315661932,351.0,353.1609448818889
3606.401498940548,1732.4340783972723,348.0,350.522598425196
3604.7579980041473,1726.3004494003367,345.0,347.8842519685031
3603.4377587674544,1720.089212135677,348.0,345.24590551181024
3601.7942578310535,1713.9555831387413,345.0,342.60755905511735
3599.8319999167725,1707.916374260267,342.0,339.96921259842446
3597.5563634371597,1701.9881385520098,339.0,337.3308661417316
3594.9735857536284,1696.1871248959792,336.0,334.6925196850387
3592.0907460802823,1690.5292334673832,333.0,332.0541732283458
3588.915746080282,1685.029972153352,330.0,329.4158267716529
3585.457288207937,1679.7044140468986,327.0,326.77748031496003
3581.72485185588,1674.5671561326176,324.0,324.13913385826714
3577.7286673727135,1669.6322792773658,321.0,321.50078740157426
3573.479688022335,1664.9133096355843,318.0,318.86244094488137
3568.9895599618003,1660.4231815750497,315.0,316.2240944881885
3564.270590320019,1656.174202224671,312.0,313.5857480314956
3559.335713464767,1652.1780177415046,309.0,310.9474015748027
3554.1984555504864,1648.4455813894474,306.0,308.3090551181098
3548.872897444033,1644.987123517102,303.0,305.67070866141694
3543.735639529752,1641.2546871650447,306.0,303.03236220472405
3538.4100814232984,1637.7962292926993,303.0,300.39401574803117
3532.910820109267,1634.6212292926994,300.0,297.7556692913383
3527.252928680671,1631.7383896193533,297.0,295.1173228346454
3521.4519150246406,1629.155611935822,294.0,292.4789763779525
3515.5236793163836,1626.8799754562094,291.0,292.4789763779525
3509.722665660353,1624.2971977726781,294.0,292.4789763779525
3503.794429952096,1622.0215612930656,291.0,292.4789763779525
3497.9934162960653,1619.4387836095343,294.0,292.4789763779525
3492.0651805878083,1617.1631471299218,291.0,292.4789763779525
3486.2641669317777,1614.5803694463905,294.0,292.4789763779525
3480.3359312235207,1612.304732966778,291.0,292.4789763779525
3474.53491756749,1609.7219552832466,294.0,292.4789763779525
3468.606681859233,1607.446318803634,291.0,292.4789763779525
3462.8056682032025,1604.8635411201028,294.0,292.4789763779525
3456.8774324949454,1602.5879046404903,291.0,292.4789763779525
3451.076418838915,1600.005126956959,294.0,292.4789763779525
3445.148183130658,1597.7294904773464,291.0,292.4789763779525
3439.347169474627,1595.1467127938151,294.0,292.4789763779525
3433.41893376637,1592.8710763142026,291.0,292.4789763779525
3427.6179201103396,1590.2882986306713,294.0,292.4789763779525
3421.6896844020825,1588.0126621510587,291.0,292.4789763779525
3415.888670746052,1585.4298844675275,294.0,292.4789763779525
3409.960435037795,1583.154247987915,291.0,292.4789763779525
3404.1594213817643,1580.5714703043836,294.0,292.4789763779525
3398.2311856735073,1578.295833824771,291.0,292.4789763779525
3392.4301720174767,1575.7130561412398,294.0,292.4789763779525
3386.5019363092197,1573.4374196616272,291.0,292.4789763779525
3380.700922653189,1570.854641978096,294.0,292.4789763779525
3374.772686944932,1568.5790054984834,291.0,292.4789763779525
3368.9716732889015,1565.9962278149521,294.0,292.4789763779525
3363.0434375806444,1563.7205913353396,291.0,289.8406299212596
3357.00422870217,1561.7583334210588,288.0,287.20228346456673
3350.870599705235,1560.1148324846577,285.0,284.56393700787385
3344.659362440575,1558.794593247965,282.0,281.92559055118096
3338.387541477796,1557.8012343949595,279.0,279.2872440944881
3332.072327442207,1557.1374786532099,276.0,276.6488976377952
3325.7310298965153,1556.8051453310673,273.0,274.0105511811023
3319.3810298965154,1556.8051453310673,270.0,271.3722047244094
3313.0397323508237,1557.1374786532099,267.0,268.7338582677165
3306.724518315235,1557.8012343949595,264.0,266.09551181102364
3300.4526973524557,1558.794593247965,261.0,263.45716535433075
3294.137483316867,1559.4583489897145,264.0,263.45716535433075
3287.865662354088,1560.45170784272,261.0,263.45716535433075
3281.550448318499,1561.1154635844696,264.0,263.45716535433075
3275.27862735572,1562.108822437475,261.0,263.45716535433075
3268.963413320131,1562.7725781792246,264.0,263.45716535433075
3262.691592357352,1563.76593703223,261.0,263.45716535433075
3256.480355092692,1565.0861762689228,258.0,260.81881889763787
3250.208534129913,1566.0795351219283,261.0,258.180472440945
3243.9972968652532,1567.399774358621,258.0,255.54212598425207
3237.863667868318,1569.043275295022,255.0,252.90377952755915
3231.8244589898436,1571.005533209303,252.0,250.26543307086624
3225.8962232815866,1573.2811696889155,249.0,247.62708661417332
3220.095209625556,1575.8639473724468,246.0,244.9887401574804
3214.43731819696,1578.7467870457929,243.0,242.3503937007875
3208.938056882929,1581.9217870457928,240.0,239.71204724409458
3203.612498776475,1585.3802449181383,237.0,237.07370078740166
3198.113237462444,1588.5552449181382,240.0,237.07370078740166
3192.7876793559903,1592.0137027904836,237.0,237.07370078740166
3187.288418041959,1595.1887027904836,240.0,237.07370078740166
3181.9628599355055,1598.647160662829,237.0,237.07370078740166
3176.4635986214744,1601.822160662829,240.0,237.07370078740166
3171.1380405150207,1605.2806185351744,237.0,237.07370078740166
3166.00078260074,1609.0130548872316,234.0,234.43535433070875
3161.065905745488,1613.009239370398,231.0,231.79700787401583
3156.346936103707,1617.2582187207768,228.0,229.15866141732292
3151.8568080431724,1621.7483467813113,225.0,226.52031496063
3147.6078286927936,1626.4673164230928,222.0,223.8819685039371
3143.6116442096272,1631.4021932783446,219.0,221.24362204724417
3139.8792078575702,1636.5394511926256,216.0,218.60527559055126
3136.420749985225,1641.865009299079,213.0,215.96692913385834
3132.688313633168,1647.00226721336,216.0,213.32858267716543
3129.229855760823,1652.3278253198134,213.0,210.6902362204725
3126.0548557608226,1657.8270866338446,210.0,208.0518897637796
3123.1720160874765,1663.4849780624406,207.0,205.41354330708668
3120.5892384039453,1669.2859917184712,204.0,202.77519685039377
3118.3136019243325,1675.2142274267285,201.0,202.77519685039377
3115.730824240801,1681.015241082759,204.0,202.77519685039377
3113.4551877611884,1686.9434767910163,201.0,202.77519685039377
3110.872410077657,1692.744490447047,204.0,202.77519685039377
3108.5967735980444,1698.6727261553042,201.0,202.77519685039377
3106.013995914513,1704.4737398113348,204.0,202.77519685039377
3103.7383594349003,1710.401975519592,201.0,202.77519685039377
3101.155581751369,1716.2029891756226,204.0,202.77519685039377
3098.8799452717562,1722.13122488388,201.0,202.77519685039377
3096.297167588225,1727.9322385399105,204.0,202.77519685039377
3094.021531108612,1733.8604742481677,201.0,202.77519685039377
3091.438753425081,1739.6614879041983,204.0,202.77519685039377
3089.163116945468,1745.5897236124556,201.0,202.77519685039377
3086.580339261937,1751.3907372684862,204.0,202.77519685039377
3084.304702782324,1757.3189729767435,201.0,202.77519685039377
3081.721925098793,1763.119986632774,204.0,202.77519685039377
3079.44628861918,1769.0482223410313,201.0,202.77519685039377
3076.8635109356487,1774.849235997062,204.0,202.77519685039377
3074.587874456036,1780.7774717053192,201.0,202.77519685039377
3072.0050967725047,1786.5784853613497,204.0,202.77519685039377
3069.729460292892,1792.506721069607,201.0,202.77519685039377
3067.1466826093606,1798.3077347256376,204.0,202.77519685039377
3064.871046129748,1804.2359704338949,201.0,202.77519685039377
3062.2882684462165,1810.0369840899255,204.0,202.77519685039377
3060.0126319666037,1815.9652197981827,201.0,202.77519685039377
3057.4298542830725,1821.7662334542133,204.0,202.77519685039377
3055.1542178034597,1827.6944691624706,201.0,202.77519685039377
3052.5714401199284,1833.4954828185012,204.0,202.77519685039377
3050.2958036403156,1839.4237185267584,201.0,202.77519685039377
3047.7130259567843,1845.224732182789,204.0,202.77519685039377
3045.4373894771716,1851.1529678910463,201.0,202.77519685039377
3042.8546117936403,1856.9539815470769,204.0,202.77519685039377
3040.5789753140275,1862.8822172553341,201.0,202.77519685039377
3037.996197630496,1868.6832309113647,204.0,202.77519685039377
3035.7205611508834,1874.611466619622,201.0,202.77519685039377
3033.137783467352,1880.4124802756526,204.0,202.77519685039377
3030.8621469877394,1886.3407159839098,201.0,202.77519685039377
3028.279369304208,1892.1417296399404,204.0,202.77519685039377
3026.0037328245953,1898.0699653481977,201.0,202.77519685039377
3023.420955141064,1903.8709790042283,204.0,202.77519685039377
3021.1453186614513,1909.7992147124855,201.0,202.77519685039377
3018.56254097792,1915.6002283685161,204.0,202.77519685039377
3016.286904498307,1921.5284640767734,201.0,202.77519685039377
3013.704126814776,1927.329477732804,204.0,202.77519685039377
3010.82128714143,1932.9873691614,207.0,205.41354330708668
3007.6462871414296,1938.4866304754312,210.0,208.0518897637796
3004.1878292690844,1943.8121885818846,213.0,210.6902362204725
3000.4553929170274,1948.9494464961656,216.0,213.32858267716543
2996.9969350446822,1954.275004602619,213.0,215.96692913385834
2993.2644986926252,1959.4122625169,216.0,218.60527559055126
2989.268314209459,1964.3471393721518,219.0,221.24362204724417
2985.01933485908,1969.0661090139333,222.0,223.8819685039371
2980.5292067985456,1973.5562370744678,225.0,226.52031496063
2975.8102371567643,1977.8052164248465,228.0,229.15866141732292
2970.8753603015125,1981.801400908013,231.0,231.79700787401583
2965.7381023872317,1985.5338372600702,234.0,234.43535433070875
2960.412544280778,1988.9922951324156,237.0,237.07370078740166
2954.913282966747,1992.1672951324156,240.0,239.71204724409458
2949.255391538151,1995.0501348057617,243.0,242.3503937007875
2943.4543778821203,1997.632912489293,246.0,244.9887401574804
2937.5261421738633,1999.9085489689055,249.0,247.62708661417332
2931.486933295389,2001.8708068831863,252.0,250.26543307086624
2925.3533042984536,2003.5143078195874,255.0,252.90377952755915
2919.142067033794,2004.8345470562801,258.0,255.54212598425207
2912.8702460710147,2005.8279059092856,261.0,258.180472440945
2906.659008806355,2007.1481451459783,258.0,260.81881889763787
2900.3871878435757,2008.1415039989838,261.0,263.45716535433075
2894.071973807987,2008.8052597407334,264.0,266.09551181102364
2887.730676262295,2009.137593062876,267.0,268.7338582677165
2881.3806762622953,2009.137593062876,270.0,271.3722047244094
2875.0393787166036,2008.8052597407334,273.0,274.0105511811023
2868.724164681015,2008.1415039989838,276.0,276.6488976377952
2862.4523437182356,2007.1481451459783,279.0,279.2872440944881
2856.241106453576,2005.8279059092856,282.0,281.92559055118096
2850.1074774566405,2004.1844049728845,285.0,284.56393700787385
2844.068268578166,2002.2221470586037,288.0,287.20228346456673
2838.140032869909,1999.9465105789911,291.0,289.8406299212596
2832.3390192138786,1997.3637328954599,294.0,292.4789763779525
2826.6811277852826,1994.4808932221138,297.0,295.1173228346454
2821.1818664712514,1991.3058932221138,300.0,297.7556692913383
2815.8563083647978,1987.8474353497684,303.0,300.39401574803117
2810.719050450517,1984.1149989977112,306.0,303.03236220472405
2805.3934923440634,1980.6565411253657,303.0,305.67070866141694
2800.2562344297826,1976.9241047733085,306.0,305.67070866141694
2794.930676323329,1973.465646900963,303.0,305.67070866141694
2789.793418409048,1969.7332105489058,306.0,305.67070866141694
2784.4678603025945,1966.2747526765604,303.0,305.67070866141694
2779.3306023883138,1962.5423163245032,306.0,305.67070866141694
2774.00504428186,1959.0838584521578,303.0,305.67070866141694
2768.8677863675794,1955.3514221001005,306.0,305.67070866141694
2763.5422282611257,1951.892964227755,303.0,305.67070866141694
2758.404970346845,1948.1605278756979,306.0,305.67070866141694
2753.0794122403913,1944.7020700033524,303.0,305.67070866141694
2747.9421543261105,1940.9696336512952,306.0,305.67070866141694
2742.616596219657,1937.5111757789498,303.0,305.67070866141694
2737.479338305376,1933.7787394268926,306.0,305.67070866141694
2732.1537801989225,1930.3202815545471,303.0,305.67070866141694
2727.0165222846417,1926.58784520249,306.0,305.67070866141694
2721.690964178188,1923.1293873301445,303.0,305.67070866141694
2716.5537062639073,1919.3969509780873,306.0,305.67070866141694
2711.2281481574537,1915.9384931057418,303.0,305.67070866141694
2706.090890243173,1912.2060567536846,306.0,305.67070866141694
2700.7653321367193,1908.7475988813392,303.0,305.67070866141694
2695.6280742224385,1905.015162529282,306.0,305.67070866141694
2690.302516115985,1901.5567046569365,303.0,305.67070866141694
2685.165258201704,1897.8242683048793,306.0,305.67070866141694
2679.8397000952505,1894.3658104325339,303.0,305.67070866141694
2674.7024421809697,1890.6333740804766,306.0,305.67070866141694
2669.376884074516,1887.1749162081312,303.0,305.67070866141694
2664.2396261602353,1883.442479856074,306.0,305.67070866141694
2658.9140680537816,1879.9840219837286,303.0,305.67070866141694
2653.776810139501,1876.2515856316713,306.0,305.67070866141694
2648.4512520330472,1872.793127759326,303.0,305.67070866141694
2643.3139941187665,1869.0606914072687,306.0,303.03236220472405
2637.988436012313,1865.6022335349232,303.0,300.39401574803117
2632.4891746982817,1862.4272335349233,300.0,297.7556692913383
2626.8312832696856,1859.5443938615772,297.0,295.1173228346454
2621.030269613655,1856.961616178046,294.0,292.4789763779525
2615.102033905398,1854.6859796984334,291.0,289.8406299212596
2609.0628250269237,1852.7237217841525,288.0,287.20228346456673
2602.9291960299884,1851.0802208477514,285.0,287.20228346456673
2596.889987151514,1849.1179629334706,288.0,287.20228346456673
2590.7563581545787,1847.4744619970695,285.0,287.20228346456673
2584.7171492761045,1845.5122040827887,288.0,287.20228346456673
2578.583520279169,1843.8687031463876,285.0,287.20228346456673
2572.544311400695,1841.9064452321068,288.0,287.20228346456673
2566.4106824037594,1840.2629442957057,285.0,287.20228346456673
2560.371473525285,1838.3006863814248,288.0,287.20228346456673
2554.23784452835,1836.6571854450237,285.0,287.20228346456673
2548.02660726369,1835.336946208331,282.0,284.56393700787385
2541.754786300911,1834.3435873553256,279.0,281.92559055118096
2535.543549036251,1833.0233481186328,282.0,279.2872440944881
2529.271728073472,1832.0299892656274,279.0,276.6488976377952
2522.956514037883,1831.3662335238778,276.0,274.0105511811023
2516.6152164921914,1831.0339002017352,273.0,271.3722047244094
2510.2652164921915,1831.0339002017352,270.0,268.7338582677165
2503.9239189464997,1831.3662335238778,267.0,266.09551181102364
2497.608704910911,1832.0299892656274,264.0,263.45716535433075
2491.336883948132,1833.0233481186328,261.0,260.81881889763787
2485.125646683472,1834.3435873553256,258.0,258.180472440945
2478.9920176865367,1835.9870882917266,255.0,255.54212598425207
2472.9528088080624,1837.9493462060075,252.0,252.90377952755915
2467.0245730998054,1840.22498268562,249.0,250.26543307086624
2461.223559443775,1842.8077603691513,246.0,247.62708661417332
2455.5656680151787,1845.6906000424974,243.0,244.9887401574804
2450.0664067011476,1848.8656000424974,240.0,242.3503937007875
2444.4085152725515,1851.7484397158435,243.0,242.3503937007875
2438.9092539585204,1854.9234397158434,240.0,242.3503937007875
2433.2513625299243,1857.8062793891895,243.0,242.3503937007875
2427.752101215893,1860.9812793891895,240.0,242.3503937007875
2422.094209787297,1863.8641190625356,243.0,242.3503937007875
2416.594948473266,1867.0391190625355,240.0,242.3503937007875
2411.2693903668123,1870.497576934881,237.0,239.71204724409458
2405.770129052781,1873.672576934881,240.0,237.07370078740166
2400.4445709463275,1877.1310348072263,237.0,234.43535433070875
2395.3073130320467,1880.8634711592836,234.0,231.79700787401583
2390.372436176795,1884.85965564245,231.0,229.15866141732292
2385.6534665350136,1889.1086349928287,228.0,226.52031496063
2381.163338474479,1893.5987630533632,225.0,223.8819685039371
2376.9143591241004,1898.3177326951447,222.0,221.24362204724417
2372.918174640934,1903.2526095503965,219.0,221.24362204724417
2368.6691952905553,1907.971579192178,222.0,221.24362204724417
2364.673010807389,1912.9064560474299,219.0,221.24362204724417
2360.42403145701,1917.6254256892114,222.0,221.24362204724417
2356.4278469738438,1922.5603025444632,219.0,221.24362204724417
2352.178867623465,1927.2792721862447,222.0,221.24362204724417
2348.1826831402986,1932.2141490414965,219.0,221.24362204724417
2343.93370378992,1936.933118683278,222.0,221.24362204724417
2339.9375193067535,1941.8679955385298,219.0,221.24362204724417
2335.688539956375,1946.5869651803114,222.0,221.24362204724417
2331.6923554732084,1951.5218420355632,219.0,221.24362204724417
2327.4433761228297,1956.2408116773447,222.0,221.24362204724417
2323.4471916396633,1961.1756885325965,219.0,221.24362204724417
2319.1982122892846,1965.894658174378,222.0,221.24362204724417
2315.202027806118,1970.8295350296298,219.0,221.24362204724417
2310.9530484557395,1975.5485046714114,222.0,221.24362204724417
2306.956863972573,1980.4833815266632,219.0,221.24362204724417
2302.7078846221943,1985.2023511684447,222.0,221.24362204724417
2298.711700139028,1990.1372280236965,219.0,221.24362204724417
2294.462720788649,1994.856197665478,222.0,221.24362204724417
2290.466536305483,1999.7910745207298,219.0,221.24362204724417
2286.217556955104,2004.5100441625113,222.0,221.24362204724417
2282.2213724719377,2009.4449210177631,219.0,221.24362204724417
2277.972393121559,2014.1638906595447,222.0,221.24362204724417
2273.9762086383926,2019.0987675147965,219.0,221.24362204724417
2269.727229288014,2023.817737156578,222.0,221.24362204724417
2265.7310448048474,2028.7526140118298,219.0,221.24362204724417
2261.4820654544687,2033.4715836536113,222.0,221.24362204724417
2257.4858809713023,2038.4064605088631,219.0,221.24362204724417
2253.2369016209236,2043.1254301506447,222.0,221.24362204724417
2249.240717137757,2048.0603070058964,219.0,221.24362204724417
2244.9917377873785,2052.7792766476778,222.0,221.24362204724417
2240.995553304212,2057.7141535029295,219.0,221.24362204724417
2236.7465739538334,2062.433123144711,222.0,221.24362204724417
2232.750389470667,2067.3679999999626,219.0,221.24362204724417
2228.5014101202883,2072.086969641744,222.0,221.24362204724417
2224.505225637122,2077.0218464969957,219.0,221.24362204724417
2220.256246286743,2081.740816138777,222.0,221.24362204724417
2216.2600618035767,2086.675692994029,219.0,221.24362204724417
2212.011082453198,2091.39466263581,222.0,221.24362204724417
2208.0148979700316,2096.329539491062,219.0,221.24362204724417
2203.765918619653,2101.0485091328433,222.0,221.24362204724417
2199.7697341364865,2105.983385988095,219.0,221.24362204724417
2195.520754786108,2110.7023556298764,222.0,221.24362204724417
2191.5245703029414,2115.637232485128,219.0,221.24362204724417
2187.2755909525627,2120.3562021269095,222.0,221.24362204724417
2183.2794064693962,2125.2910789821613,219.0,221.24362204724417
2179.0304271190175,2130.0100486239426,222.0,221.24362204724417
2175.034242635851,2134.9449254791944,219.0,221.24362204724417
2170.7852632854724,2139.6638951209757,222.0,221.24362204724417
2166.789078802306,2144.5987719762275,219.0,221.24362204724417
2162.5400994519273,2149.3177416180088,222.0,221.24362204724417
2158.543914968761,2154.2526184732606,219.0,221.24362204724417
2154.294935618382,2158.971588115042,222.0,221.24362204724417
2150.2987511352158,2163.9064649702937,219.0,221.24362204724417
2146.049771784837,2168.625434612075,222.0,223.8819685039371
2141.5596437243025,2173.1155626726095,225.0,226.52031496063
2136.840674082521,2177.364542022988,228.0,229.15866141732292
2131.9057972272694,2181.3607265061546,231.0,231.79700787401583
2126.7685393129887,2185.0931628582116,234.0,234.43535433070875
2121.442981206535,2188.551620730557,237.0,237.07370078740166
2115.943719892504,2191.726620730557,240.0,239.71204724409458
2110.285828463908,2194.609460403903,243.0,242.3503937007875
2104.4848148078772,2197.1922380874344,246.0,244.9887401574804
2098.55657909962,2199.467874567047,249.0,247.62708661417332
2092.517370221146,2201.430132481328,252.0,250.26543307086624
2086.3837412242106,2203.073633417729,255.0,252.90377952755915
2080.172503959551,2204.393872654422,258.0,255.54212598425207
2073.9006829967716,2205.3872315074273,261.0,258.180472440945
2067.689445732112,2206.70747074412,258.0,260.81881889763787
2061.4176247693326,2207.7008295971254,261.0,263.45716535433075
2055.102410733744,2208.3645853388753,264.0,266.09551181102364
2048.761113188052,2208.696918661018,267.0,268.7338582677165
2042.4111131880522,2208.696918661018,270.0,271.3722047244094
2036.0698156423607,2208.3645853388753,273.0,274.0105511811023
2029.7546016067722,2207.7008295971254,276.0,276.6488976377952
2023.482780643993,2206.70747074412,279.0,279.2872440944881
2017.2715433793333,2205.3872315074273,282.0,281.92559055118096
2011.1379143823976,2203.7437305710264,285.0,284.56393700787385
2005.0987055039234,2201.7814726567453,288.0,287.20228346456673
1999.1704697956661,2199.5058361771326,291.0,289.8406299212596
1993.3694561396355,2196.9230584936013,294.0,292.4789763779525
1987.7115647110395,2194.040218820255,297.0,295.1173228346454
1982.2123033970083,2190.865218820255,300.0,297.7556692913383
1976.886745290555,2187.40676094791,303.0,300.39401574803117
1971.749487376274,2183.674324595853,306.0,303.03236220472405
1966.4239292698205,2180.2158667235076,303.0,305.67070866141694
1961.2866713555395,2176.4834303714506,306.0,308.3090551181098
1956.3517945002877,2172.487245888284,309.0,310.9474015748027
1951.6328248585062,2168.2382665379055,312.0,313.5857480314956
1947.1426967979717,2163.748138477371,315.0,316.2240944881885
1942.893717447593,2159.0291688355896,318.0,318.86244094488137
1938.8975329644265,2154.094291980338,321.0,318.86244094488137
1934.6485536140478,2149.3753223385565,318.0,318.86244094488137
1930.6523691308814,2144.4404454833048,321.0,318.86244094488137
1926.4033897805027,2139.7214758415234,318.0,318.86244094488137
1922.4072052973363,2134.7865989862717,321.0,318.86244094488137
1918.1582259469576,2130.0676293444903,318.0,318.86244094488137
1914.1620414637912,2125.1327524892386,321.0,318.86244094488137
1909.9130621134125,2120.4137828474572,318.0,318.86244094488137
1905.916877630246,2115.4789059922055,321.0,318.86244094488137
1901.6678982798674,2110.759936350424,318.0,318.86244094488137
1897.671713796701,2105.8250594951724,321.0,318.86244094488137
1893.4227344463222,2101.106089853391,318.0,318.86244094488137
1889.4265499631558,2096.1712129981393,321.0,318.86244094488137
1885.1775706127771,2091.452243356358,318.0,318.86244094488137
1881.1813861296107,2086.517366501106,321.0,318.86244094488137
1876.932406779232,2081.798396859325,318.0,318.86244094488137
1872.9362222960656,2076.863520004073,321.0,318.86244094488137
1868.6872429456869,2072.1445503622917,318.0,318.86244094488137
1864.6910584625205,2067.20967350704,321.0,318.86244094488137
1860.4420791121418,2062.4907038652586,318.0,318.86244094488137
1856.4458946289753,2057.555827010007,321.0,318.86244094488137
1852.1969152785966,2052.8368573682255,318.0,318.86244094488137
1848.2007307954302,2047.9019805129738,321.0,318.86244094488137
1843.9517514450515,2043.1830108711922,318.0,318.86244094488137
1839.955566961885,2038.2481340159404,321.0,318.86244094488137
1835.7065876115064,2033.5291643741589,318.0,318.86244094488137
1831.71040312834,2028.594287518907,321.0,318.86244094488137
1827.4614237779613,2023.8753178771256,318.0,318.86244094488137
1823.4652392947949,2018.9404410218738,321.0,318.86244094488137
1819.2162599444162,2014.2214713800922,318.0,318.86244094488137
1815.2200754612497,2009.2865945248404,321.0,318.86244094488137
1810.971096110871,2004.567624883059,318.0,318.86244094488137
1806.9749116277046,1999.632748027807,321.0,318.86244094488137
1802.725932277326,1994.9137783860256,318.0,318.86244094488137
1798.7297477941595,1989.9789015307738,321.0,318.86244094488137
1794.4807684437808,1985.2599318889922,318.0,318.86244094488137
1790.4845839606144,1980.3250550337405,321.0,318.86244094488137
1786.2356046102357,1975.606085391959,318.0,318.86244094488137
1782.2394201270693,1970.6712085367071,321.0,318.86244094488137
1777.9904407766905,1965.9522388949256,318.0,318.86244094488137
1773.9942562935241,1961.0173620396738,321.0,318.86244094488137
1769.7452769431454,1956.2983923978923,318.0,318.86244094488137
1765.749092459979,1951.3635155426405,321.0,318.86244094488137
1761.5001131096003,1946.644545900859,318.0,318.86244094488137
1757.503928626434,1941.7096690456071,321.0,318.86244094488137
1753.2549492760552,1936.9906994038256,318.0,318.86244094488137
1749.2587647928888,1932.0558225485738,321.0,318.86244094488137
1745.00978544251,1927.3368529067923,318.0,316.2240944881885
1740.5196573819755,1922.8467248462578,315.0,313.5857480314956
1735.800687740194,1918.597745495879,312.0,310.9474015748027
1730.8658108849422,1914.6015610127126,309.0,308.3090551181098
1725.7285529706612,1910.8691246606554,306.0,305.67070866141694
1720.4029948642078,1907.41066678831,303.0,303.03236220472405
1714.9037335501766,1904.23566678831,300.0,300.39401574803117
1709.2458421215806,1901.352827114964,297.0,297.7556692913383
1703.44482846555,1898.7700494314327,294.0,295.1173228346454
1697.5165927572928,1896.49441295182,291.0,292.4789763779525
1691.4773838788185,1894.5321550375393,288.0,289.8406299212596
1685.343754881883,1892.8886541011382,285.0,287.20228346456673
1679.1325176172231,1891.5684148644455,282.0,284.56393700787385
1672.860696654444,1890.57505601144,279.0,281.92559055118096
1666.6494593897842,1889.2548167747473,282.0,279.2872440944881
1660.377638427005,1888.2614579217418,279.0,276.6488976377952
1654.0624243914165,1887.5977021799922,276.0,274.0105511811023
1647.721126845725,1887.2653688578496,273.0,271.3722047244094
1641.371126845725,1887.2653688578496,270.0,268.7338582677165
1635.0298293000335,1887.5977021799922,267.0,266.09551181102364
1628.714615264445,1888.2614579217418,264.0,263.45716535433075
1622.4427943016658,1889.2548167747473,261.0,260.81881889763787
1616.231557037006,1890.57505601144,258.0,258.180472440945
1610.0979280400704,1892.218556947841,255.0,255.54212598425207
1604.0587191615962,1894.180814862122,252.0,252.90377952755915
1598.130483453339,1896.4564513417345,249.0,250.26543307086624
1592.3294697973083,1899.0392290252657,246.0,247.62708661417332
1586.6715783687123,1901.9220686986118,243.0,244.9887401574804
1581.1723170546811,1905.0970686986118,240.0,242.3503937007875
1575.8467589482277,1908.5555265709572,237.0,239.71204724409458
1570.3474976341965,1911.7305265709572,240.0,237.07370078740166
1565.0219395277431,1915.1889844433026,237.0,234.43535433070875
1559.8846816134621,1918.9214207953598,234.0,231.79700787401583
1554.9498047582103,1922.9176052785263,231.0,229.15866141732292
1550.2308351164288,1927.166584628905,228.0,226.52031496063
1545.7407070558943,1931.6567126894395,225.0,223.8819685039371
1541.4917277055156,1936.375682331221,222.0,221.24362204724417
1537.4955432223492,1941.3105591864728,219.0,218.60527559055126
1533.763106870292,1946.4478171007538,216.0,215.96692913385834
1530.3046489979465,1951.7733752072072,213.0,213.32858267716543
1527.1296489979466,1957.2726365212384,210.0,210.6902362204725
1524.2468093246005,1962.9305279498344,207.0,208.0518897637796
1521.6640316410692,1968.731541605865,204.0,205.41354330708668
1519.3883951614566,1974.6597773141223,201.0,202.77519685039377
1517.4261372471758,1980.6989861925965,198.0,200.13685039370085
1515.7826363107747,1986.8326151895321,195.0,197.49850393700794
1514.462397074082,1993.043852454192,192.0,194.86015748031502
1512.818896137681,1999.1774814511275,195.0,194.86015748031502
1511.4986569009882,2005.3887187157873,192.0,194.86015748031502
1509.855155964587,2011.5223477127229,195.0,194.86015748031502
1508.5349167278944,2017.7335849773826,192.0,194.86015748031502
1506.8914157914933,2023.8672139743182,195.0,194.86015748031502
1505.5711765548006,2030.078451238978,192.0,194.86015748031502
1503.9276756183995,2036.2120802359136,195.0,194.86015748031502
1502.6074363817067,2042.4233175005734,192.0,194.86015748031502
1500.9639354453057,2048.5569464975088,195.0,197.49850393700794
1499.0016775310248,2054.596155375983,198.0,200.13685039370085
1496.7260410514123,2060.52439108424,201.0,202.77519685039377
1494.143263367881,2066.3254047402706,204.0,205.41354330708668
1491.260423694535,2071.9832961688667,207.0,208.0518897637796
1488.085423694535,2077.482557482898,210.0,210.6902362204725
1484.6269658221895,2082.8081155893515,213.0,213.32858267716543
1480.8945294701323,2087.9453735036323,216.0,215.96692913385834
1476.8983449869659,2092.880250358884,219.0,218.60527559055126
1472.6493656365872,2097.5992200006654,222.0,221.24362204724417
1468.1592375760526,2102.0893480612,225.0,223.8819685039371
1463.440267934271,2106.3383274115786,228.0,226.52031496063
1458.5053910790193,2110.334511894745,231.0,229.15866141732292
1453.3681331647383,2114.066948246802,234.0,231.79700787401583
1448.4332563094865,2118.0631327299684,231.0,231.79700787401583
1443.2959983952055,2121.7955690820254,234.0,231.79700787401583
1438.3611215399537,2125.791753565192,231.0,231.79700787401583
1433.2238636256727,2129.524189917249,234.0,231.79700787401583
1428.288986770421,2133.520374400415,231.0,231.79700787401583
1423.15172885614,2137.252810752472,234.0,231.79700787401583
1418.2168520008881,2141.2489952356386,231.0,231.79700787401583
1413.0795940866071,2144.9814315876956,234.0,231.79700787401583
1408.1447172313553,2148.977616070862,231.0,231.79700787401583
1403.0074593170743,2152.710052422919,234.0,231.79700787401583
1398.0725824618225,2156.7062369060855,231.0,231.79700787401583
1392.9353245475415,2160.4386732581424,234.0,231.79700787401583
1388.0004476922898,2164.434857741309,231.0,231.79700787401583
1382.8631897780087,2168.167294093366,234.0,231.79700787401583
1377.928312922757,2172.1634785765323,231.0,231.79700787401583
1372.791055008476,2175.8959149285893,234.0,231.79700787401583
1367.8561781532242,2179.8920994117557,231.0,231.79700787401583
1362.7189202389432,2183.6245357638127,234.0,231.79700787401583
1357.7840433836914,2187.620720246979,231.0,231.79700787401583
1352.6467854694104,2191.353156599036,234.0,231.79700787401583
1347.7119086141586,2195.3493410822025,231.0,231.79700787401583
1342.5746506998776,2199.0817774342595,234.0,231.79700787401583
1337.6397738446258,2203.077961917426,231.0,231.79700787401583
1332.5025159303448,2206.810398269483,234.0,231.79700787401583
1327.567639075093,2210.8065827526493,231.0,231.79700787401583
1322.430381160812,2214.5390191047063,234.0,231.79700787401583
1317.4955043055602,2218.5352035878727,231.0,231.79700787401583
1312.3582463912792,2222.2676399399297,234.0,234.43535433070875
1307.0326882848258,2225.726097812275,237.0,237.07370078740166
1301.5334269707946,2228.901097812275,240.0,239.71204724409458
1295.8755355421986,2231.783937485621,243.0,242.3503937007875
1290.074521886168,2234.3667151691525,246.0,244.9887401574804
1284.416630457572,2237.2495548424986,243.0,244.9887401574804
1278.6156168015414,2239.83233252603,246.0,244.9887401574804
1272.9577253729453,2242.715172199376,243.0,244.9887401574804
1267.1567117169147,2245.2979498829072,246.0,244.9887401574804
1261.4988202883187,2248.1807895562533,243.0,244.9887401574804
1255.6978066322881,2250.7635672397846,246.0,244.9887401574804
1250.039915203692,2253.6464069131307,243.0,244.9887401574804
1244.2389015476615,2256.229184596662,246.0,244.9887401574804
1238.5810101190655,2259.112024270008,243.0,244.9887401574804
1232.7799964630349,2261.6948019535394,246.0,244.9887401574804
1227.1221050344388,2264.5776416268855,243.0,244.9887401574804
1221.3210913784083,2267.1604193104167,246.0,244.9887401574804
1215.6631999498122,2270.043258983763,243.0,244.9887401574804
1209.8621862937816,2272.626036667294,246.0,244.9887401574804
1204.2042948651856,2275.50887634064,243.0,244.9887401574804
1198.403281209155,2278.0916540241715,246.0,244.9887401574804
1192.745389780559,2280.9744936975176,243.0,244.9887401574804
1186.9443761245284,2283.557271381049,246.0,244.9887401574804
1181.2864846959324,2286.440111054395,243.0,244.9887401574804
1175.4854710399018,2289.022888737926,246.0,244.9887401574804
1169.5572353316445,2291.298525217539,249.0,247.62708661417332
1163.5180264531703,2293.26078313182,252.0,250.26543307086624
1157.3843974562346,2294.904284068221,255.0,252.90377952755915
1151.1731601915749,2296.224523304914,258.0,255.54212598425207
1144.9013392287957,2297.217882157919,261.0,258.180472440945
1138.690101964136,2298.538121394612,258.0,260.81881889763787
1132.4182810013567,2299.5314802476173,261.0,263.45716535433075
1126.1030669657682,2300.195235989367,264.0,266.09551181102364
1119.7617694200767,2300.52756931151,267.0,268.7338582677165
1113.4117694200768,2300.52756931151,270.0,271.3722047244094
1107.0704718743852,2300.195235989367,273.0,274.0105511811023
1100.7552578387968,2299.5314802476173,276.0,276.6488976377952
1094.4834368760175,2298.538121394612,279.0,279.2872440944881
1088.2721996113578,2297.217882157919,282.0,281.92559055118096
1082.1385706144222,2295.5743812215183,285.0,284.56393700787385
1075.9273333497624,2294.2541419848253,282.0,284.56393700787385
1069.7937043528268,2292.6106410484244,285.0,284.56393700787385
1063.582467088167,2291.2904018117315,282.0,284.56393700787385
1057.4488380912314,2289.6469008753306,285.0,284.56393700787385
1051.2376008265717,2288.3266616386377,282.0,284.56393700787385
1045.103971829636,2286.683160702237,285.0,284.56393700787385
1038.8927345649763,2285.362921465544,282.0,284.56393700787385
1032.7591055680407,2283.719420529143,285.0,284.56393700787385
1026.547868303381,2282.39918129245,282.0,284.56393700787385
1020.4142393064453,2280.755680356049,285.0,284.56393700787385
1014.2030020417857,2279.4354411193563,282.0,284.56393700787385
1008.0693730448501,2277.7919401829554,285.0,284.56393700787385
1001.8581357801904,2276.4717009462624,282.0,284.56393700787385
995.7245067832548,2274.8282000098616,285.0,287.20228346456673
989.6852979047806,2272.8659420955805,288.0,289.8406299212596
983.7570621965233,2270.5903056159677,291.0,292.4789763779525
977.9560485404928,2268.0075279324365,294.0,295.1173228346454
972.2981571118967,2265.1246882590904,297.0,297.7556692913383
966.7988957978655,2261.94968825909,300.0,300.39401574803117
961.4733376914121,2258.491230386745,303.0,303.03236220472405
956.3360797771312,2254.758794034688,306.0,305.67070866141694
951.4012029218794,2250.7626095515216,309.0,308.3090551181098
946.682233280098,2246.513630201143,312.0,310.9474015748027
942.1921052195634,2242.0235021406083,315.0,313.5857480314956
937.9431258691847,2237.304532498827,318.0,316.2240944881885
933.9469413860182,2232.3696556435752,321.0,318.86244094488137
930.214505033961,2227.2323977292945,324.0,321.50078740157426
926.7560471616156,2221.906839622841,327.0,324.13913385826714
923.0236108095584,2216.76958170856,324.0,326.77748031496003
919.5651529372129,2211.4440236021064,327.0,329.4158267716529
916.390152937213,2205.9447622880753,330.0,332.0541732283458
913.5073132638669,2200.286870859479,333.0,334.6925196850387
910.9245355803356,2194.4858572034486,336.0,337.3308661417316
908.6488991007229,2188.5576214951916,339.0,339.96921259842446
906.686641186442,2182.5184126167173,342.0,339.96921259842446
904.4110047068293,2176.5901769084603,339.0,339.96921259842446
902.4487467925484,2170.550968029986,342.0,339.96921259842446
900.1731103129357,2164.622732321729,339.0,339.96921259842446
898.2108523986548,2158.5835234432548,342.0,339.96921259842446
895.9352159190421,2152.6552877349977,339.0,339.96921259842446
893.9729580047612,2146.6160788565235,342.0,339.96921259842446
891.6973215251485,2140.6878431482664,339.0,339.96921259842446
889.7350636108675,2134.648634269792,342.0,339.96921259842446
887.4594271312549,2128.720398561535,339.0,339.96921259842446
885.4971692169739,2122.681189683061,342.0,339.96921259842446
883.2215327373613,2116.752953974804,339.0,339.96921259842446
881.2592748230803,2110.7137450963296,342.0,339.96921259842446
878.9836383434676,2104.7855093880726,339.0,339.96921259842446
877.0213804291867,2098.7463005095983,342.0,339.96921259842446
874.745743949574,2092.8180648013413,339.0,339.96921259842446
872.7834860352931,2086.778855922867,342.0,339.96921259842446
870.5078495556804,2080.85062021461,339.0,339.96921259842446
868.5455916413995,2074.8114113361357,342.0,339.96921259842446
866.2699551617868,2068.8831756278787,339.0,339.96921259842446
864.3076972475059,2062.8439667494044,342.0,339.96921259842446
862.0320607678932,2056.9157310411474,339.0,339.96921259842446
860.0698028536123,2050.876522162673,342.0,339.96921259842446
857.7941663739996,2044.948286454416,339.0,339.96921259842446
855.8319084597186,2038.9090775759416,342.0,339.96921259842446
853.556271980106,2032.9808418676844,339.0,339.96921259842446
851.594014065825,2026.9416329892101,342.0,342.60755905511735
849.950513129424,2020.8080039922745,345.0,345.24590551181024
848.6302738927312,2014.5967667276147,348.0,347.8842519685031
847.6369150397257,2008.3249457648355,351.0,350.522598425196
846.3166758030329,2002.1137085001758,348.0,350.522598425196
845.3233169500274,1995.8418875373966,351.0,350.522598425196
844.0030777133346,1989.6306502727368,348.0,350.522598425196
843.0097188603291,1983.3588293099576,351.0,350.522598425196
841.6894796236363,1977.1475920452979,348.0,350.522598425196
840.6961207706308,1970.8757710825187,351.0,350.522598425196
839.375881533938,1964.664533817859,348.0,350.522598425196
838.3825226809325,1958.3927128550797,351.0,350.522598425196
837.0622834442397,1952.18147559042,348.0,350.522598425196
836.0689245912342,1945.9096546276407,351.0,350.522598425196
834.7486853545414,1939.698417362981,348.0,350.522598425196
833.7553265015359,1933.4265964002018,351.0,350.522598425196
832.4350872648431,1927.215359135542,348.0,350.522598425196
831.4417284118376,1920.9435381727628,351.0,350.522598425196
830.1214891751448,1914.732300908103,348.0,350.522598425196
829.1281303221393,1908.4604799453239,351.0,350.522598425196
827.8078910854465,1902.249242680664,348.0,350.522598425196
826.814532232441,1895.977421717885,351.0,350.522598425196
825.4942929957482,1889.7661844532252,348.0,350.522598425196
824.5009341427427,1883.494363490446,351.0,350.522598425196
823.1806949060499,1877.2831262257862,348.0,350.522598425196
822.1873360530444,1871.011305263007,351.0,350.522598425196
820.8670968163516,1864.8000679983472,348.0,350.522598425196
819.8737379633461,1858.528247035568,351.0,350.522598425196
819.2099822215965,1852.2130329999795,354.0,353.1609448818889
818.8776488994538,1845.871735454288,357.0,355.7992913385818
818.8776488994538,1839.521735454288,360.0,358.43763779527467
819.2099822215965,1833.1804379085966,363.0,361.07598425196755
819.2099822215965,1826.8304379085967,360.0,361.07598425196755
819.5423155437393,1820.4891403629051,363.0,361.07598425196755
819.5423155437393,1814.1391403629052,360.0,361.07598425196755
819.874648865882,1807.7978428172137,363.0,361.07598425196755
819.874648865882,1801.4478428172138,360.0,361.07598425196755
820.2069821880248,1795.1065452715222,363.0,361.07598425196755
820.2069821880248,1788.7565452715223,360.0,361.07598425196755
820.5393155101675,1782.4152477258308,363.0,361.07598425196755
820.5393155101675,1776.065247725831,360.0,361.07598425196755
820.8716488323103,1769.7239501801394,363.0,361.07598425196755
820.8716488323103,1763.3739501801394,360.0,361.07598425196755
821.203982154453,1757.032652634448,363.0,361.07598425196755
821.203982154453,1750.682652634448,360.0,361.07598425196755
821.5363154765957,1744.3413550887565,363.0,361.07598425196755
821.5363154765957,1737.9913550887566,360.0,361.07598425196755
821.8686487987385,1731.650057543065,363.0,361.07598425196755
821.8686487987385,1725.3000575430651,360.0,361.07598425196755
822.2009821208812,1718.9587599973736,363.0,361.07598425196755
822.2009821208812,1712.6087599973737,360.0,361.07598425196755
822.533315443024,1706.2674624516821,363.0,361.07598425196755
822.533315443024,1699.9174624516822,360.0,361.07598425196755
822.8656487651667,1693.5761649059907,363.0,361.07598425196755
822.8656487651667,1687.2261649059908,360.0,361.07598425196755
823.1979820873095,1680.8848673602993,363.0,361.07598425196755
823.1979820873095,1674.5348673602994,360.0,361.07598425196755
823.5303154094522,1668.1935698146078,363.0,361.07598425196755
823.5303154094522,1661.843569814608,360.0,361.07598425196755
823.862648731595,1655.5022722689164,363.0,361.07598425196755
823.862648731595,1649.1522722689165,360.0,361.07598425196755
824.1949820537377,1642.810974723225,363.0,361.07598425196755
824.1949820537377,1636.460974723225,360.0,361.07598425196755
824.5273153758804,1630.1196771775335,363.0,361.07598425196755
824.5273153758804,1623.7696771775336,360.0,361.07598425196755
824.8596486980232,1617.428379631842,363.0,361.07598425196755
824.8596486980232,1611.0783796318422,360.0,361.07598425196755
825.1919820201659,1604.7370820861506,363.0,361.07598425196755
825.1919820201659,1598.3870820861507,360.0,361.07598425196755
825.5243153423087,1592.0457845404592,363.0,361.07598425196755
825.5243153423087,1585.6957845404593,360.0,361.07598425196755
825.8566486644514,1579.3544869947677,363.0,361.07598425196755
825.8566486644514,1573.0044869947678,360.0,361.07598425196755
826.1889819865942,1566.6631894490763,363.0,361.07598425196755
826.1889819865942,1560.3131894490764,360.0,361.07598425196755
826.5213153087369,1553.9718919033849,363.0,361.07598425196755
826.5213153087369,1547.621891903385,360.0,361.07598425196755
826.8536486308797,1541.2805943576934,363.0,361.07598425196755
826.8536486308797,1534.9305943576935,360.0,361.07598425196755
827.1859819530224,1528.589296812002,363.0,361.07598425196755
827.1859819530224,1522.239296812002,360.0,361.07598425196755
827.5183152751652,1515.8979992663105,363.0,361.07598425196755
827.5183152751652,1509.5479992663106,360.0,361.07598425196755
827.8506485973079,1503.206701720619,363.0,361.07598425196755
827.8506485973079,1496.8567017206192,360.0,361.07598425196755
828.1829819194506,1490.5154041749277,363.0,361.07598425196755
828.1829819194506,1484.1654041749277,360.0,361.07598425196755
828.5153152415934,1477.8241066292362,363.0,361.07598425196755
828.5153152415934,1471.4741066292363,360.0,361.07598425196755
828.8476485637361,1465.1328090835448,363.0,361.07598425196755
828.8476485637361,1458.7828090835449,360.0,361.07598425196755
829.1799818858789,1452.4415115378533,363.0,361.07598425196755
829.1799818858789,1446.0915115378534,360.0,361.07598425196755
829.5123152080216,1439.750213992162,363.0,361.07598425196755
829.5123152080216,1433.400213992162,360.0,361.07598425196755
829.8446485301644,1427.0589164464704,363.0,361.07598425196755
829.8446485301644,1420.7089164464705,360.0,361.07598425196755
830.1769818523071,1414.367618900779,363.0,361.07598425196755
830.1769818523071,1408.017618900779,360.0,361.07598425196755
830.5093151744499,1401.6763213550876,363.0,361.07598425196755
830.5093151744499,1395.3263213550877,360.0,361.07598425196755
830.8416484965926,1388.9850238093961,363.0,361.07598425196755
830.8416484965926,1382.6350238093962,360.0,361.07598425196755
831.1739818187353,1376.2937262637047,363.0,361.07598425196755
831.1739818187353,1369.9437262637048,360.0,361.07598425196755
831.5063151408781,1363.6024287180132,363.0,361.07598425196755
831.5063151408781,1357.2524287180133,360.0,361.07598425196755
831.8386484630208,1350.9111311723218,363.0,361.07598425196755
831.8386484630208,1344.561131172322,360.0,361.07598425196755
832.1709817851636,1338.2198336266304,363.0,361.07598425196755
832.1709817851636,1331.8698336266305,360.0,361.07598425196755
832.5033151073063,1325.528536080939,363.0,361.07598425196755
832.5033151073063,1319.178536080939,360.0,361.07598425196755
832.8356484294491,1312.8372385352475,363.0,361.07598425196755
832.8356484294491,1306.4872385352476,360.0,361.07598425196755
833.1679817515918,1300.145940989556,363.0,361.07598425196755
833.1679817515918,1293.7959409895561,360.0,361.07598425196755
833.5003150737346,1287.4546434438646,363.0,361.07598425196755
833.5003150737346,1281.1046434438647,360.0,361.07598425196755
833.8326483958773,1274.7633458981732,363.0,361.07598425196755
833.8326483958773,1268.4133458981732,360.0,361.07598425196755
834.16498171802,1262.0720483524817,363.0,361.07598425196755
834.16498171802,1255.7220483524818,360.0,361.07598425196755
834.4973150401628,1249.3807508067903,363.0,361.07598425196755
834.4973150401628,1243.0307508067904,360.0,361.07598425196755
834.8296483623055,1236.6894532610988,363.0,361.07598425196755
834.8296483623055,1230.339453261099,360.0,361.07598425196755
835.1619816844483,1223.9981557154074,363.0,361.07598425196755
835.1619816844483,1217.6481557154075,360.0,361.07598425196755
835.494315006591,1211.306858169716,363.0,361.07598425196755
835.494315006591,1204.956858169716,360.0,361.07598425196755
835.8266483287338,1198.6155606240245,363.0,361.07598425196755
835.8266483287338,1192.2655606240246,360.0,361.07598425196755
836.1589816508765,1185.924263078333,363.0,361.07598425196755
836.1589816508765,1179.5742630783332,360.0,361.07598425196755
836.4913149730193,1173.2329655326416,363.0,361.07598425196755
836.4913149730193,1166.8829655326417,360.0,361.07598425196755
836.823648295162,1160.5416679869502,363.0,361.07598425196755
836.823648295162,1154.1916679869503,360.0,361.07598425196755
837.1559816173047,1147.8503704412587,363.0,361.07598425196755
837.1559816173047,1141.5003704412588,360.0,361.07598425196755
837.4883149394475,1135.1590728955673,363.0,361.07598425196755
837.4883149394475,1128.8090728955674,360.0,361.07598425196755
837.8206482615902,1122.4677753498759,363.0,361.07598425196755
837.8206482615902,1116.117775349876,360.0,361.07598425196755
838.152981583733,1109.7764778041844,363.0,361.07598425196755
838.152981583733,1103.4264778041845,360.0,361.07598425196755
838.4853149058757,1097.085180258493,363.0,361.07598425196755
838.4853149058757,1090.735180258493,360.0,361.07598425196755
838.8176482280185,1084.3938827128015,363.0,361.07598425196755
839.481403969768,1078.078668677213,366.0,363.71433070866044
840.4747628227735,1071.8068477144338,369.0,366.3526771653533
841.1385185645231,1065.4916336788453,366.0,368.9910236220462
842.1318774175286,1059.2198127160661,369.0,371.6293700787391
843.4521166542214,1053.0085754514064,372.0,371.6293700787391
844.4454755072269,1046.7367544886272,369.0,371.6293700787391
845.7657147439197,1040.5255172239674,372.0,371.6293700787391
846.7590735969252,1034.2536962611882,369.0,371.6293700787391
848.079312833618,1028.0424589965285,372.0,371.6293700787391
849.0726716866235,1021.7706380337494,369.0,371.6293700787391
850.3929109233163,1015.5594007690897,372.0,371.6293700787391
851.3862697763218,1009.2875798063106,369.0,371.6293700787391
852.7065090130146,1003.076342541651,372.0,371.6293700787391
853.6998678660201,996.8045215788719,369.0,371.6293700787391
855.0201071027129,990.5932843142123,372.0,371.6293700787391
856.0134659557184,984.3214633514332,369.0,371.6293700787391
857.3337051924112,978.1102260867735,372.0,371.6293700787391
858.3270640454167,971.8384051239944,369.0,371.6293700787391
859.6473032821095,965.6271678593348,372.0,371.6293700787391
860.640662135115,959.3553468965557,369.0,371.6293700787391
861.9609013718078,953.1441096318961,372.0,371.6293700787391
862.9542602248133,946.872288669117,369.0,371.6293700787391
864.2744994615061,940.6610514044573,372.0,371.6293700787391
865.2678583145116,934.3892304416783,369.0,371.6293700787391
866.5880975512044,928.1779931770186,372.0,371.6293700787391
867.5814564042099,921.9061722142395,369.0,371.6293700787391
868.9016956409027,915.6949349495799,372.0,371.6293700787391
869.8950544939082,909.4231139868008,369.0,371.6293700787391
871.215293730601,903.2118767221411,372.0,371.6293700787391
872.2086525836065,896.940055759362,369.0,371.6293700787391
873.5288918202994,890.7288184947024,372.0,371.6293700787391
874.5222506733048,884.4569975319233,369.0,371.6293700787391
875.8424899099977,878.2457602672637,372.0,371.6293700787391
876.8358487630031,871.9739393044846,369.0,371.6293700787391
878.156087999696,865.762702039825,372.0,371.6293700787391
879.7995889360969,859.6290730428893,375.0,374.267716535432
881.7618468503779,853.5898641644151,378.0,376.9060629921249
884.0374833299906,847.6616284561578,381.0,379.54440944881776
886.6202610135219,841.8606148001273,384.0,382.18275590551065
889.503100686868,836.2027233715312,387.0,384.82110236220353
892.678100686868,830.7034620575,390.0,387.4594488188964
896.1365585592134,825.3779039510466,393.0,390.0977952755893
899.3115585592134,819.8786426370154,390.0,392.7361417322822
902.7700164315588,814.553084530562,393.0,395.3744881889751
906.502452783616,809.4158266162812,396.0,398.01283464566797
910.4986372667825,804.4809497610294,399.0,400.65118110236085
914.7476166171612,799.7619801192479,402.0,400.65118110236085
918.7438011003276,794.8271032639962,399.0,400.65118110236085
922.9927804507063,790.1081336222147,402.0,400.65118110236085
926.9889649338727,785.1732567669629,399.0,400.65118110236085
931.2379442842514,780.4542871251815,402.0,400.65118110236085
935.2341287674178,775.5194102699297,399.0,400.65118110236085
939.4831081177965,770.8004406281483,402.0,400.65118110236085
943.4792926009629,765.8655637728965,399.0,400.65118110236085
947.7282719513416,761.1465941311151,402.0,400.65118110236085
951.724456434508,756.2117172758633,399.0,400.65118110236085
955.9734357848868,751.4927476340819,402.0,400.65118110236085
959.9696202680532,746.5578707788301,399.0,400.65118110236085
964.2185996184319,741.8389011370487,402.0,400.65118110236085
968.2147841015983,736.9040242817969,399.0,400.65118110236085
972.463763451977,732.1850546400154,402.0,403.28952755905374
976.9538915125116,727.6949265794808,405.0,405.9278740157466
981.6728611542931,723.4459472291021,408.0,408.5662204724395
986.6077380095448,719.4497627459357,411.0,411.2045669291324
991.7449959238257,715.7173263938785,414.0,413.8429133858253
997.0705540302791,712.258868521533,417.0,416.48125984251817
1002.5698153443103,709.0838685215331,420.0,419.11960629921106
1008.2277067729065,706.201028848187,423.0,421.75795275590394
1014.0287204289369,703.6182511646557,426.0,424.39629921259683
1019.9569561371942,701.342614685043,429.0,427.0346456692897
1025.9961650156683,699.3803567707621,432.0,429.6729921259826
1032.129794012604,697.7368558343611,435.0,432.3113385826755
1038.1690028910782,695.7745979200802,432.0,434.9496850393684
1044.3026318880138,694.1310969836792,435.0,437.58803149606126
1050.5138691526736,692.8108577469865,438.0,440.22637795275415
1056.7856901154528,691.817498893981,441.0,442.86472440944704
1063.1009041510413,691.1537431522314,444.0,445.5030708661399
1069.4422016967328,690.8214098300887,447.0,448.1414173228328
1075.7922016967327,690.8214098300887,450.0,450.7797637795257
1082.1334992424243,691.1537431522314,453.0,453.4181102362186
1088.4487132780127,691.817498893981,456.0,456.05645669291147
1094.720534240792,692.8108577469865,459.0,458.69480314960435
1100.9317715054517,694.1310969836792,462.0,461.33314960629724
1107.0654005023873,695.7745979200802,465.0,463.9714960629901
1113.1046093808616,697.7368558343611,468.0,466.609842519683
1119.0328450891188,700.0124923139738,471.0,469.2481889763759
1124.8338587451494,702.595269997505,474.0,471.8865354330688
1130.4917501737455,705.4781096708512,477.0,474.5248818897617
1135.9910114877766,708.6531096708511,480.0,477.16322834645456
1141.6489029163727,711.5359493441972,477.0,479.80157480314745
1147.1481642304038,714.7109493441972,480.0,482.43992125984033
1152.4737223368572,718.1694072165426,483.0,485.0782677165332
1157.6109802511382,721.9018435685998,486.0,487.7166141732261
1162.54585710639,725.8980280517662,489.0,490.354960629919
1167.2648267481716,730.1470074021449,492.0,492.9933070866119
1171.754954808706,734.6371354626796,495.0,495.63165354330476
1176.0039341590848,739.356105104461,498.0,498.26999999999765
1180.0001186422512,744.2909819597128,501.0,500.90834645669054
1183.7325549943084,749.4282398739937,504.0,503.5466929133834
1187.1910128666539,754.7537979804471,507.0,506.1850393700763
1190.3660128666538,760.2530592944782,510.0,508.8233858267692
1193.8244707389993,765.5786174009316,507.0,508.8233858267692
1196.9994707389992,771.0778787149628,510.0,508.8233858267692
1200.4579286113446,776.4034368214162,507.0,508.8233858267692
1203.6329286113446,781.9026981354474,510.0,508.8233858267692
1207.09138648369,787.2282562419008,507.0,508.8233858267692
1210.26638648369,792.727517555932,510.0,508.8233858267692
1213.7248443560354,798.0530756623854,507.0,508.8233858267692
1216.8998443560354,803.5523369764165,510.0,508.8233858267692
1220.3583022283808,808.8778950828699,507.0,508.8233858267692
1223.5333022283808,814.3771563969011,510.0,508.8233858267692
1226.9917601007262,819.7027145033545,507.0,508.8233858267692
1230.7241964527834,824.8399724176354,504.0,506.1850393700763
1234.7203809359498,829.7748492728872,501.0,503.5466929133834
1238.9693602863285,834.4938189146686,498.0,500.90834645669054
1242.965544769495,839.4286957699204,501.0,498.26999999999765
1247.2145241198737,844.1476654117018,498.0,495.63165354330476
1251.7046521804082,848.6377934722365,495.0,492.9933070866119
1256.4236218221897,852.8867728226152,492.0,492.9933070866119
1260.9137498827242,857.3769008831498,495.0,492.9933070866119
1265.6327195245058,861.6258802335285,492.0,492.9933070866119
1270.1228475850403,866.1160082940631,495.0,492.9933070866119
1274.8418172268218,870.3649876444418,492.0,492.9933070866119
1279.3319452873563,874.8551157049765,495.0,492.9933070866119
1284.050914929138,879.1040950553552,492.0,492.9933070866119
1288.5410429896724,883.5942231158898,495.0,492.9933070866119
1293.260012631454,887.8432024662685,492.0,492.9933070866119
1297.7501406919885,892.3333305268031,495.0,492.9933070866119
1302.46911033377,896.5823098771818,492.0,492.9933070866119
1306.9592383943045,901.0724379377165,495.0,492.9933070866119
1311.678208036086,905.3214172880952,492.0,492.9933070866119
1316.1683360966206,909.8115453486298,495.0,492.9933070866119
1320.8873057384021,914.0605246990085,492.0,492.9933070866119
1325.3774337989366,918.5506527595431,495.0,492.9933070866119
1330.0964034407182,922.7996321099218,492.0,492.9933070866119
1334.5865315012527,927.2897601704565,495.0,492.9933070866119
1339.3055011430342,931.5387395208352,492.0,492.9933070866119
1343.7956292035688,936.0288675813698,495.0,492.9933070866119
1348.5145988453503,940.2778469317485,492.0,492.9933070866119
1353.0047269058848,944.7679749922831,495.0,492.9933070866119
1357.7236965476663,949.0169543426618,492.0,492.9933070866119
1362.2138246082009,953.5070824031965,495.0,492.9933070866119
1366.9327942499824,957.7560617535752,492.0,490.354960629919
1371.8676711052342,961.7522462367416,489.0,487.7166141732261
1377.0049290195152,965.4846825887988,486.0,485.0782677165332
1382.3304871259686,968.9431404611443,483.0,482.43992125984033
1387.8297484399998,972.1181404611442,480.0,482.43992125984033
1393.1553065464532,975.5765983334896,483.0,482.43992125984033
1398.6545678604843,978.7515983334896,480.0,482.43992125984033
1403.9801259669377,982.210056205835,483.0,482.43992125984033
1409.479387280969,985.385056205835,480.0,482.43992125984033
1414.8049453874223,988.8435140781804,483.0,482.43992125984033
1420.3042067014535,992.0185140781804,480.0,482.43992125984033
1425.629764807907,995.4769719505258,483.0,482.43992125984033
1431.129026121938,998.6519719505258,480.0,482.43992125984033
1436.4545842283915,1002.1104298228712,483.0,482.43992125984033
1441.9538455424226,1005.2854298228712,480.0,482.43992125984033
1447.279403648876,1008.7438876952166,483.0,482.43992125984033
1452.7786649629072,1011.9188876952165,480.0,482.43992125984033
1458.1042230693606,1015.377345567562,483.0,482.43992125984033
1463.6034843833918,1018.5523455675619,480.0,482.43992125984033
1468.9290424898452,1022.0108034399074,483.0,482.43992125984033
1474.4283038038764,1025.1858034399074,480.0,482.43992125984033
1479.7538619103298,1028.6442613122529,483.0,482.43992125984033
1484.8911198246108,1032.37669766431,486.0,485.0782677165332
1489.8259966798626,1036.3728821474765,489.0,487.7166141732261
1494.544966321644,1040.6218614978552,492.0,490.354960629919
1499.0350943821786,1045.1119895583897,495.0,492.9933070866119
1503.2840737325573,1049.8309592001713,498.0,495.63165354330476
1507.7742017930918,1054.3210872607058,495.0,495.63165354330476
1512.0231811434705,1059.0400569024873,498.0,495.63165354330476
1516.513309204005,1063.5301849630218,495.0,495.63165354330476
1520.7622885543838,1068.2491546048034,498.0,495.63165354330476
1525.2524166149183,1072.739282665338,495.0,495.63165354330476
1529.501395965297,1077.4582523071194,498.0,495.63165354330476
1533.9915240258315,1081.948380367654,495.0,495.63165354330476
1538.2405033762102,1086.6673500094355,498.0,495.63165354330476
1542.7306314367447,1091.15747806997,495.0,495.63165354330476
1546.9796107871234,1095.8764477117516,498.0,495.63165354330476
1551.469738847658,1100.366575772286,495.0,495.63165354330476
1555.7187181980366,1105.0855454140676,498.0,495.63165354330476
1560.2088462585712,1109.5756734746021,495.0,495.63165354330476
1564.4578256089499,1114.2946431163837,498.0,495.63165354330476
1568.9479536694844,1118.7847711769182,495.0,492.9933070866119
1573.666923311266,1123.033750527297,492.0,490.354960629919
1578.6018001665177,1127.0299350104633,489.0,487.7166141732261
1583.7390580807987,1130.7623713625205,486.0,485.0782677165332
1589.064616187252,1134.220829234866,483.0,485.0782677165332
1594.2018741015331,1137.9532655869232,486.0,485.0782677165332
1599.5274322079865,1141.4117234592686,483.0,485.0782677165332
1604.6646901222675,1145.1441598113258,486.0,485.0782677165332
1609.990248228721,1148.6026176836713,483.0,485.0782677165332
1615.127506143002,1152.3350540357285,486.0,485.0782677165332
1620.4530642494553,1155.793511908074,483.0,485.0782677165332
1625.5903221637363,1159.5259482601311,486.0,485.0782677165332
1630.9158802701897,1162.9844061324766,483.0,485.0782677165332
1636.0531381844708,1166.7168424845338,486.0,485.0782677165332
1641.3786962909242,1170.1753003568792,483.0,485.0782677165332
1646.5159542052052,1173.9077367089365,486.0,485.0782677165332
1651.8415123116586,1177.366194581282,483.0,485.0782677165332
1656.9787702259396,1181.098630933339,486.0,485.0782677165332
1662.304328332393,1184.5570888056845,483.0,485.0782677165332
1667.441586246674,1188.2895251577418,486.0,485.0782677165332
1672.7671443531274,1191.7479830300872,483.0,485.0782677165332
1677.9044022674084,1195.4804193821444,486.0,485.0782677165332
1683.2299603738618,1198.9388772544899,483.0,485.0782677165332
1688.3672182881428,1202.671313606547,486.0,485.0782677165332
1693.6927763945962,1206.1297714788925,483.0,485.0782677165332
1698.8300343088772,1209.8622078309497,486.0,485.0782677165332
1704.1555924153306,1213.3206657032952,483.0,485.0782677165332
1709.6548537293618,1216.4956657032951,480.0,482.43992125984033
1715.3127451579578,1219.3785053766412,477.0,479.80157480314745
1720.812006471989,1222.5535053766412,480.0,477.16322834645456
1726.469897900585,1225.4363450499873,477.0,474.5248818897617
1732.2709115566156,1228.0191227335185,474.0,471.8865354330688
1738.1991472648729,1230.294759213131,471.0,471.8865354330688
1744.0001609209035,1232.8775368966624,474.0,471.8865354330688
1749.9283966291607,1235.153173376275,471.0,471.8865354330688
1755.7294102851913,1237.7359510598062,474.0,471.8865354330688
1761.6576459934486,1240.0115875394188,471.0,471.8865354330688
1767.4586596494792,1242.59436522295,474.0,471.8865354330688
1773.3868953577364,1244.8700017025626,471.0,471.8865354330688
1779.187909013767,1247.4527793860939,474.0,471.8865354330688
1785.1161447220243,1249.7284158657064,471.0,471.8865354330688
1790.9171583780549,1252.3111935492377,474.0,471.8865354330688
1796.8453940863121,1254.5868300288503,471.0,471.8865354330688
1802.6464077423427,1257.1696077123815,474.0,471.8865354330688
1808.5746434506,1259.445244191994,471.0,471.8865354330688
1814.3756571066306,1262.0280218755254,474.0,471.8865354330688
1820.3038928148878,1264.303658355138,471.0,471.8865354330688
1826.343101693362,1266.2659162694188,468.0,469.2481889763759
1832.4767306902977,1267.9094172058199,465.0,466.609842519683
1838.6879679549575,1269.2296564425126,462.0,463.9714960629901
1844.9597889177367,1270.223015295518,459.0,461.33314960629724
1851.2750029533252,1270.8867710372676,456.0,458.69480314960435
1857.5468239161044,1271.880129890273,459.0,456.05645669291147
1863.8620379516929,1272.5438856320227,456.0,456.05645669291147
1870.133858914472,1273.5372444850282,459.0,456.05645669291147
1876.4490729500606,1274.2010002267778,456.0,456.05645669291147
1882.7208939128398,1275.1943590797832,459.0,456.05645669291147
1889.0361079484283,1275.8581148215328,456.0,456.05645669291147
1895.3079289112075,1276.8514736745383,459.0,456.05645669291147
1901.623142946796,1277.5152294162879,456.0,456.05645669291147
1907.8949639095752,1278.5085882692933,459.0,456.05645669291147
1914.2101779451637,1279.172344011043,456.0,456.05645669291147
1920.4819989079429,1280.1657028640484,459.0,456.05645669291147
1926.7972129435313,1280.829458605798,456.0,456.05645669291147
1933.0690339063106,1281.8228174588035,459.0,456.05645669291147
1939.384247941899,1282.486573200553,456.0,456.05645669291147
1945.6560689046782,1283.4799320535585,459.0,456.05645669291147
1951.9712829402667,1284.143687795308,456.0,456.05645669291147
1958.243103903046,1285.1370466483136,459.0,456.05645669291147
1964.5583179386344,1285.8008023900632,456.0,456.05645669291147
1970.8301389014136,1286.7941612430686,459.0,456.05645669291147
1977.1453529370021,1287.4579169848182,456.0,456.05645669291147
1983.4171738997813,1288.4512758378237,459.0,456.05645669291147
1989.7323879353698,1289.1150315795733,456.0,453.4181102362186
1996.0736854810614,1289.447364901716,453.0,450.7797637795257
2002.4236854810613,1289.447364901716,450.0,448.1414173228328
2008.7649830267528,1289.1150315795733,447.0,445.5030708661399
2015.0801970623413,1288.4512758378237,444.0,445.5030708661399
2021.4214946080328,1288.118942515681,447.0,445.5030708661399
2027.7367086436213,1287.4551867739315,444.0,445.5030708661399
2034.0780061893129,1287.1228534517888,447.0,445.5030708661399
2040.3932202249014,1286.4590977100393,444.0,445.5030708661399
2046.734517770593,1286.1267643878966,447.0,445.5030708661399
2053.0497318061816,1285.463008646147,444.0,445.5030708661399
2059.3910293518734,1285.1306753240044,447.0,445.5030708661399
2065.706243387462,1284.4669195822548,444.0,445.5030708661399
2072.047540933154,1284.1345862601122,447.0,445.5030708661399
2078.3627549687426,1283.4708305183626,444.0,445.5030708661399
2084.7040525144344,1283.13849719622,447.0,445.5030708661399
2091.019266550023,1282.4747414544704,444.0,445.5030708661399
2097.360564095715,1282.1424081323278,447.0,445.5030708661399
2103.6757781313036,1281.4786523905782,444.0,445.5030708661399
2110.0170756769953,1281.1463190684356,447.0,445.5030708661399
2116.332289712584,1280.482563326686,444.0,445.5030708661399
2122.673587258276,1280.1502300045433,447.0,445.5030708661399
2128.9888012938645,1279.4864742627938,444.0,445.5030708661399
2135.3300988395563,1279.1541409406511,447.0,445.5030708661399
2141.645312875145,1278.4903851989015,444.0,445.5030708661399
2147.917133837924,1277.497026345896,441.0,442.86472440944704
2154.128371102584,1276.1767871092034,438.0,440.22637795275415
2160.2620000995194,1274.5332861728023,435.0,437.58803149606126
2166.3012089779936,1272.5710282585214,432.0,434.9496850393684
2172.434837974929,1270.9275273221203,435.0,432.3113385826755
2178.4740468534033,1268.9652694078395,432.0,429.6729921259826
2184.4022825616603,1266.689632928227,429.0,429.6729921259826
2190.4414914401345,1264.7273750139461,432.0,429.6729921259826
2196.3697271483916,1262.4517385343336,429.0,429.6729921259826
2202.408936026866,1260.4894806200527,432.0,429.6729921259826
2208.337171735123,1258.2138441404402,429.0,429.6729921259826
2214.376380613597,1256.2515862261594,432.0,429.6729921259826
2220.304616321854,1253.9759497465468,429.0,429.6729921259826
2226.3438252003284,1252.013691832266,432.0,429.6729921259826
2232.2720609085854,1249.7380553526534,429.0,429.6729921259826
2238.3112697870597,1247.7757974383726,432.0,429.6729921259826
2244.2395054953167,1245.50016095876,429.0,429.6729921259826
2250.278714373791,1243.5379030444792,432.0,429.6729921259826
2256.206950082048,1241.2622665648666,429.0,429.6729921259826
2262.2461589605223,1239.3000086505858,432.0,429.6729921259826
2268.1743946687793,1237.0243721709733,429.0,429.6729921259826
2274.2136035472536,1235.0621142566924,432.0,429.6729921259826
2280.1418392555106,1232.7864777770799,429.0,429.6729921259826
2286.181048133985,1230.824219862799,432.0,429.6729921259826
2292.109283842242,1228.5485833831865,429.0,427.0346456692897
2297.9102974982725,1225.9658056996552,426.0,424.39629921259683
2303.5681889268685,1223.0829660263091,423.0,421.75795275590394
2309.0674502408997,1219.9079660263092,420.0,419.11960629921106
2314.3930083473533,1216.4495081539637,417.0,416.48125984251817
2319.530266261634,1212.7170718019065,414.0,413.8429133858253
2324.465143116886,1208.72088731874,411.0,411.2045669291324
2329.6024010311667,1204.9884509666829,414.0,411.2045669291324
2334.5372778864185,1200.9922664835165,411.0,411.2045669291324
2339.6745358006992,1197.2598301314592,414.0,411.2045669291324
2344.609412655951,1193.2636456482928,411.0,411.2045669291324
2349.746670570232,1189.5312092962356,414.0,411.2045669291324
2354.6815474254836,1185.5350248130692,411.0,411.2045669291324
2359.8188053397644,1181.802588461012,414.0,411.2045669291324
2364.753682195016,1177.8064039778455,411.0,411.2045669291324
2369.890940109297,1174.0739676257883,414.0,411.2045669291324
2374.8258169645487,1170.077783142622,411.0,411.2045669291324
2379.9630748788295,1166.3453467905647,414.0,411.2045669291324
2384.8979517340813,1162.3491623073983,411.0,411.2045669291324
2390.035209648362,1158.616725955341,414.0,411.2045669291324
2394.970086503614,1154.6205414721746,411.0,411.2045669291324
2400.1073444178946,1150.8881051201174,414.0,411.2045669291324
2405.0422212731464,1146.891920636951,411.0,411.2045669291324
2410.179479187427,1143.1594842848938,414.0,411.2045669291324
2415.114356042679,1139.1632998017274,411.0,411.2045669291324
2420.2516139569598,1135.4308634496701,414.0,411.2045669291324
2425.1864908122116,1131.4346789665037,411.0,411.2045669291324
2430.3237487264923,1127.7022426144465,414.0,411.2045669291324
2435.258625581744,1123.70605813128,411.0,411.2045669291324
2440.395883496025,1119.9736217792229,414.0,411.2045669291324
2445.3307603512767,1115.9774372960565,411.0,411.2045669291324
2450.4680182655575,1112.2450009439992,414.0,411.2045669291324
2455.4028951208093,1108.2488164608328,411.0,411.2045669291324
2460.54015303509,1104.5163801087756,414.0,411.2045669291324
2465.475029890342,1100.5201956256092,411.0,411.2045669291324
2470.6122878046226,1096.787759273552,414.0,411.2045669291324
2475.5471646598744,1092.7915747903855,411.0,408.5662204724395
2480.2661343016557,1088.5425954400068,408.0,405.9278740157466
2484.7562623621902,1084.0524673794723,405.0,403.28952755905374
2489.005241712569,1079.3334977376908,402.0,400.65118110236085
2493.0014261957353,1074.398620882439,399.0,398.01283464566797
2496.7338625477923,1069.261362968158,396.0,395.3744881889751
2500.1923204201375,1063.9358048617046,393.0,392.7361417322822
2503.3673204201377,1058.4365435476734,390.0,390.0977952755893
2506.250160093484,1052.7786521190774,387.0,387.4594488188964
2508.832937777015,1046.9776384630468,384.0,384.82110236220353
2511.108574256628,1041.0494027547895,381.0,382.18275590551065
2513.070832170909,1035.0101938763153,378.0,379.54440944881776
2514.71433310731,1028.8765648793797,375.0,376.9060629921249
2516.0345723440028,1022.66532761472,372.0,374.267716535432
2517.027931197008,1016.3935066519409,369.0,371.6293700787391
2517.691686938758,1010.0782926163524,366.0,368.9910236220462
2518.685045791763,1003.8064716535733,369.0,366.3526771653533
2519.348801533513,997.4912576179848,366.0,363.71433070866044
2519.6811348556557,991.1499600722933,363.0,361.07598425196755
2519.6811348556557,984.7999600722933,360.0,358.43763779527467
2519.348801533513,978.4586625266018,357.0,355.7992913385818
2518.685045791763,972.1434484910133,354.0,353.1609448818889
2517.691686938758,965.8716275282342,351.0,350.522598425196
2516.371447702065,959.6603902635745,348.0,347.8842519685031
2514.727946765664,953.5267612666389,345.0,345.24590551181024
2512.765688851383,947.4875523881647,342.0,342.60755905511735
2510.49005237177,941.5593166799074,339.0,339.96921259842446
2507.907274688239,935.7583030238769,336.0,337.3308661417316
2505.024435014893,930.1004115952808,333.0,334.6925196850387
2501.8494350148926,924.6011502812496,330.0,332.0541732283458
2498.3909771425474,919.2755921747962,327.0,329.4158267716529
2494.6585407904904,914.1383342605153,324.0,326.77748031496003
2491.200082918145,908.8127761540619,327.0,324.13913385826714
2487.467646566088,903.675518239781,324.0,321.50078740157426
2483.471462082922,898.7406413845292,321.0,318.86244094488137
2479.222482732543,894.0216717427478,318.0,316.2240944881885
2474.7323546720086,889.5315436822132,315.0,313.5857480314956
2470.0133850302273,885.2825643318345,312.0,310.9474015748027
2465.0785081749755,881.286379848668,309.0,308.3090551181098
2459.9412502606947,877.5539434966108,306.0,305.67070866141694
2454.615692154241,874.0954856242654,303.0,303.03236220472405
2449.11643084021,870.9204856242654,300.0,300.39401574803117
2443.458539411614,868.0376459509193,297.0,297.7556692913383
2437.6575257555833,865.4548682673881,294.0,295.1173228346454
2431.7292900473262,863.1792317877754,291.0,292.4789763779525
2425.9282763912956,860.5964541042441,294.0,292.4789763779525
2420.0000406830386,858.3208176246314,291.0,292.4789763779525
2414.199027027008,855.7380399411002,294.0,292.4789763779525
2408.270791318751,853.4624034614875,291.0,292.4789763779525
2402.4697776627204,850.8796257779562,294.0,292.4789763779525
2396.5415419544634,848.6039892983435,291.0,292.4789763779525
2390.7405282984328,846.0212116148123,294.0,292.4789763779525
2384.8122925901757,843.7455751351996,291.0,292.4789763779525
2379.011278934145,841.1627974516683,294.0,292.4789763779525
2373.083043225888,838.8871609720557,291.0,292.4789763779525
2367.2820295698575,836.3043832885244,294.0,292.4789763779525
2361.3537938616005,834.0287468089117,291.0,289.8406299212596
2355.314584983126,832.0664888946308,288.0,287.20228346456673
2349.180955986191,830.4229879582298,285.0,284.56393700787385
2342.969718721531,829.102748721537,282.0,281.92559055118096
2336.697897758752,828.1093898685315,279.0,279.2872440944881
2330.486660494092,826.7891506318387,282.0,279.2872440944881
2324.214839531313,825.7957917788332,279.0,279.2872440944881
2318.003602266653,824.4755525421403,282.0,279.2872440944881
2311.731781303874,823.4821936891349,279.0,279.2872440944881
2305.520544039214,822.161954452442,282.0,279.2872440944881
2299.248723076435,821.1685955994366,279.0,279.2872440944881
2293.0374858117752,819.8483563627437,282.0,279.2872440944881
2286.765664848996,818.8549975097383,279.0,279.2872440944881
2280.5544275843363,817.5347582730454,282.0,279.2872440944881
2274.282606621557,816.54139942004,279.0,279.2872440944881
2268.0713693568973,815.2211601833471,282.0,279.2872440944881
2261.799548394118,814.2278013303417,279.0,279.2872440944881
2255.5883111294584,812.9075620936488,282.0,279.2872440944881
2249.316490166679,811.9142032406434,279.0,279.2872440944881
2243.1052529020194,810.5939640039505,282.0,279.2872440944881
2236.83343193924,809.6006051509451,279.0,279.2872440944881
2230.6221946745804,808.2803659142522,282.0,279.2872440944881
2224.3503737118012,807.2870070612468,279.0,279.2872440944881
2218.1391364471415,805.9667678245539,282.0,279.2872440944881
2211.8673154843623,804.9734089715485,279.0,279.2872440944881
2205.6560782197025,803.6531697348556,282.0,281.92559055118096
2199.522449222767,802.0096687984546,285.0,284.56393700787385
2193.3112119581074,800.6894295617618,282.0,284.56393700787385
2187.177582961172,799.0459286253608,285.0,284.56393700787385
2180.9663456965122,797.725689388668,282.0,284.56393700787385
2174.832716699577,796.082188452267,285.0,284.56393700787385
2168.621479434917,794.7619492155742,282.0,284.56393700787385
2162.4878504379817,793.1184482791732,285.0,284.56393700787385
2156.276613173322,791.7982090424804,282.0,284.56393700787385
2150.1429841763866,790.1547081060794,285.0,284.56393700787385
2143.931746911727,788.8344688693866,282.0,284.56393700787385
2137.7981179147914,787.1909679329856,285.0,284.56393700787385
2131.5868806501317,785.8707286962928,282.0,284.56393700787385
2125.4532516531963,784.2272277598918,285.0,284.56393700787385
2119.2420143885365,782.906988523199,282.0,284.56393700787385
2113.108385391601,781.263487586798,285.0,284.56393700787385
2106.8971481269414,779.9432483501051,282.0,284.56393700787385
2100.763519130006,778.2997474137042,285.0,284.56393700787385
2094.5522818653462,776.9795081770113,282.0,284.56393700787385
2088.418652868411,775.3360072406103,285.0,284.56393700787385
2082.207415603751,774.0157680039175,282.0,284.56393700787385
2076.0737866068157,772.3722670675165,285.0,284.56393700787385
2069.862549342156,771.0520278308237,282.0,284.56393700787385
2063.7289203452206,769.4085268944227,285.0,284.56393700787385
2057.517683080561,768.0882876577299,282.0,284.56393700787385
2051.3840540836254,766.4447867213289,285.0,284.56393700787385
2045.1728168189657,765.1245474846361,282.0,284.56393700787385
2039.03918782203,763.4810465482351,285.0,284.56393700787385
2032.8279505573703,762.1608073115423,282.0,284.56393700787385
2026.6943215604347,760.5173063751413,285.0,284.56393700787385
2020.483084295775,759.1970671384485,282.0,284.56393700787385
2014.3494552988393,757.5535662020475,285.0,284.56393700787385
2008.1382180341795,756.2333269653546,282.0,284.56393700787385
2002.004589037244,754.5898260289537,285.0,284.56393700787385
1995.7933517725842,753.2695867922608,282.0,284.56393700787385
1989.6597227756486,751.6260858558599,285.0,284.56393700787385
1983.4484855109888,750.305846619167,282.0,284.56393700787385
1977.3148565140532,748.662345682766,285.0,284.56393700787385
1971.1036192493934,747.3421064460732,282.0,284.56393700787385
1964.9699902524578,745.6986055096722,285.0,284.56393700787385
1958.758752987798,744.3783662729794,282.0,284.56393700787385
1952.6251239908624,742.7348653365784,285.0,284.56393700787385
1946.4138867262027,741.4146260998856,282.0,284.56393700787385
1940.280257729267,739.7711251634846,285.0,284.56393700787385
1934.0690204646073,738.4508859267918,282.0,284.56393700787385
1927.9353914676717,736.8073849903908,285.0,287.20228346456673
1921.8961825891975,734.8451270761099,288.0,289.8406299212596
1915.9679468809402,732.5694905964972,291.0,292.4789763779525
1910.1669332249096,729.9867129129659,294.0,295.1173228346454
1904.5090417963136,727.1038732396198,297.0,297.7556692913383
1899.0097804822824,723.9288732396199,300.0,300.39401574803117
1893.684222375829,720.4704153672744,303.0,303.03236220472405
1888.546964461548,716.7379790152172,306.0,305.67070866141694
1883.6120876062962,712.7417945320508,309.0,308.3090551181098
1878.8931179645147,708.4928151816721,312.0,310.9474015748027
1874.4029899039801,704.0026871211375,315.0,313.5857480314956
1870.1540105536014,699.283717479356,318.0,316.2240944881885
1866.157826070435,694.3488406241042,321.0,318.86244094488137
1862.4253897183778,689.2115827098233,324.0,321.50078740157426
1858.9669318460324,683.88602460337,327.0,324.13913385826714
1855.2344954939751,678.748766689089,324.0,326.77748031496003
1851.7760376216297,673.4232085826357,327.0,329.4158267716529
1848.6010376216298,667.9239472686045,330.0,332.0541732283458
1845.7181979482837,662.2660558400083,333.0,334.6925196850387
1843.1354202647524,656.4650421839779,336.0,337.3308661417316
1840.8597837851398,650.5368064757206,339.0,339.96921259842446
1838.897525870859,644.4975975972463,342.0,342.60755905511735
1837.254024934458,638.3639686003107,345.0,345.24590551181024
1835.9337856977652,632.1527313356511,348.0,347.8842519685031
1834.9404268447597,625.880910372872,351.0,350.522598425196
1834.2766711030101,619.5656963372835,354.0,353.1609448818889
1833.9443377808675,613.224398791592,357.0,355.7992913385818
1833.9443377808675,606.874398791592,360.0,358.43763779527467
1834.2766711030101,600.5331012459004,363.0,361.07598425196755
1834.9404268447597,594.2178872103119,366.0,363.71433070866044
1835.9337856977652,587.9460662475328,369.0,366.3526771653533
1836.5975414395148,581.6308522119443,366.0,368.9910236220462
1837.5909002925202,575.3590312491652,369.0,371.6293700787391
1838.911139529213,569.1477939845056,372.0,374.267716535432
1840.554640465614,563.01416498757,375.0,376.9060629921249
1842.5168983798949,556.9749561090957,378.0,379.54440944881776
1844.7925348595074,551.0467204008385,381.0,382.18275590551065
1847.3753125430387,545.245706744808,384.0,384.82110236220353
1850.2581522163848,539.5878153162118,387.0,387.4594488188964
1853.4331522163848,534.0885540021807,390.0,390.0977952755893
1856.8916100887302,528.7629958957273,393.0,392.7361417322822
1860.6240464407874,523.6257379814464,396.0,395.3744881889751
1864.6202309239538,518.6908611261946,399.0,398.01283464566797
1868.8692102743325,513.9718914844132,402.0,400.65118110236085
1873.359338334867,509.4817634238786,405.0,403.28952755905374
1878.0783079766486,505.23278407349983,408.0,405.9278740157466
1883.0131848319004,501.23659959033336,411.0,408.5662204724395
1887.9724590074188,497.6334759937805,414.0,411.2045669291324
1892.5653916396295,493.91419248267596,411.0,413.7545669291324
1897.168698337623,490.5696943971318,414.0,416.2162204724395
1901.7562263442844,487.5905188755996,417.0,418.58952755905364
1906.3028597141526,484.9655188755996,420.0,420.8744881889749
1910.7846225308201,482.6819466619097,423.0,423.07110236220325
1915.178776182081,480.7255434087151,426.0,425.17937007873866
1919.4639103397033,479.08063452030217,429.0,427.1992913385812
1923.6200273159131,477.7302302548836,432.0,429.1308661417308
1927.4943860858766,476.2430032642706,429.0,430.97409448818746
1931.2320381949166,475.0285664763771,432.0,432.72897637795126
1934.8156230104491,474.0683478190467,435.0,434.3955118110221
1938.2293581370102,473.34273601809275,438.0,435.97370078740005
1941.3879355889756,472.4963977406075,435.0,437.4635433070851
1944.4935542213054,471.83627812226115,438.0,438.8650393700772
1947.629464702695,471.3395986957584,441.0,440.22838582677014
1950.7870717204894,471.0077208248836,444.0,441.59173228346305
1953.922982201879,470.5110413983809,441.0,441.59173228346305
1957.0805892196734,470.1791635275061,444.0,441.59173228346305
1960.216499701063,469.68248410100335,441.0,441.59173228346305
1963.3741067188573,469.35060623012856,444.0,441.59173228346305
1966.510017200247,468.8539268036258,441.0,441.59173228346305
1969.6676242180413,468.52204893275103,444.0,441.59173228346305
1972.8035346994309,468.0253695062483,441.0,441.59173228346305
1975.9611417172252,467.6934916353735,444.0,441.59173228346305
1979.0970521986148,467.19681220887077,441.0,441.59173228346305
1982.2546592164092,466.864934337996,444.0,441.59173228346305
1985.3905696977988,466.36825491149324,441.0,441.59173228346305
1988.5481767155932,466.03637704061845,444.0,441.59173228346305
1991.9013786319138,465.50528203180687,441.0,441.59173228346305
1995.4965752836702,465.1274116370943,444.0,441.59173228346305
1999.2843600698525,464.527485463665,441.0,443.13177165354176
2003.317146355571,464.10362254511466,444.0,444.7601574803134
2007.5862876166468,463.87988633217606,447.0,446.476889763778
2012.0812876166467,463.87988633217606,450.0,448.28196850393545
2016.7898258730145,464.12665036586156,453.0,450.17539370078583
2021.7248258730144,464.12665036586156,450.0,452.15716535432915
2026.8727611246743,464.3964422202939,453.0,454.22728346456535
2032.2183163122788,464.95828271035754,456.0,456.3857480314945
2037.7444325779086,465.8335335422576,459.0,456.3857480314945
2043.5275773994751,466.44136655615904,456.0,456.3857480314945
2049.4882765349666,467.38544855267685,459.0,456.3857480314945
2055.7090109904952,468.03927409041603,456.0,456.3857480314945
2061.9808319532744,469.0326329434215,459.0,456.3857480314945
2068.296045988863,469.6963886851711,456.0,456.3857480314945
2074.5678669516424,470.68974753817656,459.0,456.3857480314945
2080.883080987231,471.35350327992614,456.0,456.3857480314945
2087.1549019500103,472.3468621329316,459.0,456.3857480314945
2093.470115985599,473.0106178746812,456.0,456.3857480314945
2099.741936948378,474.0039767276867,459.0,456.3857480314945
2106.057150983967,474.66773246943626,456.0,456.3857480314945
2112.328971946746,475.66109132244173,459.0,456.3857480314945
2118.644185982335,476.3248470641913,456.0,456.3857480314945
2124.916006945114,477.3182059171968,459.0,456.3857480314945
2131.231220980703,477.9819616589464,456.0,456.3857480314945
2137.503041943482,478.97532051195185,459.0,456.3857480314945
2143.8182559790707,479.63907625370143,456.0,456.3857480314945
2150.09007694185,480.6324351067069,459.0,456.3857480314945
2156.4052909774387,481.2961908484565,456.0,456.3857480314945
2162.677111940218,482.28954970146197,459.0,456.3857480314945
2168.9923259758066,482.95330544321155,456.0,456.3857480314945
2175.264146938586,483.946664296217,459.0,456.3857480314945
2181.5793609741745,484.6104200379666,456.0,456.3857480314945
2187.8511819369537,485.6037788909721,459.0,456.3857480314945
2194.1663959725424,486.26753463272166,456.0,456.3857480314945
2200.4382169353216,487.26089348572714,459.0,456.3857480314945
2206.7534309709104,487.9246492274767,456.0,456.3857480314945
2213.0252519336896,488.9180080804822,459.0,456.3857480314945
2219.3404659692783,489.5817638222318,456.0,456.3857480314945
2225.6122869320575,490.57512267523725,459.0,456.3857480314945
2231.927500967646,491.23887841698684,456.0,456.3857480314945
2238.1993219304254,492.2322372699923,459.0,456.3857480314945
2244.514535966014,492.8959930117419,456.0,456.3857480314945
2250.7863569287933,493.88935186474737,459.0,456.3857480314945
2257.101570964382,494.55310760649695,456.0,456.3857480314945
2263.3733919271613,495.5464664595024,459.0,456.3857480314945
2269.68860596275,496.210222201252,456.0,456.3857480314945
2275.960426925529,497.2035810542575,459.0,456.3857480314945
2282.275640961118,497.86733679600707,456.0,456.3857480314945
2288.547461923897,498.86069564901254,459.0,456.3857480314945
2294.862675959486,499.5244513907621,456.0,456.3857480314945
2301.134496922265,500.5178102437676,459.0,456.3857480314945
2307.4497109578538,501.1815659855172,456.0,456.3857480314945
2313.721531920633,502.17492483852266,459.0,456.3857480314945
2320.0367459562217,502.83868058027224,456.0,456.3857480314945
2326.308566919001,503.8320394332777,459.0,456.3857480314945
2332.6237809545896,504.4957951750273,456.0,456.3857480314945
2338.895601917369,505.4891540280328,459.0,456.3857480314945
2345.2108159529575,506.15290976978235,456.0,456.3857480314945
2351.4826369157367,507.14626862278783,459.0,456.3857480314945
2357.7978509513255,507.8100243645374,456.0,456.3857480314945
2364.0696719141047,508.8033832175429,459.0,456.3857480314945
2370.3848859496934,509.46713895929247,456.0,456.3857480314945
2376.6567069124726,510.46049781229794,459.0,456.3857480314945
2382.9719209480613,511.1242535540475,456.0,456.3857480314945
2389.2437419108405,512.117612407053,459.0,456.3857480314945
2395.5589559464293,512.7813681488026,456.0,456.3857480314945
2401.8307769092085,513.7747270018081,459.0,456.3857480314945
2408.145990944797,514.4384827435576,456.0,456.3857480314945
2414.4178119075764,515.4318415965631,459.0,456.3857480314945
2420.733025943165,516.0955973383127,456.0,456.3857480314945
2427.0048469059443,517.0889561913182,459.0,456.3857480314945
2433.320060941533,517.7527119330678,456.0,456.3857480314945
2439.5918819043122,518.7460707860732,459.0,456.3857480314945
2445.907095939901,519.4098265278228,456.0,456.3857480314945
2452.17891690268,520.4031853808283,459.0,456.3857480314945
2458.494130938269,521.0669411225779,456.0,456.3857480314945
2464.765951901048,522.0602999755833,459.0,456.3857480314945
2471.081165936637,522.7240557173329,456.0,456.3857480314945
2477.352986899416,523.7174145703384,459.0,456.3857480314945
2483.6682009350047,524.381170312088,456.0,456.3857480314945
2489.940021897784,525.3745291650935,459.0,456.3857480314945
2496.1512591624437,526.6947684017862,462.0,459.02409448818736
2502.423080125223,527.6881272547917,459.0,461.66244094488025
2508.6343173898827,529.0083664914844,462.0,464.30078740157313
2514.767946386818,530.6518674278853,465.0,466.939133858266
2520.8071552652923,532.6141253421663,468.0,466.939133858266
2526.9407842622277,534.2576262785673,465.0,466.939133858266
2532.979993140702,536.2198841928482,468.0,466.939133858266
2539.1136221376373,537.8633851292492,465.0,466.939133858266
2545.1528310161116,539.8256430435301,468.0,466.939133858266
2551.286460013047,541.4691439799311,465.0,466.939133858266
2557.325668891521,543.4314018942121,468.0,466.939133858266
2563.4592978884566,545.074902830613,465.0,466.939133858266
2569.498506766931,547.037160744894,468.0,466.939133858266
2575.6321357638662,548.680661681295,465.0,466.939133858266
2581.6713446423405,550.6429195955759,468.0,466.939133858266
2587.804973639276,552.2864205319769,465.0,466.939133858266
2593.84418251775,554.2486784462578,468.0,469.5774803149589
2599.772418226007,556.5243149258705,471.0,472.2158267716518
2605.5734318820378,559.1070926094018,474.0,474.8541732283447
2611.231323310634,561.9899322827479,477.0,477.49251968503756
2616.730584624665,565.1649322827478,480.0,480.13086614173045
2622.0561427311186,568.6233901550933,483.0,482.76921259842334
2627.5554040451498,571.7983901550932,480.0,482.76921259842334
2632.8809621516034,575.2568480274387,483.0,482.76921259842334
2638.3802234656346,578.4318480274386,480.0,482.76921259842334
2643.705781572088,581.890305899784,483.0,482.76921259842334
2649.2050428861194,585.065305899784,480.0,482.76921259842334
2654.530600992573,588.5237637721294,483.0,482.76921259842334
2660.029862306604,591.6987637721294,480.0,482.76921259842334
2665.355420413058,595.1572216444748,483.0,482.76921259842334
2670.4926783273386,598.889657996532,486.0,485.4075590551162
2675.4275551825904,602.8858424796985,489.0,488.0459055118091
2680.1465248243717,607.1348218300772,492.0,490.684251968502
2684.636652884906,611.6249498906118,495.0,493.3225984251949
2688.885632235285,616.3439195323932,498.0,495.96094488188777
2693.3757602958194,620.8340475929278,495.0,495.96094488188777
2697.624739646198,625.5530172347093,498.0,495.96094488188777
2702.1148677067326,630.0431452952439,495.0,495.96094488188777
2706.3638470571113,634.7621149370253,498.0,495.96094488188777
2710.853975117646,639.25224299756,495.0,495.96094488188777
2715.1029544680246,643.9712126393414,498.0,495.96094488188777
2719.593082528559,648.461340699876,495.0,495.96094488188777
2723.842061878938,653.1803103416574,498.0,495.96094488188777
2728.3321899394723,657.6704384021921,495.0,495.96094488188777
2732.581169289851,662.3894080439735,498.0,495.96094488188777
2737.0712973503855,666.8795361045081,495.0,495.96094488188777
2741.320276700764,671.5985057462896,498.0,495.96094488188777
2745.8104047612987,676.0886338068242,495.0,495.96094488188777
2750.0593841116774,680.8076034486056,498.0,495.96094488188777
2754.549512172212,685.2977315091402,495.0,495.96094488188777
2758.7984915225907,690.0167011509217,498.0,495.96094488188777
2762.794676005757,694.9515780061735,501.0,498.59929133858066
2766.527112357814,700.0888359204544,504.0,501.23763779527354
2770.5232968409805,705.0237127757061,501.0,503.87598425196643
2774.2557331930375,710.160970689987,504.0,506.5143307086593
2777.7141910653827,715.4865287964404,507.0,506.5143307086593
2781.4466274174397,720.6237867107213,504.0,506.5143307086593
2784.905085289785,725.9493448171747,507.0,506.5143307086593
2788.637521641842,731.0866027314556,504.0,506.5143307086593
2792.095979514187,736.412160837909,507.0,506.5143307086593
2795.828415866244,741.5494187521899,504.0,506.5143307086593
2799.2868737385893,746.8749768586433,507.0,506.5143307086593
2803.0193100906463,752.0122347729242,504.0,506.5143307086593
2806.4777679629915,757.3377928793776,507.0,506.5143307086593
2810.2102043150485,762.4750507936585,504.0,506.5143307086593
2813.6686621873937,767.8006089001119,507.0,506.5143307086593
2817.4010985394507,772.9378668143928,504.0,506.5143307086593
2820.859556411796,778.2634249208462,507.0,506.5143307086593
2824.591992763853,783.4006828351271,504.0,506.5143307086593
2828.050450636198,788.7262409415805,507.0,506.5143307086593
2831.782886988255,793.8634988558614,504.0,506.5143307086593
2835.2413448606003,799.1890569623148,507.0,506.5143307086593
2838.9737812126573,804.3263148765957,504.0,506.5143307086593
2842.4322390850025,809.6518729830491,507.0,506.5143307086593
2846.1646754370595,814.78913089733,504.0,506.5143307086593
2849.6231333094047,820.1146890037834,507.0,506.5143307086593
2853.3555696614617,825.2519469180643,504.0,506.5143307086593
2856.814027533807,830.5775050245177,507.0,506.5143307086593
2860.546463885864,835.7147629387986,504.0,506.5143307086593
2864.004921758209,841.040321045252,507.0,506.5143307086593
2867.737358110266,846.1775789595329,504.0,506.5143307086593
2871.1958159826113,851.5031370659863,507.0,506.5143307086593
2874.9282523346683,856.6403949802672,504.0,506.5143307086593
2878.3867102070135,861.9659530867206,507.0,506.5143307086593
2882.1191465590705,867.1032110010015,504.0,506.5143307086593
2885.5776044314157,872.4287691074549,507.0,506.5143307086593
2889.3100407834727,877.5660270217357,504.0,506.5143307086593
2892.768498655818,882.8915851281891,507.0,506.5143307086593
2896.500935007875,888.02884304247,504.0,506.5143307086593
2899.95939288022,893.3544011489234,507.0,506.5143307086593
2903.691829232277,898.4916590632043,504.0,506.5143307086593
2907.1502871046223,903.8172171696577,507.0,506.5143307086593
2910.8827234566793,908.9544750839386,504.0,506.5143307086593
2914.3411813290245,914.280033190392,507.0,506.5143307086593
2918.0736176810815,919.4172911046729,504.0,506.5143307086593
2921.5320755534267,924.7428492111263,507.0,506.5143307086593
2925.2645119054837,929.8801071254072,504.0,506.5143307086593
2928.722969777829,935.2056652318606,507.0,506.5143307086593
2932.455406129886,940.3429231461415,504.0,506.5143307086593
2935.913864002231,945.6684812525949,507.0,506.5143307086593
2939.646300354288,950.8057391668758,504.0,506.5143307086593
2943.1047582266333,956.1312972733292,507.0,506.5143307086593
2946.8371945786903,961.2685551876101,504.0,506.5143307086593
2950.2956524510355,966.5941132940635,507.0,506.5143307086593
2954.0280888030925,971.7313712083444,504.0,506.5143307086593
2957.4865466754377,977.0569293147978,507.0,506.5143307086593
2961.2189830274947,982.1941872290787,504.0,506.5143307086593
2964.67744089984,987.5197453355321,507.0,506.5143307086593
2968.409877251897,992.657003249813,504.0,506.5143307086593
2971.868335124242,997.9825613562664,507.0,506.5143307086593
2975.600771476299,1003.1198192705473,504.0,506.5143307086593
2979.0592293486443,1008.4453773770007,507.0,506.5143307086593
2982.7916657007013,1013.5826352912816,504.0,506.5143307086593
2986.2501235730465,1018.908193397735,507.0,506.5143307086593
2989.9825599251035,1024.045451312016,504.0,506.5143307086593
2993.4410177974487,1029.3710094184694,507.0,506.5143307086593
2997.1734541495057,1034.5082673327504,504.0,506.5143307086593
3000.631912021851,1039.8338254392038,507.0,506.5143307086593
3004.364348373908,1044.9710833534848,504.0,506.5143307086593
3007.822806246253,1050.2966414599382,507.0,506.5143307086593
3011.55524259831,1055.4338993742192,504.0,506.5143307086593
3015.0137004706553,1060.7594574806726,507.0,506.5143307086593
3018.7461368227123,1065.8967153949536,504.0,506.5143307086593
3022.2045946950575,1071.222273501407,507.0,506.5143307086593
3025.9370310471145,1076.359531415688,504.0,506.5143307086593
3029.3954889194597,1081.6850895221414,507.0,506.5143307086593
3033.1279252715167,1086.8223474364224,504.0,506.5143307086593
3036.586383143862,1092.1479055428758,507.0,506.5143307086593
3040.318819495919,1097.2851634571568,504.0,506.5143307086593
3043.777277368264,1102.6107215636102,507.0,506.5143307086593
3047.509713720321,1107.7479794778912,504.0,506.5143307086593
3050.9681715926663,1113.0735375843446,507.0,506.5143307086593
3054.7006079447233,1118.2107954986257,504.0,506.5143307086593
3058.1590658170685,1123.536353605079,507.0,506.5143307086593
3061.8915021691255,1128.67361151936,504.0,506.5143307086593
3065.3499600414707,1133.9991696258135,507.0,506.5143307086593
3069.0823963935277,1139.1364275400945,504.0,506.5143307086593
3073.078580876694,1144.0713043953463,501.0,503.87598425196643
3076.811017228751,1149.2085623096273,504.0,501.23763779527354
3080.8072017119175,1154.143439164879,501.0,498.59929133858066
3085.056181062296,1158.8624088066606,498.0,495.96094488188777
3089.5463091228307,1163.352536867195,495.0,493.3225984251949
3094.265278764612,1167.6015162175738,492.0,490.684251968502
3099.200155619864,1171.5977007007402,489.0,488.0459055118091
3104.3374135341446,1175.3301370527975,486.0,488.0459055118091
3109.2722903893964,1179.3263215359639,489.0,488.0459055118091
3114.409548303677,1183.058757888021,486.0,488.0459055118091
3119.344425158929,1187.0549423711875,489.0,488.0459055118091
3124.4816830732098,1190.7873787232447,486.0,488.0459055118091
3129.4165599284615,1194.7835632064111,489.0,488.0459055118091
3134.5538178427423,1198.5159995584684,486.0,488.0459055118091
3139.488694697994,1202.5121840416348,489.0,488.0459055118091
3144.625952612275,1206.244620393692,486.0,488.0459055118091
3149.5608294675267,1210.2408048768584,489.0,488.0459055118091
3154.6980873818075,1213.9732412289156,486.0,488.0459055118091
3159.6329642370592,1217.969425712082,489.0,488.0459055118091
3164.77022215134,1221.7018620641393,486.0,488.0459055118091
3169.705099006592,1225.6980465473057,489.0,488.0459055118091
3174.8423569208726,1229.430482899363,486.0,488.0459055118091
3179.7772337761244,1233.4266673825293,489.0,488.0459055118091
3184.914491690405,1237.1591037345866,486.0,488.0459055118091
3189.849368545657,1241.155288217753,489.0,488.0459055118091
3194.9866264599377,1244.8877245698102,486.0,488.0459055118091
3199.9215033151895,1248.8839090529766,489.0,488.0459055118091
3205.0587612294703,1252.6163454050338,486.0,488.0459055118091
3209.993638084722,1256.6125298882002,489.0,488.0459055118091
3215.130895999003,1260.3449662402575,486.0,488.0459055118091
3220.0657728542546,1264.3411507234239,489.0,488.0459055118091
3225.2030307685354,1268.073587075481,486.0,488.0459055118091
3230.137907623787,1272.0697715586475,489.0,488.0459055118091
3235.275165538068,1275.8022079107047,486.0,488.0459055118091
3240.21004239332,1279.7983923938712,489.0,488.0459055118091
3245.3473003076006,1283.5308287459284,486.0,488.0459055118091
3250.2821771628523,1287.5270132290948,489.0,488.0459055118091
3255.419435077133,1291.259449581152,486.0,488.0459055118091
3260.354311932385,1295.2556340643184,489.0,488.0459055118091
3265.4915698466657,1298.9880704163756,486.0,488.0459055118091
3270.4264467019175,1302.984254899542,489.0,488.0459055118091
3275.5637046161983,1306.7166912515993,486.0,488.0459055118091
3280.49858147145,1310.7128757347657,489.0,488.0459055118091
3285.635839385731,1314.445312086823,486.0,488.0459055118091
3290.5707162409826,1318.4414965699893,489.0,488.0459055118091
3295.7079741552634,1322.1739329220466,486.0,485.4075590551162
3301.033532261717,1325.632390794392,483.0,482.76921259842334
3306.532793575748,1328.807390794392,480.0,480.13086614173045
3312.1906850043442,1331.690230467738,477.0,477.49251968503756
3317.991698660375,1334.2730081512693,474.0,474.8541732283447
3323.919934368632,1336.5486446308819,471.0,472.2158267716518
3329.959143247106,1338.5109025451627,468.0,469.5774803149589
3336.0927722440415,1340.1544034815638,465.0,466.939133858266
3342.3040095087013,1341.4746427182565,462.0,464.30078740157313
3348.5758304714805,1342.468001571262,459.0,461.66244094488025
3354.78706773614,1343.7882408079547,462.0,459.02409448818736
3361.0588886989194,1344.7815996609602,459.0,456.3857480314945
3367.374102734508,1345.4453554027098,456.0,453.7474015748016
3373.7154002802,1345.7776887248524,453.0,451.1090551181087
3380.0654002802,1345.7776887248524,450.0,448.4707086614158
3386.4066978258916,1345.4453554027098,447.0,445.8323622047229
3392.7219118614803,1344.7815996609602,444.0,443.19401574803004
3398.9937328242595,1343.7882408079547,441.0,440.55566929133715
3405.2049700889193,1342.468001571262,438.0,437.91732283464427
3411.3385990858546,1340.824500634861,435.0,435.2789763779514
3417.377807964329,1338.86224272058,432.0,432.6406299212585
3423.306043672586,1336.5866062409675,429.0,430.0022834645656
3429.1070573286165,1334.0038285574362,426.0,427.3639370078727
3434.7649487572126,1331.1209888840901,423.0,424.72559055117983
3440.2642100712437,1327.9459888840902,420.0,422.08724409448695
3445.5897681776974,1324.4875310117447,417.0,419.44889763779406
3450.727026091978,1320.7550946596875,414.0,416.8105511811012
3455.8680766734838,1317.4164573750454,417.0,414.1722047244083
3460.64936711024,1313.9426465339968,414.0,411.6222047244083
3465.07132763093,1310.3618135089232,411.0,409.1605511811012
3469.136329826292,1306.7016690921403,408.0,406.78724409448705
3472.8486404275213,1302.989358490911,405.0,404.5022834645658
3476.2143673775063,1299.2513400187597,402.0,402.30566929133744
3479.241398458456,1295.5132679441517,399.0,400.19740157480203
3481.9393327664784,1291.7998799399707,396.0,398.1774803149595
3484.689462875366,1288.4037520884037,399.0,396.2459055118099
3487.12877167238,1285.0463315617476,396.0,394.4026771653532
3489.269203079989,1281.750356229722,393.0,392.64779527558943
3491.124203079989,1278.5374019816818,390.0,390.98125984251857
3492.70862992408,1275.4277892122643,387.0,389.40307086614064
3494.3436299240802,1272.5958861418892,390.0,387.9132283464556
3495.7850497607533,1269.7669404275912,387.0,386.51173228346346
3497.076438602519,1266.8664335995759,384.0,385.14838582677055
3498.214256842325,1263.9023157454474,381.0,383.78503937007764
3499.5056456840907,1261.001808917432,384.0,382.42169291338473
3500.643463923897,1258.0376910633036,381.0,381.0583464566918
3501.624592881037,1255.0180866240664,378.0,379.6949999999989
3502.7624111208434,1252.053968769938,381.0,378.331653543306
3503.7435400779837,1249.0343643307008,378.0,376.9683070866131
3504.5652905461843,1245.967549832233,375.0,375.6049606299202
3505.225410164531,1242.8619311999032,372.0,374.2416141732273
3506.0471606327314,1239.7951167014355,375.0,374.2416141732273
3506.753020823058,1236.4743055969443,372.0,374.2416141732273
3507.6886516711033,1232.9824837349092,375.0,374.2416141732273
3508.4859930053894,1229.2312876860951,372.0,374.2416141732273
3509.5355042332803,1225.314458460493,375.0,374.2416141732273
3510.424326711526,1221.132877467356,372.0,374.2416141732273
3511.587718319262,1216.7910408781865,375.0,374.2416141732273
3512.5680219414676,1212.1790749407267,372.0,374.2416141732273
3513.8452939290487,1207.4122309879901,375.0,374.2416141732273
3514.917078695214,1202.3698801062073,372.0,374.2416141732273
3516.30823106264,1197.1780287899037,375.0,374.2416141732273
3517.4714969727656,1191.705292963798,372.0,374.2416141732273
3518.976529720037,1186.088434283927,375.0,374.2416141732273
3520.2312767741223,1180.1853135134984,372.0,374.2416141732273
3521.8501899012385,1174.1434474700602,375.0,374.2416141732273
3523.1704291379315,1167.9322102054005,372.0,374.2416141732273
3524.8139300743323,1161.7985812084648,375.0,374.2416141732273
3526.1341693110253,1155.587343943805,372.0,374.2416141732273
3527.777670247426,1149.4537149468695,375.0,374.2416141732273
3529.097909484119,1143.2424776822097,372.0,371.6032677165344
3530.0912683371243,1136.9706567194305,369.0,368.9649212598415
3530.755024078874,1130.655442683842,366.0,366.3265748031486
3531.087357401017,1124.3141451381505,363.0,363.68822834645573
3531.087357401017,1117.9641451381506,360.0,361.04988188976284
3530.755024078874,1111.622847592459,357.0,358.41153543306996
3530.0912683371243,1105.3076335568705,354.0,355.77318897637707
3529.097909484119,1099.0358125940913,351.0,353.1348425196842
3527.777670247426,1092.8245753294316,348.0,350.4964960629913
3526.1341693110253,1086.690946332496,345.0,347.8581496062984
3524.8139300743323,1080.4797090678362,348.0,345.2198031496055
3523.1704291379315,1074.3460800709006,345.0,342.58145669291264
3521.2081712236504,1068.3068711924263,342.0,339.94311023621975
3518.9325347440376,1062.378635484169,339.0,339.94311023621975
3516.9702768297566,1056.3394266056948,342.0,339.94311023621975
3514.694640350144,1050.4111908974376,339.0,339.94311023621975
3512.7323824358627,1044.3719820189633,342.0,339.94311023621975
3510.45674595625,1038.443746310706,339.0,339.94311023621975
3508.494488041969,1032.4045374322318,342.0,339.94311023621975
3506.218851562356,1026.4763017239745,339.0,339.94311023621975
3504.256593648075,1020.4370928455003,342.0,339.94311023621975
3501.9809571684623,1014.508857137243,339.0,339.94311023621975
3500.0186992541812,1008.4696482587688,342.0,339.94311023621975
3497.7430627745684,1002.5414125505115,339.0,339.94311023621975
3495.7808048602874,996.5022036720372,342.0,339.94311023621975
3493.5051683806746,990.57396796378,339.0,339.94311023621975
3491.5429104663936,984.5347590853057,342.0,339.94311023621975
3489.2672739867808,978.6065233770485,339.0,337.30476377952687
3486.6844963032495,972.805509721018,336.0,334.666417322834
3483.8016566299034,967.1476182924218,333.0,332.0280708661411
3480.626656629903,961.6483569783907,330.0,329.3897244094482
3477.168198757558,956.3227988719373,327.0,329.3897244094482
3473.993198757558,950.8235375579061,330.0,329.3897244094482
3470.5347408852126,945.4979794514527,327.0,329.3897244094482
3467.3597408852124,939.9987181374215,330.0,329.3897244094482
3463.901283012867,934.6731600309681,327.0,329.3897244094482
3460.726283012867,929.173898716937,330.0,329.3897244094482
3457.267825140522,923.8483406104835,327.0,329.3897244094482
3454.0928251405217,918.3490792964524,330.0,329.3897244094482
3450.6343672681764,913.023521189999,327.0,329.3897244094482
3447.4593672681763,907.5242598759678,330.0,329.3897244094482
3444.000909395831,902.1987017695144,327.0,329.3897244094482
3440.268473043774,897.0614438552335,324.0,326.7513779527553
3436.810015171429,891.7358857487801,327.0,324.11303149606243
3433.077578819372,886.5986278344992,324.0,321.47468503936955
3429.0813943362054,881.6637509792474,321.0,318.83633858267666
3424.8324149858267,876.944781337466,318.0,316.1979921259838
3420.3422869252922,872.4546532769314,315.0,313.5596456692909
3415.623317283511,868.2056739265527,312.0,310.921299212598
3410.688440428259,864.2094894433862,309.0,308.2829527559051
3405.5511825139783,860.477053091329,306.0,308.2829527559051
3400.6163056587266,856.4808686081626,309.0,308.2829527559051
3395.479047744446,852.7484322561054,306.0,308.2829527559051
3390.544170889194,848.752247772939,309.0,308.2829527559051
3385.406912974913,845.0198114208818,306.0,308.2829527559051
3380.4720361196614,841.0236269377153,309.0,308.2829527559051
3375.3347782053806,837.2911905856581,306.0,308.2829527559051
3370.399901350129,833.2950061024917,309.0,308.2829527559051
3365.262643435848,829.5625697504345,306.0,308.2829527559051
3360.3277665805963,825.5663852672681,309.0,310.921299212598
3355.608796938815,821.3174059168894,312.0,313.5596456692909
3351.1186688782805,816.8272778563547,315.0,316.1979921259838
3346.8696895279018,812.1083082145733,318.0,318.83633858267666
3342.8735050447353,807.1734313593215,321.0,321.47468503936955
3339.1410686926783,802.0361734450406,324.0,324.11303149606243
3335.682610820333,796.7106153385872,327.0,326.7513779527553
3332.507610820333,791.211354024556,330.0,329.3897244094482
3329.624771146987,785.5534625959599,333.0,332.0280708661411
3327.0419934634556,779.7524489399294,336.0,334.666417322834
3324.766356983843,773.8242132316722,339.0,337.30476377952687
3322.8040990695617,767.7850043531979,342.0,339.94311023621975
3321.160598133161,761.6513753562623,345.0,342.58145669291264
3319.840358896468,755.4401380916026,348.0,345.2198031496055
3318.196857960067,749.306509094667,345.0,347.8581496062984
3316.876618723374,743.0952718300074,348.0,350.4964960629913
3315.883259870369,736.8234508672283,351.0,353.1348425196842
3315.219504128619,730.5082368316398,354.0,355.77318897637707
3314.887170806476,724.1669392859483,357.0,358.41153543306996
3314.887170806476,717.8169392859483,360.0,361.04988188976284
3315.219504128619,711.4756417402567,363.0,363.68822834645573
3315.883259870369,705.1604277046682,366.0,366.3265748031486
3316.876618723374,698.8886067418891,369.0,368.9649212598415
3318.196857960067,692.6773694772295,372.0,371.6032677165344
3319.840358896468,686.5437404802939,375.0,374.2416141732273
3321.802616810749,680.5045316018196,378.0,376.87996062992016
3324.0782532903618,674.5762958935624,381.0,379.51830708661305
3326.661030973893,668.7752822375319,384.0,382.15665354330594
3329.543870647239,663.1173908089357,387.0,384.7949999999988
3332.7188706472393,657.6181294949046,390.0,387.4333464566917
3336.1773285195845,652.2925713884512,393.0,390.0716929133846
3339.3523285195847,646.79331007442,390.0,392.7100393700775
3342.81078639193,641.4677519679666,393.0,395.34838582677037
3346.543222743987,636.3304940536857,396.0,397.98673228346325
3350.5394072271533,631.3956171984339,399.0,400.62507874015614
3354.788386577532,626.6766475566525,402.0,403.263425196849
3359.2785146380666,622.1865194961179,405.0,405.9017716535419
3363.997484279848,617.9375401457391,408.0,408.5401181102348
3368.9323611350997,613.9413556625727,411.0,411.1784645669277
3374.0696190493804,610.2089193105155,414.0,413.8168110236206
3379.395177155834,606.7504614381701,417.0,416.45515748031346
3384.8944384698652,603.5754614381701,420.0,419.09350393700635
3390.5523298984613,600.692621764824,423.0,421.73185039369923
3396.353343554492,598.1098440812927,426.0,424.3701968503921
3402.281579262749,595.8342076016801,429.0,427.008543307085
3408.320788141223,593.8719496873991,432.0,429.6468897637779
3414.4544171381585,592.2284487509982,435.0,432.2852362204708
3420.493626016633,590.2661908367172,432.0,432.2852362204708
3426.627255013568,588.6226899003162,435.0,432.2852362204708
3432.6664638920424,586.6604319860353,432.0,432.2852362204708
3438.800092888978,585.0169310496343,435.0,432.2852362204708
3444.839301767452,583.0546731353534,432.0,432.2852362204708
3450.9729307643875,581.4111721989524,435.0,432.2852362204708
3457.0121396428617,579.4489142846714,432.0,432.2852362204708
3463.145768639797,577.8054133482705,435.0,432.2852362204708
3469.1849775182714,575.8431554339895,432.0,432.2852362204708
3475.3186065152067,574.1996544975885,435.0,432.2852362204708
3481.357815393681,572.2373965833076,432.0,432.2852362204708
3487.4914443906164,570.5938956469066,435.0,432.2852362204708
3493.5306532690906,568.6316377326257,432.0,434.92358267716367
3499.664282266026,566.9881367962247,435.0,437.56192913385655
3505.875519530686,565.667897559532,438.0,440.20027559054944
3512.147340493465,564.6745387065265,441.0,440.20027559054944
3518.3585777581247,563.3542994698338,438.0,440.20027559054944
3524.630398720904,562.3609406168283,441.0,440.20027559054944
3530.8416359855637,561.0407013801356,438.0,440.20027559054944
3537.113456948343,560.0473425271301,441.0,440.20027559054944
3543.3246942130027,558.7271032904374,438.0,440.20027559054944
3549.596515175782,557.7337444374319,441.0,440.20027559054944
3555.8077524404416,556.4135052007392,438.0,440.20027559054944
3562.079573403221,555.4201463477337,441.0,440.20027559054944
3568.2908106678806,554.099907111041,438.0,440.20027559054944
3574.56263163066,553.1065482580356,441.0,440.20027559054944
3580.7738688953195,551.7863090213428,438.0,440.20027559054944
3587.0456898580987,550.7929501683374,441.0,440.20027559054944
3593.2569271227585,549.4727109316447,438.0,440.20027559054944
3599.5287480855377,548.4793520786392,441.0,440.20027559054944
3605.7399853501975,547.1591128419465,438.0,440.20027559054944
3612.0118063129767,546.165753988941,441.0,440.20027559054944
3618.2230435776364,544.8455147522483,438.0,440.20027559054944
3624.4948645404156,543.8521558992428,441.0,440.20027559054944
3630.7061018050754,542.5319166625501,438.0,440.20027559054944
3636.9779227678546,541.5385578095446,441.0,440.20027559054944
3643.1891600325143,540.2183185728519,438.0,440.20027559054944
3649.4609809952935,539.2249597198464,441.0,440.20027559054944
3655.6722182599533,537.9047204831537,438.0,440.20027559054944
3661.9440392227325,536.9113616301482,441.0,440.20027559054944
3668.1552764873923,535.5911223934555,438.0,440.20027559054944
3674.4270974501715,534.59776354045,441.0,440.20027559054944
3680.74231148576,533.9340077987005,444.0,442.8386220472423
3687.083609031452,533.6016744765577,447.0,445.4769685039352
3693.433609031452,533.6016744765577,450.0,448.1153149606281
3699.7749065771436,533.9340077987005,453.0,450.753661417321
3706.0901206127323,534.59776354045,456.0,453.39200787401387
3712.3619415755115,535.5911223934555,459.0,456.03035433070676
3718.6771556111003,536.2548781352051,456.0,458.66870078739964
3724.9489765738795,537.2482369882106,459.0,458.66870078739964
3731.264190609468,537.9119927299602,456.0,458.66870078739964
3737.5360115722474,538.9053515829656,459.0,458.66870078739964
3743.851225607836,539.5691073247152,456.0,458.66870078739964
3750.1230465706153,540.5624661777207,459.0,458.66870078739964
3756.438260606204,541.2262219194703,456.0,458.66870078739964
3762.7100815689832,542.2195807724758,459.0,458.66870078739964
3769.025295604572,542.8833365142253,456.0,458.66870078739964
3775.297116567351,543.8766953672308,459.0,458.66870078739964
3781.61233060294,544.5404511089804,456.0,458.66870078739964
3787.884151565719,545.5338099619859,459.0,458.66870078739964
3794.199365601308,546.1975657037354,456.0,458.66870078739964
3800.471186564087,547.1909245567409,459.0,458.66870078739964
3806.7864005996757,547.8546802984905,456.0,458.66870078739964
3813.058221562455,548.848039151496,459.0,458.66870078739964
3819.3734355980437,549.5117948932456,456.0,458.66870078739964
3825.645256560823,550.505153746251,459.0,458.66870078739964
3831.9604705964116,551.1689094880006,456.0,458.66870078739964
3838.232291559191,552.1622683410061,459.0,458.66870078739964
3844.5475055947795,552.8260240827557,456.0,458.66870078739964
3850.8193265575587,553.8193829357612,459.0,458.66870078739964
3857.1345405931474,554.4831386775107,456.0,458.66870078739964
3863.4063615559267,555.4764975305162,459.0,458.66870078739964
3869.7215755915154,556.1402532722658,456.0,458.66870078739964
3875.9933965542946,557.1336121252713,459.0,458.66870078739964
3882.3086105898833,557.7973678670209,456.0,458.66870078739964
3888.5804315526625,558.7907267200263,459.0,458.66870078739964
3894.895645588251,559.4544824617759,456.0,458.66870078739964
3901.1674665510304,560.4478413147814,459.0,461.30704724409253
3907.37870381569,561.7680805514741,462.0,463.9453937007854
3913.5123328126256,563.4115814878751,465.0,466.5837401574783
3919.5515416911,565.373839402156,468.0,469.2220866141712
3925.479777399357,567.6494758817687,471.0,471.8604330708641
3931.2807910553875,570.2322535653,474.0,474.49877952755696
3936.9386824839835,573.1150932386461,477.0,477.13712598424985
3942.4379437980147,576.290093238646,480.0,479.77547244094274
3947.7635019044683,579.7485511109915,483.0,482.4138188976356
3952.900759818749,583.4809874630487,486.0,485.0521653543285
3957.835636674001,587.4771719462151,489.0,487.6905118110214
3962.554606315782,591.7261512965938,492.0,490.3288582677143
3967.0447343763167,596.2162793571284,495.0,492.96720472440717
3971.2937137266954,600.9352489989099,498.0,495.60555118110005
3975.289898209862,605.8701258541616,501.0,498.24389763779294
3979.5388775602405,610.5890954959431,498.0,500.8822440944858
3983.535062043407,615.5239723511949,501.0,503.5205905511787
3987.267498395464,620.6612302654758,504.0,506.1589370078716
3990.725956267809,625.9867883719292,507.0,508.7972834645645
3993.9009562678093,631.4860496859603,510.0,511.4356299212574
3996.7837959411554,637.1439411145565,513.0,514.0739763779503
3999.3665736246867,642.944954770587,516.0,516.7123228346433
4001.6422101042995,648.8731904788442,519.0,519.3506692913362
4003.6044680185805,654.9123993573185,522.0,521.9890157480291
4005.2479689549814,661.0460283542541,525.0,524.6273622047221
4006.5682081916743,667.2572656189137,528.0,527.265708661415
4007.5615670446796,673.5290865816928,531.0,529.904055118108
4008.2253227864294,679.8443006172813,534.0,532.5424015748009
4008.5576561085722,686.1855981629728,537.0,535.1807480314939
4008.5576561085722,692.5355981629729,540.0,537.8190944881868
4008.2253227864294,698.8768957086644,543.0,540.4574409448797
4007.5615670446796,705.1921097442529,546.0,543.0957874015727
4007.2292337225367,711.5334072899444,543.0,545.7341338582656
4006.565477980787,717.8486213255329,546.0,548.3724803149586
4005.5721191277817,724.120442288312,549.0,551.0108267716515
4004.2518798910887,730.3316795529717,552.0,553.6491732283445
4002.608378954688,736.4653085499073,555.0,556.2875196850374
4000.646121040407,742.5045174283815,558.0,558.9258661417304
3998.370484560794,748.4327531366388,561.0,561.5642125984233
3995.7877068772627,754.2337667926693,564.0,564.2025590551162
3992.9048672039166,759.8916582212654,567.0,566.8409055118092
3990.3220895203854,765.6926718772959,564.0,566.8409055118092
3987.4392498470393,771.350563305892,567.0,566.8409055118092
3984.856472163508,777.1515769619225,564.0,566.8409055118092
3981.973632490162,782.8094683905186,567.0,566.8409055118092
3979.3908548066306,788.6104820465491,564.0,566.8409055118092
3976.5080151332845,794.2683734751453,567.0,566.8409055118092
3973.9252374497532,800.0693871311757,564.0,566.8409055118092
3971.042397776407,805.7272785597719,567.0,566.8409055118092
3968.459620092876,811.5282922158024,564.0,566.8409055118092
3965.5767804195298,817.1861836443985,567.0,566.8409055118092
3962.9940027359985,822.987197300429,564.0,566.8409055118092
3960.1111630626524,828.6450887290251,567.0,566.8409055118092
3957.528385379121,834.4461023850556,564.0,566.8409055118092
3954.645545705775,840.1039938136518,567.0,566.8409055118092
3952.0627680222437,845.9050074696822,564.0,566.8409055118092
3949.1799283488976,851.5628988982784,567.0,566.8409055118092
3946.5971506653664,857.3639125543089,564.0,566.8409055118092
3943.7143109920203,863.021803982905,567.0,566.8409055118092
3941.131533308489,868.8228176389355,564.0,566.8409055118092
3938.248693635143,874.4807090675316,567.0,566.8409055118092
3935.6659159516116,880.2817227235621,564.0,566.8409055118092
3932.7830762782655,885.9396141521582,567.0,566.8409055118092
3930.2002985947342,891.7406278081887,564.0,566.8409055118092
3927.317458921388,897.3985192367849,567.0,566.8409055118092
3924.734681237857,903.1995328928153,564.0,566.8409055118092
3921.851841564511,908.8574243214115,567.0,564.2025590551162
3919.2690638809795,914.658437977442,564.0,561.5642125984233
3916.9934274013667,920.5866736856992,561.0,558.9258661417304
3915.0311694870857,926.6258825641735,558.0,556.2875196850374
3913.387668550685,932.7595115611091,555.0,553.6491732283445
3912.067429313992,938.9707488257687,552.0,551.0108267716515
3911.0740704609866,945.2425697885478,549.0,548.3724803149586
3910.410314719237,951.5577838241363,546.0,548.3724803149586
3909.4169558662315,957.8296047869154,549.0,548.3724803149586
3908.7532001244817,964.1448188225039,546.0,548.3724803149586
3907.7598412714765,970.416639785283,549.0,548.3724803149586
3907.0960855297267,976.7318538208715,546.0,548.3724803149586
3906.1027266767214,983.0036747836506,549.0,548.3724803149586
3905.4389709349716,989.3188888192391,546.0,548.3724803149586
3904.4456120819664,995.5907097820182,549.0,548.3724803149586
3903.7818563402166,1001.9059238176067,546.0,548.3724803149586
3903.4495230180737,1008.2472213632982,543.0,545.7341338582656
3902.785767276324,1014.5624353988867,546.0,543.0957874015727
3902.453433954181,1020.9037329445782,543.0,540.4574409448797
3902.453433954181,1027.2537329445781,540.0,537.8190944881868
3902.785767276324,1033.5950304902697,537.0,535.1807480314939
3903.4495230180737,1039.9102445258582,534.0,532.5424015748009
3904.442881871079,1046.1820654886374,531.0,529.904055118108
3905.763121107772,1052.3933027532971,528.0,527.265708661415
3907.4066220441728,1058.5269317502327,525.0,524.6273622047221
3909.368879958454,1064.566140628707,522.0,521.9890157480291
3911.6445164380666,1070.4943763369643,519.0,519.3506692913362
3914.227294121598,1076.2953899929948,516.0,516.7123228346433
3917.110133794944,1081.9532814215909,513.0,514.0739763779503
3920.285133794944,1087.452542735622,510.0,511.43562992125743
3923.1679734682903,1093.110434164218,513.0,511.43562992125743
3926.3429734682904,1098.6096954782493,510.0,511.43562992125743
3929.2258131416365,1104.2675869068453,513.0,511.43562992125743
3932.4008131416367,1109.7668482208765,510.0,511.43562992125743
3935.283652814983,1115.4247396494725,513.0,511.43562992125743
3938.458652814983,1120.9240009635037,510.0,511.43562992125743
3941.341492488329,1126.5818923920997,513.0,511.43562992125743
3944.5164924883293,1132.0811537061309,510.0,511.43562992125743
3947.3993321616754,1137.739045134727,513.0,511.43562992125743
3950.5743321616756,1143.238306448758,510.0,511.43562992125743
3953.4571718350217,1148.896197877354,513.0,511.43562992125743
3956.632171835022,1154.3954591913853,510.0,511.43562992125743
3959.515011508368,1160.0533506199813,513.0,511.43562992125743
3962.690011508368,1165.5526119340125,510.0,511.43562992125743
3965.572851181714,1171.2105033626085,513.0,511.43562992125743
3968.7478511817144,1176.7097646766397,510.0,511.43562992125743
3971.6306908550605,1182.3676561052357,513.0,511.43562992125743
3974.8056908550607,1187.8669174192669,510.0,511.43562992125743
3977.688530528407,1193.524808847863,513.0,511.43562992125743
3980.863530528407,1199.024070161894,510.0,511.43562992125743
3983.746370201753,1204.6819615904901,513.0,511.43562992125743
3986.9213702017532,1210.1812229045213,510.0,511.43562992125743
3989.8042098750993,1215.8391143331173,513.0,511.43562992125743
3992.9792098750995,1221.3383756471485,510.0,511.43562992125743
3995.8620495484456,1226.9962670757445,513.0,511.43562992125743
3999.037049548446,1232.4955283897757,510.0,511.43562992125743
4001.919889221792,1238.1534198183717,513.0,511.43562992125743
4005.094889221792,1243.652681132403,510.0,511.43562992125743
4007.977728895138,1249.310572560999,513.0,511.43562992125743
4011.1527288951384,1254.80983387503,510.0,511.43562992125743
4014.0355685684845,1260.4677253036261,513.0,511.43562992125743
4017.2105685684846,1265.9669866176573,510.0,511.43562992125743
4020.0934082418307,1271.6248780462533,513.0,511.43562992125743
4023.268408241831,1277.1241393602845,510.0,511.43562992125743
4026.151247915177,1282.7820307888805,513.0,511.43562992125743
4029.326247915177,1288.2812921029117,510.0,511.43562992125743
4032.2090875885233,1293.9391835315078,513.0,511.43562992125743
4035.3840875885235,1299.438444845539,510.0,511.43562992125743
4038.2669272618696,1305.096336274135,513.0,511.43562992125743
4041.4419272618698,1310.5955975881661,510.0,511.43562992125743
4044.324766935216,1316.2534890167622,513.0,514.0739763779503
4046.907544618747,1322.0545026727928,516.0,516.7123228346433
4049.18318109836,1327.98273838105,519.0,519.3506692913362
4051.145439012641,1334.0219472595243,522.0,521.9890157480291
4052.788939949042,1340.1555762564599,525.0,524.6273622047221
4054.109179185735,1346.3668135211196,528.0,527.265708661415
4055.10253803874,1352.6386344838988,531.0,529.904055118108
4055.76629378049,1358.9538485194873,534.0,532.5424015748009
4056.0986271026327,1365.2951460651789,537.0,535.1807480314939
4056.7623828443825,1371.6103601007674,534.0,535.1807480314939
4057.0947161665254,1377.951657646459,537.0,535.1807480314939
4057.758471908275,1384.2668716820474,534.0,535.1807480314939
4058.090805230418,1390.608169227739,537.0,535.1807480314939
4058.754560972168,1396.9233832633274,534.0,535.1807480314939
4059.0868942943107,1403.264680809019,537.0,535.1807480314939
4059.7506500360605,1409.5798948446075,534.0,535.1807480314939
4060.0829833582034,1415.921192390299,537.0,535.1807480314939
4060.746739099953,1422.2364064258875,534.0,535.1807480314939
4061.079072422096,1428.577703971579,537.0,535.1807480314939
4061.079072422096,1434.927703971579,540.0,537.8190944881868
4060.746739099953,1441.2690015172705,543.0,540.4574409448797
4060.0829833582034,1447.584215552859,546.0,543.0957874015727
4059.7506500360605,1453.9255130985505,543.0,545.7341338582656
4059.0868942943107,1460.240727134139,546.0,548.3724803149586
4058.0935354413054,1466.5125480969182,549.0,551.0108267716515
4056.7732962046125,1472.723785361578,552.0,551.0108267716515
4055.7799373516073,1478.9956063243571,549.0,551.0108267716515
4054.4596981149143,1485.206843589017,552.0,551.0108267716515
4053.466339261909,1491.478664551796,549.0,551.0108267716515
4052.146100025216,1497.6899018164559,552.0,551.0108267716515
4051.152741172211,1503.961722779235,549.0,551.0108267716515
4049.832501935518,1510.1729600438948,552.0,551.0108267716515
4048.8391430825127,1516.444781006674,549.0,551.0108267716515
4047.5189038458198,1522.6560182713338,552.0,553.6491732283445
4045.875402909419,1528.7896472682694,555.0,556.2875196850374
4043.913144995138,1534.8288561467436,558.0,558.9258661417304
4041.637508515525,1540.757091855001,561.0,561.5642125984233
4039.0547308319938,1546.5581055110315,564.0,564.2025590551162
4036.1718911586477,1552.2159969396275,567.0,566.8409055118092
4032.9968911586475,1557.7152582536587,570.0,569.4792519685021
4030.1140514853014,1563.3731496822547,567.0,569.4792519685021
4026.939051485301,1568.872410996286,570.0,569.4792519685021
4024.056211811955,1574.530302424882,567.0,569.4792519685021
4020.881211811955,1580.029563738913,570.0,569.4792519685021
4017.998372138609,1585.6874551675091,567.0,569.4792519685021
4014.8233721386086,1591.1867164815403,570.0,569.4792519685021
4011.9405324652625,1596.8446079101363,567.0,569.4792519685021
4008.7655324652624,1602.3438692241675,570.0,569.4792519685021
4005.8826927919163,1608.0017606527636,567.0,569.4792519685021
4002.707692791916,1613.5010219667947,570.0,569.4792519685021
3999.82485311857,1619.1589133953908,567.0,569.4792519685021
3996.64985311857,1624.658174709422,570.0,569.4792519685021
3993.7670134452237,1630.316066138018,567.0,569.4792519685021
3990.5920134452235,1635.8153274520491,570.0,569.4792519685021
3987.7091737718774,1641.4732188806452,567.0,569.4792519685021
3984.5341737718772,1646.9724801946763,570.0,569.4792519685021
3981.651334098531,1652.6303716232724,567.0,569.4792519685021
3978.476334098531,1658.1296329373035,570.0,569.4792519685021
3975.593494425185,1663.7875243658996,567.0,569.4792519685021
3972.4184944251847,1669.2867856799307,570.0,569.4792519685021
3969.5356547518386,1674.9446771085268,567.0,569.4792519685021
3966.3606547518384,1680.443938422558,570.0,569.4792519685021
3963.4778150784923,1686.101829851154,567.0,569.4792519685021
3960.302815078492,1691.6010911651852,570.0,569.4792519685021
3957.419975405146,1697.2589825937812,567.0,569.4792519685021
3954.244975405146,1702.7582439078124,570.0,569.4792519685021
3951.3621357317998,1708.4161353364084,567.0,569.4792519685021
3948.1871357317996,1713.9153966504396,570.0,569.4792519685021
3945.3042960584535,1719.5732880790356,567.0,566.8409055118092
3942.721518374922,1725.3743017350662,564.0,564.2025590551162
3940.4458818953094,1731.3025374433234,561.0,561.5642125984233
3938.4836239810284,1737.3417463217977,558.0,558.9258661417304
3936.8401230446275,1743.4753753187333,555.0,556.2875196850374
3935.5198838079345,1749.686612583393,552.0,553.6491732283445
3934.5265249549293,1755.9584335461723,549.0,551.0108267716515
3933.2062857182364,1762.169670810832,552.0,551.0108267716515
3932.212926865231,1768.4414917736112,549.0,551.0108267716515
3930.892687628538,1774.652729038271,552.0,551.0108267716515
3929.899328775533,1780.9245500010502,549.0,551.0108267716515
3928.57908953884,1787.13578726571,552.0,551.0108267716515
3927.5857306858347,1793.4076082284892,549.0,551.0108267716515
3926.265491449142,1799.618845493149,552.0,551.0108267716515
3925.2721325961365,1805.890666455928,549.0,551.0108267716515
3923.9518933594436,1812.1019037205879,552.0,551.0108267716515
3922.9585345064384,1818.373724683367,549.0,548.3724803149586
3922.2947787646885,1824.6889387189556,546.0,545.7341338582656
3921.9624454425457,1831.030236264647,543.0,543.0957874015727
3921.9624454425457,1837.380236264647,540.0,540.4574409448797
3922.2947787646885,1843.7215338103385,537.0,537.8190944881868
3922.9585345064384,1850.036747845927,534.0,535.1807480314939
3923.290867828581,1856.3780453916186,537.0,535.1807480314939
3923.954623570331,1862.693259427207,534.0,535.1807480314939
3924.286956892474,1869.0345569728986,537.0,535.1807480314939
3924.9507126342237,1875.349771008487,534.0,535.1807480314939
3925.2830459563665,1881.6910685541786,537.0,535.1807480314939
3925.9468016981164,1888.0062825897671,534.0,535.1807480314939
3926.279135020259,1894.3475801354587,537.0,535.1807480314939
3926.942890762009,1900.6627941710472,534.0,535.1807480314939
3927.275224084152,1907.0040917167387,537.0,535.1807480314939
3927.9389798259017,1913.3193057523272,534.0,535.1807480314939
3928.2713131480446,1919.6606032980187,537.0,535.1807480314939
3928.9350688897944,1925.9758173336072,534.0,535.1807480314939
3929.267402211937,1932.3171148792987,537.0,535.1807480314939
3929.931157953687,1938.6323289148872,534.0,535.1807480314939
3930.26349127583,1944.9736264605788,537.0,535.1807480314939
3930.9272470175797,1951.2888404961673,534.0,535.1807480314939
3931.2595803397226,1957.6301380418588,537.0,535.1807480314939
3931.9233360814724,1963.9453520774473,534.0,535.1807480314939
3932.2556694036152,1970.2866496231388,537.0,535.1807480314939
3932.919425145365,1976.6018636587273,534.0,535.1807480314939
3933.251758467508,1982.9431612044189,537.0,535.1807480314939
3933.9155142092577,1989.2583752400074,534.0,535.1807480314939
3934.2478475314006,1995.5996727856989,537.0,535.1807480314939
3934.9116032731504,2001.9148868212874,534.0,535.1807480314939
3935.2439365952932,2008.256184366979,537.0,535.1807480314939
3935.907692337043,2014.5713984025674,534.0,535.1807480314939
3936.240025659186,2020.912695948259,537.0,535.1807480314939
3936.9037814009357,2027.2279099838474,534.0,535.1807480314939
3937.2361147230786,2033.569207529539,537.0,535.1807480314939
3937.8998704648284,2039.8844215651275,534.0,535.1807480314939
3938.2322037869712,2046.225719110819,537.0,535.1807480314939
3938.895959528721,2052.5409331464075,534.0,535.1807480314939
3939.228292850864,2058.8822306920993,537.0,535.1807480314939
3939.8920485926137,2065.197444727688,534.0,535.1807480314939
3940.2243819147566,2071.5387422733797,537.0,535.1807480314939
3940.8881376565064,2077.8539563089685,534.0,535.1807480314939
3941.2204709786492,2084.19525385466,537.0,535.1807480314939
3941.884226720399,2090.510467890249,534.0,535.1807480314939
3942.216560042542,2096.8517654359407,537.0,535.1807480314939
3942.8803157842917,2103.1669794715294,534.0,535.1807480314939
3943.2126491064346,2109.508277017221,537.0,535.1807480314939
3943.8764048481844,2115.82349105281,534.0,535.1807480314939
3944.2087381703273,2122.1647885985017,537.0,535.1807480314939
3944.872493912077,2128.4800026340904,534.0,535.1807480314939
3945.20482723422,2134.821300179782,537.0,535.1807480314939
3945.8685829759697,2141.136514215371,534.0,535.1807480314939
3946.2009162981126,2147.4778117610626,537.0,535.1807480314939
3946.2009162981126,2153.8278117610625,540.0,537.8190944881868
3945.8685829759697,2160.1691093067543,543.0,540.4574409448797
3945.20482723422,2166.484323342343,546.0,543.0957874015727
3944.872493912077,2172.825620888035,543.0,545.7341338582656
3944.2087381703273,2179.1408349236235,546.0,548.3724803149586
3943.215379317322,2185.4126558864027,549.0,551.0108267716515
3941.895140080629,2191.6238931510625,552.0,553.6491732283445
3940.251639144228,2197.757522147998,555.0,556.2875196850374
3938.289381229947,2203.796731026472,558.0,558.9258661417304
3936.0137447503344,2209.724966734729,561.0,561.5642125984233
3933.430967066803,2215.5259803907597,564.0,564.2025590551162
3930.548127393457,2221.1838718193558,567.0,566.8409055118092
3927.373127393457,2226.683133133387,570.0,569.4792519685021
3923.9146695211116,2232.0086912398406,573.0,572.1175984251951
3920.1822331690546,2237.1459491541214,576.0,574.755944881888
3916.186048685888,2242.080826009373,579.0,577.394291338581
3911.9370693355095,2246.7997956511545,582.0,580.0326377952739
3907.446941274975,2251.289923711689,585.0,582.6709842519668
3902.7279716331936,2255.5389030620677,588.0,585.3093307086598
3898.237843572659,2260.029031122602,585.0,587.9476771653527
3893.518873930878,2264.278010472981,588.0,590.5860236220457
3888.583997075626,2268.2741949561473,591.0,593.2243700787386
3883.4467391613452,2272.0066313082043,594.0,595.8627165354316
3878.1211810548916,2275.4650891805495,597.0,598.5010629921245
3872.6219197408604,2278.6400891805497,600.0,601.1394094488174
3866.9640283122644,2281.522928853896,603.0,603.7777559055104
3861.163014656234,2284.105706537427,606.0,606.4161023622033
3855.234778947977,2286.38134301704,609.0,609.0544488188963
3849.1955700695025,2288.343600931321,612.0,611.6927952755892
3843.061941072567,2289.987101867722,615.0,614.3311417322822
3836.8507038079074,2291.3073411044147,618.0,616.9694881889751
3830.578882845128,2292.30069995742,621.0,619.607834645668
3824.2636688095395,2292.96445569917,624.0,622.246181102361
3817.9223712638477,2293.2967890213126,627.0,624.8845275590539
3811.572371263848,2293.2967890213126,630.0,627.5228740157469
3805.231073718156,2292.96445569917,633.0,630.1612204724398
3798.881073718156,2292.96445569917,630.0,632.7995669291328
3792.5397761724644,2292.632122377027,633.0,635.4379133858257
3786.2245621368756,2291.968366635277,636.0,638.0762598425187
3779.9527411740964,2290.975007782272,639.0,640.7146062992116
3773.7415039094367,2289.654768545579,642.0,643.3529527559045
3767.6078749125013,2288.011267609178,645.0,645.9912992125975
3761.568666034027,2286.049009694897,648.0,648.6296456692904
3755.64043032577,2283.773373215284,651.0,648.6296456692904
3749.6012214472958,2281.811115301003,648.0,648.6296456692904
3743.6729857390387,2279.5354788213904,651.0,648.6296456692904
3737.6337768605645,2277.5732209071093,648.0,648.6296456692904
3731.7055411523074,2275.2975844274965,651.0,648.6296456692904
3725.666332273833,2273.3353265132155,648.0,648.6296456692904
3719.738096565576,2271.0596900336027,651.0,648.6296456692904
3713.698887687102,2269.0974321193216,648.0,648.6296456692904
3707.770651978845,2266.821795639709,651.0,648.6296456692904
3701.7314431003706,2264.859537725428,648.0,648.6296456692904
3695.8032073921136,2262.583901245815,651.0,651.2679921259834
3690.002193736083,2260.0011235622837,654.0,653.9063385826763
3684.344302307487,2257.1182838889376,657.0,656.5446850393693
3678.8450409934558,2253.9432838889375,660.0,659.1830314960622
3673.519482887002,2250.4848260165923,663.0,661.8213779527551
3668.020221572971,2247.309826016592,660.0,661.8213779527551
3662.6946634665173,2243.851368144247,663.0,661.8213779527551
3657.195402152486,2240.6763681442467,660.0,661.8213779527551
3651.8698440460325,2237.2179102719015,663.0,661.8213779527551
3646.3705827320014,2234.0429102719013,660.0,661.8213779527551
3641.0450246255477,2230.584452399556,663.0,661.8213779527551
3635.5457633115166,2227.409452399556,660.0,661.8213779527551
3630.220205205063,2223.9509945272107,663.0,661.8213779527551
3624.7209438910318,2220.7759945272105,660.0,661.8213779527551
3619.395385784578,2217.3175366548653,663.0,661.8213779527551
3613.896124470547,2214.142536654865,660.0,661.8213779527551
3608.5705663640933,2210.68407878252,663.0,661.8213779527551
3603.071305050062,2207.5090787825197,660.0,661.8213779527551
3597.7457469436085,2204.0506209101745,663.0,661.8213779527551
3592.2464856295774,2200.8756209101743,660.0,661.8213779527551
3586.9209275231237,2197.417163037829,663.0,661.8213779527551
3581.4216662090926,2194.242163037829,660.0,661.8213779527551
3576.096108102639,2190.7837051654838,663.0,661.8213779527551
3570.5968467886078,2187.6087051654836,660.0,661.8213779527551
3565.271288682154,2184.1502472931384,663.0,661.8213779527551
3559.772027368123,2180.975247293138,660.0,661.8213779527551
3554.4464692616693,2177.516789420793,663.0,661.8213779527551
3548.947207947638,2174.341789420793,660.0,661.8213779527551
3543.6216498411845,2170.8833315484476,663.0,661.8213779527551
3538.1223885271534,2167.7083315484474,660.0,661.8213779527551
3532.7968304206997,2164.249873676102,663.0,661.8213779527551
3527.2975691066686,2161.074873676102,660.0,661.8213779527551
3521.972011000215,2157.616415803757,663.0,661.8213779527551
3516.4727496861838,2154.4414158037566,660.0,661.8213779527551
3511.14719157973,2150.9829579314114,663.0,661.8213779527551
3505.647930265699,2147.8079579314112,660.0,661.8213779527551
3500.3223721592453,2144.349500059066,663.0,661.8213779527551
3494.823110845214,2141.174500059066,660.0,661.8213779527551
3489.4975527387605,2137.7160421867206,663.0,664.4597244094481
3484.3602948244798,2133.9836058346636,666.0,667.098070866141
3479.425417969228,2129.9874213514972,669.0,669.736417322834
3474.7064483274467,2125.7384420011185,672.0,672.3747637795269
3470.216320266912,2121.248313940584,675.0,675.0131102362199
3465.9673409165334,2116.5293442988027,678.0,677.6514566929128
3461.971156433367,2111.594467443551,681.0,680.2898031496057
3458.23872008131,2106.45720952927,684.0,682.9281496062987
3454.780262208965,2101.1316514228165,687.0,685.5664960629916
3451.6052622089646,2095.6323901087853,690.0,688.2048425196846
3448.7224225356185,2089.9744986801893,693.0,690.8431889763775
3446.1396448520873,2084.1734850241587,696.0,693.4815354330705
3443.8640083724745,2078.2452493159017,699.0,696.1198818897634
3441.281230688943,2072.444235659871,696.0,698.7582283464563
3439.0055942093304,2066.515999951614,699.0,701.3965748031493
3437.0433362950494,2060.47679107314,702.0,704.0349212598422
3435.3998353586485,2054.3431620762044,705.0,706.6732677165352
3434.0795961219555,2048.1319248115446,708.0,709.3116141732281
3433.0862372689503,2041.8601038487654,711.0,711.9499606299211
3432.4224815272005,2035.544889813177,714.0,714.588307086614
3432.0901482050576,2029.2035922674854,717.0,717.226653543307
3432.0901482050576,2022.8535922674855,720.0,719.8649999999999
3432.4224815272005,2016.512294721794,723.0,722.5033464566928
3433.0862372689503,2010.1970806862055,726.0,725.1416929133858
3434.0795961219555,2003.9252597234263,729.0,727.7800393700787
3435.3998353586485,1997.7140224587665,732.0,730.4183858267717
3437.0433362950494,1991.580393461831,735.0,733.0567322834646
3439.0055942093304,1985.5411845833567,738.0,735.6950787401576
3441.281230688943,1979.6129488750994,741.0,738.3334251968505
3443.2434886032243,1973.5737399966251,738.0,740.9717716535434
3445.519125082837,1967.6455042883679,741.0,743.6101181102364
3448.1019027663683,1961.8444906323373,744.0,746.2484645669293
3450.9847424397144,1956.1865992037413,747.0,748.8868110236223
3454.1597424397146,1950.68733788971,750.0,751.5251574803152
3457.61820031206,1945.3617797832567,753.0,754.1635039370082
3461.350636664117,1940.2245218689757,756.0,756.8018503937011
3465.346821147283,1935.2896450137239,759.0,759.440196850394
3469.595800497662,1930.5706753719423,762.0,762.078543307087
3474.0859285581964,1926.0805473114078,765.0,764.7168897637799
3478.8048981999777,1921.8315679610291,768.0,767.3552362204729
3483.7397750552295,1917.8353834778627,771.0,769.9935826771658
3488.8770329695103,1914.1029471258055,774.0,772.6319291338588
3494.202591075964,1910.64448925346,777.0,775.2702755905517
3499.701852389995,1907.46948925346,780.0,777.9086220472446
3505.359743818591,1904.586649580114,783.0,780.5469685039376
3511.1607574746217,1902.0038718965827,786.0,783.1853149606305
3516.8186489032178,1899.1210322232366,783.0,783.1853149606305
3522.6196625592484,1896.5382545397053,786.0,783.1853149606305
3528.2775539878444,1893.6554148663593,783.0,783.1853149606305
3534.078567643875,1891.072637182828,786.0,783.1853149606305
3539.736459072471,1888.1897975094819,783.0,783.1853149606305
3545.5374727285016,1885.6070198259506,786.0,783.1853149606305
3551.1953641570976,1882.7241801526045,783.0,783.1853149606305
3556.996377813128,1880.1414024690732,786.0,783.1853149606305
3562.6542692417243,1877.2585627957271,783.0,783.1853149606305
3568.1535305557554,1874.0835627957272,780.0,780.5469685039376
3573.479088662209,1870.6251049233817,777.0,777.9086220472446
3578.61634657649,1866.8926685713245,774.0,775.2702755905517
3583.5512234317416,1862.896484088158,771.0,772.6319291338588
3588.270193073523,1858.6475047377794,768.0,769.9935826771658
3592.7603211340574,1854.1573766772449,765.0,767.3552362204729
3597.009300484436,1849.4384070354633,762.0,764.7168897637799
3601.4994285449707,1844.9482789749288,765.0,762.078543307087
3605.7484078953494,1840.2293093331473,762.0,759.440196850394
3609.744592378516,1835.2944324778955,759.0,756.8018503937011
3613.477028730573,1830.1571745636145,756.0,754.1635039370082
3616.935486602918,1824.831616457161,753.0,751.5251574803152
3620.110486602918,1819.33235514313,750.0,748.8868110236223
3622.9933262762643,1813.6744637145339,747.0,746.2484645669293
3625.5761039597955,1807.8734500585033,744.0,743.6101181102364
3627.8517404394083,1801.945214350246,741.0,740.9717716535434
3629.8139983536894,1795.9060054717718,738.0,738.3334251968505
3631.4574992900903,1789.7723764748362,735.0,735.6950787401576
3632.777738526783,1783.5611392101764,732.0,733.0567322834646
3633.7710973797884,1777.2893182473972,729.0,730.4183858267717
3634.4348531215383,1770.9741042118087,726.0,727.7800393700787
3634.767186443681,1764.6328066661172,723.0,725.1416929133858
3634.767186443681,1758.2828066661173,720.0,722.5033464566928
3634.4348531215383,1751.9415091204257,717.0,719.8649999999999
3634.4348531215383,1745.5915091204258,720.0,717.226653543307
3634.1025197993954,1739.2502115747343,717.0,714.588307086614
3633.4387640576456,1732.9349975391458,714.0,711.9499606299211
3632.4454052046403,1726.6631765763666,711.0,709.3116141732281
3631.1251659679474,1720.4519393117068,708.0,706.6732677165352
3629.4816650315465,1714.3183103147712,705.0,704.0349212598422
3627.5194071172655,1708.279101436297,702.0,701.3965748031493
3625.2437706376527,1702.3508657280397,699.0,698.7582283464563
3622.6609929541214,1696.5498520720091,696.0,696.1198818897634
3619.7781532807753,1690.891960643413,693.0,693.4815354330705
3616.603153280775,1685.392699329382,690.0,690.8431889763775
3613.14469540843,1680.0671412229285,687.0,688.2048425196846
3609.412259056373,1674.9298833086475,684.0,685.5664960629916
3605.4160745732065,1669.9950064533957,681.0,682.9281496062987
3601.167095222828,1665.2760368116142,678.0,680.2898031496057
3596.6769671622933,1660.7859087510797,675.0,677.6514566929128
3592.4279878119146,1656.0669391092981,678.0,675.0131102362199
3587.93785975138,1651.5768110487636,675.0,672.3747637795269
3583.2188901095988,1647.327831698385,672.0,669.736417322834
3578.284013254347,1643.3316472152185,669.0,667.098070866141
3573.146755340066,1639.5992108631613,666.0,664.4597244094481
3567.8211972336126,1636.1407529908158,663.0,661.8213779527551
3562.3219359195814,1632.9657529908159,660.0,659.1830314960622
3556.6640444909854,1630.0829133174698,657.0,656.5446850393693
3550.8630308349548,1627.5001356339385,654.0,653.9063385826763
3544.9347951266977,1625.224499154326,651.0,651.2679921259834
3539.133781470667,1622.6417214707947,654.0,651.2679921259834
3533.20554576241,1620.366084991182,651.0,651.2679921259834
3527.4045321063795,1617.7833073076508,654.0,651.2679921259834
3521.4762963981225,1615.5076708280383,651.0,651.2679921259834
3515.675282742092,1612.924893144507,654.0,651.2679921259834
3509.747047033835,1610.6492566648944,651.0,651.2679921259834
3503.9460333778043,1608.0664789813632,654.0,651.2679921259834
3498.0177976695472,1605.7908425017506,651.0,651.2679921259834
3492.2167840135166,1603.2080648182193,654.0,651.2679921259834
3486.2885483052596,1600.9324283386068,651.0,651.2679921259834
3480.487534649229,1598.3496506550755,654.0,651.2679921259834
3474.559298940972,1596.074014175463,651.0,651.2679921259834
3468.7582852849414,1593.4912364919317,654.0,651.2679921259834
3462.8300495766844,1591.215600012319,651.0,651.2679921259834
3457.0290359206538,1588.6328223287878,654.0,651.2679921259834
3451.1008002123967,1586.3571858491753,651.0,651.2679921259834
3445.299786556366,1583.774408165644,654.0,651.2679921259834
3439.371550848109,1581.4987716860314,651.0,651.2679921259834
3433.5705371920785,1578.9159940025002,654.0,651.2679921259834
3427.6423014838215,1576.6403575228876,651.0,648.6296456692904
3421.6030926053472,1574.6780996086068,648.0,645.9912992125975
3415.469463608412,1573.0345986722057,645.0,643.3529527559045
3409.258226343752,1571.714359435513,642.0,640.7146062992116
3402.986405380973,1570.7210005825075,639.0,638.0762598425187
3396.671191345384,1570.057244840758,636.0,635.4379133858257
3390.3298937996924,1569.7249115186153,633.0,632.7995669291328
3383.9798937996925,1569.7249115186153,630.0,632.7995669291328
3377.6385962540007,1569.3925781964726,633.0,632.7995669291328
3371.288596254001,1569.3925781964726,630.0,632.7995669291328
3364.947298708309,1569.06024487433,633.0,632.7995669291328
3358.597298708309,1569.06024487433,630.0,632.7995669291328
3352.2560011626174,1568.7279115521874,633.0,632.7995669291328
3345.9060011626175,1568.7279115521874,630.0,632.7995669291328
3339.5647036169257,1568.3955782300447,633.0,632.7995669291328
3333.214703616926,1568.3955782300447,630.0,632.7995669291328
3326.873406071234,1568.0632449079021,633.0,632.7995669291328
3320.523406071234,1568.0632449079021,630.0,632.7995669291328
3314.1821085255424,1567.7309115857595,633.0,632.7995669291328
3307.8321085255425,1567.7309115857595,630.0,632.7995669291328
3301.4908109798507,1567.3985782636169,633.0,632.7995669291328
3295.140810979851,1567.3985782636169,630.0,632.7995669291328
3288.799513434159,1567.0662449414742,633.0,632.7995669291328
3282.449513434159,1567.0662449414742,630.0,632.7995669291328
3276.1082158884674,1566.7339116193316,633.0,632.7995669291328
3269.7582158884675,1566.7339116193316,630.0,630.1612204724398
3263.4169183427757,1567.0662449414742,627.0,627.5228740157469
3257.101704307187,1567.7300006832238,624.0,624.8845275590539
3250.829883344408,1568.7233595362293,621.0,622.246181102361
3244.618646079748,1570.043598772922,618.0,619.607834645668
3238.4850170828126,1571.687099709323,615.0,616.9694881889751
3232.4458082043384,1573.649357623604,612.0,614.3311417322822
3226.5175724960814,1575.9249941032165,609.0,611.6927952755892
3220.478363617607,1577.8872520174973,612.0,609.0544488188963
3214.55012790935,1580.1628884971099,609.0,606.4161023622033
3208.7491142533195,1582.7456661806411,606.0,603.7777559055104
3203.0912228247234,1585.6285058539872,603.0,601.1394094488174
3197.5919615106923,1588.8035058539872,600.0,598.5010629921245
3192.2664034042386,1592.2619637263326,597.0,595.8627165354316
3187.129145489958,1595.9944000783898,594.0,593.2243700787386
3182.194268634706,1599.9905845615563,591.0,590.5860236220457
3177.4752989929248,1604.239563911935,588.0,587.9476771653527
3172.9851709323902,1608.7296919724695,585.0,585.3093307086598
3168.7361915820115,1613.448661614251,582.0,582.6709842519668
3164.740007098845,1618.3835384695028,579.0,580.0326377952739
3161.007570746788,1623.5207963837838,576.0,577.394291338581
3157.549112874443,1628.8463544902372,573.0,574.755944881888
3154.3741128744427,1634.3456158042684,570.0,572.1175984251951
3151.4912732010966,1640.0035072328644,567.0,569.4792519685021
3148.9084955175654,1645.804520888895,564.0,566.8409055118092
3146.0256558442193,1651.462412317491,567.0,564.2025590551162
3143.442878160688,1657.2634259735216,564.0,561.5642125984233
3141.167241681075,1663.191661681779,561.0,558.9258661417304
3139.204983766794,1669.2308705602532,558.0,558.9258661417304
3136.9293472871814,1675.1591062685104,561.0,558.9258661417304
3134.9670893729003,1681.1983151469847,558.0,558.9258661417304
3132.6914528932875,1687.126550855242,561.0,558.9258661417304
3130.7291949790065,1693.1657597337162,558.0,558.9258661417304
3128.4535584993937,1699.0939954419734,561.0,558.9258661417304
3126.4913005851126,1705.1332043204477,558.0,558.9258661417304
3124.2156641055,1711.061440028705,561.0,558.9258661417304
3122.253406191219,1717.1006489071792,558.0,558.9258661417304
3119.977769711606,1723.0288846154365,561.0,558.9258661417304
3118.015511797325,1729.0680934939107,558.0,558.9258661417304
3115.739875317712,1734.996329202168,561.0,558.9258661417304
3113.777617403431,1741.0355380806423,558.0,558.9258661417304
3111.5019809238183,1746.9637737888995,561.0,558.9258661417304
3109.5397230095373,1753.0029826673738,558.0,558.9258661417304
3107.2640865299245,1758.931218375631,561.0,558.9258661417304
3105.3018286156434,1764.9704272541053,558.0,558.9258661417304
3103.0261921360307,1770.8986629623626,561.0,558.9258661417304
3101.0639342217496,1776.9378718408368,558.0,558.9258661417304
3098.788297742137,1782.866107549094,561.0,558.9258661417304
3096.8260398278558,1788.9053164275683,558.0,558.9258661417304
3094.550403348243,1794.8335521358256,561.0,558.9258661417304
3092.588145433962,1800.8727610142998,558.0,558.9258661417304
3090.312508954349,1806.800996722557,561.0,558.9258661417304
3088.350251040068,1812.8402056010314,558.0,558.9258661417304
3086.0746145604553,1818.7684413092886,561.0,558.9258661417304
3084.1123566461742,1824.8076501877629,558.0,558.9258661417304
3081.8367201665615,1830.7358858960201,561.0,561.5642125984233
3079.25394248303,1836.5368995520507,564.0,564.2025590551162
3076.371102809684,1842.1947909806468,567.0,566.8409055118092
3073.196102809684,1847.694052294678,570.0,569.4792519685021
3070.313263136338,1853.351943723274,567.0,569.4792519685021
3067.1382631363376,1858.8512050373051,570.0,569.4792519685021
3064.2554234629915,1864.5090964659012,567.0,569.4792519685021
3061.0804234629913,1870.0083577799323,570.0,569.4792519685021
3058.1975837896453,1875.6662492085284,567.0,569.4792519685021
3055.022583789645,1881.1655105225595,570.0,569.4792519685021
3052.139744116299,1886.8234019511556,567.0,569.4792519685021
3048.964744116299,1892.3226632651867,570.0,569.4792519685021
3046.0819044429527,1897.9805546937828,567.0,569.4792519685021
3042.9069044429525,1903.479816007814,570.0,569.4792519685021
3040.0240647696064,1909.13770743641,567.0,569.4792519685021
3036.8490647696062,1914.6369687504412,570.0,569.4792519685021
3033.96622509626,1920.2948601790372,567.0,569.4792519685021
3030.79122509626,1925.7941214930684,570.0,569.4792519685021
3027.908385422914,1931.4520129216644,567.0,569.4792519685021
3024.7333854229137,1936.9512742356956,570.0,569.4792519685021
3021.2749275505685,1942.276832342149,573.0,572.1175984251951
3017.5424911985115,1947.41409025643,576.0,574.755944881888
3013.546306715345,1952.3489671116818,579.0,577.394291338581
3009.2973273649663,1957.0679367534633,582.0,580.0326377952739
3004.807199304432,1961.5580648139978,585.0,582.6709842519668
3000.0882296626505,1965.8070441643765,588.0,585.3093307086598
2995.598101602116,1970.297172224911,585.0,587.9476771653527
2990.8791319603347,1974.5461515752897,588.0,590.5860236220457
2985.944255105083,1978.5423360584562,591.0,593.2243700787386
2980.806997190802,1982.2747724105134,594.0,595.8627165354316
2975.4814390843485,1985.7332302828588,597.0,598.5010629921245
2969.9821777703173,1988.9082302828588,600.0,601.1394094488174
2964.3242863417213,1991.7910699562049,603.0,603.7777559055104
2958.5232726856907,1994.3738476397361,606.0,606.4161023622033
2952.5950369774337,1996.6494841193487,609.0,609.0544488188963
2946.5558280989594,1998.6117420336295,612.0,611.6927952755892
2940.422199102024,2000.2552429700306,615.0,614.3311417322822
2934.2109618373643,2001.5754822067233,618.0,616.9694881889751
2927.939140874585,2002.5688410597288,621.0,619.607834645668
2921.6239268389963,2003.2325968014784,624.0,622.246181102361
2915.2826292933046,2003.564930123621,627.0,624.8845275590539
2908.9326292933047,2003.564930123621,630.0,627.5228740157469
2902.591331747613,2003.2325968014784,633.0,630.1612204724398
2896.241331747613,2003.2325968014784,630.0,632.7995669291328
2889.9000342019212,2002.9002634793358,633.0,635.4379133858257
2883.5848201663325,2002.2365077375862,636.0,638.0762598425187
2877.3129992035533,2001.2431488845807,639.0,640.7146062992116
2871.1017619388936,1999.922909647888,642.0,643.3529527559045
2864.968132941958,1998.279408711487,645.0,645.9912992125975
2858.928924063484,1996.317150797206,648.0,648.6296456692904
2853.000688355227,1994.0415143175935,651.0,651.2679921259834
2847.1996746991963,1991.4587366340622,654.0,653.9063385826763
2841.5417832706003,1988.5758969607161,657.0,656.5446850393693
2835.7407696145697,1985.9931192771849,654.0,656.5446850393693
2830.0828781859736,1983.1102796038388,657.0,656.5446850393693
2824.281864529943,1980.5275019203075,654.0,656.5446850393693
2818.623973101347,1977.6446622469614,657.0,656.5446850393693
2812.8229594453164,1975.06188456343,654.0,656.5446850393693
2807.1650680167204,1972.179044890084,657.0,656.5446850393693
2801.36405436069,1969.5962672065527,654.0,656.5446850393693
2795.706162932094,1966.7134275332066,657.0,656.5446850393693
2789.905149276063,1964.1306498496754,654.0,656.5446850393693
2784.247257847467,1961.2478101763293,657.0,656.5446850393693
2778.4462441914366,1958.665032492798,654.0,656.5446850393693
2772.7883527628405,1955.782192819452,657.0,656.5446850393693
2766.98733910681,1953.1994151359206,654.0,656.5446850393693
2761.329447678214,1950.3165754625745,657.0,656.5446850393693
2755.5284340221833,1947.7337977790432,654.0,656.5446850393693
2749.8705425935873,1944.8509581056971,657.0,656.5446850393693
2744.0695289375567,1942.2681804221659,654.0,656.5446850393693
2738.4116375089607,1939.3853407488198,657.0,656.5446850393693
2732.61062385293,1936.8025630652885,654.0,656.5446850393693
2726.952732424334,1933.9197233919424,657.0,656.5446850393693
2721.1517187683035,1931.3369457084111,654.0,656.5446850393693
2715.4938273397074,1928.454106035065,657.0,656.5446850393693
2709.692813683677,1925.8713283515337,654.0,656.5446850393693
2704.034922255081,1922.9884886781877,657.0,656.5446850393693
2698.23390859905,1920.4057109946564,654.0,656.5446850393693
2692.576017170454,1917.5228713213103,657.0,656.5446850393693
2686.7750035144236,1914.940093637779,654.0,656.5446850393693
2681.1171120858276,1912.057253964433,657.0,656.5446850393693
2675.316098429797,1909.4744762809016,654.0,656.5446850393693
2669.658207001201,1906.5916366075555,657.0,656.5446850393693
2663.8571933451703,1904.0088589240243,654.0,656.5446850393693
2658.1993019165743,1901.1260192506782,657.0,656.5446850393693
2652.3982882605437,1898.5432415671469,654.0,656.5446850393693
2646.7403968319477,1895.6604018938008,657.0,656.5446850393693
2640.939383175917,1893.0776242102695,654.0,656.5446850393693
2635.281491747321,1890.1947845369234,657.0,656.5446850393693
2629.4804780912905,1887.6120068533921,654.0,656.5446850393693
2623.8225866626944,1884.729167180046,657.0,656.5446850393693
2618.021573006664,1882.1463894965148,654.0,656.5446850393693
2612.363681578068,1879.2635498231687,657.0,656.5446850393693
2606.5626679220372,1876.6807721396374,654.0,656.5446850393693
2600.904776493441,1873.7979324662913,657.0,656.5446850393693
2595.1037628374106,1871.21515478276,654.0,656.5446850393693
2589.4458714088146,1868.332315109414,657.0,656.5446850393693
2583.644857752784,1865.7495374258826,654.0,656.5446850393693
2577.986966324188,1862.8666977525365,657.0,656.5446850393693
2572.1859526681574,1860.2839200690053,654.0,656.5446850393693
2566.5280612395613,1857.4010803956592,657.0,656.5446850393693
2560.7270475835307,1854.818302712128,654.0,656.5446850393693
2554.7988118752737,1852.5426662325153,651.0,653.9063385826763
2548.997798219243,1849.959888548984,654.0,651.2679921259834
2543.069562510986,1847.6842520693715,651.0,648.6296456692904
2537.030353632512,1845.7219941550907,648.0,645.9912992125975
2530.8967246355764,1844.0784932186896,645.0,643.3529527559045
2524.6854873709167,1842.7582539819969,642.0,640.7146062992116
2518.4136664081375,1841.7648951289914,639.0,638.0762598425187
2512.0984523725488,1841.1011393872418,636.0,635.4379133858257
2505.757154826857,1840.7688060650992,633.0,632.7995669291328
2499.407154826857,1840.7688060650992,630.0,630.1612204724398
2493.0658572811653,1841.1011393872418,627.0,627.5228740157469
2486.7506432455766,1841.7648951289914,624.0,624.8845275590539
2480.4788222827974,1842.7582539819969,621.0,622.246181102361
2474.1636082472087,1843.4220097237464,624.0,622.246181102361
2467.8917872844295,1844.415368576752,621.0,622.246181102361
2461.5765732488408,1845.0791243185015,624.0,622.246181102361
2455.3047522860616,1846.072483171507,621.0,622.246181102361
2448.989538250473,1846.7362389132566,624.0,622.246181102361
2442.7177172876936,1847.729597766262,621.0,622.246181102361
2436.506480023034,1849.0498370029547,618.0,619.607834645668
2430.3728510260985,1850.6933379393558,615.0,616.9694881889751
2424.3336421476242,1852.6555958536367,612.0,614.3311417322822
2418.405406439367,1854.9312323332492,609.0,611.6927952755892
2412.366197560893,1856.89349024753,612.0,609.0544488188963
2406.437961852636,1859.1691267271426,609.0,606.4161023622033
2400.6369481966053,1861.751904410674,606.0,603.7777559055104
2394.9790567680093,1864.63474408402,603.0,601.1394094488174
2389.479795453978,1867.80974408402,600.0,598.5010629921245
2384.1542373475245,1871.2682019563654,597.0,595.8627165354316
2379.0169794332437,1875.0006383084226,594.0,593.2243700787386
2374.082102577992,1878.996822791589,591.0,590.5860236220457
2369.3631329362106,1883.2458021419677,588.0,587.9476771653527
2364.873004875676,1887.7359302025022,585.0,587.9476771653527
2360.154035233895,1891.984909552881,588.0,587.9476771653527
2355.6639071733603,1896.4750376134155,585.0,587.9476771653527
2350.944937531579,1900.7240169637942,588.0,587.9476771653527
2346.4548094710444,1905.2141450243287,585.0,587.9476771653527
2341.735839829263,1909.4631243747074,588.0,587.9476771653527
2337.2457117687286,1913.953252435242,585.0,587.9476771653527
2332.5267421269473,1918.2022317856206,588.0,587.9476771653527
2328.0366140664128,1922.6923598461551,585.0,585.3093307086598
2323.787634716034,1927.4113294879367,582.0,582.6709842519668
2319.7914502328676,1932.3462063431884,579.0,580.0326377952739
2316.0590138808107,1937.4834642574694,576.0,577.394291338581
2312.6005560084654,1942.8090223639228,573.0,574.755944881888
2309.4255560084653,1948.308283677954,570.0,572.1175984251951
2306.542716335119,1953.96617510655,567.0,569.4792519685021
2303.959938651588,1959.7671887625806,564.0,566.8409055118092
2301.077098978242,1965.4250801911767,567.0,566.8409055118092
2298.4943212947105,1971.2260938472073,564.0,566.8409055118092
2295.6114816213644,1976.8839852758033,567.0,566.8409055118092
2293.028703937833,1982.684998931834,564.0,566.8409055118092
2290.145864264487,1988.34289036043,567.0,566.8409055118092
2287.5630865809558,1994.1439040164605,564.0,566.8409055118092
2284.6802469076097,1999.8017954450565,567.0,566.8409055118092
2282.0974692240784,2005.6028091010871,564.0,566.8409055118092
2279.2146295507323,2011.2607005296832,567.0,566.8409055118092
2276.631851867201,2017.0617141857138,564.0,566.8409055118092
2273.749012193855,2022.7196056143098,567.0,566.8409055118092
2271.1662345103236,2028.5206192703404,564.0,566.8409055118092
2268.2833948369775,2034.1785106989364,567.0,566.8409055118092
2265.7006171534463,2039.979524354967,564.0,566.8409055118092
2262.8177774801,2045.637415783563,567.0,566.8409055118092
2260.234999796569,2051.4384294395936,564.0,566.8409055118092
2257.352160123223,2057.0963208681897,567.0,566.8409055118092
2254.7693824396915,2062.8973345242202,564.0,566.8409055118092
2251.8865427663454,2068.5552259528163,567.0,566.8409055118092
2249.303765082814,2074.356239608847,564.0,566.8409055118092
2246.420925409468,2080.014131037443,567.0,566.8409055118092
2243.838147725937,2085.8151446934735,564.0,566.8409055118092
2240.9553080525907,2091.4730361220695,567.0,566.8409055118092
2238.3725303690594,2097.2740497781,564.0,566.8409055118092
2235.4896906957133,2102.931941206696,567.0,566.8409055118092
2232.906913012182,2108.7329548627267,564.0,566.8409055118092
2230.024073338836,2114.3908462913228,567.0,566.8409055118092
2227.4412956553047,2120.1918599473534,564.0,566.8409055118092
2224.5584559819586,2125.8497513759494,567.0,566.8409055118092
2221.3834559819584,2131.3490126899806,570.0,569.4792519685021
2217.924998109613,2136.674570796434,573.0,572.1175984251951
2214.192561757556,2141.811828710715,576.0,574.755944881888
2210.1963772743898,2146.7467055659667,579.0,577.394291338581
2205.947397924011,2151.465675207748,582.0,580.0326377952739
2201.4572698634765,2155.9558032682826,585.0,582.6709842519668
2196.738300221695,2160.2047826186613,588.0,585.3093307086598
2192.2481721611607,2164.694910679196,585.0,587.9476771653527
2187.5292025193794,2168.9438900295745,588.0,590.5860236220457
2182.5943256641276,2172.940074512741,591.0,593.2243700787386
2177.457067749847,2176.672510864798,594.0,595.8627165354316
2172.131509643393,2180.130968737143,597.0,598.5010629921245
2166.632248329362,2183.3059687371433,600.0,601.1394094488174
2160.974356900766,2186.1888084104894,603.0,603.7777559055104
2155.1733432447354,2188.7715860940207,606.0,606.4161023622033
2149.2451075364784,2191.0472225736335,609.0,609.0544488188963
2143.205898658004,2193.0094804879145,612.0,611.6927952755892
2137.0722696610687,2194.6529814243154,615.0,614.3311417322822
2130.861032396409,2195.9732206610083,618.0,616.9694881889751
2124.5892114336298,2196.9665795140136,621.0,619.607834645668
2118.273997398041,2197.6303352557634,624.0,622.246181102361
2111.9326998523493,2197.9626685779062,627.0,624.8845275590539
2105.5826998523494,2197.9626685779062,630.0,627.5228740157469
2099.2414023066576,2197.6303352557634,633.0,630.1612204724398
2092.8914023066577,2197.6303352557634,630.0,632.7995669291328
2086.550104760966,2197.2980019336205,633.0,635.4379133858257
2080.234890725377,2196.6342461918707,636.0,638.0762598425187
2073.963069762598,2195.6408873388655,639.0,640.7146062992116
2067.7518324979383,2194.3206481021725,642.0,643.3529527559045
2061.618203501003,2192.6771471657717,645.0,645.9912992125975
2055.5789946225286,2190.7148892514906,648.0,648.6296456692904
2049.6507589142716,2188.439252771878,651.0,651.2679921259834
2043.849745258241,2185.8564750883465,654.0,653.9063385826763
2038.191853829645,2182.9736354150004,657.0,656.5446850393693
2032.6925925156138,2179.7986354150003,660.0,659.1830314960622
2027.3670344091604,2176.340177542655,663.0,661.8213779527551
2022.2297764948794,2172.607741190598,666.0,664.4597244094481
2017.2948996396276,2168.6115567074316,669.0,667.098070866141
2012.575929997846,2164.362577357053,672.0,669.736417322834
2007.6410531425943,2160.3663928738865,669.0,669.736417322834
2002.9220835008127,2156.117413523508,672.0,669.736417322834
1997.987206645561,2152.1212290403414,669.0,669.736417322834
1993.2682370037794,2147.8722496899627,672.0,669.736417322834
1988.3333601485276,2143.8760652067963,669.0,669.736417322834
1983.614390506746,2139.6270858564176,672.0,669.736417322834
1978.6795136514943,2135.630901373251,669.0,669.736417322834
1973.9605440097127,2131.3819220228725,672.0,669.736417322834
1969.025667154461,2127.385737539706,669.0,669.736417322834
1964.3066975126794,2123.1367581893273,672.0,669.736417322834
1959.3718206574276,2119.140573706161,669.0,669.736417322834
1954.652851015646,2114.891594355782,672.0,669.736417322834
1949.7179741603943,2110.895409872616,669.0,669.736417322834
1944.9990045186128,2106.646430522237,672.0,669.736417322834
1940.064127663361,2102.6502460390707,669.0,669.736417322834
1935.3451580215794,2098.401266688692,672.0,669.736417322834
1930.4102811663276,2094.4050822055256,669.0,669.736417322834
1925.691311524546,2090.156102855147,672.0,669.736417322834
1920.7564346692943,2086.1599183719804,669.0,669.736417322834
1916.0374650275128,2081.9109390216017,672.0,669.736417322834
1911.102588172261,2077.9147545384353,669.0,669.736417322834
1906.3836185304795,2073.6657751880566,672.0,669.736417322834
1901.4487416752277,2069.66959070489,669.0,669.736417322834
1896.7297720334461,2065.4206113545115,672.0,669.736417322834
1891.7948951781943,2061.424426871345,669.0,669.736417322834
1887.0759255364128,2057.1754475209664,672.0,669.736417322834
1882.141048681161,2053.1792630378,669.0,669.736417322834
1877.4220790393795,2048.9302836874213,672.0,669.736417322834
1872.4872021841277,2044.9340992042548,669.0,669.736417322834
1867.7682325423461,2040.6851198538761,672.0,669.736417322834
1862.8333556870944,2036.6889353707097,669.0,669.736417322834
1858.1143860453128,2032.439956020331,672.0,669.736417322834
1853.179509190061,2028.4437715371646,669.0,669.736417322834
1848.4605395482795,2024.194792186786,672.0,669.736417322834
1843.5256626930277,2020.1986077036195,669.0,669.736417322834
1838.8066930512462,2015.9496283532408,672.0,669.736417322834
1833.8718161959944,2011.9534438700744,669.0,669.736417322834
1829.1528465542128,2007.7044645196956,672.0,669.736417322834
1824.217969698961,2003.7082800365292,669.0,669.736417322834
1819.4990000571795,1999.4593006861505,672.0,669.736417322834
1814.5641232019277,1995.463116202984,669.0,669.736417322834
1809.8451535601462,1991.2141368526054,672.0,669.736417322834
1804.9102767048944,1987.217952369439,669.0,669.736417322834
1800.1913070631128,1982.9689730190603,672.0,669.736417322834
1795.256430207861,1978.9727885358939,669.0,669.736417322834
1790.5374605660795,1974.7238091855152,672.0,669.736417322834
1785.6025837108277,1970.7276247023487,669.0,669.736417322834
1780.8836140690462,1966.47864535197,672.0,669.736417322834
1775.9487372137944,1962.4824608688036,669.0,669.736417322834
1771.2297675720129,1958.233481518425,672.0,669.736417322834
1766.294890716761,1954.2372970352585,669.0,669.736417322834
1761.5759210749795,1949.9883176848798,672.0,669.736417322834
1756.6410442197277,1945.9921332017134,669.0,669.736417322834
1751.9220745779462,1941.7431538513347,672.0,669.736417322834
1746.9871977226944,1937.7469693681683,669.0,669.736417322834
1742.2682280809129,1933.4979900177896,672.0,669.736417322834
1737.333351225661,1929.5018055346231,669.0,669.736417322834
1732.6143815838795,1925.2528261842444,672.0,669.736417322834
1727.6795047286278,1921.256641701078,669.0,669.736417322834
1722.9605350868462,1917.0076623506993,672.0,669.736417322834
1718.0256582315944,1913.011477867533,669.0,669.736417322834
1713.306688589813,1908.7624985171542,672.0,669.736417322834
1708.371811734561,1904.7663140339878,669.0,669.736417322834
1703.6528420927796,1900.517334683609,672.0,669.736417322834
1698.7179652375278,1896.5211502004427,669.0,667.098070866141
1693.5807073232468,1892.7887138483854,666.0,664.4597244094481
1688.2551492167934,1889.33025597604,663.0,661.8213779527551
1682.7558879027622,1886.15525597604,660.0,659.1830314960622
1677.0979964741662,1883.272416302694,657.0,656.5446850393693
1671.2969828181356,1880.6896386191627,654.0,653.9063385826763
1665.3687471098783,1878.4140021395501,651.0,651.2679921259834
1659.329538231404,1876.4517442252693,648.0,648.6296456692904
1653.1959092344684,1874.8082432888682,645.0,645.9912992125975
1646.9846719698087,1873.4880040521755,642.0,643.3529527559045
1640.7128510070295,1872.49464519917,639.0,640.7146062992116
1634.397636971441,1871.8308894574204,636.0,638.0762598425187
1628.0563394257495,1871.4985561352778,633.0,635.4379133858257
1621.7063394257495,1871.4985561352778,630.0,632.7995669291328
1615.365041880058,1871.1662228131352,633.0,630.1612204724398
1609.015041880058,1871.1662228131352,630.0,627.5228740157469
1602.6737443343666,1871.4985561352778,627.0,624.8845275590539
1596.358530298778,1872.1623118770274,624.0,622.246181102361
1590.0867093359989,1873.1556707300329,621.0,619.607834645668
1583.8754720713391,1874.4759099667256,618.0,616.9694881889751
1577.7418430744035,1876.1194109031267,615.0,614.3311417322822
1571.7026341959292,1878.0816688174075,612.0,611.6927952755892
1565.774398487672,1880.35730529702,609.0,609.0544488188963
1559.9733848316414,1882.9400829805513,606.0,606.4161023622033
1554.3154934030454,1885.8229226538974,603.0,603.7777559055104
1548.8162320890142,1888.9979226538974,600.0,601.1394094488174
1543.4906739825608,1892.4563805262428,597.0,598.5010629921245
1538.3534160682798,1896.1888168783,594.0,595.8627165354316
1533.418539213028,1900.1850013614664,591.0,593.2243700787386
1528.6995695712465,1904.4339807118452,588.0,590.5860236220457
1524.209441510712,1908.9241087723797,585.0,587.9476771653527
1519.4904718689304,1913.1730881227584,588.0,585.3093307086598
1515.0003438083959,1917.663216183293,585.0,582.6709842519668
1510.7513644580172,1922.3821858250744,582.0,580.0326377952739
1506.7551799748508,1927.3170626803262,579.0,577.394291338581
1503.0227436227935,1932.4543205946072,576.0,574.755944881888
1499.564285750448,1937.7798787010606,573.0,572.1175984251951
1496.3892857504482,1943.2791400150918,570.0,569.4792519685021
1493.506446077102,1948.9370314436878,567.0,566.8409055118092
1490.9236683935708,1954.7380450997184,564.0,564.2025590551162
1488.6480319139582,1960.6662808079757,561.0,561.5642125984233
1486.6857739996774,1966.70548968645,558.0,558.9258661417304
1485.0422730632763,1972.8391186833855,555.0,556.2875196850374
1483.7220338265836,1979.0503559480453,552.0,553.6491732283445
1482.728674973578,1985.3221769108245,549.0,551.0108267716515
1481.4084357368854,1991.5334141754843,552.0,551.0108267716515
1480.41507688388,1997.8052351382635,549.0,551.0108267716515
1479.0948376471872,2004.0164724029232,552.0,551.0108267716515
1478.1014787941817,2010.2882933657024,549.0,551.0108267716515
1476.781239557489,2016.4995306303622,552.0,551.0108267716515
1475.7878807044835,2022.7713515931414,549.0,551.0108267716515
1474.4676414677908,2028.9825888578011,552.0,553.6491732283445
1472.8241405313897,2035.1162178547368,555.0,556.2875196850374
1470.861882617109,2041.155426733211,558.0,558.9258661417304
1468.5862461374963,2047.0836624414683,561.0,561.5642125984233
1466.003468453965,2052.884676097499,564.0,564.2025590551162
1463.120628780619,2058.542567526095,567.0,566.8409055118092
1459.945628780619,2064.041828840126,570.0,569.4792519685021
1456.4871709082736,2069.3673869465797,573.0,572.1175984251951
1452.7547345562164,2074.5046448608605,576.0,574.755944881888
1448.75855007305,2079.4395217161123,579.0,577.394291338581
1444.5095707226712,2084.1584913578936,582.0,580.0326377952739
1440.0194426621367,2088.648619418428,585.0,582.6709842519668
1435.3004730203552,2092.897598768807,588.0,585.3093307086598
1430.8103449598207,2097.3877268293413,585.0,587.9476771653527
1426.0913753180391,2101.63670617972,588.0,590.5860236220457
1421.1564984627873,2105.6328906628864,591.0,590.5860236220457
1416.4375288210058,2109.881870013265,588.0,590.5860236220457
1411.502651965754,2113.8780544964316,591.0,590.5860236220457
1406.7836823239725,2118.1270338468103,588.0,590.5860236220457
1401.8488054687207,2122.1232183299767,591.0,590.5860236220457
1397.1298358269391,2126.3721976803554,588.0,590.5860236220457
1392.1949589716874,2130.368382163522,591.0,590.5860236220457
1387.4759893299058,2134.6173615139005,588.0,590.5860236220457
1382.541112474654,2138.613545997067,591.0,590.5860236220457
1377.8221428328725,2142.8625253474456,588.0,590.5860236220457
1372.8872659776207,2146.858709830612,591.0,590.5860236220457
1368.1682963358392,2151.1076891809907,588.0,590.5860236220457
1363.2334194805874,2155.103873664157,591.0,590.5860236220457
1358.5144498388058,2159.352853014536,588.0,590.5860236220457
1353.579572983554,2163.3490374977023,591.0,590.5860236220457
1348.442315069273,2167.0814738497593,594.0,593.2243700787386
1343.1167569628196,2170.5399317221045,597.0,595.8627165354316
1337.6174956487885,2173.7149317221047,600.0,598.5010629921245
1331.9596042201924,2176.5977713954508,603.0,601.1394094488174
1326.1585905641618,2179.180549078982,606.0,603.7777559055104
1320.2303548559046,2181.456185558595,609.0,606.4161023622033
1314.429341199874,2184.038963242126,606.0,606.4161023622033
1308.5011054916167,2186.314599721739,609.0,606.4161023622033
1302.7000918355861,2188.89737740527,606.0,606.4161023622033
1296.7718561273289,2191.173013884883,609.0,606.4161023622033
1290.9708424712983,2193.755791568414,606.0,606.4161023622033
1285.042606763041,2196.031428048027,609.0,606.4161023622033
1279.2415931070104,2198.6142057315583,606.0,606.4161023622033
1273.3133573987532,2200.889842211171,609.0,606.4161023622033
1267.5123437427226,2203.4726198947023,606.0,606.4161023622033
1261.5841080344653,2205.748256374315,609.0,606.4161023622033
1255.7830943784347,2208.3310340578464,606.0,606.4161023622033
1249.8548586701775,2210.606670537459,609.0,606.4161023622033
1244.0538450141469,2213.1894482209905,606.0,606.4161023622033
1238.1256093058896,2215.4650847006033,609.0,606.4161023622033
1232.324595649859,2218.0478623841345,606.0,606.4161023622033
1226.3963599416018,2220.3234988637473,609.0,606.4161023622033
1220.5953462855712,2222.9062765472786,606.0,606.4161023622033
1214.667110577314,2225.1819130268914,609.0,606.4161023622033
1208.8660969212833,2227.7646907104227,606.0,606.4161023622033
1202.937861213026,2230.0403271900354,609.0,606.4161023622033
1197.1368475569955,2232.6231048735667,606.0,606.4161023622033
1191.2086118487382,2234.8987413531795,609.0,606.4161023622033
1185.4075981927076,2237.481519036711,606.0,606.4161023622033
1179.4793624844503,2239.7571555163236,609.0,606.4161023622033
1173.6783488284198,2242.339933199855,606.0,606.4161023622033
1167.7501131201625,2244.6155696794676,609.0,606.4161023622033
1161.949099464132,2247.198347362999,606.0,606.4161023622033
1156.0208637558746,2249.4739838426117,609.0,606.4161023622033
1150.219850099844,2252.056761526143,606.0,606.4161023622033
1144.2916143915868,2254.3323980057557,609.0,609.0544488188963
1138.2524055131125,2256.294655920037,612.0,611.6927952755892
1132.118776516177,2257.9381568564377,615.0,614.3311417322822
1125.9075392515172,2259.2583960931306,618.0,616.9694881889751
1119.635718288738,2260.251754946136,621.0,619.607834645668
1113.3205042531495,2260.9155106878857,624.0,622.246181102361
1106.979206707458,2261.2478440100285,627.0,624.8845275590539
1100.629206707458,2261.2478440100285,630.0,627.5228740157469
1094.2879091617665,2261.5801773321714,627.0,627.5228740157469
1087.9379091617666,2261.5801773321714,630.0,627.5228740157469
1081.596611616075,2261.9125106543142,627.0,627.5228740157469
1075.2466116160751,2261.9125106543142,630.0,627.5228740157469
1068.9053140703836,2262.244843976457,627.0,627.5228740157469
1062.5553140703837,2262.244843976457,630.0,627.5228740157469
1056.2140165246922,2262.5771772986,627.0,627.5228740157469
1049.8640165246923,2262.5771772986,630.0,627.5228740157469
1043.5227189790007,2262.909510620743,627.0,627.5228740157469
1037.1727189790008,2262.909510620743,630.0,627.5228740157469
1030.8314214333093,2262.5771772986,633.0,630.1612204724398
1024.4814214333094,2262.5771772986,630.0,632.7995669291328
1018.1401238876178,2262.244843976457,633.0,635.4379133858257
1011.8249098520294,2261.5810882347073,636.0,638.0762598425187
1005.5530888892503,2260.587729381702,639.0,640.7146062992116
999.3418516245906,2259.267490145009,642.0,643.3529527559045
993.208222627655,2257.6239892086082,645.0,645.9912992125975
987.1690137491807,2255.661731294327,648.0,648.6296456692904
981.2407780409235,2253.3860948147144,651.0,651.2679921259834
975.439764384893,2250.803317131183,654.0,653.9063385826763
969.7818729562969,2247.920477457837,657.0,656.5446850393693
964.2826116422657,2244.745477457837,660.0,659.1830314960622
958.9570535358123,2241.2870195854916,663.0,661.8213779527551
953.8197956215314,2237.5545832334346,666.0,664.4597244094481
948.8849187662796,2233.558398750268,669.0,667.098070866141
944.1659491244982,2229.3094193998895,672.0,669.736417322834
939.6758210639636,2224.819291339355,675.0,672.3747637795269
935.4268417135848,2220.1003216975737,678.0,675.0131102362199
930.9367136530502,2215.610193637039,675.0,677.6514566929128
926.6877343026715,2210.891223995258,678.0,680.2898031496057
922.6915498195051,2205.956347140006,681.0,682.9281496062987
918.9591134674479,2200.8190892257253,684.0,682.9281496062987
914.9629289842815,2195.8842123704735,681.0,682.9281496062987
911.2304926322242,2190.7469544561927,684.0,682.9281496062987
907.2343081490578,2185.812077600941,681.0,682.9281496062987
903.5018717970006,2180.67481968666,684.0,682.9281496062987
899.5056873138342,2175.7399428314084,681.0,682.9281496062987
895.773250961777,2170.6026849171276,684.0,682.9281496062987
891.7770664786105,2165.667808061876,681.0,682.9281496062987
888.0446301265533,2160.530550147595,684.0,682.9281496062987
884.5861722542079,2155.2049920411414,687.0,685.5664960629916
881.4111722542079,2149.70573072711,690.0,688.2048425196846
878.5283325808618,2144.047839298514,693.0,690.8431889763775
875.9455548973305,2138.2468256424836,696.0,693.4815354330705
873.6699184177178,2132.3185899342266,699.0,696.1198818897634
871.0871407341864,2126.517576278196,696.0,698.7582283464563
868.8115042545737,2120.589340569939,699.0,698.7582283464563
866.2287265710423,2114.7883269139083,696.0,698.7582283464563
863.9530900914297,2108.8600912056513,699.0,698.7582283464563
861.3703124078983,2103.0590775496207,696.0,698.7582283464563
859.0946759282856,2097.1308418413637,699.0,698.7582283464563
856.5118982447542,2091.329828185333,696.0,698.7582283464563
854.2362617651415,2085.401592477076,699.0,698.7582283464563
851.6534840816101,2079.6005788210455,696.0,698.7582283464563
849.3778476019975,2073.6723431127884,699.0,698.7582283464563
847.4155896877165,2067.633134234314,702.0,701.3965748031493
845.7720887513156,2061.499505237379,705.0,704.0349212598422
844.4518495146228,2055.288267972719,708.0,706.6732677165352
842.8083485782219,2049.1546389757837,705.0,706.6732677165352
841.488109341529,2042.943401711124,708.0,706.6732677165352
839.844608405128,2036.8097727141883,705.0,706.6732677165352
838.5243691684352,2030.5985354495285,708.0,706.6732677165352
836.8808682320342,2024.464906452593,705.0,706.6732677165352
835.5606289953414,2018.2536691879332,708.0,706.6732677165352
833.9171280589404,2012.1200401909975,705.0,706.6732677165352
832.5968888222476,2005.9088029263378,708.0,706.6732677165352
830.9533878858466,1999.7751739294022,705.0,706.6732677165352
829.6331486491538,1993.5639366647424,708.0,706.6732677165352
827.9896477127528,1987.4303076678068,705.0,706.6732677165352
826.66940847606,1981.219070403147,708.0,706.6732677165352
825.6760496230545,1974.9472494403678,711.0,709.3116141732281
825.0122938813049,1968.6320354047793,714.0,711.9499606299211
824.6799605591622,1962.2907378590878,717.0,714.588307086614
824.6799605591622,1955.940737859088,720.0,717.226653543307
824.3476272370194,1949.5994403133964,717.0,719.8649999999999
824.3476272370194,1943.2494403133965,720.0,722.5033464566928
824.6799605591622,1936.908142767705,723.0,725.1416929133858
825.3437163009118,1930.5929287321164,726.0,725.1416929133858
825.6760496230545,1924.251631186425,723.0,725.1416929133858
826.3398053648041,1917.9364171508364,726.0,725.1416929133858
826.6721386869468,1911.5951196051449,723.0,725.1416929133858
827.3358944286964,1905.2799055695564,726.0,725.1416929133858
827.6682277508392,1898.9386080238648,723.0,725.1416929133858
828.3319834925887,1892.6233939882763,726.0,725.1416929133858
828.6643168147315,1886.2820964425848,723.0,725.1416929133858
829.3280725564811,1879.9668824069963,726.0,725.1416929133858
829.6604058786238,1873.6255848613048,723.0,725.1416929133858
830.3241616203734,1867.3103708257163,726.0,725.1416929133858
830.6564949425161,1860.9690732800248,723.0,725.1416929133858
831.3202506842657,1854.6538592444363,726.0,725.1416929133858
831.6525840064085,1848.3125616987447,723.0,725.1416929133858
832.316339748158,1841.9973476631562,726.0,725.1416929133858
832.6486730703008,1835.6560501174647,723.0,725.1416929133858
833.3124288120504,1829.3408360818762,726.0,725.1416929133858
833.6447621341931,1822.9995385361847,723.0,725.1416929133858
834.3085178759427,1816.6843245005962,726.0,725.1416929133858
834.6408511980854,1810.3430269549046,723.0,725.1416929133858
835.304606939835,1804.0278129193161,726.0,725.1416929133858
835.6369402619778,1797.6865153736246,723.0,725.1416929133858
836.3006960037274,1791.3713013380361,726.0,725.1416929133858
836.6330293258701,1785.0300037923446,723.0,725.1416929133858
837.2967850676197,1778.714789756756,726.0,725.1416929133858
837.6291183897624,1772.3734922110646,723.0,725.1416929133858
838.292874131512,1766.058278175476,726.0,725.1416929133858
838.6252074536548,1759.7169806297845,723.0,725.1416929133858
839.2889631954043,1753.401766594196,726.0,725.1416929133858
839.6212965175471,1747.0604690485045,723.0,725.1416929133858
840.2850522592967,1740.745255012916,726.0,725.1416929133858
840.6173855814394,1734.4039574672245,723.0,725.1416929133858
841.281141323189,1728.088743431636,726.0,725.1416929133858
841.6134746453317,1721.7474458859444,723.0,725.1416929133858
842.2772303870813,1715.432231850356,726.0,725.1416929133858
842.6095637092241,1709.0909343046644,723.0,725.1416929133858
843.2733194509736,1702.775720269076,726.0,725.1416929133858
843.6056527731164,1696.4344227233844,723.0,725.1416929133858
844.269408514866,1690.119208687796,726.0,725.1416929133858
844.6017418370087,1683.7779111421044,723.0,725.1416929133858
845.2654975787583,1677.4626971065159,726.0,725.1416929133858
845.597830900901,1671.1213995608243,723.0,725.1416929133858
846.2615866426506,1664.8061855252358,726.0,725.1416929133858
846.5939199647934,1658.4648879795443,723.0,725.1416929133858
847.257675706543,1652.1496739439558,726.0,725.1416929133858
847.5900090286857,1645.8083763982643,723.0,725.1416929133858
848.2537647704353,1639.4931623626758,726.0,725.1416929133858
848.586098092578,1633.1518648169842,723.0,725.1416929133858
849.2498538343276,1626.8366507813957,726.0,725.1416929133858
849.5821871564704,1620.4953532357042,723.0,725.1416929133858
850.2459428982199,1614.1801392001157,726.0,725.1416929133858
850.5782762203627,1607.8388416544242,723.0,725.1416929133858
851.2420319621123,1601.5236276188357,726.0,725.1416929133858
851.574365284255,1595.1823300731442,723.0,725.1416929133858
852.2381210260046,1588.8671160375557,726.0,725.1416929133858
852.5704543481473,1582.5258184918641,723.0,725.1416929133858
853.2342100898969,1576.2106044562756,726.0,725.1416929133858
853.5665434120397,1569.869306910584,723.0,725.1416929133858
854.2302991537892,1563.5540928749956,726.0,725.1416929133858
854.562632475932,1557.212795329304,723.0,725.1416929133858
855.2263882176816,1550.8975812937156,726.0,725.1416929133858
855.5587215398243,1544.556283748024,723.0,725.1416929133858
856.2224772815739,1538.2410697124355,726.0,725.1416929133858
856.5548106037166,1531.899772166744,723.0,725.1416929133858
857.2185663454662,1525.5845581311555,726.0,725.1416929133858
857.550899667609,1519.243260585464,723.0,725.1416929133858
858.2146554093586,1512.9280465498755,726.0,725.1416929133858
858.5469887315013,1506.586749004184,723.0,725.1416929133858
859.2107444732509,1500.2715349685955,726.0,725.1416929133858
859.5430777953936,1493.930237422904,723.0,725.1416929133858
860.2068335371432,1487.6150233873154,726.0,725.1416929133858
860.539166859286,1481.273725841624,723.0,725.1416929133858
861.2029226010355,1474.9585118060354,726.0,725.1416929133858
861.5352559231783,1468.6172142603439,723.0,725.1416929133858
862.1990116649279,1462.3020002247554,726.0,725.1416929133858
862.5313449870706,1455.9607026790638,723.0,725.1416929133858
863.1951007288202,1449.6454886434753,726.0,725.1416929133858
863.5274340509629,1443.3041910977838,723.0,725.1416929133858
863.5274340509629,1436.954191097784,720.0,722.5033464566928
863.1951007288202,1430.6128935520924,717.0,719.8649999999999
863.1951007288202,1424.2628935520925,720.0,717.226653543307
862.8627674066774,1417.921596006401,717.0,714.588307086614
862.1990116649279,1411.6063819708124,714.0,711.9499606299211
861.2056528119224,1405.3345610080332,711.0,709.3116141732281
859.8854135752297,1399.1233237433735,708.0,709.3116141732281
858.8920547222242,1392.8515027805943,711.0,709.3116141732281
857.5718154855315,1386.6402655159345,708.0,709.3116141732281
856.578456632526,1380.3684445531553,711.0,709.3116141732281
855.2582173958333,1374.1572072884956,708.0,709.3116141732281
854.2648585428278,1367.8853863257164,711.0,709.3116141732281
852.9446193061351,1361.6741490610566,708.0,709.3116141732281
851.9512604531296,1355.4023280982774,711.0,709.3116141732281
850.6310212164369,1349.1910908336176,708.0,709.3116141732281
849.6376623634314,1342.9192698708384,711.0,709.3116141732281
848.3174231267387,1336.7080326061787,708.0,709.3116141732281
847.3240642737333,1330.4362116433995,711.0,711.9499606299211
846.6603085319837,1324.120997607811,714.0,714.588307086614
846.3279752098409,1317.7797000621194,717.0,717.226653543307
846.3279752098409,1311.4297000621195,720.0,719.8649999999999
846.6603085319837,1305.088402516428,723.0,722.5033464566928
847.3240642737333,1298.7731884808395,726.0,725.1416929133858
848.3174231267387,1292.5013675180603,729.0,727.7800393700787
848.9811788684883,1286.1861534824718,726.0,727.7800393700787
849.9745377214938,1279.9143325196926,729.0,727.7800393700787
850.6382934632434,1273.599118484104,726.0,727.7800393700787
851.6316523162488,1267.327297521325,729.0,727.7800393700787
852.2954080579984,1261.0120834857364,726.0,727.7800393700787
853.2887669110039,1254.7402625229572,729.0,727.7800393700787
853.9525226527535,1248.4250484873687,726.0,727.7800393700787
854.945881505759,1242.1532275245895,729.0,727.7800393700787
855.6096372475085,1235.838013489001,726.0,727.7800393700787
856.602996100514,1229.5661925262218,729.0,727.7800393700787
857.2667518422636,1223.2509784906333,726.0,727.7800393700787
858.2601106952691,1216.979157527854,729.0,727.7800393700787
858.9238664370187,1210.6639434922656,726.0,727.7800393700787
859.9172252900241,1204.3921225294864,729.0,727.7800393700787
860.5809810317737,1198.076908493898,726.0,727.7800393700787
861.5743398847792,1191.8050875311187,729.0,727.7800393700787
862.2380956265288,1185.4898734955302,726.0,727.7800393700787
863.2314544795342,1179.218052532751,729.0,727.7800393700787
863.8952102212838,1172.9028384971625,726.0,727.7800393700787
864.8885690742893,1166.6310175343833,729.0,727.7800393700787
865.5523248160389,1160.3158034987948,726.0,727.7800393700787
866.5456836690444,1154.0439825360156,729.0,727.7800393700787
867.209439410794,1147.7287685004271,726.0,727.7800393700787
868.2027982637994,1141.456947537648,729.0,727.7800393700787
868.866554005549,1135.1417335020594,726.0,727.7800393700787
869.8599128585545,1128.8699125392802,729.0,727.7800393700787
870.5236686003041,1122.5546985036917,726.0,727.7800393700787
871.5170274533095,1116.2828775409125,729.0,727.7800393700787
872.1807831950591,1109.967663505324,726.0,727.7800393700787
873.1741420480646,1103.6958425425448,729.0,727.7800393700787
873.8378977898142,1097.3806285069563,726.0,727.7800393700787
874.8312566428197,1091.1088075441771,729.0,727.7800393700787
875.4950123845692,1084.7935935085886,726.0,727.7800393700787
876.4883712375747,1078.5217725458094,729.0,727.7800393700787
877.1521269793243,1072.206558510221,726.0,727.7800393700787
878.1454858323298,1065.9347375474417,729.0,727.7800393700787
878.8092415740794,1059.6195235118532,726.0,727.7800393700787
879.8026004270848,1053.347702549074,729.0,727.7800393700787
880.4663561688344,1047.0324885134855,726.0,727.7800393700787
881.4597150218399,1040.7606675507063,729.0,727.7800393700787
882.1234707635895,1034.4454535151178,726.0,727.7800393700787
883.1168296165949,1028.1736325523386,729.0,727.7800393700787
883.7805853583445,1021.8584185167501,726.0,727.7800393700787
884.77394421135,1015.586597553971,729.0,727.7800393700787
885.4376999530996,1009.2713835183825,726.0,727.7800393700787
886.431058806105,1002.9995625556035,729.0,727.7800393700787
887.0948145478546,996.684348520015,726.0,727.7800393700787
888.0881734008601,990.4125275572359,729.0,727.7800393700787
888.7519291426097,984.0973135216474,726.0,727.7800393700787
889.7452879956152,977.8254925588683,729.0,727.7800393700787
890.4090437373648,971.5102785232798,726.0,727.7800393700787
891.4024025903702,965.2384575605007,729.0,727.7800393700787
892.0661583321198,958.9232435249122,726.0,727.7800393700787
893.0595171851253,952.6514225621331,729.0,727.7800393700787
893.7232729268749,946.3362085265446,726.0,727.7800393700787
894.7166317798803,940.0643875637655,729.0,727.7800393700787
895.3803875216299,933.749173528177,726.0,727.7800393700787
896.3737463746354,927.477352565398,729.0,727.7800393700787
897.037502116385,921.1621385298095,726.0,727.7800393700787
898.0308609693905,914.8903175670304,729.0,727.7800393700787
898.69461671114,908.5751035314419,726.0,727.7800393700787
899.6879755641455,902.3032825686628,729.0,727.7800393700787
900.3517313058951,895.9880685330743,726.0,727.7800393700787
901.3450901589006,889.7162475702952,729.0,727.7800393700787
902.0088459006502,883.4010335347067,726.0,727.7800393700787
903.0022047536556,877.1292125719276,729.0,727.7800393700787
903.6659604954052,870.8139985363391,726.0,727.7800393700787
904.6593193484107,864.54217757356,729.0,727.7800393700787
905.3230750901603,858.2269635379715,726.0,727.7800393700787
906.3164339431657,851.9551425751924,729.0,727.7800393700787
906.9801896849153,845.6399285396039,726.0,727.7800393700787
907.9735485379208,839.3681075768249,729.0,727.7800393700787
908.6373042796704,833.0528935412364,726.0,727.7800393700787
909.6306631326759,826.7810725784573,729.0,727.7800393700787
910.9509023693686,820.5698353137976,732.0,730.4183858267717
912.5944033057696,814.436206316862,735.0,733.0567322834646
914.5566612200505,808.3969974383878,738.0,735.6950787401576
916.8322976996632,802.4687617301305,741.0,738.3334251968505
918.7945556139441,796.4295528516562,738.0,740.9717716535434
921.0701920935568,790.501317143399,741.0,743.6101181102364
923.6529697770881,784.7003034873685,744.0,746.2484645669293
926.5358094504342,779.0424120587724,747.0,748.8868110236223
929.7108094504341,773.5431507447412,750.0,751.5251574803152
933.1692673227795,768.2175926382878,753.0,754.1635039370082
936.9017036748368,763.0803347240069,756.0,756.8018503937011
940.8978881580032,758.1454578687551,759.0,759.440196850394
945.1468675083819,753.4264882269737,762.0,762.078543307087
949.6369955689165,748.936360166439,765.0,764.7168897637799
954.355965210698,744.6873808160603,768.0,767.3552362204729
959.2908420659497,740.6911963328939,771.0,769.9935826771658
964.4280999802306,736.9587599808367,774.0,772.6319291338588
969.753658086684,733.5003021084913,777.0,775.2702755905517
975.2529194007152,730.3253021084913,780.0,777.9086220472446
980.9108108293113,727.4424624351452,783.0,780.5469685039376
986.7118244853418,724.8596847516139,786.0,783.1853149606305
992.369715913938,721.9768450782678,783.0,785.8236614173235
998.1707295699684,719.3940673947366,786.0,788.4620078740164
1004.0989652782257,717.1184309151239,789.0,791.1003543307094
1010.1381741567,715.156173000843,792.0,793.7387007874023
1016.2718031536356,713.512672064442,795.0,796.3770472440953
1022.4830404182952,712.1924328277491,798.0,799.0153937007882
1028.7548613810743,711.1990739747437,801.0,801.6537401574811
1035.0700754166628,710.5353182329941,804.0,804.2920866141741
1041.4113729623543,710.2029849108513,807.0,806.930433070867
1047.7613729623542,710.2029849108513,810.0,809.56877952756
1054.1026705080458,710.5353182329941,813.0,812.2071259842529
1060.4178845436343,711.1990739747437,816.0,814.8454724409459
1066.6897055064135,712.1924328277491,819.0,817.4838188976388
1072.9009427710732,713.512672064442,822.0,820.1221653543317
1079.0345717680088,715.156173000843,825.0,822.7605118110247
1085.073780646483,717.1184309151239,828.0,825.3988582677176
1091.0020163547404,719.3940673947366,831.0,828.0372047244106
1097.0412252332146,721.3563253090175,828.0,830.6755511811035
1102.9694609414719,723.6319617886302,831.0,833.3138976377965
1108.7704745975025,726.2147394721615,834.0,835.9522440944894
1114.4283660260985,729.0975791455076,837.0,838.5905905511823
1119.9276273401297,732.2725791455075,840.0,841.2289370078753
1125.253185446583,735.7310370178529,843.0,843.8672834645682
1130.390443360864,739.4634733699102,846.0,843.8672834645682
1135.7160014673175,742.9219312422556,843.0,843.8672834645682
1140.8532593815985,746.6543675943128,846.0,843.8672834645682
1146.178817488052,750.1128254666583,843.0,843.8672834645682
1151.316075402333,753.8452618187155,846.0,843.8672834645682
1156.6416335087863,757.3037196910609,843.0,843.8672834645682
1161.7788914230673,761.0361560431181,846.0,843.8672834645682
1167.1044495295207,764.4946139154636,843.0,843.8672834645682
1172.2417074438017,768.2270502675208,846.0,843.8672834645682
1177.5672655502551,771.6855081398662,843.0,843.8672834645682
1182.7045234645361,775.4179444919234,846.0,843.8672834645682
1188.0300815709895,778.8764023642689,843.0,843.8672834645682
1193.1673394852705,782.6088387163261,846.0,843.8672834645682
1198.492897591724,786.0672965886715,843.0,843.8672834645682
1203.630155506005,789.7997329407287,846.0,843.8672834645682
1208.9557136124583,793.2581908130742,843.0,843.8672834645682
1214.0929715267393,796.9906271651314,846.0,843.8672834645682
1219.4185296331927,800.4490850374768,843.0,843.8672834645682
1224.5557875474738,804.181521389534,846.0,843.8672834645682
1229.8813456539272,807.6399792618795,843.0,843.8672834645682
1235.0186035682082,811.3724156139367,846.0,843.8672834645682
1240.3441616746616,814.8308734862821,843.0,843.8672834645682
1245.4814195889426,818.5633098383394,846.0,843.8672834645682
1250.4162964441944,822.5594943215058,849.0,846.5056299212612
1255.135266085976,826.8084736718845,852.0,849.1439763779541
1260.0701429412277,830.8046581550509,849.0,851.7823228346471
1264.7891125830092,835.0536375054296,852.0,854.42066929134
1269.2792406435437,839.5437655659642,855.0,857.059015748033
1273.5282199939224,844.2627352077457,858.0,857.059015748033
1278.018348054457,848.7528632682803,855.0,857.059015748033
1282.2673274048357,853.4718329100617,858.0,857.059015748033
1286.7574554653702,857.9619609705964,855.0,857.059015748033
1291.006434815749,862.6809306123778,858.0,857.059015748033
1295.4965628762834,867.1710586729124,855.0,857.059015748033
1299.745542226662,871.8900283146938,858.0,857.059015748033
1304.2356702871966,876.3801563752285,855.0,857.059015748033
1308.4846496375753,881.0991260170099,858.0,857.059015748033
1312.9747776981098,885.5892540775445,855.0,857.059015748033
1317.2237570484886,890.308223719326,858.0,857.059015748033
1321.713885109023,894.7983517798606,855.0,857.059015748033
1325.9628644594018,899.517321421642,858.0,857.059015748033
1330.4529925199363,904.0074494821766,855.0,857.059015748033
1334.701971870315,908.7264191239581,858.0,857.059015748033
1339.1920999308495,913.2165471844927,855.0,857.059015748033
1343.4410792812282,917.9355168262741,858.0,857.059015748033
1347.9312073417627,922.4256448868088,855.0,857.059015748033
1352.1801866921414,927.1446145285902,858.0,857.059015748033
1356.670314752676,931.6347425891248,855.0,857.059015748033
1360.9192941030547,936.3537122309062,858.0,857.059015748033
1365.4094221635892,940.8438402914409,855.0,857.059015748033
1369.6584015139679,945.5628099332223,858.0,857.059015748033
1374.1485295745024,950.0529379937569,855.0,857.059015748033
1378.397508924881,954.7719076355384,858.0,857.059015748033
1382.8876369854156,959.262035696073,855.0,857.059015748033
1387.1366163357943,963.9810053378544,858.0,857.059015748033
1391.6267443963288,968.471133398389,855.0,857.059015748033
1395.8757237467075,973.1901030401705,858.0,857.059015748033
1400.365851807242,977.6802311007051,855.0,857.059015748033
1404.6148311576208,982.3992007424865,858.0,857.059015748033
1409.1049592181553,986.8893288030212,855.0,857.059015748033
1413.353938568534,991.6082984448026,858.0,857.059015748033
1417.8440666290685,996.0984265053372,855.0,857.059015748033
1422.56303627085,1000.3474058557159,852.0,854.42066929134
1427.4979131261018,1004.3435903388823,849.0,851.7823228346471
1432.2168827678834,1008.592569689261,852.0,849.1439763779541
1437.1517596231351,1012.5887541724275,849.0,846.5056299212612
1442.2890175374162,1016.3211905244847,846.0,843.8672834645682
1447.6145756438696,1019.7796483968301,843.0,843.8672834645682
1452.7518335581506,1023.5120847488873,846.0,843.8672834645682
1458.077391664604,1026.9705426212327,843.0,843.8672834645682
1463.214649578885,1030.7029789732899,846.0,843.8672834645682
1468.5402076853384,1034.1614368456353,843.0,843.8672834645682
1473.6774655996194,1037.8938731976925,846.0,843.8672834645682
1479.0030237060728,1041.352331070038,843.0,843.8672834645682
1484.1402816203538,1045.0847674220952,846.0,843.8672834645682
1489.4658397268072,1048.5432252944406,843.0,843.8672834645682
1494.6030976410882,1052.2756616464978,846.0,843.8672834645682
1499.9286557475416,1055.7341195188433,843.0,843.8672834645682
1505.0659136618226,1059.4665558709005,846.0,843.8672834645682
1510.391471768276,1062.925013743246,843.0,843.8672834645682
1515.528729682557,1066.6574500953031,846.0,843.8672834645682
1520.8542877890104,1070.1159079676486,843.0,843.8672834645682
1525.9915457032914,1073.8483443197058,846.0,843.8672834645682
1531.3171038097448,1077.3068021920512,843.0,843.8672834645682
1536.4543617240258,1081.0392385441085,846.0,843.8672834645682
1541.7799198304792,1084.497696416454,843.0,843.8672834645682
1546.9171777447602,1088.230132768511,846.0,843.8672834645682
1552.2427358512136,1091.6885906408565,843.0,843.8672834645682
1557.3799937654946,1095.4210269929138,846.0,843.8672834645682
1562.705551871948,1098.8794848652592,843.0,843.8672834645682
1567.842809786229,1102.6119212173164,846.0,843.8672834645682
1573.1683678926825,1106.0703790896619,843.0,843.8672834645682
1578.3056258069635,1109.802815441719,846.0,843.8672834645682
1583.6311839134169,1113.2612733140645,843.0,843.8672834645682
1588.7684418276979,1116.9937096661217,846.0,843.8672834645682
1594.0939999341513,1120.4521675384672,843.0,843.8672834645682
1599.2312578484323,1124.1846038905244,846.0,843.8672834645682
1604.5568159548857,1127.6430617628698,843.0,843.8672834645682
1609.6940738691667,1131.375498114927,846.0,843.8672834645682
1615.01963197562,1134.8339559872725,843.0,843.8672834645682
1620.156889889901,1138.5663923393297,846.0,843.8672834645682
1625.4824479963545,1142.0248502116751,843.0,843.8672834645682
1630.6197059106355,1145.7572865637324,846.0,843.8672834645682
1635.945264017089,1149.2157444360778,843.0,843.8672834645682
1641.08252193137,1152.948180788135,846.0,843.8672834645682
1646.4080800378233,1156.4066386604804,843.0,843.8672834645682
1651.5453379521043,1160.1390750125377,846.0,843.8672834645682
1656.8708960585577,1163.597532884883,843.0,843.8672834645682
1662.0081539728387,1167.3299692369403,846.0,843.8672834645682
1667.3337120792921,1170.7884271092857,843.0,843.8672834645682
1672.4709699935731,1174.520863461343,846.0,843.8672834645682
1677.7965281000265,1177.9793213336884,843.0,843.8672834645682
1682.9337860143075,1181.7117576857456,846.0,843.8672834645682
1688.259344120761,1185.170215558091,843.0,843.8672834645682
1693.396602035042,1188.9026519101483,846.0,843.8672834645682
1698.7221601414954,1192.3611097824937,843.0,843.8672834645682
1703.8594180557764,1196.093546134551,846.0,843.8672834645682
1709.1849761622298,1199.5520040068964,843.0,843.8672834645682
1714.3222340765108,1203.2844403589536,846.0,843.8672834645682
1719.6477921829642,1206.742898231299,843.0,843.8672834645682
1724.7850500972452,1210.4753345833562,846.0,843.8672834645682
1730.1106082036986,1213.9337924557017,843.0,841.2289370078753
1735.6098695177297,1217.1087924557016,840.0,838.5905905511823
1741.2677609463258,1219.9916321290477,837.0,835.9522440944894
1747.0687746023564,1222.574409812579,834.0,833.3138976377965
1752.9970103106136,1224.8500462921916,831.0,830.6755511811035
1759.036219189088,1226.8123042064724,828.0,828.0372047244106
1764.9644548973451,1229.087940686085,831.0,828.0372047244106
1771.0036637758194,1231.0501986003658,828.0,828.0372047244106
1776.9318994840767,1233.3258350799783,831.0,828.0372047244106
1782.971108362551,1235.2880929942592,828.0,828.0372047244106
1788.8993440708082,1237.5637294738717,831.0,828.0372047244106
1794.9385529492824,1239.5259873881525,828.0,828.0372047244106
1800.8667886575397,1241.801623867765,831.0,828.0372047244106
1806.905997536014,1243.763881782046,828.0,828.0372047244106
1812.8342332442712,1246.0395182616585,831.0,828.0372047244106
1818.8734421227455,1248.0017761759393,828.0,828.0372047244106
1824.8016778310027,1250.2774126555519,831.0,828.0372047244106
1830.840886709477,1252.2396705698327,828.0,828.0372047244106
1836.9745157064126,1253.8831715062338,825.0,825.3988582677176
1843.1857529710724,1255.2034107429265,822.0,822.7605118110247
1849.4575739338516,1256.196769595932,819.0,820.1221653543317
1855.77278796944,1256.8605253376816,816.0,817.4838188976388
1862.1140855151316,1257.1928586598242,813.0,814.8454724409459
1868.4640855151315,1257.1928586598242,810.0,812.2071259842529
1874.805383060823,1256.8605253376816,807.0,809.56877952756
1881.1205970964115,1256.196769595932,804.0,806.930433070867
1887.461894642103,1255.8644362737894,807.0,804.2920866141741
1893.7771086776916,1255.2006805320398,804.0,804.2920866141741
1900.118406223383,1254.8683472098971,807.0,804.2920866141741
1906.4336202589716,1254.2045914681476,804.0,804.2920866141741
1912.7749178046631,1253.872258146005,807.0,804.2920866141741
1919.0901318402516,1253.2085024042553,804.0,804.2920866141741
1925.4314293859431,1252.8761690821127,807.0,804.2920866141741
1931.7466434215316,1252.2124133403631,804.0,804.2920866141741
1938.0879409672232,1251.8800800182205,807.0,804.2920866141741
1944.4031550028117,1251.216324276471,804.0,804.2920866141741
1950.7444525485032,1250.8839909543283,807.0,804.2920866141741
1957.0596665840917,1250.2202352125787,804.0,804.2920866141741
1963.4009641297832,1249.887901890436,807.0,804.2920866141741
1969.7161781653717,1249.2241461486865,804.0,804.2920866141741
1976.0574757110633,1248.8918128265439,807.0,804.2920866141741
1982.3726897466518,1248.2280570847943,804.0,804.2920866141741
1988.7139872923433,1247.8957237626516,807.0,804.2920866141741
1995.0292013279318,1247.231968020902,804.0,804.2920866141741
2001.3704988736233,1246.8996346987594,807.0,804.2920866141741
2007.6857129092118,1246.2358789570098,804.0,804.2920866141741
2014.0270104549033,1245.9035456348672,807.0,804.2920866141741
2020.3422244904918,1245.2397898931176,804.0,804.2920866141741
2026.6835220361834,1244.907456570975,807.0,804.2920866141741
2032.9987360717719,1244.2437008292254,804.0,804.2920866141741
2039.3400336174634,1243.9113675070828,807.0,804.2920866141741
2045.655247653052,1243.2476117653332,804.0,804.2920866141741
2051.9965451987437,1242.9152784431906,807.0,804.2920866141741
2058.3117592343324,1242.251522701441,804.0,804.2920866141741
2064.653056780024,1241.9191893792984,807.0,804.2920866141741
2070.968270815613,1241.2554336375488,804.0,804.2920866141741
2077.3095683613046,1240.9231003154061,807.0,804.2920866141741
2083.6247823968934,1240.2593445736566,804.0,804.2920866141741
2089.966079942585,1239.927011251514,807.0,804.2920866141741
2096.281293978174,1239.2632555097643,804.0,804.2920866141741
2102.6225915238656,1238.9309221876217,807.0,804.2920866141741
2108.9378055594543,1238.2671664458721,804.0,804.2920866141741
2115.279103105146,1237.9348331237295,807.0,804.2920866141741
2121.594317140735,1237.27107738198,804.0,804.2920866141741
2127.9356146864266,1236.9387440598373,807.0,804.2920866141741
2134.2508287220153,1236.2749883180877,804.0,804.2920866141741
2140.592126267707,1235.942654995945,807.0,804.2920866141741
2146.9073403032958,1235.2788992541955,804.0,804.2920866141741
2153.2486378489875,1234.9465659320529,807.0,804.2920866141741
2159.5638518845763,1234.2828101903033,804.0,804.2920866141741
2165.905149430268,1233.9504768681606,807.0,804.2920866141741
2172.2203634658567,1233.286721126411,804.0,804.2920866141741
2178.5616610115485,1232.9543878042684,807.0,804.2920866141741
2184.876875047137,1232.2906320625189,804.0,804.2920866141741
2191.218172592829,1231.9582987403762,807.0,804.2920866141741
2197.5333866284177,1231.2945429986266,804.0,804.2920866141741
2203.8746841741095,1230.962209676484,807.0,804.2920866141741
2210.189898209698,1230.2984539347344,804.0,804.2920866141741
2216.53119575539,1229.9661206125918,807.0,804.2920866141741
2222.8464097909787,1229.3023648708422,804.0,804.2920866141741
2229.1877073366704,1228.9700315486996,807.0,804.2920866141741
2235.502921372259,1228.30627580695,804.0,804.2920866141741
2241.844218917951,1227.9739424848074,807.0,804.2920866141741
2248.1594329535396,1227.3101867430578,804.0,804.2920866141741
2254.5007304992314,1226.9778534209152,807.0,804.2920866141741
2260.81594453482,1226.3140976791656,804.0,804.2920866141741
2267.157242080512,1225.981764357023,807.0,804.2920866141741
2273.4724561161006,1225.3180086152734,804.0,804.2920866141741
2279.8137536617924,1224.9856752931307,807.0,804.2920866141741
2286.128967697381,1224.3219195513811,804.0,804.2920866141741
2292.4007886601603,1223.3285606983757,801.0,801.6537401574811
2298.61202592482,1222.008321461683,798.0,799.0153937007882
2304.7456549217554,1220.3648205252819,795.0,796.3770472440953
2310.7848638002297,1218.402562611001,792.0,793.7387007874023
2316.7130995084867,1216.1269261313885,789.0,791.1003543307094
2322.5141131645173,1213.5441484478572,786.0,788.4620078740164
2328.1720045931133,1210.661308774511,783.0,785.8236614173235
2333.973018249144,1208.0785310909798,786.0,783.1853149606305
2339.63090967774,1205.1956914176337,783.0,783.1853149606305
2345.4319233337706,1202.6129137341024,786.0,783.1853149606305
2351.0898147623666,1199.7300740607564,783.0,783.1853149606305
2356.890828418397,1197.147296377225,786.0,783.1853149606305
2362.548719846993,1194.264456703879,783.0,783.1853149606305
2368.349733503024,1191.6816790203477,786.0,783.1853149606305
2374.00762493162,1188.7988393470016,783.0,783.1853149606305
2379.8086385876504,1186.2160616634703,786.0,783.1853149606305
2385.4665300162465,1183.3332219901242,783.0,783.1853149606305
2391.267543672277,1180.750444306593,786.0,783.1853149606305
2396.925435100873,1177.8676046332469,783.0,783.1853149606305
2402.7264487569037,1175.2848269497156,786.0,783.1853149606305
2408.3843401854997,1172.4019872763695,783.0,783.1853149606305
2414.1853538415303,1169.8192095928382,786.0,783.1853149606305
2419.8432452701263,1166.936369919492,783.0,783.1853149606305
2425.644258926157,1164.3535922359608,786.0,783.1853149606305
2431.302150354753,1161.4707525626147,783.0,783.1853149606305
2437.1031640107835,1158.8879748790835,786.0,783.1853149606305
2442.7610554393796,1156.0051352057374,783.0,783.1853149606305
2448.56206909541,1153.422357522206,786.0,783.1853149606305
2454.219960524006,1150.53951784886,783.0,783.1853149606305
2460.020974180037,1147.9567401653287,786.0,783.1853149606305
2465.678865608633,1145.0739004919826,783.0,780.5469685039376
2471.178126922664,1141.8989004919827,780.0,777.9086220472446
2476.5036850291176,1138.4404426196372,777.0,775.2702755905517
2481.6409429433984,1134.70800626758,774.0,772.6319291338588
2486.57581979865,1130.7118217844136,771.0,769.9935826771658
2491.2947894404315,1126.4628424340349,768.0,767.3552362204729
2495.784917500966,1121.9727143735004,765.0,764.7168897637799
2500.0338968513447,1117.2537447317188,762.0,762.078543307087
2504.030081334511,1112.318867876467,759.0,759.440196850394
2507.762517686568,1107.181609962186,756.0,756.8018503937011
2511.2209755589133,1101.8560518557326,753.0,754.1635039370082
2514.3959755589135,1096.3567905417015,750.0,751.5251574803152
2517.2788152322596,1090.6988991131054,747.0,748.8868110236223
2519.861592915791,1084.8978854570748,744.0,746.2484645669293
2522.1372293954037,1078.9696497488176,741.0,743.6101181102364
2524.0994873096847,1072.9304408703433,738.0,740.9717716535434
2526.3751237892975,1067.002205162086,741.0,738.3334251968505
2528.3373817035786,1060.9629962836118,738.0,735.6950787401576
2529.9808826399794,1054.8293672866762,735.0,733.0567322834646
2531.3011218766724,1048.6181300220164,732.0,730.4183858267717
2532.2944807296776,1042.3463090592372,729.0,727.7800393700787
2532.9582364714274,1036.0310950236487,726.0,725.1416929133858
2533.2905697935703,1029.6897974779572,723.0,722.5033464566928
2533.2905697935703,1023.3397974779572,720.0,719.8649999999999
2532.9582364714274,1016.9984999322656,717.0,717.226653543307
2532.2944807296776,1010.6832858966771,714.0,714.588307086614
2531.3011218766724,1004.4114649338981,711.0,711.9499606299211
2529.9808826399794,998.2002276692384,708.0,709.3116141732281
2528.3373817035786,992.0665986723028,705.0,706.6732677165352
2526.3751237892975,986.0273897938285,702.0,704.0349212598422
2524.0994873096847,980.0991540855713,699.0,701.3965748031493
2521.5167096261534,974.2981404295408,696.0,698.7582283464563
2519.2410731465407,968.3699047212835,699.0,696.1198818897634
2516.6582954630094,962.5688910652531,696.0,693.4815354330705
2513.7754557896633,956.9109996366569,693.0,690.8431889763775
2510.600455789663,951.4117383226258,690.0,688.2048425196846
2507.141997917318,946.0861802161724,687.0,685.5664960629916
2503.409561565261,940.9489223018915,684.0,682.9281496062987
2499.4133770820945,936.0140454466397,681.0,680.2898031496057
2495.164397731716,931.2950758048582,678.0,677.6514566929128
2490.6742696711813,926.8049477443236,675.0,675.0131102362199
2485.9553000294,922.5559683939449,672.0,672.3747637795269
2481.020423174148,918.5597839107785,669.0,669.736417322834
2475.8831652598674,914.8273475587213,666.0,667.098070866141
2470.5576071534138,911.3688896863758,663.0,664.4597244094481
2465.0583458393826,908.1938896863759,660.0,661.8213779527551
2459.4004544107866,905.3110500130298,657.0,659.1830314960622
2453.9011930967554,902.1360500130298,660.0,659.1830314960622
2448.2433016681593,899.2532103396837,657.0,659.1830314960622
2442.744040354128,896.0782103396838,660.0,659.1830314960622
2437.086148925532,893.1953706663377,657.0,659.1830314960622
2431.586887611501,890.0203706663377,660.0,659.1830314960622
2425.928996182905,887.1375309929916,657.0,659.1830314960622
2420.4297348688738,883.9625309929917,660.0,659.1830314960622
2414.7718434402777,881.0796913196456,657.0,659.1830314960622
2409.2725821262466,877.9046913196456,660.0,659.1830314960622
2403.6146906976505,875.0218516462995,657.0,659.1830314960622
2398.1154293836194,871.8468516462996,660.0,659.1830314960622
2392.4575379550233,868.9640119729535,657.0,659.1830314960622
2386.958276640992,865.7890119729535,660.0,659.1830314960622
2381.300385212396,862.9061722996074,657.0,659.1830314960622
2375.801123898365,859.7311722996075,660.0,659.1830314960622
2370.143232469769,856.8483326262614,657.0,659.1830314960622
2364.6439711557377,853.6733326262614,660.0,659.1830314960622
2358.9860797271417,850.7904929529153,657.0,659.1830314960622
2353.4868184131105,847.6154929529154,660.0,659.1830314960622
2347.8289269845145,844.7326532795693,657.0,659.1830314960622
2342.027913328484,842.149875596038,654.0,656.5446850393693
2336.099677620227,839.8742391164253,651.0,653.9063385826763
2330.2986639641963,837.291461432894,654.0,651.2679921259834
2324.3704282559393,835.0158249532814,651.0,648.6296456692904
2318.331219377465,833.0535670390004,648.0,645.9912992125975
2312.1975903805296,831.4100661025994,645.0,643.3529527559045
2305.98635311587,830.0898268659067,642.0,640.7146062992116
2299.7145321530907,829.0964680129013,639.0,638.0762598425187
2293.399318117502,828.4327122711517,636.0,638.0762598425187
2287.1274971547227,827.4393534181462,639.0,638.0762598425187
2280.812283119134,826.7755976763966,636.0,638.0762598425187
2274.540462156355,825.7822388233911,639.0,638.0762598425187
2268.225248120766,825.1184830816416,636.0,638.0762598425187
2261.953427157987,824.1251242286361,639.0,638.0762598425187
2255.638213122398,823.4613684868865,636.0,638.0762598425187
2249.366392159619,822.468009633881,639.0,638.0762598425187
2243.0511781240302,821.8042538921314,636.0,638.0762598425187
2236.779357161251,820.810895039126,639.0,638.0762598425187
2230.4641431256623,820.1471392973764,636.0,638.0762598425187
2224.192322162883,819.1537804443709,639.0,638.0762598425187
2217.8771081272944,818.4900247026213,636.0,638.0762598425187
2211.605287164515,817.4966658496159,639.0,638.0762598425187
2205.2900731289265,816.8329101078663,636.0,638.0762598425187
2199.0182521661472,815.8395512548608,639.0,638.0762598425187
2192.8070149014875,814.5193120181681,642.0,640.7146062992116
2186.673385904552,812.8758110817671,645.0,643.3529527559045
2180.634177026078,810.9135531674862,648.0,645.9912992125975
2174.705941317821,808.6379166878735,651.0,648.6296456692904
2168.6667324393466,806.6756587735925,648.0,648.6296456692904
2162.7384967310895,804.4000222939799,651.0,648.6296456692904
2156.6992878526153,802.4377643796989,648.0,648.6296456692904
2150.7710521443582,800.1621279000863,651.0,648.6296456692904
2144.731843265884,798.1998699858053,648.0,648.6296456692904
2138.803607557627,795.9242335061926,651.0,648.6296456692904
2132.7643986791527,793.9619755919117,648.0,648.6296456692904
2126.8361629708957,791.686339112299,651.0,648.6296456692904
2120.7969540924214,789.7240811980181,648.0,648.6296456692904
2114.8687183841644,787.4484447184054,651.0,648.6296456692904
2108.82950950569,785.4861868041245,648.0,648.6296456692904
2102.901273797433,783.2105503245118,651.0,648.6296456692904
2096.862064918959,781.2482924102309,648.0,648.6296456692904
2090.933829210702,778.9726559306182,651.0,648.6296456692904
2084.8946203322275,777.0103980163373,648.0,648.6296456692904
2078.9663846239705,774.7347615367246,651.0,648.6296456692904
2072.9271757454962,772.7725036224437,648.0,648.6296456692904
2066.998940037239,770.496867142831,651.0,648.6296456692904
2060.959731158765,768.53460922855,648.0,648.6296456692904
2055.031495450508,766.2589727489374,651.0,648.6296456692904
2048.9922865720337,764.2967148346564,648.0,648.6296456692904
2043.0640508637764,762.0210783550438,651.0,648.6296456692904
2037.0248419853021,760.0588204407628,648.0,648.6296456692904
2031.0966062770449,757.7831839611501,651.0,648.6296456692904
2025.0573973985706,755.8209260468692,648.0,648.6296456692904
2019.1291616903134,753.5452895672565,651.0,648.6296456692904
2013.089952811839,751.5830316529756,648.0,648.6296456692904
2007.1617171035819,749.3073951733629,651.0,648.6296456692904
2001.1225082251076,747.345137259082,648.0,648.6296456692904
1995.1942725168503,745.0695007794693,651.0,648.6296456692904
1989.155063638376,743.1072428651884,648.0,648.6296456692904
1983.2268279301188,740.8316063855757,651.0,648.6296456692904
1977.1876190516446,738.8693484712948,648.0,648.6296456692904
1971.2593833433873,736.5937119916821,651.0,648.6296456692904
1965.220174464913,734.6314540774011,648.0,648.6296456692904
1959.2919387566558,732.3558175977885,651.0,651.2679921259834
1953.4909251006252,729.7730399142572,654.0,653.9063385826763
1947.8330336720292,726.8902002409111,657.0,656.5446850393693
1942.333772357998,723.7152002409111,660.0,659.1830314960622
1937.0082142515446,720.2567423685657,663.0,661.8213779527551
1931.8709563372636,716.5243060165085,666.0,664.4597244094481
1926.9360794820118,712.5281215333421,669.0,667.098070866141
1922.2171098402303,708.2791421829634,672.0,669.736417322834
1917.7269817796957,703.7890141224287,675.0,672.3747637795269
1913.478002429317,699.0700444806473,678.0,675.0131102362199
1908.9878743687825,694.5799164201127,675.0,677.6514566929128
1904.7388950184038,689.8609467783313,678.0,680.2898031496057
1900.7427105352374,684.9260699230795,681.0,682.9281496062987
1897.0102741831802,679.7888120087986,684.0,685.5664960629916
1893.5518163108347,674.4632539023452,687.0,688.2048425196846
1890.3768163108348,668.963992588314,690.0,690.8431889763775
1887.4939766374887,663.3061011597179,693.0,693.4815354330705
1884.9111989539574,657.5050875036874,696.0,696.1198818897634
1882.7144034232447,651.7822394892595,699.0,698.7582283464563
1880.8881129864887,646.1614954779551,702.0,701.3082283464563
1879.4154326198554,640.6653775263703,705.0,703.7698818897634
1878.2781556710822,635.3149101503564,708.0,706.1431889763776
1877.456874729621,630.1295463622318,711.0,708.4281496062988
1876.4110789248077,625.2094639305408,708.0,710.6247637795271
1875.5897979833464,620.0241001424163,711.0,712.7330314960626
1875.0180272892724,614.5840653747518,714.0,714.929645669291
1874.72023569825,608.9018633219983,717.0,717.2146062992122
1874.72023569825,602.9918633219984,720.0,719.5879133858264
1875.0410551100192,596.8702642739529,723.0,722.0495669291334
1875.7048108517688,590.5550502383644,726.0,724.5995669291334
1876.6981697047743,584.2832292755853,729.0,727.2379133858263
1878.018408941467,578.0719920109257,732.0,729.8762598425193
1879.661909877868,571.93836301399,735.0,732.5146062992122
1881.624167792149,565.8991541355158,738.0,735.1529527559052
1883.26766872855,559.7655251385802,735.0,737.7912992125981
1885.2299266428308,553.7263162601059,738.0,740.4296456692911
1887.5055631224434,547.7980805518487,741.0,743.067992125984
1890.0883408059747,541.9970668958182,744.0,745.706338582677
1892.9711804793208,536.339175467222,747.0,748.3446850393699
1896.1461804793207,530.8399141531909,750.0,750.9830314960628
1899.6046383516662,525.5143560467375,753.0,753.6213779527558
1903.3370747037234,520.3770981324566,756.0,756.2597244094487
1907.3332591868898,515.4422212772048,759.0,758.8980708661417
1911.5822385372685,510.72325163542337,762.0,761.5364173228346
1916.072366597803,506.2331235748888,765.0,764.1747637795276
1920.7913362395846,501.98414422451003,768.0,766.8131102362205
1925.7262130948363,497.98795974134356,771.0,769.4514566929134
1930.8634710091173,494.25552338928634,774.0,772.0898031496064
1936.1890291155707,490.7970655169409,777.0,774.7281496062993
1941.688290429602,487.6220655169409,780.0,777.3664960629923
1947.346181858198,484.7392258435948,783.0,780.0048425196852
1952.8454431722291,481.5642258435948,780.0,782.6431889763782
1958.5033346008252,478.6813861702487,783.0,785.2815354330711
1964.3043482568557,476.09860848671735,786.0,787.919881889764
1970.232583965113,473.8229720071047,789.0,790.558228346457
1976.2717928435873,471.86071409282374,792.0,793.1965748031499
1982.4054218405229,470.21721315642276,795.0,795.8349212598429
1988.6166591051826,468.89697391973,798.0,798.4732677165358
1994.8884800679618,467.9036150667245,801.0,801.1116141732288
2001.2036941035503,467.23985932497493,804.0,803.7499606299217
2007.5449916492419,466.90752600283224,807.0,806.3883070866146
2013.8949916492418,466.90752600283224,810.0,809.0266535433076
2020.2362891949333,467.23985932497493,813.0,811.6650000000005
2026.5515032305218,467.9036150667245,816.0,814.3033464566935
2032.823324193301,468.89697391973,819.0,816.9416929133864
2039.0345614579608,470.21721315642276,822.0,819.5800393700794
2045.30638242074,471.21057200942823,819.0,819.5800393700794
2051.5176196853995,472.530811246121,822.0,819.5800393700794
2057.7894406481787,473.5241700991265,819.0,819.5800393700794
2064.0006779128385,474.84440933581925,822.0,819.5800393700794
2070.2724988756177,475.8377681888247,819.0,819.5800393700794
2076.4837361402774,477.1580074255175,822.0,819.5800393700794
2082.7555571030566,478.15136627852297,819.0,819.5800393700794
2088.9667943677164,479.47160551521574,822.0,819.5800393700794
2095.2386153304956,480.4649643682212,819.0,819.5800393700794
2101.4498525951553,481.785203604914,822.0,819.5800393700794
2107.7216735579345,482.77856245791946,819.0,819.5800393700794
2113.9329108225943,484.09880169461223,822.0,819.5800393700794
2120.2047317853735,485.0921605476177,819.0,819.5800393700794
2126.4159690500333,486.4123997843105,822.0,819.5800393700794
2132.6877900128125,487.40575863731596,819.0,819.5800393700794
2138.899027277472,488.7259978740087,822.0,819.5800393700794
2145.1708482402514,489.7193567270142,819.0,819.5800393700794
2151.382085504911,491.039595963707,822.0,819.5800393700794
2157.6539064676904,492.03295481671245,819.0,819.5800393700794
2163.86514373235,493.3531940534052,822.0,819.5800393700794
2170.1369646951293,494.3465529064107,819.0,819.5800393700794
2176.348201959789,495.66679214310346,822.0,819.5800393700794
2182.6200229225683,496.66015099610894,819.0,819.5800393700794
2188.831260187228,497.9803902328017,822.0,819.5800393700794
2195.1030811500073,498.9737490858072,819.0,819.5800393700794
2201.418295185596,499.63750482755677,816.0,816.9416929133864
2207.7595927312877,499.96983814969946,813.0,814.3033464566935
2214.1095927312876,499.96983814969946,810.0,811.6650000000005
2220.4508902769794,499.63750482755677,807.0,809.0266535433076
2226.766104312568,498.9737490858072,804.0,806.3883070866146
2233.10740185826,498.6414157636645,807.0,806.3883070866146
2239.4226158938486,497.9776600219149,804.0,806.3883070866146
2245.7639134395404,497.6453266997722,807.0,806.3883070866146
2252.079127475129,496.98157095802264,804.0,806.3883070866146
2258.420425020821,496.64923763587996,807.0,806.3883070866146
2264.7356390564096,495.9854818941304,804.0,806.3883070866146
2271.0769366021013,495.6531485719877,807.0,806.3883070866146
2277.39215063769,494.9893928302381,804.0,806.3883070866146
2283.733448183382,494.6570595080954,807.0,806.3883070866146
2290.0486622189705,493.99330376634583,804.0,806.3883070866146
2296.3899597646623,493.66097044420314,807.0,806.3883070866146
2302.705173800251,492.99721470245356,804.0,806.3883070866146
2309.046471345943,492.6648813803109,807.0,806.3883070866146
2315.3616853815315,492.0011256385613,804.0,806.3883070866146
2321.7029829272233,491.6687923164186,807.0,806.3883070866146
2328.018196962812,491.005036574669,804.0,806.3883070866146
2334.3594945085038,490.67270325252633,807.0,806.3883070866146
2340.6747085440925,490.00894751077675,804.0,806.3883070866146
2347.0160060897842,489.67661418863406,807.0,806.3883070866146
2353.331220125373,489.0128584468845,804.0,806.3883070866146
2359.6725176710647,488.6805251247418,807.0,806.3883070866146
2365.9877317066534,488.0167693829922,804.0,806.3883070866146
2372.329029252345,487.6844360608495,807.0,806.3883070866146
2378.679029252345,487.6844360608495,810.0,809.0266535433076
2385.020326798037,488.0167693829922,813.0,811.6650000000005
2391.3355408336256,488.6805251247418,816.0,814.3033464566935
2397.607361796405,489.67388397774727,819.0,816.9416929133864
2403.8185990610646,490.99412321444004,822.0,819.5800393700794
2409.952228058,492.637624150841,825.0,822.2183858267723
2416.1634653226597,493.9578633875338,822.0,824.8567322834652
2422.297094319595,495.6013643239348,825.0,824.8567322834652
2428.508331584255,496.92160356062755,822.0,824.8567322834652
2434.6419605811902,498.5651044970285,825.0,824.8567322834652
2440.85319784585,499.8853437337213,822.0,824.8567322834652
2446.9868268427854,501.5288446701223,825.0,824.8567322834652
2453.198064107445,502.84908390681505,822.0,824.8567322834652
2459.3316931043805,504.49258484321604,825.0,824.8567322834652
2465.5429303690403,505.8128240799088,822.0,824.8567322834652
2471.6765593659757,507.4563250163098,825.0,824.8567322834652
2477.8877966306354,508.77656425300256,822.0,824.8567322834652
2484.021425627571,510.42006518940354,825.0,824.8567322834652
2490.2326628922306,511.7403044260963,822.0,824.8567322834652
2496.366291889166,513.3838053624974,825.0,824.8567322834652
2502.5775291538257,514.7040445991902,822.0,824.8567322834652
2508.711158150761,516.3475455355912,825.0,824.8567322834652
2514.7503670292353,518.3098034498721,828.0,827.4950787401582
2520.6786027374924,520.5854399294848,831.0,830.1334251968511
2526.479616393523,523.168217613016,834.0,832.7717716535441
2532.137507822119,526.0510572863622,837.0,835.410118110237
2537.63676913615,529.2260572863621,840.0,838.04846456693
2542.962327242604,532.6845151587075,843.0,840.6868110236229
2548.461588556635,535.8595151587075,840.0,840.6868110236229
2553.7871466630886,539.3179730310529,843.0,840.6868110236229
2559.28640797712,542.4929730310529,840.0,840.6868110236229
2564.6119660835734,545.9514309033983,843.0,840.6868110236229
2570.1112273976046,549.1264309033983,840.0,840.6868110236229
2575.436785504058,552.5848887757437,843.0,840.6868110236229
2580.9360468180894,555.7598887757437,840.0,840.6868110236229
2586.261604924543,559.2183466480891,843.0,840.6868110236229
2591.760866238574,562.393346648089,840.0,840.6868110236229
2597.086424345028,565.8518045204345,843.0,840.6868110236229
2602.2236822593086,569.5842408724917,846.0,843.3251574803159
2607.549240365762,573.0426987448371,843.0,845.9635039370088
2612.686498280043,576.7751350968944,846.0,848.6018503937017
2617.621375135295,580.7713195800608,849.0,851.2401968503947
2622.340344777076,585.0202989304395,852.0,853.8785433070876
2626.8304728376106,589.5104269909741,855.0,853.8785433070876
2631.549442479392,593.7594063413528,852.0,853.8785433070876
2636.0395705399264,598.2495344018874,855.0,853.8785433070876
2640.7585401817078,602.4985137522661,852.0,853.8785433070876
2645.2486682422423,606.9886418128008,855.0,853.8785433070876
2649.9676378840236,611.2376211631795,852.0,853.8785433070876
2654.457765944558,615.7277492237141,855.0,853.8785433070876
2659.1767355863394,619.9767285740928,852.0,853.8785433070876
2663.666863646874,624.4668566346274,855.0,853.8785433070876
2668.3858332886552,628.7158359850062,852.0,853.8785433070876
2672.8759613491898,633.2059640455408,855.0,853.8785433070876
2677.594930990971,637.4549433959195,852.0,853.8785433070876
2682.0850590515056,641.9450714564541,855.0,853.8785433070876
2686.804028693287,646.1940508068328,852.0,853.8785433070876
2691.2941567538214,650.6841788673675,855.0,853.8785433070876
2696.0131263956027,654.9331582177462,852.0,853.8785433070876
2700.5032544561373,659.4232862782808,855.0,853.8785433070876
2705.2222240979186,663.6722656286595,852.0,853.8785433070876
2709.712352158453,668.1623936891941,855.0,853.8785433070876
2714.4313218002344,672.4113730395728,852.0,853.8785433070876
2718.921449860769,676.9015011001075,855.0,853.8785433070876
2723.6404195025502,681.1504804504862,852.0,853.8785433070876
2728.1305475630847,685.6406085110208,855.0,853.8785433070876
2732.849517204866,689.8895878613995,852.0,853.8785433070876
2737.3396452654006,694.3797159219341,855.0,853.8785433070876
2742.058614907182,698.6286952723128,852.0,853.8785433070876
2746.5487429677164,703.1188233328475,855.0,853.8785433070876
2751.2677126094977,707.3678026832262,852.0,853.8785433070876
2755.7578406700322,711.8579307437608,855.0,853.8785433070876
2760.4768103118136,716.1069100941395,852.0,853.8785433070876
2764.966938372348,720.5970381546741,855.0,856.5168897637806
2769.2159177227268,725.3160077964556,858.0,859.1552362204735
2773.212102205893,730.2508846517073,861.0,861.7935826771665
2776.94453855795,735.3881425659882,864.0,864.4319291338594
2780.4029964302954,740.7137006724416,867.0,867.0702755905523
2783.5779964302956,746.2129619864728,870.0,867.0702755905523
2787.036454302641,751.5385200929262,867.0,867.0702755905523
2790.211454302641,757.0377814069574,870.0,867.0702755905523
2793.669912174986,762.3633395134108,867.0,867.0702755905523
2796.8449121749863,767.862600827442,870.0,867.0702755905523
2800.3033700473316,773.1881589338954,867.0,867.0702755905523
2803.4783700473317,778.6874202479265,870.0,867.0702755905523
2806.936827919677,784.0129783543799,867.0,867.0702755905523
2810.111827919677,789.5122396684111,870.0,867.0702755905523
2813.5702857920223,794.8377977748645,867.0,867.0702755905523
2816.7452857920225,800.3370590888957,870.0,867.0702755905523
2820.2037436643677,805.6626171953491,867.0,867.0702755905523
2823.378743664368,811.1618785093802,870.0,867.0702755905523
2826.837201536713,816.4874366158336,867.0,867.0702755905523
2830.0122015367133,821.9866979298648,870.0,867.0702755905523
2833.4706594090585,827.3122560363182,867.0,867.0702755905523
2836.6456594090587,832.8115173503494,870.0,867.0702755905523
2840.104117281404,838.1370754568028,867.0,867.0702755905523
2843.279117281404,843.636336770834,870.0,867.0702755905523
2846.7375751537493,848.9618948772874,867.0,867.0702755905523
2849.9125751537495,854.4611561913185,870.0,869.7086220472453
2852.7954148270956,860.1190476199147,873.0,872.3469685039382
2855.378192510627,865.9200612759452,876.0,874.9853149606312
2857.6538289902396,871.8482969842024,879.0,877.6236614173241
2859.6160869045207,877.8875058626767,882.0,880.2620078740171
2861.8917233841335,883.8157415709339,879.0,880.2620078740171
2863.8539812984145,889.8549504494082,882.0,880.2620078740171
2866.1296177780273,895.7831861576655,879.0,880.2620078740171
2868.0918756923083,901.8223950361397,882.0,880.2620078740171
2870.367512171921,907.750630744397,879.0,880.2620078740171
2872.329770086202,913.7898396228712,882.0,880.2620078740171
2874.605406565815,919.7180753311285,879.0,880.2620078740171
2876.567664480096,925.7572842096027,882.0,880.2620078740171
2878.843300959709,931.68551991786,879.0,880.2620078740171
2880.80555887399,937.7247287963343,882.0,880.2620078740171
2883.0811953536027,943.6529645045915,879.0,880.2620078740171
2885.0434532678837,949.6921733830658,882.0,880.2620078740171
2887.3190897474965,955.620409091323,879.0,877.6236614173241
2889.9018674310278,961.4214227473535,876.0,874.9853149606312
2892.784707104374,967.0793141759497,873.0,872.3469685039382
2895.959707104374,972.5785754899808,870.0,869.7086220472453
2899.4181649767193,977.9041335964342,867.0,867.0702755905523
2903.1506013287762,983.0413915107151,864.0,864.4319291338594
2907.1467858119427,987.9762683659669,861.0,861.7935826771665
2911.3957651623214,992.6952380077483,858.0,859.1552362204735
2915.885893222856,997.185366068283,855.0,856.5168897637806
2920.604862864637,1001.4343454186617,852.0,853.8785433070876
2925.539739719889,1005.4305299018281,849.0,851.2401968503947
2930.6769976341698,1009.1629662538853,846.0,848.6018503937017
2936.0025557406234,1012.6214241262307,843.0,845.9635039370088
2941.139813654904,1016.353860478288,846.0,843.3251574803159
2946.465371761358,1019.8123183506334,843.0,843.3251574803159
2951.6026296756386,1023.5447547026906,846.0,843.3251574803159
2956.928187782092,1027.003212575036,843.0,843.3251574803159
2962.065445696373,1030.7356489270933,846.0,843.3251574803159
2967.3910038028266,1034.1941067994387,843.0,843.3251574803159
2972.5282617171074,1037.926543151496,846.0,843.3251574803159
2977.853819823561,1041.3850010238414,843.0,843.3251574803159
2982.991077737842,1045.1174373758986,846.0,843.3251574803159
2988.3166358442954,1048.575895248244,843.0,843.3251574803159
2993.453893758576,1052.3083316003012,846.0,843.3251574803159
2998.77945186503,1055.7667894726467,843.0,843.3251574803159
3003.9167097793106,1059.499225824704,846.0,843.3251574803159
3009.2422678857642,1062.9576836970493,843.0,843.3251574803159
3014.379525800045,1066.6901200491066,846.0,843.3251574803159
3019.7050839064987,1070.148577921452,843.0,843.3251574803159
3024.8423418207794,1073.8810142735092,846.0,845.9635039370088
3030.167899927233,1077.3394721458546,843.0,845.9635039370088
3035.305157841514,1081.0719084979119,846.0,845.9635039370088
3040.6307159479675,1084.5303663702573,843.0,845.9635039370088
3045.7679738622483,1088.2628027223145,846.0,845.9635039370088
3051.093531968702,1091.72126059466,843.0,845.9635039370088
3056.2307898829827,1095.4536969467172,846.0,845.9635039370088
3061.5563479894363,1098.9121548190626,843.0,845.9635039370088
3066.693605903717,1102.6445911711198,846.0,845.9635039370088
3072.0191640101707,1106.1030490434653,843.0,845.9635039370088
3077.1564219244515,1109.8354853955225,846.0,845.9635039370088
3082.481980030905,1113.293943267868,843.0,845.9635039370088
3087.619237945186,1117.0263796199251,846.0,845.9635039370088
3092.9447960516395,1120.4848374922706,843.0,845.9635039370088
3098.0820539659203,1124.2172738443278,846.0,845.9635039370088
3103.407612072374,1127.6757317166732,843.0,845.9635039370088
3108.5448699866547,1131.4081680687304,846.0,845.9635039370088
3113.8704280931083,1134.8666259410759,843.0,845.9635039370088
3119.007686007389,1138.599062293133,846.0,845.9635039370088
3124.3332441138427,1142.0575201654785,843.0,845.9635039370088
3129.4705020281235,1145.7899565175358,846.0,848.6018503937017
3134.4053788833753,1149.7861410007022,849.0,851.2401968503947
3139.1243485251566,1154.0351203510809,852.0,853.8785433070876
3143.614476585691,1158.5252484116154,855.0,856.5168897637806
3147.86345593607,1163.244218053397,858.0,856.5168897637806
3152.3535839966044,1167.7343461139315,855.0,856.5168897637806
3156.602563346983,1172.453315755713,858.0,856.5168897637806
3161.0926914075176,1176.9434438162475,855.0,856.5168897637806
3165.3416707578963,1181.662413458029,858.0,856.5168897637806
3169.831798818431,1186.1525415185636,855.0,856.5168897637806
3174.0807781688095,1190.871511160345,858.0,856.5168897637806
3178.570906229344,1195.3616392208796,855.0,856.5168897637806
3182.8198855797227,1200.0806088626612,858.0,856.5168897637806
3187.3100136402572,1204.5707369231957,855.0,856.5168897637806
3191.558992990636,1209.2897065649772,858.0,856.5168897637806
3196.0491210511705,1213.7798346255117,855.0,856.5168897637806
3200.298100401549,1218.4988042672933,858.0,856.5168897637806
3204.7882284620837,1222.9889323278278,855.0,856.5168897637806
3209.0372078124624,1227.7079019696093,858.0,856.5168897637806
3213.527335872997,1232.1980300301439,855.0,856.5168897637806
3217.7763152233756,1236.9169996719254,858.0,856.5168897637806
3222.26644328391,1241.40712773246,855.0,856.5168897637806
3226.515422634289,1246.1260973742415,858.0,856.5168897637806
3231.0055506948233,1250.616225434776,855.0,856.5168897637806
3235.254530045202,1255.3351950765575,858.0,856.5168897637806
3239.7446581057366,1259.825323137092,855.0,856.5168897637806
3243.9936374561153,1264.5442927788736,858.0,856.5168897637806
3248.48376551665,1269.034420839408,855.0,856.5168897637806
3252.7327448670285,1273.7533904811896,858.0,856.5168897637806
3257.222872927563,1278.2435185417241,855.0,856.5168897637806
3261.4718522779417,1282.9624881835057,858.0,856.5168897637806
3265.961980338476,1287.4526162440402,855.0,856.5168897637806
3270.210959688855,1292.1715858858217,858.0,856.5168897637806
3274.7010877493894,1296.6617139463563,855.0,856.5168897637806
3278.950067099768,1301.3806835881378,858.0,856.5168897637806
3283.4401951603027,1305.8708116486723,855.0,856.5168897637806
3287.6891745106814,1310.5897812904539,858.0,856.5168897637806
3292.179302571216,1315.0799093509884,855.0,856.5168897637806
3296.4282819215946,1319.79887899277,858.0,856.5168897637806
3300.918409982129,1324.2890070533044,855.0,853.8785433070876
3305.6373796239104,1328.5379864036831,852.0,851.2401968503947
3310.572256479162,1332.5341708868496,849.0,848.6018503937017
3315.709514393443,1336.2666072389068,846.0,845.9635039370088
3321.0350724998966,1339.7250651112522,843.0,843.3251574803159
3326.534333813928,1342.9000651112522,840.0,840.6868110236229
3331.8598919203814,1346.3585229835976,843.0,840.6868110236229
3337.3591532344126,1349.5335229835975,840.0,840.6868110236229
3342.684711340866,1352.991980855943,843.0,840.6868110236229
3348.1839726548974,1356.166980855943,840.0,840.6868110236229
3353.509530761351,1359.6254387282884,843.0,840.6868110236229
3359.008792075382,1362.8004387282883,840.0,840.6868110236229
3364.334350181836,1366.2588966006338,843.0,840.6868110236229
3369.833611495867,1369.4338966006337,840.0,840.6868110236229
3375.1591696023206,1372.8923544729792,843.0,840.6868110236229
3380.658430916352,1376.067354472979,840.0,840.6868110236229
3385.9839890228054,1379.5258123453245,843.0,840.6868110236229
3391.4832503368366,1382.7008123453245,840.0,840.6868110236229
3397.1411417654326,1385.5836520186706,837.0,838.04846456693
3402.942155421463,1388.1664297022019,834.0,835.410118110237
3408.8703911297202,1390.4420661818144,831.0,832.7717716535441
3414.9096000081945,1392.4043240960953,828.0,830.1334251968511
3421.04322900513,1394.0478250324963,825.0,827.4950787401582
3427.2544662697896,1395.368064269189,822.0,824.8567322834652
3433.388095266725,1397.0115652055902,825.0,822.2183858267723
3439.599332531385,1398.3318044422829,822.0,819.5800393700794
3445.871153494164,1399.3251632952883,819.0,816.9416929133864
3452.1863675297527,1399.988919037038,816.0,814.3033464566935
3458.5276650754445,1400.3212523591806,813.0,811.6650000000005
3464.8776650754444,1400.3212523591806,810.0,809.0266535433076
3471.218962621136,1399.988919037038,807.0,806.3883070866146
3477.534176656725,1399.3251632952883,804.0,803.7499606299217
3483.805997619504,1398.3318044422829,801.0,801.1116141732288
3490.017234884164,1397.0115652055902,798.0,798.4732677165358
3496.150863881099,1395.368064269189,795.0,795.8349212598429
3502.1900727595735,1393.4058063549082,792.0,793.1965748031499
3508.1183084678305,1391.1301698752957,789.0,790.558228346457
3513.919322123861,1388.5473921917644,786.0,787.919881889764
3519.577213552457,1385.6645525184183,783.0,785.2815354330711
3525.0764748664883,1382.4895525184183,780.0,782.6431889763782
3530.7343662950843,1379.6067128450723,783.0,780.0048425196852
3536.2336276091155,1376.4317128450723,780.0,777.3664960629923
3541.559185715569,1372.9732549727269,777.0,774.7281496062993
3546.69644362985,1369.2408186206696,774.0,772.0898031496064
3551.6313204851017,1365.2446341375032,771.0,769.4514566929134
3556.350290126883,1360.9956547871245,768.0,766.8131102362205
3560.8404181874175,1356.50552672659,765.0,764.1747637795276
3565.0893975377962,1351.7865570848085,762.0,761.5364173228346
3569.0855820209626,1346.8516802295567,759.0,758.8980708661417
3572.8180183730196,1341.7144223152757,756.0,756.2597244094487
3576.276476245365,1336.3888642088223,753.0,753.6213779527558
3579.451476245365,1330.889602894791,750.0,750.9830314960628
3582.334315918711,1325.231711466195,747.0,748.3446850393699
3584.9170936022424,1319.4306978101645,744.0,745.706338582677
3587.192730081855,1313.5024621019072,741.0,743.067992125984
3589.1549879961362,1307.463253223433,738.0,740.4296456692911
3590.798488932537,1301.3296242264973,735.0,737.7912992125981
3592.760746846818,1295.290415348023,738.0,735.1529527559052
3594.404247783219,1289.1567863510875,735.0,732.5146062992122
3595.724487019912,1282.9455490864277,732.0,729.8762598425193
3596.717845872917,1276.6737281236485,729.0,727.2379133858263
3597.381601614667,1270.35851408806,726.0,724.5995669291334
3597.71393493681,1264.0172165423685,723.0,721.9612204724405
3597.71393493681,1257.6672165423686,720.0,719.3228740157475
3597.381601614667,1251.325918996677,717.0,716.6845275590546
3596.717845872917,1245.0107049610885,714.0,714.0461811023616
3595.724487019912,1238.7388839983093,711.0,711.4078346456687
3594.404247783219,1232.5276467336496,708.0,708.7694881889757
3593.410888930214,1226.2558257708704,711.0,708.7694881889757
3592.090649693521,1220.0445885062106,708.0,708.7694881889757
3591.0972908405156,1213.7727675434314,711.0,708.7694881889757
3589.7770516038227,1207.5615302787717,708.0,708.7694881889757
3588.7836927508174,1201.2897093159925,711.0,708.7694881889757
3587.4634535141245,1195.0784720513327,708.0,708.7694881889757
3586.470094661119,1188.8066510885535,711.0,708.7694881889757
3585.1498554244263,1182.5954138238938,708.0,708.7694881889757
3584.156496571421,1176.3235928611145,711.0,708.7694881889757
3582.836257334728,1170.1123555964548,708.0,706.1311417322828
3581.192756398327,1163.9787265995192,705.0,703.4927952755899
3579.230498484046,1157.939517721045,702.0,700.8544488188969
3576.9548620044334,1152.0112820127877,699.0,698.216102362204
3574.372084320902,1146.210268356757,696.0,695.577755905511
3571.489244647556,1140.552376928161,693.0,692.9394094488181
3568.314244647556,1135.0531156141299,690.0,690.3010629921251
3565.4314049742097,1129.3952241855338,693.0,690.3010629921251
3562.2564049742095,1123.8959628715027,690.0,690.3010629921251
3559.3735653008634,1118.2380714429066,693.0,690.3010629921251
3556.1985653008633,1112.7388101288755,690.0,690.3010629921251
3553.315725627517,1107.0809187002794,693.0,690.3010629921251
3550.140725627517,1101.5816573862483,690.0,690.3010629921251
3547.257885954171,1095.9237659576522,693.0,690.3010629921251
3544.0828859541707,1090.424504643621,690.0,690.3010629921251
3541.2000462808246,1084.766613215025,693.0,690.3010629921251
3538.0250462808244,1079.2673519009938,690.0,690.3010629921251
3535.1422066074783,1073.6094604723978,693.0,690.3010629921251
3531.967206607478,1068.1101991583666,690.0,690.3010629921251
3529.084366934132,1062.4523077297706,693.0,690.3010629921251
3525.909366934132,1056.9530464157394,690.0,690.3010629921251
3523.0265272607858,1051.2951549871434,693.0,690.3010629921251
3519.8515272607856,1045.7958936731122,690.0,690.3010629921251
3516.9686875874395,1040.1380022445162,693.0,690.3010629921251
3513.7936875874393,1034.638740930485,690.0,690.3010629921251
3510.910847914093,1028.980849501889,693.0,690.3010629921251
3507.735847914093,1023.4815881878578,690.0,690.3010629921251
3504.853008240747,1017.8236967592617,693.0,690.3010629921251
3501.6780082407467,1012.3244354452305,690.0,690.3010629921251
3498.7951685674007,1006.6665440166344,693.0,690.3010629921251
3495.6201685674005,1001.1672827026032,690.0,690.3010629921251
3492.7373288940544,995.509391274007,693.0,690.3010629921251
3489.562328894054,990.0101299599759,690.0,690.3010629921251
3486.679489220708,984.3522385313797,693.0,690.3010629921251
3483.504489220708,978.8529772173486,690.0,690.3010629921251
3480.621649547362,973.1950857887524,693.0,690.3010629921251
3477.4466495473616,967.6958244747212,690.0,690.3010629921251
3474.5638098740155,962.0379330461251,693.0,690.3010629921251
3471.3888098740154,956.5386717320939,690.0,687.6627165354322
3467.93035200167,951.2131136256405,687.0,685.0243700787393
3464.197915649613,946.0758557113596,684.0,682.3860236220463
3460.2017311664467,941.1409788561078,681.0,679.7476771653534
3455.952751816068,936.4220092143264,678.0,677.1093307086604
3451.4626237555335,931.9318811537918,675.0,677.1093307086604
3447.213644405155,927.2129115120104,678.0,677.1093307086604
3442.7235163446203,922.7227834514757,675.0,677.1093307086604
3438.4745369942416,918.0038138096943,678.0,677.1093307086604
3433.984408933707,913.5136857491597,675.0,677.1093307086604
3429.7354295833284,908.7947161073782,678.0,677.1093307086604
3425.245301522794,904.3045880468436,675.0,677.1093307086604
3420.996322172415,899.5856184050622,678.0,677.1093307086604
3416.5061941118806,895.0954903445275,675.0,677.1093307086604
3412.257214761502,890.3765207027461,678.0,677.1093307086604
3407.7670867009674,885.8863926422115,675.0,677.1093307086604
3403.5181073505887,881.1674230004301,678.0,677.1093307086604
3399.027979290054,876.6772949398954,675.0,677.1093307086604
3394.7789999396755,871.958325298114,678.0,677.1093307086604
3390.288871879141,867.4681972375794,675.0,677.1093307086604
3386.0398925287623,862.749227595798,678.0,677.1093307086604
3381.5497644682277,858.2590995352633,675.0,677.1093307086604
3377.300785117849,853.5401298934819,678.0,677.1093307086604
3372.8106570573145,849.0500018329473,675.0,677.1093307086604
3368.561677706936,844.3310321911658,678.0,677.1093307086604
3364.0715496464013,839.8409041306312,675.0,677.1093307086604
3359.8225702960226,835.1219344888498,678.0,677.1093307086604
3355.332442235488,830.6318064283151,675.0,677.1093307086604
3351.0834628851094,825.9128367865337,678.0,677.1093307086604
3346.593334824575,821.4227087259991,675.0,677.1093307086604
3342.344355474196,816.7037390842177,678.0,679.7476771653534
3338.3481709910297,811.7688622289659,681.0,682.3860236220463
3334.6157346389728,806.631604314685,684.0,685.0243700787393
3331.1572767666275,801.3060462082316,687.0,687.6627165354322
3327.9822767666274,795.8067848942004,690.0,690.3010629921251
3325.0994370932813,790.1488934656043,693.0,692.9394094488181
3322.51665940975,784.3478798095738,696.0,695.577755905511
3320.241022930137,778.4196441013165,699.0,698.216102362204
3318.278765015856,772.3804352228423,702.0,700.8544488188969
3316.6352640794553,766.2468062259067,705.0,703.4927952755899
3315.3150248427623,760.035568961247,708.0,706.1311417322828
3314.321665989757,753.7637479984679,711.0,708.7694881889757
3313.6579102480073,747.4485339628794,714.0,711.4078346456687
3313.3255769258644,741.1072364171879,717.0,714.0461811023616
3312.6618211841146,734.7920223815994,714.0,716.6845275590546
3312.3294878619718,728.4507248359079,717.0,719.3228740157475
3312.3294878619718,722.1007248359078,720.0,721.9612204724405
3312.6618211841146,715.7594272902163,723.0,724.5995669291334
3313.3255769258644,709.4442132546278,726.0,727.2379133858263
3314.3189357788697,703.1723922918487,729.0,729.8762598425193
3315.6391750155626,696.9611550271891,732.0,732.5146062992122
3317.2826759519635,690.8275260302535,735.0,735.1529527559052
3319.2449338662445,684.7883171517792,738.0,737.7912992125981
3321.5205703458573,678.860081443522,741.0,740.4296456692911
3324.1033480293886,673.0590677874915,744.0,743.067992125984
3326.9861877027347,667.4011763588953,747.0,745.706338582677
3330.161187702735,661.9019150448642,750.0,748.3446850393699
3333.61964557508,656.5763569384108,753.0,750.9830314960628
3337.352081927137,651.4390990241299,756.0,753.6213779527558
3341.3482664103035,646.5042221688781,759.0,756.2597244094487
3345.0807027623605,641.3669642545972,756.0,758.8980708661417
3349.076887245527,636.4320873993454,759.0,761.5364173228346
3353.3258665959056,631.713117757564,762.0,764.1747637795276
3357.81599465644,627.2229896970293,765.0,766.8131102362205
3362.5349642982214,622.9740103466506,768.0,769.4514566929134
3367.469841153473,618.9778258634842,771.0,772.0898031496064
3372.607099067754,615.245389511427,774.0,774.7281496062993
3377.9326571742076,611.7869316390816,777.0,777.3664960629923
3383.431918488239,608.6119316390816,780.0,780.0048425196852
3389.089809916835,605.7290919657355,783.0,782.6431889763782
3394.8908235728654,603.1463142822042,786.0,785.2815354330711
3400.5487150014615,600.2634746088581,783.0,785.2815354330711
3406.349728657492,597.6806969253269,786.0,785.2815354330711
3412.007620086088,594.7978572519808,783.0,785.2815354330711
3417.8086337421187,592.2150795684495,786.0,785.2815354330711
3423.4665251707147,589.3322398951034,783.0,785.2815354330711
3429.2675388267453,586.7494622115721,786.0,785.2815354330711
3435.1957745350023,584.4738257319594,789.0,787.919881889764
3441.2349834134766,582.5115678176785,792.0,790.558228346457
3447.368612410412,580.8680668812775,795.0,793.1965748031499
3453.5798496750717,579.5478276445847,798.0,795.8349212598429
3459.851670637851,578.5544687915792,801.0,798.4732677165358
3466.1668846734397,577.8907130498296,804.0,801.1116141732288
3472.438705636219,576.8973541968242,801.0,803.7499606299217
3478.7539196718076,576.2335984550746,804.0,806.3883070866146
3485.0952172174993,575.9012651329318,807.0,806.3883070866146
3491.410431253088,575.2375093911822,804.0,806.3883070866146
3497.75172879878,574.9051760690395,807.0,806.3883070866146
3504.0669428343685,574.2414203272899,804.0,806.3883070866146
3510.4082403800603,573.9090870051472,807.0,806.3883070866146
3516.723454415649,573.2453312633976,804.0,806.3883070866146
3523.064751961341,572.9129979412548,807.0,806.3883070866146
3529.3799659969295,572.2492421995053,804.0,806.3883070866146
3535.7212635426213,571.9169088773625,807.0,806.3883070866146
3542.03647757821,571.2531531356129,804.0,806.3883070866146
3548.3777751239018,570.9208198134702,807.0,806.3883070866146
3554.6929891594905,570.2570640717206,804.0,806.3883070866146
3561.0342867051822,569.9247307495779,807.0,806.3883070866146
3567.349500740771,569.2609750078283,804.0,806.3883070866146
3573.6907982864627,568.9286416856855,807.0,806.3883070866146
3580.0060123220514,568.264885943936,804.0,806.3883070866146
3586.347309867743,567.9325526217932,807.0,806.3883070866146
3592.662523903332,567.2687968800436,804.0,806.3883070866146
3599.0038214490237,566.9364635579009,807.0,806.3883070866146
3605.3190354846124,566.2727078161513,804.0,806.3883070866146
3611.660333030304,565.9403744940086,807.0,806.3883070866146
3617.975547065893,565.276618752259,804.0,806.3883070866146
3624.3168446115847,564.9442854301162,807.0,806.3883070866146
3630.6320586471734,564.2805296883666,804.0,806.3883070866146
3636.973356192865,563.9481963662239,807.0,806.3883070866146
3643.288570228454,563.2844406244743,804.0,806.3883070866146
3649.6298677741456,562.9521073023316,807.0,806.3883070866146
3655.9450818097343,562.288351560582,804.0,806.3883070866146
3662.286379355426,561.9560182384392,807.0,806.3883070866146
3668.601593391015,561.2922624966897,804.0,806.3883070866146
3674.9428909367066,560.9599291745469,807.0,806.3883070866146
3681.2581049722953,560.2961734327973,804.0,806.3883070866146
3687.599402517987,559.9638401106546,807.0,806.3883070866146
3693.914616553576,559.300084368905,804.0,806.3883070866146
3700.2559140992676,558.9677510467623,807.0,806.3883070866146
3706.5711281348563,558.3039953050127,804.0,806.3883070866146
3712.912425680548,557.9716619828699,807.0,806.3883070866146
3719.2276397161368,557.3079062411203,804.0,806.3883070866146
3725.5689372618285,556.9755729189776,807.0,806.3883070866146
3731.8841512974172,556.311817177228,804.0,806.3883070866146
3738.225448843109,555.9794838550853,807.0,806.3883070866146
3744.5406628786977,555.3157281133357,804.0,806.3883070866146
3750.8819604243895,554.983394791193,807.0,806.3883070866146
3757.197174459978,554.3196390494434,804.0,806.3883070866146
3763.53847200567,553.9873057273006,807.0,806.3883070866146
3769.8536860412587,553.323549985551,804.0,806.3883070866146
3776.1949835869505,552.9912166634083,807.0,806.3883070866146
3782.510197622539,552.3274609216587,804.0,806.3883070866146
3788.851495168231,551.995127599516,807.0,806.3883070866146
3795.1667092038197,551.3313718577664,804.0,806.3883070866146
3801.5080067495114,550.9990385356236,807.0,806.3883070866146
3807.8232207851,550.3352827938741,804.0,806.3883070866146
3814.164518330792,550.0029494717313,807.0,806.3883070866146
3820.4797323663806,549.3391937299817,804.0,806.3883070866146
3826.8210299120724,549.006860407839,807.0,806.3883070866146
3833.136243947661,548.3431046660894,804.0,806.3883070866146
3839.477541493353,548.0107713439467,807.0,806.3883070866146
3845.7927555289416,547.3470156021971,804.0,806.3883070866146
3852.1340530746334,547.0146822800543,807.0,806.3883070866146
3858.449267110222,546.3509265383047,804.0,806.3883070866146
3864.790564655914,546.018593216162,807.0,809.0266535433076
3871.1405646559137,546.018593216162,810.0,811.6650000000005
3877.4818622016055,546.3509265383047,813.0,814.3033464566935
3883.7970762371942,547.0146822800543,816.0,816.9416929133864
3890.0688971999734,548.0080411330598,819.0,819.5800393700794
3896.280134464633,549.3282803697526,822.0,822.2183858267723
3902.4137634615686,550.9717813061536,825.0,824.8567322834652
3908.452972340043,552.9340392204346,828.0,827.4950787401582
3914.3812080483,555.2096757000472,831.0,830.1334251968511
3920.1822217043305,557.7924533835785,834.0,832.7717716535441
3925.8401131329265,560.6752930569246,837.0,835.410118110237
3931.3393744469577,563.8502930569246,840.0,838.04846456693
3936.6649325534113,567.30875092927,843.0,840.6868110236229
3941.802190467692,571.0411872813272,846.0,843.3251574803159
3947.1277485741457,574.4996451536726,843.0,845.9635039370088
3952.2650064884265,578.2320815057299,846.0,848.6018503937017
3957.1998833436783,582.2282659888963,849.0,851.2401968503947
3961.9188529854596,586.477245339275,852.0,853.8785433070876
3966.408981045994,590.9673733998096,855.0,856.5168897637806
3970.657960396373,595.686343041591,858.0,859.1552362204735
3974.654144879539,600.6212198968428,861.0,861.7935826771665
3978.386581231596,605.7584778111237,864.0,864.4319291338594
3981.8450391039414,611.0840359175771,867.0,867.0702755905523
3985.0200391039416,616.5832972316083,870.0,869.7086220472453
3987.9028787772877,622.2411886602044,873.0,872.3469685039382
3990.485656460819,628.0422023162349,876.0,874.9853149606312
3992.7612929404318,633.9704380244922,879.0,877.6236614173241
3994.723550854713,640.0096469029664,882.0,880.2620078740171
3996.3670517911137,646.143275899902,885.0,882.90035433071
3997.6872910278066,652.3545131645617,888.0,885.538700787403
3998.680649880812,658.6263341273408,891.0,888.1770472440959
4000.000889117505,664.8375713920004,888.0,890.8153937007888
4000.99424797051,671.1093923547795,891.0,893.4537401574818
4001.65800371226,677.424606390368,894.0,896.0920866141747
4001.9903370344027,683.7659039360595,897.0,898.7304330708677
4001.9903370344027,690.1159039360596,900.0,901.3687795275606
4001.65800371226,696.4572014817511,903.0,904.0071259842535
4000.99424797051,702.7724155173396,906.0,906.6454724409465
4000.000889117505,709.0442364801187,909.0,909.2838188976394
3998.680649880812,715.2554737447783,912.0,911.9221653543324
3997.037148944411,721.3891027417139,915.0,914.5605118110253
3995.07489103013,727.4283116201882,918.0,917.1988582677183
3992.799254550517,733.3565473284455,921.0,919.8372047244112
3990.216476866986,739.1575609844759,924.0,922.4755511811042
3987.940840387373,745.0857966927332,921.0,922.4755511811042
3985.358062703842,750.8868103487637,924.0,922.4755511811042
3983.082426224229,756.8150460570209,921.0,922.4755511811042
3980.4996485406978,762.6160597130514,924.0,922.4755511811042
3978.224012061085,768.5442954213087,921.0,922.4755511811042
3975.6412343775537,774.3453090773392,924.0,922.4755511811042
3973.365597897941,780.2735447855964,921.0,922.4755511811042
3970.7828202144096,786.0745584416269,924.0,922.4755511811042
3968.507183734797,792.0027941498842,921.0,922.4755511811042
3965.9244060512656,797.8038078059146,924.0,922.4755511811042
3963.648769571653,803.7320435141719,921.0,922.4755511811042
3961.6865116573717,809.7712523926461,918.0,919.8372047244112
3960.043010720971,815.9048813895818,915.0,917.1988582677183
3958.722771484278,822.1161186542414,912.0,914.5605118110253
3957.7294126312727,828.3879396170205,909.0,911.9221653543324
3956.4091733945797,834.5991768816801,912.0,911.9221653543324
3955.4158145415745,840.8709978444592,909.0,911.9221653543324
3954.0955753048815,847.0822351091189,912.0,911.9221653543324
3953.1022164518763,853.354056071898,909.0,911.9221653543324
3951.7819772151834,859.5652933365576,912.0,911.9221653543324
3950.788618362178,865.8371142993367,909.0,911.9221653543324
3949.468379125485,872.0483515639963,912.0,911.9221653543324
3948.47502027248,878.3201725267754,909.0,911.9221653543324
3947.154781035787,884.5314097914351,912.0,911.9221653543324
3946.1614221827817,890.8032307542142,909.0,911.9221653543324
3944.841182946089,897.0144680188738,912.0,911.9221653543324
3943.8478240930835,903.2862889816529,909.0,911.9221653543324
3942.5275848563906,909.4975262463125,912.0,911.9221653543324
3941.5342260033854,915.7693472090916,909.0,911.9221653543324
3940.2139867666924,921.9805844737513,912.0,911.9221653543324
3939.220627913687,928.2524054365304,909.0,911.9221653543324
3937.900388676994,934.46364270119,912.0,911.9221653543324
3936.907029823989,940.7354636639691,909.0,911.9221653543324
3935.586790587296,946.9467009286287,912.0,911.9221653543324
3934.593431734291,953.2185218914078,909.0,911.9221653543324
3933.273192497598,959.4297591560675,912.0,911.9221653543324
3932.2798336445926,965.7015801188466,909.0,911.9221653543324
3930.9595944078997,971.9128173835062,912.0,911.9221653543324
3929.9662355548944,978.1846383462853,909.0,911.9221653543324
3928.6459963182015,984.3958756109449,912.0,911.9221653543324
3927.652637465196,990.667696573724,909.0,911.9221653543324
3926.3323982285033,996.8789338383837,912.0,911.9221653543324
3925.339039375498,1003.1507548011627,909.0,911.9221653543324
3924.018800138805,1009.3619920658224,912.0,911.9221653543324
3923.0254412858,1015.6338130286015,909.0,911.9221653543324
3921.705202049107,1021.8450502932611,912.0,911.9221653543324
3920.7118431961017,1028.1168712560402,909.0,909.2838188976394
3920.048087454352,1034.4320852916287,906.0,906.6454724409465
3919.715754132209,1040.7733828373202,903.0,904.0071259842535
3919.715754132209,1047.1233828373202,900.0,901.3687795275606
3920.048087454352,1053.4646803830117,897.0,898.7304330708677
3920.7118431961017,1059.7798944186002,894.0,896.0920866141747
3921.705202049107,1066.0517153813794,891.0,893.4537401574818
3923.0254412858,1072.2629526460391,888.0,890.8153937007888
3924.018800138805,1078.5347736088183,891.0,888.1770472440959
3925.339039375498,1084.746010873478,888.0,885.538700787403
3926.982540311899,1090.8796398704137,885.0,882.90035433071
3928.94479822618,1096.918848748888,882.0,882.90035433071
3930.588299162581,1103.0524777458236,885.0,882.90035433071
3932.550557076862,1109.0916866242978,882.0,882.90035433071
3934.1940580132627,1115.2253156212334,885.0,882.90035433071
3936.156315927544,1121.2645244997077,882.0,882.90035433071
3937.7998168639447,1127.3981534966433,885.0,882.90035433071
3939.7620747782257,1133.4373623751176,882.0,882.90035433071
3941.4055757146266,1139.5709913720532,885.0,882.90035433071
3943.3678336289076,1145.6102002505274,882.0,882.90035433071
3945.6434701085204,1151.5384359587847,879.0,880.2620078740171
3948.2262477920517,1157.3394496148153,876.0,877.6236614173241
3951.109087465398,1162.9973410434113,873.0,874.9853149606312
3954.284087465398,1168.4966023574425,870.0,872.3469685039382
3957.742545337743,1173.822160463896,867.0,869.7086220472453
3960.9175453377434,1179.321421777927,870.0,867.0702755905523
3964.3760032100886,1184.6469798843805,867.0,864.4319291338594
3968.1084395621456,1189.7842377986615,864.0,864.4319291338594
3971.566897434491,1195.1097959051149,867.0,864.4319291338594
3975.299333786548,1200.247053819396,864.0,864.4319291338594
3978.757791658893,1205.5726119258493,867.0,864.4319291338594
3982.49022801095,1210.7098698401303,864.0,864.4319291338594
3985.948685883295,1216.0354279465837,867.0,864.4319291338594
3989.681122235352,1221.1726858608647,864.0,864.4319291338594
3993.1395801076974,1226.498243967318,867.0,864.4319291338594
3996.8720164597544,1231.635501881599,864.0,864.4319291338594
4000.3304743320996,1236.9610599880525,867.0,864.4319291338594
4004.0629106841566,1242.0983179023335,864.0,864.4319291338594
4007.521368556502,1247.423876008787,867.0,864.4319291338594
4011.253804908559,1252.561133923068,864.0,864.4319291338594
4014.712262780904,1257.8866920295213,867.0,864.4319291338594
4018.444699132961,1263.0239499438023,864.0,864.4319291338594
4021.903157005306,1268.3495080502557,867.0,864.4319291338594
4025.635593357363,1273.4867659645367,864.0,864.4319291338594
4029.0940512297084,1278.8123240709901,867.0,864.4319291338594
4032.2690512297086,1284.3115853850213,870.0,867.0702755905523
4035.727509102054,1289.6371434914747,867.0,869.7086220472453
4038.902509102054,1295.136404805506,870.0,872.3469685039382
4041.7853487754,1300.794296234102,873.0,874.9853149606312
4044.3681264589313,1306.5953098901325,876.0,877.6236614173241
4046.643762938544,1312.5235455983898,879.0,880.2620078740171
4048.606020852825,1318.562754476864,882.0,880.2620078740171
4050.881657332438,1324.4909901851213,879.0,880.2620078740171
4052.843915246719,1330.5301990635955,882.0,880.2620078740171
4055.119551726332,1336.4584347718528,879.0,880.2620078740171
4057.081809640613,1342.497643650327,882.0,880.2620078740171
4059.3574461202256,1348.4258793585843,879.0,880.2620078740171
4061.3197040345067,1354.4650882370586,882.0,880.2620078740171
4063.5953405141195,1360.3933239453158,879.0,880.2620078740171
4065.5575984284005,1366.43253282379,882.0,880.2620078740171
4067.8332349080133,1372.3607685320474,879.0,880.2620078740171
4069.7954928222944,1378.3999774105216,882.0,882.90035433071
4071.4389937586952,1384.5336064074572,885.0,885.538700787403
4072.759232995388,1390.744843672117,888.0,888.1770472440959
4073.7525918483934,1397.0166646348962,891.0,890.8153937007888
4074.4163475901432,1403.3318786704847,894.0,893.4537401574818
4074.748680912286,1409.6731762161762,897.0,896.0920866141747
4074.748680912286,1416.0231762161761,900.0,898.7304330708677
4075.081014234429,1422.3644737618677,897.0,898.7304330708677
4075.081014234429,1428.7144737618676,900.0,898.7304330708677
4075.413347556572,1435.055771307559,897.0,898.7304330708677
4075.413347556572,1441.405771307559,900.0,898.7304330708677
4075.7456808787147,1447.7470688532505,897.0,898.7304330708677
4075.7456808787147,1454.0970688532504,900.0,898.7304330708677
4076.0780142008575,1460.438366398942,897.0,898.7304330708677
4076.0780142008575,1466.788366398942,900.0,901.3687795275606
4075.7456808787147,1473.1296639446334,903.0,904.0071259842535
4075.081925136965,1479.444877980222,906.0,906.6454724409465
4074.0885662839596,1485.7166989430011,909.0,909.2838188976394
4072.7683270472667,1491.9279362076609,912.0,911.9221653543324
4071.124826110866,1498.0615652045965,915.0,914.5605118110253
4069.1625681965847,1504.1007740830707,918.0,917.1988582677183
4066.886931716972,1510.029009791328,921.0,919.8372047244112
4064.924673802691,1516.0682186698023,918.0,919.8372047244112
4062.649037323078,1521.9964543780595,921.0,919.8372047244112
4060.686779408797,1528.0356632565338,918.0,919.8372047244112
4058.4111429291843,1533.963898964791,921.0,919.8372047244112
4056.448885014903,1540.0031078432653,918.0,919.8372047244112
4054.1732485352904,1545.9313435515226,921.0,919.8372047244112
4052.2109906210094,1551.9705524299968,918.0,919.8372047244112
4049.9353541413966,1557.898788138254,921.0,919.8372047244112
4047.3525764578653,1563.6998017942847,924.0,922.4755511811042
4044.4697367845192,1569.3576932228807,927.0,925.1138976377971
4041.294736784519,1574.8569545369119,930.0,927.75224409449
4037.836278912174,1580.1825126433653,933.0,930.390590551183
4034.103842560117,1585.3197705576463,936.0,933.0289370078759
4030.6453846877716,1590.6453286640997,933.0,933.0289370078759
4026.9129483357146,1595.7825865783807,936.0,933.0289370078759
4023.4544904633694,1601.108144684834,933.0,933.0289370078759
4019.7220541113124,1606.245402599115,936.0,933.0289370078759
4016.2635962389672,1611.5709607055685,933.0,933.0289370078759
4012.5311598869102,1616.7082186198495,936.0,933.0289370078759
4009.072702014565,1622.033776726303,933.0,933.0289370078759
4005.340265662508,1627.171034640584,936.0,933.0289370078759
4001.881807790163,1632.4965927470373,933.0,933.0289370078759
3998.149371438106,1637.6338506613183,936.0,933.0289370078759
3994.6909135657606,1642.9594087677717,933.0,933.0289370078759
3990.9584772137036,1648.0966666820527,936.0,933.0289370078759
3987.5000193413584,1653.4222247885061,933.0,933.0289370078759
3983.7675829893014,1658.5594827027871,936.0,933.0289370078759
3980.3091251169562,1663.8850408092405,933.0,933.0289370078759
3976.5766887648992,1669.0222987235215,936.0,933.0289370078759
3973.118230892554,1674.347856829975,933.0,933.0289370078759
3969.385794540497,1679.485114744256,936.0,933.0289370078759
3965.927336668152,1684.8106728507094,933.0,933.0289370078759
3962.194900316095,1689.9479307649904,936.0,933.0289370078759
3958.7364424437496,1695.2734888714438,933.0,933.0289370078759
3955.0040060916926,1700.4107467857248,936.0,933.0289370078759
3951.5455482193474,1705.7363048921782,933.0,933.0289370078759
3948.3705482193473,1711.2355662062093,930.0,930.390590551183
3945.487708546001,1716.8934576348054,927.0,927.75224409449
3942.90493086247,1722.694471290836,924.0,925.1138976377971
3940.629294382857,1728.6227069990932,921.0,922.4755511811042
3938.667036468576,1734.6619158775675,918.0,919.8372047244112
3937.023535532175,1740.795544874503,915.0,917.1988582677183
3935.7032962954822,1747.0067821391629,912.0,914.5605118110253
3934.0597953590814,1753.1404111360985,915.0,914.5605118110253
3932.7395561223884,1759.3516484007582,912.0,914.5605118110253
3931.0960551859876,1765.4852773976938,915.0,914.5605118110253
3929.7758159492946,1771.6965146623536,912.0,914.5605118110253
3928.1323150128937,1777.8301436592892,915.0,914.5605118110253
3926.812075776201,1784.041380923949,912.0,914.5605118110253
3925.1685748398,1790.1750099208846,915.0,914.5605118110253
3923.848335603107,1796.3862471855443,912.0,914.5605118110253
3922.8549767501017,1802.6580681483235,909.0,911.9221653543324
3921.534737513409,1808.8693054129833,912.0,909.2838188976394
3920.5413786604036,1815.1411263757625,909.0,906.6454724409465
3919.8776229186537,1821.456340411351,906.0,904.0071259842535
3919.545289596511,1827.7976379570425,903.0,901.3687795275606
3919.545289596511,1834.1476379570424,900.0,898.7304330708677
3919.8776229186537,1840.488935502734,897.0,896.0920866141747
3920.5413786604036,1846.8041495383225,894.0,893.4537401574818
3921.534737513409,1853.0759705011017,891.0,893.4537401574818
3922.1984932551586,1859.3911845366902,894.0,893.4537401574818
3923.191852108164,1865.6630054994694,891.0,893.4537401574818
3923.8556078499137,1871.9782195350579,894.0,893.4537401574818
3924.848966702919,1878.250040497837,891.0,893.4537401574818
3925.5127224446687,1884.5652545334256,894.0,893.4537401574818
3926.506081297674,1890.8370754962048,891.0,893.4537401574818
3927.169837039424,1897.1522895317933,894.0,893.4537401574818
3928.163195892429,1903.4241104945725,891.0,893.4537401574818
3928.826951634179,1909.739324530161,894.0,893.4537401574818
3929.820310487184,1916.0111454929402,891.0,890.8153937007888
3931.140549723877,1922.2223827576,888.0,888.1770472440959
3932.784050660278,1928.3560117545355,885.0,885.538700787403
3934.746308574559,1934.3952206330098,882.0,882.90035433071
3937.0219450541717,1940.323456341267,879.0,880.2620078740171
3938.984202968453,1946.3626652197413,882.0,880.2620078740171
3941.2598394480656,1952.2909009279986,879.0,880.2620078740171
3943.2220973623466,1958.3301098064728,882.0,880.2620078740171
3945.4977338419594,1964.25834551473,879.0,880.2620078740171
3947.4599917562405,1970.2975543932043,882.0,880.2620078740171
3949.7356282358533,1976.2257901014616,879.0,880.2620078740171
3951.6978861501343,1982.2649989799359,882.0,880.2620078740171
3953.973522629747,1988.1932346881931,879.0,880.2620078740171
3955.935780544028,1994.2324435666674,882.0,880.2620078740171
3958.211417023641,2000.1606792749246,879.0,880.2620078740171
3960.173674937922,2006.199888153399,882.0,880.2620078740171
3962.449311417535,2012.1281238616561,879.0,880.2620078740171
3964.411569331816,2018.1673327401304,882.0,880.2620078740171
3966.6872058114286,2024.0955684483877,879.0,880.2620078740171
3968.6494637257097,2030.134777326862,882.0,880.2620078740171
3970.9251002053225,2036.0630130351192,879.0,880.2620078740171
3972.8873581196035,2042.1022219135934,882.0,880.2620078740171
3975.1629945992163,2048.0304576218505,879.0,880.2620078740171
3977.1252525134973,2054.0696665003247,882.0,880.2620078740171
3979.40088899311,2059.9979022085818,879.0,880.2620078740171
3981.363146907391,2066.037111087056,882.0,880.2620078740171
3983.638783387004,2071.965346795313,879.0,880.2620078740171
3985.601041301285,2078.0045556737873,882.0,880.2620078740171
3987.876677780898,2083.9327913820443,879.0,880.2620078740171
3989.838935695179,2089.9720002605186,882.0,880.2620078740171
3992.1145721747916,2095.9002359687756,879.0,880.2620078740171
3994.0768300890727,2101.93944484725,882.0,882.90035433071
3995.7203310254736,2108.0730738441853,885.0,885.538700787403
3997.0405702621665,2114.284311108845,888.0,888.1770472440959
3998.0339291151718,2120.5561320716242,891.0,890.8153937007888
3998.6976848569216,2126.871346107213,894.0,893.4537401574818
3999.0300181790644,2133.2126436529047,897.0,896.0920866141747
3999.0300181790644,2139.5626436529046,900.0,898.7304330708677
3998.6976848569216,2145.9039411985964,903.0,901.3687795275606
3998.0339291151718,2152.219155234185,906.0,904.0071259842535
3997.0405702621665,2158.4909761969643,909.0,906.6454724409465
3995.7203310254736,2164.702213461624,912.0,909.2838188976394
3994.7269721724683,2170.9740344244033,909.0,911.9221653543324
3993.4067329357754,2177.185271689063,912.0,914.5605118110253
3991.7632319993745,2183.3189006859984,915.0,917.1988582677183
3989.8009740850935,2189.3581095644727,918.0,919.8372047244112
3987.5253376054807,2195.2863452727297,921.0,922.4755511811042
3984.9425599219494,2201.0873589287603,924.0,925.1138976377971
3982.0597202486033,2206.7452503573563,927.0,927.75224409449
3978.884720248603,2212.2445116713875,930.0,930.390590551183
3975.426262376258,2217.570069777841,933.0,933.0289370078759
3971.693826024201,2222.707327692122,936.0,935.6672834645689
3967.6976415410345,2227.6422045473737,939.0,938.3056299212618
3963.448662190656,2232.361174189155,942.0,940.9439763779548
3958.9585341301213,2236.8513022496895,945.0,943.5823228346477
3954.23956448834,2241.1002816000682,948.0,946.2206692913406
3949.304687633088,2245.0964660832346,951.0,948.8590157480336
3944.1674297188074,2248.8289024352916,954.0,951.4973622047265
3938.8418716123538,2252.287360307637,957.0,954.1357086614195
3933.704613698073,2256.019796659694,954.0,956.7740551181124
3928.3790555916194,2259.478254532039,957.0,959.4124015748054
3922.879794277588,2262.653254532039,960.0,962.0507480314983
3917.221902848992,2265.5360942053853,963.0,964.6890944881912
3911.4208891929616,2268.1188718889166,966.0,967.3274409448842
3905.4926534847045,2270.3945083685294,969.0,969.9657874015771
3899.4534446062303,2272.3567662828104,972.0,972.6041338582701
3893.319815609295,2274.0002672192113,975.0,975.242480314963
3887.108578344635,2275.3205064559043,978.0,977.880826771656
3880.836757381856,2276.3138653089095,981.0,980.5191732283489
3874.521543346267,2276.9776210506593,984.0,983.1575196850418
3868.1802458005754,2277.309954372802,987.0,985.7958661417348
3861.8302458005755,2277.309954372802,990.0,988.4342125984277
3855.488948254884,2276.9776210506593,993.0,991.0725590551207
3849.173734219295,2276.3138653089095,996.0,993.7109055118136
3842.901913256516,2275.3205064559043,999.0,996.3492519685066
3836.586699220927,2274.6567507141544,996.0,996.3492519685066
3830.314878258148,2273.663391861149,999.0,996.3492519685066
3823.999664222559,2272.9996361193994,996.0,996.3492519685066
3817.72784325978,2272.006277266394,999.0,996.3492519685066
3811.4126292241913,2271.3425215246443,996.0,996.3492519685066
3805.140808261412,2270.349162671639,999.0,996.3492519685066
3798.8255942258234,2269.6854069298893,996.0,996.3492519685066
3792.553773263044,2268.692048076884,999.0,996.3492519685066
3786.2385592274554,2268.028292335134,996.0,996.3492519685066
3779.966738264676,2267.034933482129,999.0,996.3492519685066
3773.6515242290875,2266.371177740379,996.0,996.3492519685066
3767.3797032663083,2265.377818887374,999.0,996.3492519685066
3761.0644892307196,2264.714063145624,996.0,996.3492519685066
3754.7926682679404,2263.720704292619,999.0,996.3492519685066
3748.4774542323516,2263.056948550869,996.0,996.3492519685066
3742.2056332695724,2262.063589697864,999.0,996.3492519685066
3735.8904192339837,2261.399833956114,996.0,998.9875984251995
3729.6185982712045,2260.4064751031087,999.0,1001.6259448818925
3723.4073610065448,2259.086235866416,1002.0,1004.2642913385854
3717.2737320096094,2257.442734930015,1005.0,1004.2642913385854
3711.0624947449496,2256.122495693322,1002.0,1004.2642913385854
3704.9288657480142,2254.478994756921,1005.0,1004.2642913385854
3698.7176284833545,2253.158755520228,1002.0,1004.2642913385854
3692.583999486419,2251.5152545838273,1005.0,1004.2642913385854
3686.3727622217593,2250.1950153471344,1002.0,1004.2642913385854
3680.239133224824,2248.5515144107335,1005.0,1004.2642913385854
3674.027895960164,2247.2312751740405,1002.0,1004.2642913385854
3667.894266963229,2245.5877742376397,1005.0,1004.2642913385854
3661.683029698569,2244.2675350009467,1002.0,1004.2642913385854
3655.5494007016337,2242.624034064546,1005.0,1004.2642913385854
3649.338163436974,2241.303794827853,1002.0,1004.2642913385854
3643.2045344400385,2239.660293891452,1005.0,1004.2642913385854
3636.9932971753788,2238.340054654759,1002.0,1004.2642913385854
3630.8596681784434,2236.6965537183582,1005.0,1006.9026377952783
3624.820459299969,2234.734295804077,1008.0,1009.5409842519713
3618.892223591712,2232.4586593244644,1011.0,1012.1793307086642
3613.0912099356815,2229.875881640933,1014.0,1014.8176771653572
3607.4333185070855,2226.993041967587,1017.0,1017.4560236220501
3601.9340571930543,2223.818041967587,1020.0,1017.4560236220501
3596.2761657644583,2220.9352022942408,1017.0,1017.4560236220501
3590.776904450427,2217.7602022942406,1020.0,1017.4560236220501
3585.119013021831,2214.8773626208945,1017.0,1017.4560236220501
3579.6197517078,2211.7023626208943,1020.0,1017.4560236220501
3573.961860279204,2208.819522947548,1017.0,1017.4560236220501
3568.4625989651727,2205.644522947548,1020.0,1017.4560236220501
3562.8047075365766,2202.761683274202,1017.0,1017.4560236220501
3557.3054462225455,2199.5866832742017,1020.0,1017.4560236220501
3551.6475547939494,2196.7038436008556,1017.0,1017.4560236220501
3546.1482934799183,2193.5288436008555,1020.0,1017.4560236220501
3540.4904020513222,2190.6460039275094,1017.0,1017.4560236220501
3534.991140737291,2187.471003927509,1020.0,1017.4560236220501
3529.333249308695,2184.588164254163,1017.0,1017.4560236220501
3523.833987994664,2181.413164254163,1020.0,1017.4560236220501
3518.176096566068,2178.530324580817,1017.0,1017.4560236220501
3512.6768352520367,2175.3553245808166,1020.0,1017.4560236220501
3507.0189438234406,2172.4724849074705,1017.0,1017.4560236220501
3501.5196825094094,2169.2974849074703,1020.0,1017.4560236220501
3495.8617910808134,2166.4146452341242,1017.0,1017.4560236220501
3490.3625297667822,2163.239645234124,1020.0,1017.4560236220501
3484.704638338186,2160.356805560778,1017.0,1017.4560236220501
3479.205377024155,2157.181805560778,1020.0,1017.4560236220501
3473.547485595559,2154.2989658874317,1017.0,1017.4560236220501
3468.048224281528,2151.1239658874315,1020.0,1017.4560236220501
3462.390332852932,2148.2411262140854,1017.0,1017.4560236220501
3456.8910715389006,2145.066126214085,1020.0,1020.094370078743
3451.565513432447,2141.60766834174,1023.0,1022.732716535436
3446.428255518166,2137.875231989683,1026.0,1025.3710629921288
3441.4933786629144,2133.8790475065166,1029.0,1028.0094094488218
3436.774409021133,2129.630068156138,1032.0,1030.6477559055147
3432.2842809605986,2125.1399400956034,1035.0,1033.2861023622077
3428.03530161022,2120.420970453822,1038.0,1035.9244488189006
3424.0391171270535,2115.4860935985703,1041.0,1038.5627952755935
3420.3066807749965,2110.3488356842895,1044.0,1041.2011417322865
3416.31049629183,2105.4139588290377,1041.0,1043.8394881889794
3412.578059939773,2100.276700914757,1044.0,1043.8394881889794
3408.5818754566067,2095.341824059505,1041.0,1043.8394881889794
3404.8494391045497,2090.2045661452244,1044.0,1043.8394881889794
3400.8532546213833,2085.2696892899726,1041.0,1043.8394881889794
3397.1208182693263,2080.132431375692,1044.0,1043.8394881889794
3393.662360396981,2074.806873269238,1047.0,1046.4778346456724
3390.487360396981,2069.307611955207,1050.0,1049.1161811023653
3387.604520723635,2063.649720526611,1053.0,1051.7545275590583
3385.0217430401035,2057.8487068705804,1056.0,1054.3928740157512
3382.7461065604907,2051.9204711623233,1059.0,1057.0312204724441
3380.7838486462097,2045.881262283849,1062.0,1059.669566929137
3379.140347709809,2039.7476332869135,1065.0,1062.30791338583
3377.1780897955277,2033.7084244084392,1062.0,1064.946259842523
3375.534588859127,2027.5747954115036,1065.0,1067.584606299216
3374.214349622434,2021.3635581468438,1068.0,1070.2229527559089
3373.220990769428,2015.0917371840646,1071.0,1072.8612992126018
3372.5572350276784,2008.7765231484761,1074.0,1075.4996456692948
3372.2249017055356,2002.4352256027846,1077.0,1078.1379921259877
3372.2249017055356,1996.0852256027847,1080.0,1080.7763385826806
3372.5572350276784,1989.7439280570932,1083.0,1083.4146850393736
3373.220990769428,1983.4287140215047,1086.0,1086.0530314960665
3374.2143496224335,1977.1568930587255,1089.0,1088.6913779527595
3375.5345888591264,1970.9456557940657,1092.0,1091.3297244094524
3377.1780897955273,1964.81202679713,1095.0,1093.9680708661454
3379.1403477098083,1958.7728179186558,1098.0,1096.6064173228383
3381.415984189421,1952.8445822103986,1101.0,1099.2447637795312
3383.9987618729524,1947.043568554368,1104.0,1101.8831102362242
3386.8816015462985,1941.385677125772,1107.0,1104.5214566929171
3390.0566015462987,1935.8864158117408,1110.0,1107.15980314961
3392.939441219645,1930.2285243831448,1107.0,1109.798149606303
3396.114441219645,1924.7292630691136,1110.0,1112.436496062996
3399.57289909199,1919.4037049626602,1113.0,1115.074842519689
3403.305335444047,1914.2664470483792,1116.0,1117.7131889763818
3407.3015199272136,1909.3315701931274,1119.0,1120.3515354330748
3411.5504992775923,1904.6126005513458,1122.0,1122.9898818897677
3416.040627338127,1900.1224724908113,1125.0,1125.6282283464607
3420.759596979908,1895.8734931404326,1128.0,1128.2665748031536
3425.69447383516,1891.8773086572662,1131.0,1130.9049212598466
3430.8317317494407,1888.144872305209,1134.0,1133.5432677165395
3436.1572898558943,1884.6864144328636,1137.0,1136.1816141732324
3441.6565511699255,1881.5114144328636,1140.0,1138.8199606299254
3447.3144425985215,1878.6285747595175,1143.0,1141.4583070866183
3453.115456254552,1876.0457970759862,1146.0,1144.0966535433113
3459.043691962809,1873.7701605963737,1149.0,1146.7350000000042
3465.0829008412834,1871.8079026820928,1152.0,1149.3733464566972
3471.216529838219,1870.1644017456917,1155.0,1152.01169291339
3477.255738716693,1868.202143831411,1152.0,1154.650039370083
3483.3893677136284,1866.5586428950098,1155.0,1157.288385826776
3489.600604978288,1865.238403658317,1158.0,1159.926732283469
3495.8724259410674,1864.2450448053116,1161.0,1162.5650787401619
3502.187639976656,1863.581289063562,1164.0,1162.5650787401619
3508.4594609394353,1862.5879302105566,1161.0,1159.926732283469
3514.670698204095,1861.2676909738639,1158.0,1157.288385826776
3520.8043272010304,1859.6241900374628,1155.0,1154.650039370083
3526.8435360795047,1857.661932123182,1152.0,1152.01169291339
3532.7717717877617,1855.3862956435694,1149.0,1149.3733464566972
3538.5727854437923,1852.803517960038,1146.0,1146.7350000000042
3544.2306768723884,1849.920678286692,1143.0,1144.0966535433113
3549.7299381864195,1846.745678286692,1140.0,1141.4583070866183
3555.055496292873,1843.2872204143466,1137.0,1138.8199606299254
3560.192754207154,1839.5547840622894,1134.0,1136.1816141732324
3565.1276310624057,1835.558599579123,1131.0,1133.5432677165395
3569.846600704187,1831.3096202287443,1128.0,1130.9049212598466
3574.781477559439,1827.3134357455779,1131.0,1128.2665748031536
3579.50044720122,1823.0644563951992,1128.0,1125.6282283464607
3583.9905752617547,1818.5743283346646,1125.0,1122.9898818897677
3588.2395546121334,1813.855358692883,1122.0,1120.3515354330748
3592.2357390953,1808.9204818376313,1119.0,1117.7131889763818
3595.9681754473568,1803.7832239233503,1116.0,1115.074842519689
3599.426633319702,1798.457665816897,1113.0,1112.436496062996
3602.601633319702,1792.9584045028657,1110.0,1109.798149606303
3605.4844729930483,1787.3005130742697,1107.0,1107.15980314961
3608.0672506765795,1781.499499418239,1104.0,1104.5214566929171
3610.3428871561923,1775.5712637099818,1101.0,1101.8831102362242
3612.3051450704734,1769.5320548315076,1098.0,1099.2447637795312
3613.9486460068742,1763.398425834572,1095.0,1096.6064173228383
3615.268885243567,1757.1871885699122,1092.0,1093.9680708661454
3616.2622440965724,1750.915367607133,1089.0,1091.3297244094524
3616.9259998383222,1744.6001535715445,1086.0,1088.6913779527595
3617.9193586913275,1738.3283326087653,1089.0,1086.0530314960665
3618.5831144330773,1732.0131185731768,1086.0,1083.4146850393736
3618.91544775522,1725.6718210274853,1083.0,1080.7763385826806
3618.91544775522,1719.3218210274854,1080.0,1078.1379921259877
3618.5831144330773,1712.9805234817939,1077.0,1075.4996456692948
3617.9193586913275,1706.6653094462054,1074.0,1072.8612992126018
3616.925999838322,1700.3934884834262,1071.0,1070.2229527559089
3615.605760601629,1694.1822512187664,1068.0,1067.584606299216
3613.962259665228,1688.0486222218308,1065.0,1064.946259842523
3612.000001750947,1682.0094133433565,1062.0,1062.30791338583
3609.724365271334,1676.0811776350993,1059.0,1059.669566929137
3607.141587587803,1670.2801639790687,1056.0,1057.0312204724441
3604.2587479144568,1664.6222725504726,1053.0,1054.3928740157512
3601.0837479144566,1659.1230112364415,1050.0,1051.7545275590583
3597.6252900421114,1653.797453129988,1047.0,1049.1161811023653
3593.8928536900544,1648.660195215707,1044.0,1046.4778346456724
3589.896669206888,1643.7253183604553,1041.0,1043.8394881889794
3586.164232854831,1638.5880604461743,1044.0,1041.2011417322865
3582.1680483716646,1633.6531835909225,1041.0,1038.5627952755935
3577.919069021286,1628.934213949141,1038.0,1035.9244488189006
3573.4289409607513,1624.4440858886064,1035.0,1033.2861023622077
3568.70997131897,1620.1951065382277,1032.0,1030.6477559055147
3563.7750944637182,1616.1989220550613,1029.0,1028.0094094488218
3558.6378365494375,1612.466485703004,1026.0,1025.3710629921288
3553.312278442984,1609.0080278306586,1023.0,1022.7327165354359
3547.8130171289527,1605.8330278306587,1020.0,1020.0943700787429
3542.1551257003566,1602.9501881573126,1017.0,1017.45602362205
3536.354112044326,1600.3674104737813,1014.0,1014.817677165357
3530.425876336069,1598.0917739941688,1011.0,1012.1793307086641
3524.3866674575947,1596.129516079888,1008.0,1009.5409842519712
3518.4584317493377,1593.8538796002754,1011.0,1009.5409842519712
3512.4192228708635,1591.8916216859946,1008.0,1009.5409842519712
3506.4909871626064,1589.615985206382,1011.0,1009.5409842519712
3500.451778284132,1587.6537272921012,1008.0,1009.5409842519712
3494.523542575875,1585.3780908124886,1011.0,1009.5409842519712
3488.484333697401,1583.4158328982078,1008.0,1009.5409842519712
3482.556097989144,1581.1401964185952,1011.0,1009.5409842519712
3476.5168891106696,1579.1779385043144,1008.0,1009.5409842519712
3470.5886534024125,1576.9023020247018,1011.0,1009.5409842519712
3464.5494445239383,1574.940044110421,1008.0,1009.5409842519712
3458.6212088156813,1572.6644076308085,1011.0,1009.5409842519712
3452.581999937207,1570.7021497165276,1008.0,1009.5409842519712
3446.65376422895,1568.426513236915,1011.0,1009.5409842519712
3440.6145553504757,1566.4642553226342,1008.0,1009.5409842519712
3434.6863196422187,1564.1886188430217,1011.0,1009.5409842519712
3428.6471107637444,1562.2263609287409,1008.0,1009.5409842519712
3422.7188750554874,1559.9507244491283,1011.0,1009.5409842519712
3416.679666177013,1557.9884665348475,1008.0,1009.5409842519712
3410.751430468756,1555.712830055235,1011.0,1009.5409842519712
3404.712221590282,1553.750572140954,1008.0,1006.9026377952782
3398.5785925933465,1552.107071204553,1005.0,1004.2642913385853
3392.3673553286867,1550.7868319678603,1002.0,1001.6259448818923
3386.0955343659075,1549.7934731148548,999.0,998.9875984251994
3379.780320330319,1549.1297173731052,996.0,996.3492519685065
3373.439022784627,1548.7973840509626,993.0,993.7109055118135
3367.089022784627,1548.7973840509626,990.0,991.0725590551206
3360.7477252389353,1548.46505072882,993.0,991.0725590551206
3354.3977252389354,1548.46505072882,990.0,991.0725590551206
3348.0564276932437,1548.1327174066773,993.0,991.0725590551206
3341.7064276932438,1548.1327174066773,990.0,991.0725590551206
3335.365130147552,1547.8003840845347,993.0,991.0725590551206
3329.015130147552,1547.8003840845347,990.0,991.0725590551206
3322.6738326018603,1547.468050762392,993.0,991.0725590551206
3316.3238326018604,1547.468050762392,990.0,991.0725590551206
3309.9825350561687,1547.1357174402494,993.0,991.0725590551206
3303.6325350561688,1547.1357174402494,990.0,991.0725590551206
3297.291237510477,1546.8033841181068,993.0,991.0725590551206
3290.941237510477,1546.8033841181068,990.0,991.0725590551206
3284.5999399647853,1547.1357174402494,987.0,988.4342125984276
3278.2847259291966,1547.799473181999,984.0,985.7958661417347
3272.0129049664174,1548.7928320350045,981.0,983.1575196850417
3265.8016677017577,1550.1130712716972,978.0,980.5191732283488
3259.6680387048223,1551.7565722080983,975.0,977.8808267716558
3253.4568014401625,1553.076811444791,978.0,975.2424803149629
3247.323172443227,1554.7203123811921,975.0,972.60413385827
3241.283963564753,1556.682570295473,972.0,969.965787401577
3235.355727856496,1558.9582067750855,969.0,967.3274409448841
3229.5547142004652,1561.5409844586168,966.0,964.6890944881911
3223.896822771869,1564.4238241319629,963.0,962.0507480314982
3218.397561457838,1567.5988241319628,960.0,959.4124015748052
3213.0720033513844,1571.0572820043083,957.0,956.7740551181123
3207.9347454371036,1574.7897183563655,954.0,954.1357086614194
3202.999868581852,1578.785902839532,951.0,951.4973622047264
3198.2808989400705,1583.0348821899106,948.0,948.8590157480335
3193.790770879536,1587.5250102504451,945.0,946.2206692913405
3189.5417915291573,1592.2439798922267,942.0,943.5823228346476
3185.545607045991,1597.1788567474784,939.0,940.9439763779546
3181.813170693934,1602.3161146617595,936.0,938.3056299212617
3178.3547128215887,1607.6416727682129,933.0,935.6672834645688
3174.6222764695317,1612.7789306824939,936.0,935.6672834645688
3171.1638185971865,1618.1044887889473,933.0,935.6672834645688
3167.4313822451295,1623.2417467032283,936.0,935.6672834645688
3163.9729243727843,1628.5673048096817,933.0,935.6672834645688
3160.2404880207273,1633.7045627239627,936.0,935.6672834645688
3156.782030148382,1639.030120830416,933.0,935.6672834645688
3153.049593796325,1644.167378744697,936.0,935.6672834645688
3149.59113592398,1649.4929368511505,933.0,935.6672834645688
3145.858699571923,1654.6301947654315,936.0,935.6672834645688
3142.4002416995777,1659.955752871885,933.0,935.6672834645688
3138.6678053475207,1665.093010786166,936.0,935.6672834645688
3135.2093474751755,1670.4185688926193,933.0,935.6672834645688
3131.4769111231185,1675.5558268069003,936.0,935.6672834645688
3128.0184532507733,1680.8813849133537,933.0,935.6672834645688
3124.2860168987163,1686.0186428276347,936.0,935.6672834645688
3120.827559026371,1691.3442009340881,933.0,935.6672834645688
3117.095122674314,1696.4814588483691,936.0,935.6672834645688
3113.636664801969,1701.8070169548225,933.0,935.6672834645688
3109.904228449912,1706.9442748691035,936.0,935.6672834645688
3106.4457705775667,1712.269832975557,933.0,935.6672834645688
3102.7133342255097,1717.407090889838,936.0,935.6672834645688
3099.2548763531645,1722.7326489962913,933.0,935.6672834645688
3095.5224400011075,1727.8699069105724,936.0,935.6672834645688
3092.0639821287623,1733.1954650170258,933.0,935.6672834645688
3088.3315457767053,1738.3327229313068,936.0,935.6672834645688
3084.87308790436,1743.6582810377602,933.0,935.6672834645688
3081.140651552303,1748.7955389520412,936.0,935.6672834645688
3077.682193679958,1754.1210970584946,933.0,935.6672834645688
3073.949757327901,1759.2583549727756,936.0,935.6672834645688
3070.4912994555557,1764.583913079229,933.0,935.6672834645688
3066.7588631034987,1769.72117099351,936.0,935.6672834645688
3063.3004052311535,1775.0467290999634,933.0,935.6672834645688
3059.5679688790965,1780.1839870142444,936.0,935.6672834645688
3056.1095110067513,1785.5095451206978,933.0,935.6672834645688
3052.3770746546943,1790.6468030349788,936.0,935.6672834645688
3048.918616782349,1795.9723611414322,933.0,935.6672834645688
3045.186180430292,1801.1096190557132,936.0,933.0289370078758
3041.727722557947,1806.4351771621666,933.0,930.3905905511829
3038.5527225579467,1811.9344384761978,930.0,927.7522440944899
3035.6698828846006,1817.5923299047938,927.0,925.113897637797
3033.0871052010693,1823.3933435608244,924.0,922.475551181104
3030.8114687214565,1829.3215792690817,921.0,919.8372047244111
3028.8492108071755,1835.360788147556,918.0,919.8372047244111
3026.5735743275627,1841.2890238558132,921.0,919.8372047244111
3024.6113164132817,1847.3282327342874,918.0,919.8372047244111
3022.335679933669,1853.2564684425447,921.0,919.8372047244111
3020.373422019388,1859.295677321019,918.0,919.8372047244111
3018.097785539775,1865.2239130292762,921.0,919.8372047244111
3016.135527625494,1871.2631219077505,918.0,919.8372047244111
3013.859891145881,1877.1913576160077,921.0,919.8372047244111
3011.8976332316,1883.230566494482,918.0,919.8372047244111
3009.6219967519874,1889.1588022027393,921.0,919.8372047244111
3007.6597388377063,1895.1980110812135,918.0,919.8372047244111
3005.3841023580935,1901.1262467894708,921.0,922.475551181104
3002.8013246745622,1906.9272604455014,924.0,925.113897637797
2999.918485001216,1912.5851518740974,927.0,927.7522440944899
2996.743485001216,1918.0844131881286,930.0,930.3905905511829
2993.2850271288708,1923.409971294582,933.0,933.0289370078758
2989.5525907768138,1928.547229208863,936.0,935.6672834645688
2985.5564062936473,1933.4821060641148,939.0,938.3056299212617
2981.3074269432686,1938.2010757058963,942.0,940.9439763779546
2976.817298882734,1942.6912037664308,945.0,943.5823228346476
2972.098329240953,1946.9401831168095,948.0,946.2206692913405
2967.163452385701,1950.936367599976,951.0,948.8590157480335
2962.0261944714202,1954.6688039520332,954.0,951.4973622047264
2956.7006363649666,1958.1272618243786,957.0,954.1357086614194
2951.563378450686,1961.8596981764358,954.0,956.7740551181123
2946.237820344232,1965.3181560487812,957.0,959.4124015748052
2940.738559030201,1968.4931560487812,960.0,962.0507480314982
2935.080667601605,1971.3759957221273,963.0,964.6890944881911
2929.2796539455744,1973.9587734056586,966.0,967.3274409448841
2923.3514182373174,1976.2344098852711,969.0,969.965787401577
2917.312209358843,1978.196667799552,972.0,972.60413385827
2911.1785803619077,1979.840168735953,975.0,975.2424803149629
2904.967343097248,1981.1604079726458,978.0,977.8808267716558
2898.695522134469,1982.1537668256512,981.0,980.5191732283488
2892.38030809888,1982.8175225674008,984.0,983.1575196850417
2886.0390105531883,1983.1498558895435,987.0,985.7958661417347
2879.6890105531884,1983.1498558895435,990.0,988.4342125984276
2873.3477130074966,1982.8175225674008,993.0,991.0725590551206
2867.032498971908,1982.1537668256512,996.0,993.7109055118135
2860.7606780091287,1981.1604079726458,999.0,996.3492519685065
2854.44546397354,1980.4966522308962,996.0,998.9875984251994
2848.1736430107608,1979.5032933778907,999.0,1001.6259448818923
2841.962405746101,1978.183054141198,1002.0,1004.2642913385853
2835.8287767491656,1976.539553204797,1005.0,1006.9026377952782
2829.7895678706914,1974.577295290516,1008.0,1009.5409842519712
2823.8613321624343,1972.3016588109035,1011.0,1012.1793307086641
2818.0603185064037,1969.7188811273722,1014.0,1014.817677165357
2812.4024270778077,1966.8360414540261,1017.0,1017.45602362205
2806.9031657637765,1963.6610414540262,1020.0,1017.45602362205
2801.2452743351805,1960.77820178068,1017.0,1017.45602362205
2795.7460130211493,1957.6032017806801,1020.0,1017.45602362205
2790.0881215925533,1954.720362107334,1017.0,1017.45602362205
2784.588860278522,1951.545362107334,1020.0,1017.45602362205
2778.930968849926,1948.662522433988,1017.0,1017.45602362205
2773.431707535895,1945.487522433988,1020.0,1017.45602362205
2767.773816107299,1942.604682760642,1017.0,1017.45602362205
2762.2745547932677,1939.429682760642,1020.0,1017.45602362205
2756.6166633646717,1936.5468430872959,1017.0,1017.45602362205
2751.1174020506405,1933.371843087296,1020.0,1017.45602362205
2745.4595106220445,1930.4890034139498,1017.0,1017.45602362205
2739.9602493080133,1927.3140034139499,1020.0,1017.45602362205
2734.3023578794173,1924.4311637406038,1017.0,1017.45602362205
2728.803096565386,1921.2561637406038,1020.0,1017.45602362205
2723.14520513679,1918.3733240672577,1017.0,1017.45602362205
2717.645943822759,1915.1983240672578,1020.0,1017.45602362205
2711.988052394163,1912.3154843939117,1017.0,1017.45602362205
2706.4887910801317,1909.1404843939117,1020.0,1017.45602362205
2700.8308996515357,1906.2576447205656,1017.0,1017.45602362205
2695.3316383375045,1903.0826447205657,1020.0,1017.45602362205
2689.6737469089085,1900.1998050472196,1017.0,1017.45602362205
2684.1744855948773,1897.0248050472196,1020.0,1017.45602362205
2678.5165941662813,1894.1419653738735,1017.0,1017.45602362205
2673.01733285225,1890.9669653738736,1020.0,1017.45602362205
2667.359441423654,1888.0841257005275,1017.0,1017.45602362205
2661.860180109623,1884.9091257005275,1020.0,1017.45602362205
2656.202288681027,1882.0262860271814,1017.0,1017.45602362205
2650.7030273669957,1878.8512860271815,1020.0,1017.45602362205
2645.0451359383997,1875.9684463538354,1017.0,1017.45602362205
2639.5458746243685,1872.7934463538354,1020.0,1017.45602362205
2633.8879831957724,1869.9106066804893,1017.0,1017.45602362205
2628.3887218817413,1866.7356066804894,1020.0,1017.45602362205
2622.7308304531452,1863.8527670071433,1017.0,1017.45602362205
2617.231569139114,1860.6777670071433,1020.0,1017.45602362205
2611.573677710518,1857.7949273337972,1017.0,1017.45602362205
2606.074416396487,1854.6199273337972,1020.0,1017.45602362205
2600.416524967891,1851.7370876604512,1017.0,1017.45602362205
2594.9172636538597,1848.5620876604512,1020.0,1017.45602362205
2589.2593722252636,1845.679247987105,1017.0,1014.817677165357
2583.458358569233,1843.0964703035738,1014.0,1012.1793307086641
2577.530122860976,1840.8208338239613,1011.0,1009.5409842519712
2571.4909139825018,1838.8585759096804,1008.0,1006.9026377952782
2565.3572849855664,1837.2150749732793,1005.0,1004.2642913385853
2559.1460477209066,1835.8948357365866,1002.0,1001.6259448818923
2552.8742267581274,1834.9014768835812,999.0,998.9875984251994
2546.5590127225387,1834.2377211418316,996.0,996.3492519685065
2540.217715176847,1833.905387819689,993.0,993.7109055118135
2533.867715176847,1833.905387819689,990.0,991.0725590551206
2527.5264176311553,1834.2377211418316,987.0,988.4342125984276
2521.2112035955665,1834.9014768835812,984.0,985.7958661417347
2514.9393826327873,1835.8948357365866,981.0,983.1575196850417
2508.7281453681276,1837.2150749732793,978.0,980.5191732283488
2502.4563244053484,1838.2084338262848,981.0,980.5191732283488
2496.2450871406886,1839.5286730629775,978.0,980.5191732283488
2489.9732661779094,1840.522031915983,981.0,980.5191732283488
2483.7620289132497,1841.8422711526757,978.0,980.5191732283488
2477.4902079504704,1842.8356300056812,981.0,980.5191732283488
2471.2789706858107,1844.155869242374,978.0,980.5191732283488
2465.0071497230315,1845.1492280953794,981.0,980.5191732283488
2458.7959124583717,1846.469467332072,978.0,977.8808267716558
2452.6622834614363,1848.1129682684732,975.0,975.2424803149629
2446.623074582962,1850.075226182754,972.0,972.60413385827
2440.694838874705,1852.3508626623666,969.0,969.965787401577
2434.8938252186745,1854.9336403458979,966.0,967.3274409448841
2429.2359337900784,1857.816480019244,963.0,964.6890944881911
2423.7366724760473,1860.991480019244,960.0,962.0507480314982
2418.4111143695936,1864.4499378915893,957.0,959.4124015748052
2413.273856455313,1868.1823742436466,954.0,956.7740551181123
2407.948298348859,1871.640832115992,957.0,954.1357086614194
2402.8110404345784,1875.3732684680492,954.0,951.4973622047264
2397.8761635793267,1879.3694529512156,951.0,948.8590157480335
2393.1571939375453,1883.6184323015943,948.0,946.2206692913405
2388.667065877011,1888.1085603621289,945.0,943.5823228346476
2384.418086526632,1892.8275300039104,942.0,940.9439763779546
2380.4219020434657,1897.7624068591622,939.0,938.3056299212617
2376.6894656914087,1902.8996647734432,936.0,935.6672834645688
2373.2310078190635,1908.2252228798966,933.0,933.0289370078758
2369.4985714670065,1913.3624807941776,936.0,933.0289370078758
2366.0401135946613,1918.688038900631,933.0,933.0289370078758
2362.3076772426043,1923.825296814912,936.0,933.0289370078758
2358.849219370259,1929.1508549213654,933.0,933.0289370078758
2355.116783018202,1934.2881128356464,936.0,933.0289370078758
2351.658325145857,1939.6136709420998,933.0,933.0289370078758
2347.9258887938,1944.7509288563808,936.0,933.0289370078758
2344.4674309214547,1950.0764869628342,933.0,933.0289370078758
2340.7349945693977,1955.2137448771152,936.0,933.0289370078758
2337.2765366970525,1960.5393029835686,933.0,933.0289370078758
2333.5441003449955,1965.6765608978496,936.0,933.0289370078758
2330.0856424726503,1971.002119004303,933.0,933.0289370078758
2326.3532061205933,1976.139376918584,936.0,933.0289370078758
2322.894748248248,1981.4649350250374,933.0,933.0289370078758
2319.162311896191,1986.6021929393185,936.0,933.0289370078758
2315.703854023846,1991.9277510457719,933.0,933.0289370078758
2311.971417671789,1997.0650089600529,936.0,933.0289370078758
2308.5129597994437,2002.3905670665063,933.0,933.0289370078758
2304.7805234473867,2007.5278249807873,936.0,933.0289370078758
2301.3220655750415,2012.8533830872407,933.0,933.0289370078758
2297.5896292229845,2017.9906410015217,936.0,933.0289370078758
2294.1311713506393,2023.316199107975,933.0,933.0289370078758
2290.3987349985823,2028.453457022256,936.0,933.0289370078758
2286.940277126237,2033.7790151287095,933.0,933.0289370078758
2283.20784077418,2038.9162730429905,936.0,933.0289370078758
2279.749382901835,2044.241831149444,933.0,933.0289370078758
2276.016946549778,2049.3790890637247,936.0,933.0289370078758
2272.5584886774327,2054.7046471701783,933.0,933.0289370078758
2268.8260523253757,2059.841905084459,936.0,933.0289370078758
2265.3675944530305,2065.1674631909127,933.0,933.0289370078758
2261.6351581009735,2070.3047211051935,936.0,933.0289370078758
2258.1767002286283,2075.630279211647,933.0,933.0289370078758
2254.4442638765713,2080.767537125928,936.0,933.0289370078758
2250.985806004226,2086.0930952323815,933.0,933.0289370078758
2247.253369652169,2091.2303531466623,936.0,933.0289370078758
2243.794911779824,2096.555911253116,933.0,933.0289370078758
2240.062475427767,2101.6931691673967,936.0,933.0289370078758
2236.6040175554217,2107.0187272738503,933.0,933.0289370078758
2232.8715812033647,2112.155985188131,936.0,933.0289370078758
2229.4131233310195,2117.4815432945848,933.0,933.0289370078758
2225.6806869789625,2122.6188012088655,936.0,933.0289370078758
2222.2222291066173,2127.944359315319,933.0,933.0289370078758
2218.4897927545603,2133.0816172296,936.0,933.0289370078758
2215.031334882215,2138.4071753360536,933.0,933.0289370078758
2211.298898530158,2143.5444332503344,936.0,935.6672834645688
2207.3027140469917,2148.479310105586,939.0,938.3056299212617
2203.053734696613,2153.1982797473675,942.0,940.9439763779546
2198.5636066360785,2157.688407807902,945.0,943.5823228346476
2193.844636994297,2161.9373871582807,948.0,946.2206692913405
2188.9097601390454,2165.933571641447,951.0,948.8590157480335
2183.7725022247646,2169.666007993504,954.0,951.4973622047264
2178.446944118311,2173.1244658658493,957.0,954.1357086614194
2173.30968620403,2176.8569022179063,954.0,956.7740551181123
2167.9841280975766,2180.3153600902515,957.0,959.4124015748052
2162.4848667835454,2183.4903600902517,960.0,962.0507480314982
2156.8269753549494,2186.3731997635978,963.0,964.6890944881911
2151.0259616989188,2188.955977447129,966.0,967.3274409448841
2145.0977259906617,2191.231613926742,969.0,969.965787401577
2139.0585171121875,2193.193871841023,972.0,972.60413385827
2132.924888115252,2194.8373727774238,975.0,975.2424803149629
2126.7136508505923,2196.1576120141167,978.0,977.8808267716558
2120.441829887813,2197.150970867122,981.0,980.5191732283488
2114.1266158522244,2197.8147266088718,984.0,983.1575196850417
2107.7853183065326,2198.1470599310146,987.0,985.7958661417347
2101.4353183065327,2198.1470599310146,990.0,988.4342125984276
2095.094020760841,2197.8147266088718,993.0,991.0725590551206
2088.7788067252523,2197.150970867122,996.0,993.7109055118135
2082.506985762473,2196.1576120141167,999.0,996.3492519685065
2076.1917717268843,2195.493856272367,996.0,998.9875984251994
2069.919950764105,2194.5004974193616,999.0,1001.6259448818923
2063.7087134994454,2193.1802581826687,1002.0,1004.2642913385853
2057.57508450251,2191.536757246268,1005.0,1006.9026377952782
2051.5358756240357,2189.5744993319868,1008.0,1009.5409842519712
2045.6076399157785,2187.298862852374,1011.0,1012.1793307086641
2039.8066262597479,2184.7160851688427,1014.0,1014.817677165357
2034.1487348311518,2181.8332454954966,1017.0,1017.45602362205
2028.6494735171207,2178.6582454954964,1020.0,1020.0943700787429
2023.3239154106673,2175.199787623151,1023.0,1022.7327165354359
2018.1866574963863,2171.4673512710942,1026.0,1025.3710629921288
2013.2517806411345,2167.471166787928,1029.0,1028.0094094488218
2008.532810999353,2163.222187437549,1032.0,1030.6477559055147
2004.0426829388184,2158.7320593770146,1035.0,1033.2861023622077
1999.3237132970369,2154.483080026636,1032.0,1033.2861023622077
1994.8335852365024,2149.9929519661014,1035.0,1033.2861023622077
1990.1146155947208,2145.7439726157227,1032.0,1033.2861023622077
1985.6244875341863,2141.253844555188,1035.0,1033.2861023622077
1980.9055178924048,2137.0048652048094,1032.0,1033.2861023622077
1976.4153898318702,2132.514737144275,1035.0,1033.2861023622077
1971.6964201900887,2128.2657577938962,1032.0,1033.2861023622077
1967.2062921295542,2123.7756297333617,1035.0,1033.2861023622077
1962.4873224877726,2119.526650382983,1032.0,1033.2861023622077
1957.9971944272381,2115.0365223224485,1035.0,1033.2861023622077
1953.2782247854566,2110.78754297207,1032.0,1033.2861023622077
1948.788096724922,2106.2974149115353,1035.0,1033.2861023622077
1944.0691270831405,2102.0484355611566,1032.0,1033.2861023622077
1939.578999022606,2097.558307500622,1035.0,1033.2861023622077
1934.8600293808245,2093.3093281502433,1032.0,1033.2861023622077
1930.36990132029,2088.819200089709,1035.0,1033.2861023622077
1925.6509316785084,2084.57022073933,1032.0,1033.2861023622077
1921.160803617974,2080.0800926787956,1035.0,1033.2861023622077
1916.4418339761924,2075.831113328417,1032.0,1033.2861023622077
1911.9517059156578,2071.3409852678824,1035.0,1033.2861023622077
1907.2327362738763,2067.0920059175037,1032.0,1033.2861023622077
1902.7426082133418,2062.601877856969,1035.0,1033.2861023622077
1898.0236385715602,2058.3528985065905,1032.0,1033.2861023622077
1893.5335105110257,2053.862770446056,1035.0,1033.2861023622077
1888.8145408692442,2049.6137910956772,1032.0,1033.2861023622077
1884.3244128087097,2045.1236630351427,1035.0,1033.2861023622077
1879.6054431669281,2040.874683684764,1032.0,1033.2861023622077
1875.1153151063936,2036.3845556242295,1035.0,1033.2861023622077
1870.396345464612,2032.1355762738508,1032.0,1033.2861023622077
1865.9062174040776,2027.6454482133163,1035.0,1033.2861023622077
1861.187247762296,2023.3964688629376,1032.0,1033.2861023622077
1856.6971197017615,2018.906340802403,1035.0,1033.2861023622077
1851.97815005998,2014.6573614520244,1032.0,1033.2861023622077
1847.4880219994454,2010.1672333914898,1035.0,1033.2861023622077
1842.769052357664,2005.9182540411111,1032.0,1033.2861023622077
1838.2789242971294,2001.4281259805766,1035.0,1033.2861023622077
1833.5599546553478,1997.179146630198,1032.0,1033.2861023622077
1829.0698265948133,1992.6890185696634,1035.0,1033.2861023622077
1824.3508569530318,1988.4400392192847,1032.0,1033.2861023622077
1819.8607288924973,1983.9499111587502,1035.0,1033.2861023622077
1815.1417592507157,1979.7009318083715,1032.0,1033.2861023622077
1810.6516311901812,1975.210803747837,1035.0,1033.2861023622077
1805.9326615483997,1970.9618243974583,1032.0,1033.2861023622077
1801.4425334878651,1966.4716963369237,1035.0,1033.2861023622077
1796.7235638460836,1962.222716986545,1032.0,1033.2861023622077
1792.233435785549,1957.7325889260105,1035.0,1033.2861023622077
1787.5144661437675,1953.4836095756318,1032.0,1033.2861023622077
1783.024338083233,1948.9934815150973,1035.0,1033.2861023622077
1778.3053684414515,1944.7445021647186,1032.0,1033.2861023622077
1773.815240380917,1940.254374104184,1035.0,1033.2861023622077
1769.0962707391354,1936.0053947538054,1032.0,1033.2861023622077
1764.606142678601,1931.5152666932709,1035.0,1033.2861023622077
1759.8871730368194,1927.2662873428922,1032.0,1033.2861023622077
1755.3970449762849,1922.7761592823576,1035.0,1033.2861023622077
1750.6780753345033,1918.527179931979,1032.0,1033.2861023622077
1746.1879472739688,1914.0370518714444,1035.0,1033.2861023622077
1741.4689776321873,1909.7880725210657,1032.0,1033.2861023622077
1736.9788495716527,1905.2979444605312,1035.0,1033.2861023622077
1732.2598799298712,1901.0489651101525,1032.0,1033.2861023622077
1727.7697518693367,1896.558837049618,1035.0,1033.2861023622077
1723.0507822275551,1892.3098576992393,1032.0,1033.2861023622077
1718.5606541670206,1887.8197296387048,1035.0,1033.2861023622077
1713.841684525239,1883.570750288326,1032.0,1033.2861023622077
1708.9068076699873,1879.5745658051596,1029.0,1030.6477559055147
1703.7695497557063,1875.8421294531024,1026.0,1028.0094094488218
1698.443991649253,1872.383671580757,1023.0,1025.3710629921288
1692.9447303352217,1869.208671580757,1020.0,1022.7327165354359
1687.6191722287683,1865.7502137084116,1023.0,1020.0943700787429
1682.1199109147371,1862.5752137084116,1020.0,1017.45602362205
1676.4620194861411,1859.6923740350655,1017.0,1014.817677165357
1670.6610058301105,1857.1095963515343,1014.0,1012.1793307086641
1664.7327701218533,1854.8339598719217,1011.0,1009.5409842519712
1658.693561243379,1852.8717019576409,1008.0,1006.9026377952782
1652.5599322464434,1851.2282010212398,1005.0,1004.2642913385853
1646.3486949817836,1849.907961784547,1002.0,1001.6259448818923
1640.0768740190044,1848.9146029315416,999.0,998.9875984251994
1633.761659983416,1848.250847189792,996.0,996.3492519685065
1627.4203624377244,1847.9185138676494,993.0,993.7109055118135
1621.0703624377245,1847.9185138676494,990.0,991.0725590551206
1614.729064892033,1848.250847189792,987.0,988.4342125984276
1608.4138508564445,1848.9146029315416,984.0,985.7958661417347
1602.1420298936653,1849.907961784547,981.0,983.1575196850417
1595.9307926290055,1851.2282010212398,978.0,980.5191732283488
1589.79716363207,1852.8717019576409,975.0,977.8808267716558
1583.5859263674101,1854.1919411943336,978.0,975.2424803149629
1577.4522973704745,1855.8354421307347,975.0,972.60413385827
1571.4130884920003,1857.7977000450155,972.0,969.965787401577
1565.484852783743,1860.073336524628,969.0,967.3274409448841
1559.6838391277124,1862.6561142081594,966.0,964.6890944881911
1554.0259476991164,1865.5389538815054,963.0,962.0507480314982
1548.5266863850852,1868.7139538815054,960.0,959.4124015748052
1543.2011282786318,1872.1724117538508,957.0,956.7740551181123
1538.0638703643508,1875.904848105908,954.0,954.1357086614194
1533.128993509099,1879.9010325890745,951.0,951.4973622047264
1528.4100238673175,1884.1500119394532,948.0,948.8590157480335
1523.919895806783,1888.6401399999877,945.0,946.2206692913405
1519.6709164564043,1893.3591096417692,942.0,943.5823228346476
1515.6747319732378,1898.293986497021,939.0,940.9439763779546
1511.9422956211806,1903.431244411302,936.0,938.3056299212617
1508.4838377488352,1908.7568025177554,933.0,935.6672834645688
1504.751401396778,1913.8940604320364,936.0,933.0289370078758
1501.2929435244325,1919.2196185384898,933.0,930.3905905511829
1498.1179435244326,1924.718879852521,930.0,927.7522440944899
1495.2351038510865,1930.376771281117,927.0,925.113897637797
1492.6523261675552,1936.1777849371476,924.0,922.475551181104
1490.3766896879426,1942.106020645405,921.0,919.8372047244111
1488.4144317736618,1948.1452295238792,918.0,919.8372047244111
1486.1387952940493,1954.0734652321364,921.0,919.8372047244111
1484.1765373797684,1960.1126741106107,918.0,919.8372047244111
1481.9009009001559,1966.040909818868,921.0,919.8372047244111
1479.938642985875,1972.0801186973422,918.0,919.8372047244111
1477.6630065062625,1978.0083544055994,921.0,919.8372047244111
1475.7007485919817,1984.0475632840737,918.0,919.8372047244111
1473.425112112369,1989.975798992331,921.0,919.8372047244111
1471.4628541980883,1996.0150078708052,918.0,919.8372047244111
1469.1872177184757,2001.9432435790625,921.0,919.8372047244111
1466.6044400349444,2007.744257235093,924.0,922.475551181104
1463.7216003615983,2013.402148663689,927.0,925.113897637797
1460.5466003615984,2018.9014099777203,930.0,927.7522440944899
1457.088142489253,2024.2269680841737,933.0,930.3905905511829
1453.3557061371957,2029.3642259984547,936.0,933.0289370078758
1449.8972482648503,2034.689784104908,933.0,935.6672834645688
1446.164811912793,2039.827042019189,936.0,935.6672834645688
1442.7063540404476,2045.1526001256425,933.0,935.6672834645688
1438.9739176883904,2050.2898580399233,936.0,935.6672834645688
1435.515459816045,2055.615416146377,933.0,935.6672834645688
1431.7830234639878,2060.7526740606577,936.0,935.6672834645688
1428.3245655916423,2066.0782321671113,933.0,935.6672834645688
1424.5921292395851,2071.215490081392,936.0,935.6672834645688
1421.1336713672397,2076.5410481878457,933.0,935.6672834645688
1417.4012350151825,2081.6783061021265,936.0,935.6672834645688
1413.942777142837,2087.00386420858,933.0,935.6672834645688
1410.2103407907798,2092.141122122861,936.0,935.6672834645688
1406.7518829184344,2097.4666802293145,933.0,935.6672834645688
1403.0194465663772,2102.6039381435953,936.0,935.6672834645688
1399.5609886940317,2107.929496250049,933.0,935.6672834645688
1395.8285523419745,2113.0667541643297,936.0,935.6672834645688
1392.370094469629,2118.3923122707833,933.0,935.6672834645688
1388.6376581175718,2123.529570185064,936.0,935.6672834645688
1385.1792002452264,2128.8551282915178,933.0,935.6672834645688
1381.4467638931692,2133.9923862057985,936.0,935.6672834645688
1377.9883060208238,2139.317944312252,933.0,935.6672834645688
1374.2558696687665,2144.455202226533,936.0,935.6672834645688
1370.797411796421,2149.7807603329866,933.0,935.6672834645688
1367.0649754443639,2154.9180182472674,936.0,935.6672834645688
1363.6065175720184,2160.243576353721,933.0,935.6672834645688
1359.8740812199612,2165.3808342680018,936.0,935.6672834645688
1356.4156233476158,2170.7063923744554,933.0,935.6672834645688
1352.6831869955586,2175.843650288736,936.0,938.3056299212617
1348.6870025123922,2180.778527143988,939.0,940.9439763779546
1344.4380231620135,2185.4974967857693,942.0,943.5823228346476
1339.947895101479,2189.987624846304,945.0,946.2206692913405
1335.2289254596974,2194.2366041966825,948.0,948.8590157480335
1330.2940486044456,2198.232788679849,951.0,951.4973622047264
1325.1567906901646,2201.965225031906,954.0,954.1357086614194
1319.8312325837112,2205.423682904251,957.0,956.7740551181123
1314.6939746694302,2209.156119256308,954.0,956.7740551181123
1309.3684165629768,2212.6145771286533,957.0,956.7740551181123
1304.2311586486958,2216.3470134807103,954.0,956.7740551181123
1298.9056005422424,2219.8054713530555,957.0,956.7740551181123
1293.7683426279614,2223.5379077051125,954.0,956.7740551181123
1288.442784521508,2226.9963655774577,957.0,956.7740551181123
1283.305526607227,2230.7288019295147,954.0,956.7740551181123
1277.9799685007736,2234.18725980186,957.0,956.7740551181123
1272.4807071867424,2237.36225980186,960.0,959.4124015748052
1266.8228157581464,2240.245099475206,963.0,962.0507480314982
1261.0218021021158,2242.8278771587375,966.0,964.6890944881911
1255.0935663938585,2245.1035136383503,969.0,967.3274409448841
1249.0543575153843,2247.0657715526313,972.0,969.965787401577
1242.9207285184486,2248.709272489032,975.0,972.60413385827
1236.7094912537889,2250.029511725725,978.0,975.2424803149629
1230.5758622568533,2251.673012662126,975.0,977.8808267716558
1224.3646249921935,2252.993251898819,978.0,977.8808267716558
1218.230995995258,2254.63675283522,975.0,977.8808267716558
1212.0197587305981,2255.9569920719127,978.0,977.8808267716558
1205.8861297336625,2257.6004930083136,975.0,977.8808267716558
1199.6748924690028,2258.9207322450065,978.0,977.8808267716558
1193.5412634720672,2260.5642331814074,975.0,977.8808267716558
1187.3300262074074,2261.8844724181004,978.0,977.8808267716558
1181.1963972104718,2263.5279733545012,975.0,977.8808267716558
1174.985159945812,2264.848212591194,978.0,980.5191732283488
1168.7133389830328,2265.8415714441994,981.0,983.1575196850417
1162.3981249474443,2266.505327185949,984.0,985.7958661417347
1156.0568274017528,2266.837660508092,987.0,988.4342125984276
1149.706827401753,2266.837660508092,990.0,988.4342125984276
1143.3655298560614,2267.169993830235,987.0,988.4342125984276
1137.0155298560614,2267.169993830235,990.0,988.4342125984276
1130.67423231037,2267.502327152378,987.0,988.4342125984276
1124.32423231037,2267.502327152378,990.0,988.4342125984276
1117.9829347646785,2267.8346604745207,987.0,988.4342125984276
1111.6329347646786,2267.8346604745207,990.0,988.4342125984276
1105.291637218987,2268.1669937966635,987.0,988.4342125984276
1098.9416372189871,2268.1669937966635,990.0,988.4342125984276
1092.6003396732956,2268.4993271188064,987.0,988.4342125984276
1086.2503396732957,2268.4993271188064,990.0,988.4342125984276
1079.9090421276042,2268.8316604409492,987.0,988.4342125984276
1073.5590421276042,2268.8316604409492,990.0,988.4342125984276
1067.2177445819127,2269.163993763092,987.0,988.4342125984276
1060.8677445819128,2269.163993763092,990.0,988.4342125984276
1054.5264470362213,2269.496327085235,987.0,988.4342125984276
1048.1764470362214,2269.496327085235,990.0,988.4342125984276
1041.8351494905298,2269.163993763092,993.0,991.0725590551206
1035.5199354549413,2268.5002380213423,996.0,993.7109055118135
1029.2481144921621,2267.506879168337,999.0,996.3492519685065
1022.9329004565736,2266.843123426587,996.0,998.9875984251994
1016.6610794937945,2265.849764573582,999.0,1001.6259448818923
1010.4498422291349,2264.529525336889,1002.0,1004.2642913385853
1004.3162132321993,2262.886024400488,1005.0,1006.9026377952782
998.277004353725,2260.923766486207,1008.0,1009.5409842519712
992.3487686454678,2258.6481300065943,1011.0,1012.1793307086641
986.5477549894373,2256.065352323063,1014.0,1014.817677165357
980.8898635608411,2253.182512649717,1017.0,1017.45602362205
975.39060224681,2250.007512649717,1020.0,1020.0943700787429
970.0650441403566,2246.5490547773716,1023.0,1022.7327165354359
964.9277862260757,2242.8166184253146,1026.0,1025.3710629921288
959.9929093708239,2238.820433942148,1029.0,1028.0094094488218
955.2739397290425,2234.5714545917695,1032.0,1030.6477559055147
950.7838116685078,2230.081326531235,1035.0,1033.2861023622077
946.5348323181291,2225.3623568894536,1038.0,1035.9244488189006
942.0447042575945,2220.872228828919,1035.0,1035.9244488189006
937.7957249072158,2216.153259187138,1038.0,1035.9244488189006
933.3055968466812,2211.6631311266033,1035.0,1035.9244488189006
929.0566174963025,2206.944161484822,1038.0,1035.9244488189006
924.5664894357678,2202.4540334242874,1035.0,1035.9244488189006
920.3175100853891,2197.735063782506,1038.0,1035.9244488189006
915.8273820248545,2193.2449357219716,1035.0,1035.9244488189006
911.5784026744758,2188.5259660801903,1038.0,1035.9244488189006
907.0882746139412,2184.035838019656,1035.0,1035.9244488189006
902.8392952635625,2179.3168683778745,1038.0,1035.9244488189006
898.843110780396,2174.3819915226227,1041.0,1038.5627952755935
895.1106744283388,2169.244733608342,1044.0,1041.2011417322865
891.1144899451724,2164.30985675309,1041.0,1043.8394881889794
887.3820535931152,2159.1725988388093,1044.0,1046.4778346456724
883.9235957207698,2153.8470407323557,1047.0,1049.1161811023653
880.7485957207698,2148.3477794183245,1050.0,1051.7545275590583
877.8657560474237,2142.6898879897285,1053.0,1054.3928740157512
875.2829783638924,2136.888874333698,1056.0,1057.0312204724441
873.0073418842798,2130.960638625441,1059.0,1057.0312204724441
870.4245642007485,2125.1596249694103,1056.0,1057.0312204724441
868.1489277211358,2119.2313892611533,1059.0,1057.0312204724441
865.5661500376045,2113.4303756051227,1056.0,1057.0312204724441
863.2905135579919,2107.5021398968656,1059.0,1057.0312204724441
860.7077358744606,2101.701126240835,1056.0,1057.0312204724441
858.4320993948479,2095.772890532578,1059.0,1057.0312204724441
855.8493217113166,2089.9718768765474,1056.0,1057.0312204724441
853.573685231704,2084.0436411682904,1059.0,1059.669566929137
851.611427317423,2078.004432289816,1062.0,1062.30791338583
849.967926381022,2071.8708032928807,1065.0,1064.946259842523
848.6476871443292,2065.659566028221,1068.0,1067.584606299216
847.6543282913237,2059.387745065442,1071.0,1070.2229527559089
846.9905725495742,2053.072531029853,1074.0,1072.8612992126018
846.6582392274314,2046.7312334841615,1077.0,1075.4996456692948
846.6582392274314,2040.3812334841616,1080.0,1078.1379921259877
846.9905725495742,2034.03993593847,1083.0,1080.7763385826806
846.9905725495742,2027.6899359384702,1080.0,1080.7763385826806
847.3229058717169,2021.3486383927786,1083.0,1080.7763385826806
847.3229058717169,2014.9986383927787,1080.0,1080.7763385826806
847.6552391938596,2008.6573408470872,1083.0,1080.7763385826806
847.6552391938596,2002.3073408470873,1080.0,1080.7763385826806
847.9875725160024,1995.9660433013958,1083.0,1080.7763385826806
847.9875725160024,1989.6160433013958,1080.0,1080.7763385826806
848.3199058381451,1983.2747457557043,1083.0,1080.7763385826806
848.3199058381451,1976.9247457557044,1080.0,1080.7763385826806
848.6522391602879,1970.5834482100129,1083.0,1080.7763385826806
848.6522391602879,1964.233448210013,1080.0,1080.7763385826806
848.9845724824306,1957.8921506643214,1083.0,1080.7763385826806
848.9845724824306,1951.5421506643215,1080.0,1080.7763385826806
849.3169058045734,1945.20085311863,1083.0,1080.7763385826806
849.3169058045734,1938.85085311863,1080.0,1080.7763385826806
849.6492391267161,1932.5095555729386,1083.0,1080.7763385826806
849.6492391267161,1926.1595555729386,1080.0,1080.7763385826806
849.9815724488589,1919.818258027247,1083.0,1080.7763385826806
849.9815724488589,1913.4682580272472,1080.0,1080.7763385826806
850.3139057710016,1907.1269604815557,1083.0,1080.7763385826806
850.3139057710016,1900.7769604815558,1080.0,1080.7763385826806
850.6462390931443,1894.4356629358642,1083.0,1080.7763385826806
850.6462390931443,1888.0856629358643,1080.0,1080.7763385826806
850.9785724152871,1881.7443653901728,1083.0,1080.7763385826806
850.9785724152871,1875.3943653901729,1080.0,1080.7763385826806
851.3109057374298,1869.0530678444813,1083.0,1080.7763385826806
851.3109057374298,1862.7030678444814,1080.0,1080.7763385826806
851.6432390595726,1856.36177029879,1083.0,1080.7763385826806
851.6432390595726,1850.01177029879,1080.0,1080.7763385826806
851.9755723817153,1843.6704727530985,1083.0,1080.7763385826806
851.9755723817153,1837.3204727530986,1080.0,1080.7763385826806
852.3079057038581,1830.979175207407,1083.0,1080.7763385826806
852.3079057038581,1824.6291752074071,1080.0,1080.7763385826806
852.6402390260008,1818.2878776617156,1083.0,1080.7763385826806
852.6402390260008,1811.9378776617157,1080.0,1080.7763385826806
852.9725723481436,1805.5965801160241,1083.0,1080.7763385826806
852.9725723481436,1799.2465801160242,1080.0,1080.7763385826806
853.3049056702863,1792.9052825703327,1083.0,1080.7763385826806
853.3049056702863,1786.5552825703328,1080.0,1080.7763385826806
853.637238992429,1780.2139850246413,1083.0,1080.7763385826806
853.637238992429,1773.8639850246414,1080.0,1080.7763385826806
853.9695723145718,1767.5226874789498,1083.0,1080.7763385826806
853.9695723145718,1761.17268747895,1080.0,1080.7763385826806
854.3019056367145,1754.8313899332584,1083.0,1080.7763385826806
854.3019056367145,1748.4813899332585,1080.0,1080.7763385826806
854.6342389588573,1742.140092387567,1083.0,1080.7763385826806
854.6342389588573,1735.790092387567,1080.0,1080.7763385826806
854.966572281,1729.4487948418755,1083.0,1080.7763385826806
854.966572281,1723.0987948418756,1080.0,1080.7763385826806
855.2989056031428,1716.757497296184,1083.0,1080.7763385826806
855.2989056031428,1710.4074972961841,1080.0,1080.7763385826806
855.6312389252855,1704.0661997504926,1083.0,1080.7763385826806
855.6312389252855,1697.7161997504927,1080.0,1080.7763385826806
855.9635722474283,1691.3749022048012,1083.0,1080.7763385826806
855.9635722474283,1685.0249022048013,1080.0,1080.7763385826806
856.295905569571,1678.6836046591097,1083.0,1080.7763385826806
856.295905569571,1672.3336046591098,1080.0,1080.7763385826806
856.6282388917137,1665.9923071134183,1083.0,1080.7763385826806
856.6282388917137,1659.6423071134184,1080.0,1080.7763385826806
856.9605722138565,1653.3010095677269,1083.0,1080.7763385826806
856.9605722138565,1646.951009567727,1080.0,1080.7763385826806
857.2929055359992,1640.6097120220354,1083.0,1080.7763385826806
857.2929055359992,1634.2597120220355,1080.0,1080.7763385826806
857.625238858142,1627.918414476344,1083.0,1080.7763385826806
857.625238858142,1621.568414476344,1080.0,1080.7763385826806
857.9575721802847,1615.2271169306525,1083.0,1080.7763385826806
857.9575721802847,1608.8771169306526,1080.0,1080.7763385826806
858.2899055024275,1602.535819384961,1083.0,1080.7763385826806
858.2899055024275,1596.1858193849612,1080.0,1080.7763385826806
858.6222388245702,1589.8445218392696,1083.0,1080.7763385826806
858.6222388245702,1583.4945218392697,1080.0,1080.7763385826806
858.954572146713,1577.1532242935782,1083.0,1080.7763385826806
858.954572146713,1570.8032242935783,1080.0,1080.7763385826806
859.2869054688557,1564.4619267478868,1083.0,1080.7763385826806
859.2869054688557,1558.1119267478869,1080.0,1080.7763385826806
859.6192387909985,1551.7706292021953,1083.0,1080.7763385826806
859.6192387909985,1545.4206292021954,1080.0,1080.7763385826806
859.9515721131412,1539.0793316565039,1083.0,1080.7763385826806
859.9515721131412,1532.729331656504,1080.0,1080.7763385826806
860.2839054352839,1526.3880341108124,1083.0,1080.7763385826806
860.2839054352839,1520.0380341108125,1080.0,1080.7763385826806
860.6162387574267,1513.696736565121,1083.0,1080.7763385826806
860.6162387574267,1507.346736565121,1080.0,1080.7763385826806
860.9485720795694,1501.0054390194296,1083.0,1080.7763385826806
860.9485720795694,1494.6554390194297,1080.0,1080.7763385826806
861.2809054017122,1488.3141414737381,1083.0,1080.7763385826806
861.2809054017122,1481.9641414737382,1080.0,1080.7763385826806
861.6132387238549,1475.6228439280467,1083.0,1080.7763385826806
861.6132387238549,1469.2728439280468,1080.0,1080.7763385826806
861.9455720459977,1462.9315463823552,1083.0,1080.7763385826806
861.9455720459977,1456.5815463823553,1080.0,1080.7763385826806
862.2779053681404,1450.2402488366638,1083.0,1080.7763385826806
862.2779053681404,1443.890248836664,1080.0,1080.7763385826806
862.6102386902832,1437.5489512909724,1083.0,1080.7763385826806
862.6102386902832,1431.1989512909724,1080.0,1080.7763385826806
862.9425720124259,1424.857653745281,1083.0,1080.7763385826806
862.9425720124259,1418.507653745281,1080.0,1080.7763385826806
863.2749053345686,1412.1663561995895,1083.0,1080.7763385826806
863.2749053345686,1405.8163561995896,1080.0,1080.7763385826806
863.6072386567114,1399.475058653898,1083.0,1080.7763385826806
863.6072386567114,1393.1250586538981,1080.0,1080.7763385826806
863.9395719788541,1386.7837611082066,1083.0,1080.7763385826806
863.9395719788541,1380.4337611082067,1080.0,1080.7763385826806
864.2719053009969,1374.0924635625151,1083.0,1080.7763385826806
864.2719053009969,1367.7424635625152,1080.0,1080.7763385826806
864.6042386231396,1361.4011660168237,1083.0,1080.7763385826806
864.6042386231396,1355.0511660168238,1080.0,1080.7763385826806
864.9365719452824,1348.7098684711323,1083.0,1080.7763385826806
864.9365719452824,1342.3598684711324,1080.0,1080.7763385826806
865.2689052674251,1336.0185709254408,1083.0,1080.7763385826806
865.2689052674251,1329.668570925441,1080.0,1080.7763385826806
865.6012385895679,1323.3272733797494,1083.0,1080.7763385826806
865.6012385895679,1316.9772733797495,1080.0,1080.7763385826806
865.9335719117106,1310.635975834058,1083.0,1080.7763385826806
865.9335719117106,1304.285975834058,1080.0,1080.7763385826806
866.2659052338533,1297.9446782883665,1083.0,1080.7763385826806
866.2659052338533,1291.5946782883666,1080.0,1080.7763385826806
866.5982385559961,1285.253380742675,1083.0,1080.7763385826806
866.5982385559961,1278.9033807426752,1080.0,1080.7763385826806
866.9305718781388,1272.5620831969836,1083.0,1080.7763385826806
866.9305718781388,1266.2120831969837,1080.0,1080.7763385826806
867.2629052002816,1259.8707856512922,1083.0,1080.7763385826806
867.2629052002816,1253.5207856512923,1080.0,1080.7763385826806
867.5952385224243,1247.1794881056007,1083.0,1080.7763385826806
867.5952385224243,1240.8294881056008,1080.0,1080.7763385826806
867.9275718445671,1234.4881905599093,1083.0,1080.7763385826806
867.9275718445671,1228.1381905599094,1080.0,1080.7763385826806
868.2599051667098,1221.7968930142179,1083.0,1080.7763385826806
