1836.0,1264.0,273.0,270
1835.78,1264.0,270.0,270
1835.3406030047079,1263.9769721792532,273.0,270
1834.6806030047078,1263.9769721792532,270.0,270
1833.8018090141238,1263.9309165377595,273.0,270
1832.701809014124,1263.9309165377595,270.0,270
1831.3836180282478,1263.8618330755187,273.0,270
1829.8436180282479,1263.8618330755187,270.0,270
1828.4055914982014,1263.7864692985288,273.0,270
1827.0655914982015,1263.7864692985288,270.0,270
1825.8272908751057,1263.7215727127875,273.0,270
1824.6872908751056,1263.7215727127875,270.0,270
1823.648716158961,1263.6671433182948,273.0,270
1822.708716158961,1263.6671433182948,270.0,270
1821.5503058986455,1263.606433609053,273.0,270
1820.1703058986454,1263.606433609053,270.0,270
1818.5724986430382,1263.5226960790644,273.0,270
1816.7524986430383,1263.5226960790644,270.0,270
1814.715294392139,1263.4159307283287,273.0,270
1812.455294392139,1263.4159307283287,270.0,270
1809.9786931459475,1263.2861375568461,273.0,270
1807.2786931459475,1263.2861375568461,270.0,270
1804.3626949044642,1263.1333165646167,273.0,270
1801.222694904464,1263.1333165646167,270.0,270
1797.8672996676887,1262.9574677516405,273.0,270
1794.2872996676888,1262.9574677516405,270.0,270
1790.4925074356213,1262.7585911179174,273.0,270
1786.4725074356213,1262.7585911179174,270.0,270
1782.238318208262,1262.5366866634472,273.0,270
1777.778318208262,1262.5366866634472,270.0,270
1773.1047319856104,1262.2917543882302,273.0,270
1768.2047319856104,1262.2917543882302,270.0,270
1763.091748767667,1262.0237942922663,273.0,270
1757.751748767667,1262.0237942922663,270.0,270
1752.1993685544317,1261.7328063755556,273.0,270
1746.4193685544317,1261.7328063755556,270.0,270
1740.4275913459041,1261.418790638098,273.0,270
1734.2075913459041,1261.418790638098,270.0,270
1727.8662938002126,1261.0864573159554,273.0,272.58614173228347
1721.551079764624,1260.4227015742058,276.0,275.22448818897635
1715.279258801845,1259.4293427212003,279.0,277.86283464566924
1709.0680215371851,1258.1091034845076,282.0,280.5011811023621
1702.9343925402495,1256.4656025481065,285.0,283.139527559055
1696.8951836617753,1254.5033446338257,288.0,285.7778740157479
1690.966947953518,1252.2277081542131,291.0,288.4162204724408
1685.1659342974874,1249.6449304706819,294.0,291.05456692913367
1679.2376985892301,1247.3692939910693,291.0,293.69291338582656
1673.4366849331996,1244.786516307538,294.0,296.33125984251944
1667.7787935046035,1241.903676634192,297.0,296.33125984251944
1661.977779848573,1239.3208989506606,294.0,296.33125984251944
1656.4089890723956,1236.4834583272884,297.0,296.33125984251944
1650.7906845078935,1233.9820279723722,294.0,296.33125984251944
1645.400095036554,1231.235385448948,297.0,296.33125984251944
1639.9644995635804,1228.815302422647,294.0,296.33125984251944
1634.7521113970784,1226.1594579991706,297.0,296.33125984251944
1629.4992250156333,1223.8207223014847,294.0,296.33125984251944
1624.465038153969,1221.2556759779563,297.0,296.33125984251944
1619.3948608640526,1218.9982876088857,294.0,296.33125984251944
1614.538875307226,1216.524039385305,297.0,296.33125984251944
1609.3590725623924,1214.2178426190653,294.0,296.33125984251944
1604.1110441349228,1211.5438385755995,297.0,296.33125984251944
1598.5292813887265,1209.0586776864063,294.0,296.33125984251944
1592.8892100906141,1206.184917823055,297.0,296.33125984251944
1587.0881964345836,1203.6021401395237,294.0,296.33125984251944
1581.4303050059875,1200.7193004661776,297.0,296.33125984251944
1575.629291349957,1198.1365227826464,294.0,296.33125984251944
1569.971399921361,1195.2536831093003,297.0,296.33125984251944
1564.1703862653303,1192.670905425769,294.0,296.33125984251944
1558.5124948367343,1189.7880657524229,297.0,296.33125984251944
1552.7114811807037,1187.2052880688916,294.0,296.33125984251944
1547.0535897521077,1184.3224483955455,297.0,296.33125984251944
1541.252576096077,1181.7396707120142,294.0,296.33125984251944
1535.594684667481,1178.8568310386681,297.0,296.33125984251944
1529.7936710114504,1176.2740533551369,294.0,296.33125984251944
1524.1357795828544,1173.3912136817908,297.0,296.33125984251944
1518.426120472588,1170.8491096625671,294.0,293.8214173228344
1512.6846008496302,1168.6451467728634,291.0,291.35173228346434
1506.9307089260446,1166.775593956895,288.0,288.9222047244092
1501.1834502596246,1165.235620638535,285.0,286.532834645669
1495.4612867953317,1164.019337247251,282.0,284.18362204724383
1489.7820788369097,1163.1198390732698,279.0,281.8745669291336
1484.2555448927637,1161.9451380201494,282.0,279.60566929133836
1478.7738746024606,1161.076926739176,279.0,277.376929133858
1473.3537302727036,1160.5072466143674,276.0,275.18834645669267
1468.0110622617667,1160.2272492484676,273.0,273.0399212598423
1462.7610622617667,1160.2272492484676,270.0,270.9316535433069
1457.6181201577806,1160.4967794231188,267.0,268.8635433070864
1452.5957845861708,1161.0246481626205,264.0,266.83559055118087
1447.6525683891357,1161.283711146023,267.0,264.84779527559033
1442.8291371965995,1161.7906741928712,264.0,262.90015748031476
1438.1376175787725,1162.5337379018122,261.0,260.9926771653541
1433.5892312353603,1163.5005272641147,258.0,259.12535433070843
1429.1942687257451,1164.6781539193312,255.0,257.29818897637773
1424.8415119024796,1165.6033609434703,258.0,255.51118110236197
1420.6397345581222,1166.7292237896663,255.0,253.7643307086612
1416.5977443638678,1168.0425460157599,252.0,252.05763779527535
1412.7233855939044,1169.5297730063728,249.0,250.3911023622045
1409.0235264904518,1171.17705641083,246.0,248.76472440944858
1405.335883805788,1172.5926098115337,249.0,247.17850393700763
1401.8187337938639,1174.1585458873756,246.0,245.63244094488164
1398.4774593281575,1175.8610102613989,243.0,244.12653543307061
1395.3164666043442,1177.686010261399,240.0,242.66078740157454
1392.1533934434756,1179.2976765354742,243.0,241.23519685039344
1389.1656058004194,1181.0226765354741,240.0,239.84976377952728
1386.3560593978023,1182.8472173027744,237.0,238.5044881889761
1383.5414768355029,1184.4722173027744,240.0,237.19937007873986
1380.8996645464747,1186.1878302630719,237.0,235.9344094488186
1378.4321627136312,1187.980575282564,234.0,234.70960629921228
1375.890895419667,1190.0384529612968,231.0,233.39645669291306
1373.0674261092984,1192.0898234917975,234.0,231.99496062992094
1370.184214592293,1194.4246021425924,231.0,230.50511811023588
1367.2636554281669,1197.0542854255827,228.0,228.92692913385793
1364.3291622862428,1199.9887785675069,225.0,227.26039370078706
1361.0816193989065,1202.9128793172952,228.0,225.50551181102327
1357.8359992732603,1206.1584994429413,225.0,225.50551181102327
1354.2614726627141,1209.3770176595274,228.0,225.50551181102327
1350.7047255533457,1212.9337647688958,225.0,227.5254330708658
1346.8032152195894,1216.4467004522799,228.0,229.63370078740124
1342.5522268104198,1219.8890829913225,231.0,231.83031496062958
1337.9489201124263,1223.2335810768668,234.0,234.11527559055085
1332.992377055869,1226.4523977738056,237.0,236.48858267716503
1327.6836413306703,1229.5173977738057,240.0,238.9502362204721
1322.0257499020743,1232.4002374471518,243.0,241.50023622047212
1316.2247362460437,1234.983015130683,246.0,244.13858267716503
1310.2965005377864,1237.2586516102956,249.0,246.77692913385795
1304.2572916593122,1239.2209095245764,252.0,249.41527559055086
1298.1236626623765,1240.8644104609775,255.0,252.05362204724378
1292.0844537839023,1242.8266683752584,252.0,254.6919685039367
1285.9508247869667,1244.4701693116594,255.0,257.3303149606296
1279.739587522307,1245.7904085483522,258.0,259.9686614173225
1273.5665353935874,1246.7681239548535,261.0,262.47850393700753
1267.4502257370725,1247.4109740039496,264.0,264.9481889763776
1261.4085170518074,1247.7276065392193,267.0,267.37771653543274
1255.4585170518073,1247.7276065392193,270.0,269.7670866141729
1249.616534273493,1247.4214411951982,273.0,272.1162992125981
1243.8980333751254,1246.8204025314092,276.0,274.42535433070833
1238.3175942507628,1245.936547803932,279.0,276.6942519685036
1232.797997731469,1245.3564148327964,276.0,278.9229921259839
1227.4150962752256,1244.5038469983272,279.0,281.11157480314927
1222.1820066112996,1243.3915194524523,282.0,283.25999999999965
1217.110896023282,1242.032719465664,285.0,285.36826771653506
1212.212954964362,1240.4412819446331,288.0,287.43637795275555
1207.4983738105511,1238.6315237994295,291.0,289.46433070866107
1202.9763237952202,1236.6181774162044,294.0,291.4521259842516
1198.4484587267089,1234.8800928609096,291.0,293.3997637795272
1194.1091178029064,1232.9480938062995,294.0,295.3072440944878
1189.9659374654304,1230.8370379825105,297.0,297.1745669291335
1186.0255218782113,1228.5620379825104,300.0,299.0017322834642
1182.2934378508542,1226.1383942766936,303.0,300.78874015747994
1178.5262273443918,1223.9633942766936,300.0,302.53559055118075
1174.9618774306239,1221.6486783778798,303.0,304.2422834645666
1171.6044569039677,1219.209369580866,306.0,305.90881889763745
1168.457015760067,1216.660621997114,309.0,307.53519685039333
1165.5215936994312,1214.0175561019967,312.0,309.1214173228343
1162.5295817478218,1211.5946725964548,309.0,310.6674803149603
1159.7427886522817,1209.085432822609,312.0,312.1733858267713
1157.1618489009506,1206.504493071278,315.0,313.63913385826737
1154.5723134543418,1203.6285225966803,318.0,315.19322834645635
1151.6802467192888,1200.7364558616273,315.0,316.83566929133826
1148.7962938058822,1197.5335016638196,318.0,318.56645669291305
1145.9454724344264,1194.0130304584195,321.0,320.38559055118077
1143.153492486037,1190.1701997351386,324.0,322.2930708661414
1140.4466364820123,1186.00200701245,327.0,324.28889763779495
1137.3960310226144,1181.8032088116438,324.0,326.3730708661414
1134.449533843183,1177.2660010390591,327.0,328.5455905511808
1131.634533843183,1172.3902780157528,330.0,330.80645669291306
1128.9786894197066,1167.1778898492507,333.0,333.15566929133826
1126.5097979962366,1161.6326689213602,336.0,335.5932283464564
1124.2556635935966,1155.7604480386929,339.0,338.1191338582674
1122.2934056793158,1149.7212391602186,342.0,340.7333858267713
1120.6499047429147,1143.587610163283,345.0,343.3717322834642
1119.329665506222,1137.3763728986232,348.0,346.0100787401571
1118.3363066532165,1131.104551935844,351.0,348.64842519685
1117.672550911467,1124.7893379002555,354.0,351.28677165354287
1116.6791920584615,1118.5175169374763,351.0,353.92511811023576
1116.0154363167119,1112.2023029018878,354.0,356.56346456692864
1115.6831029945693,1105.8610053561963,357.0,359.20181102362153
1115.6831029945693,1099.5110053561964,360.0,361.8401574803144
1116.0154363167119,1093.1697078105049,363.0,364.4785039370073
1116.6791920584615,1086.8544937749164,366.0,367.1168503937002
1117.672550911467,1080.5826728121372,369.0,367.1168503937002
1118.3363066532165,1074.2674587765487,366.0,367.1168503937002
1119.329665506222,1067.9956378137695,369.0,367.1168503937002
1119.9934212479716,1061.680423778181,366.0,367.1168503937002
1120.986780100977,1055.4086028154018,369.0,367.1168503937002
1121.6505358427266,1049.0933887798133,366.0,367.1168503937002
1122.6438946957321,1042.821567817034,369.0,367.1168503937002
1123.3076504374817,1036.5063537814456,366.0,367.1168503937002
1124.3010092904872,1030.2345328186664,369.0,367.1168503937002
1124.9647650322368,1023.9193187830779,366.0,367.1168503937002
1125.9581238852422,1017.6474978202988,369.0,367.1168503937002
1126.6218796269918,1011.3322837847103,366.0,367.1168503937002
1127.6152384799973,1005.0604628219312,369.0,367.1168503937002
1128.2789942217469,998.7452487863427,366.0,367.1168503937002
1129.2723530747523,992.4734278235636,369.0,367.1168503937002
1129.936108816502,986.1582137879751,366.0,367.1168503937002
1130.9294676695074,979.886392825196,369.0,367.1168503937002
1131.593223411257,973.5711787896075,366.0,367.1168503937002
1132.5709388177584,967.3981266608879,369.0,367.1168503937002
1133.2137888668544,961.281817004373,366.0,367.1168503937002
1134.1602173803478,955.3063025437724,369.0,367.1168503937002
1134.7821617367904,949.3888972663311,366.0,367.1168503937002
1135.6973033572758,943.6109204738495,369.0,367.1168503937002
1136.2983420210649,937.892419575482,366.0,367.1168503937002
1137.182196748542,932.3119804511194,369.0,367.1168503937002
1138.3361066325806,926.8832612670468,372.0,369.3455905511805
1139.1886744670499,921.5003598108033,369.0,371.5341732283459
1140.3010020129248,916.2672701468774,372.0,373.68259842519626
1141.659801999713,911.1961595588598,375.0,375.79086614173167
1143.2512395207439,906.2982184999397,378.0,377.85897637795216
1145.0609976659475,901.5836373461289,381.0,379.8869291338577
1147.0743440491729,897.0615873307979,384.0,381.8747244094482
1148.8124286044676,892.5337222622865,381.0,383.8223622047238
1150.7444276590777,888.194381338484,384.0,385.72984251968444
1152.8554834828667,884.0512010010082,387.0,387.5971653543301
1155.1304834828668,880.110785413789,390.0,389.4243307086608
1157.5541271886837,876.3787013864319,393.0,391.21133858267655
1159.7291271886836,872.6114908799696,390.0,392.95818897637736
1162.0438430874974,869.0471409662015,393.0,394.6648818897632
1164.4831518845112,865.6897204395455,396.0,396.33141732283406
1167.0318994682632,862.5422792956447,399.0,397.95779527558994
1169.6749653633806,859.606857235009,402.0,399.5440157480309
1172.0978488689225,856.6148452833996,399.0,401.0900787401569
1174.6070886427683,853.8280521878594,402.0,402.59598425196793
1177.1880283940993,851.2471124365285,405.0,404.061732283464
1179.826192524544,848.8716987839546,408.0,405.4873228346451
1182.2657109196375,846.432180388861,405.0,406.87275590551127
1184.7552460849868,844.1905928575587,408.0,408.21803149606245
1187.2809704597219,842.1453015866467,411.0,409.52314960629866
1189.6218766599757,840.0375401766163,408.0,410.78811023621995
1191.9921718424193,838.1181129839143,411.0,412.01291338582627
1194.3787719758254,836.3841464896516,414.0,413.1975590551176
1196.7689830944698,834.8319252398587,417.0,414.342047244094
1198.993779829001,833.2155157960544,414.0,415.44637795275537
1201.2162568340564,831.7722223532646,417.0,416.51055118110185
1203.4246216137067,830.4972223532646,420.0,417.53456692913335
1205.479364505173,829.1628567174778,417.0,418.5184251968499
1207.5145242040664,827.9878567174778,420.0,419.46212598425143
1209.5192888834904,826.9663780930639,423.0,420.36566929133807
1211.3812435016268,825.8913780930638,420.0,421.2290551181097
1213.207806876213,824.9606975685978,423.0,422.0522834645664
1214.8965564135926,823.9856975685977,420.0,422.8353543307081
1216.544918483341,823.1458151440796,423.0,423.5782677165349
1218.1436230342156,822.434026018697,426.0,424.28102362204675
1219.6137837991264,821.6849416941267,423.0,424.9436220472436
1221.0297792584724,821.0544998973592,426.0,425.56606299212547
1222.3834708768934,820.5348663705184,429.0,426.1483464566924
1223.616757244711,819.9857719023661,426.0,426.6904724409444
1224.7837327778325,819.5378119654345,429.0,427.1924409448814
1226.126644600567,818.939909100113,426.0,427.78275590551135
1227.7043955213474,818.3342672653814,429.0,428.46141732283417
1229.520913467471,817.7440448061253,432.0,429.2284251968499
1231.50943977591,816.9807210735938,429.0,430.0837795275586
1233.7444225892036,816.2545311368127,432.0,431.02748031496014
1236.2268519627664,815.5893661908992,435.0,432.05952755905463
1238.8802996432298,814.7272087765931,432.0,433.17992125984205
1241.78773638036,813.9481634508345,435.0,434.38866141732234
1244.6341458984955,813.3431404305549,438.0,435.5572440944877
1247.3483974703677,812.6158589138167,435.0,436.6856692913381
1249.9991774683563,812.0524182317006,438.0,437.77393700787354
1252.5770440373096,811.6441242779456,441.0,438.822047244094
1255.0321945151516,811.122265933993,438.0,439.82999999999953
1257.4125234159858,810.7452588732461,441.0,440.7977952755901
1259.7098689942866,810.5037981230979,444.0,441.7254330708657
1261.892660227002,810.158077955359,441.0,442.6129133858263
1263.9911014262289,809.9375228978643,444.0,443.460236220472
1265.9983467910856,809.832327625816,447.0,444.2674015748027
1267.897883611239,809.6326782609748,444.0,445.03440944881845
1269.7054030691447,809.537950180175,447.0,445.7612598425192
1271.4060355102245,809.3592065079873,444.0,446.4479527559051
1273.0138290611794,809.2749456184362,447.0,447.09448818897596
1274.5238290611794,809.2749456184362,450.0,447.70086614173186
1275.9318967051834,809.2011519201336,447.0,448.2670866141728
1277.2418967051833,809.2011519201336,450.0,448.79314960629875
1278.4502384422362,809.1378254130797,447.0,449.2790551181098
1279.5602384422361,809.1378254130797,450.0,449.72480314960586
1280.5688542723383,809.190684728885,453.0,450.13039370078695
1281.4788542723384,809.190684728885,450.0,450.49582677165307
1282.2877441954895,809.2330768534418,453.0,450.8211023622043
1283.3177441954895,809.2330768534418,450.0,451.23472440944835
1284.5660311139327,809.2984967987455,453.0,451.73669291338535
1286.0360311139327,809.2984967987455,450.0,452.3270078740153
1287.723715027668,809.3869445647961,453.0,453.0056692913381
1289.6232518478214,809.5865939296373,456.0,453.77267716535385
1291.7503327568486,809.6980695164348,453.0,454.62803149606253
1294.087459210964,809.9437114051137,456.0,455.5717322834641
1296.6258182462934,810.3457479802671,459.0,456.6037795275586
1299.4005343343708,810.6373823927838,456.0,457.724173228346
1302.3734762395623,811.1082501325549,459.0,458.9329133858263
1305.5328929899324,811.7798048938962,462.0,460.2299999999995
1308.9404177649856,812.319503798285,459.0,461.61543307086566
1312.5302194596786,813.0825397035862,462.0,463.0892125984247
1316.287670923943,814.0893457890351,465.0,464.65133858267666
1320.1965132059163,815.3594056359161,468.0,466.30181102362155
1324.2389164526492,816.9111388574473,471.0,468.0406299212593
1328.5662236017922,818.3171661818533,468.0,469.86779527559
1333.0194022361839,820.0265813011844,471.0,471.78330708661366
1337.5779940698205,822.0561971501326,474.0,473.78716535433017
1342.220138060842,824.4214876537756,477.0,475.8793700787396
1346.9226560033915,827.1364876537756,480.0,478.059921259842
1351.6611447122832,830.2136982016104,483.0,480.32881889763723
1356.7447138324978,833.1486982016104,480.0,482.6860629921254
1361.8522175912856,836.4655499248519,483.0,485.1316535433065
1366.9571148257915,840.1744748668174,486.0,487.66559055118057
1371.8919916810432,844.1706593499838,489.0,490.2878740157475
1376.4474694612197,848.2724299669636,492.0,492.9262204724404
1380.6264705380322,852.4514310437761,495.0,492.9262204724404
1384.8549645949986,856.258784193958,492.0,492.9262204724404
1388.722838688089,860.1266582870485,495.0,492.9262204724404
1392.6243490218453,863.6395939704325,492.0,492.9262204724404
1396.1810961312137,867.1963410798008,495.0,492.9262204724404
1399.75562274176,870.4148592963869,492.0,492.9262204724404
1403.001242867406,873.6604794220332,495.0,492.9262204724404
1406.2487857547424,876.5845801718214,492.0,492.9262204724404
1409.1832788966665,879.5190733137455,495.0,492.9262204724404
1412.1038380607927,882.1487565967358,492.0,491.1713385826766
1414.987049577798,884.4835352475307,489.0,489.5048031496057
1417.8105188881666,886.5349057780314,486.0,487.9266141732278
1420.3517861821308,888.5927834567644,489.0,486.43677165354273
1422.9204151392712,890.459001632793,486.0,485.0352755905506
1425.583194192498,892.1882305689658,483.0,483.6719291338577
1428.3328248495136,893.7757305689657,480.0,482.3085826771648
1430.9956039027404,895.5049595051385,483.0,480.9452362204719
1433.745234559756,897.0924595051384,480.0,479.581889763779
1436.574180274054,898.5338793418115,477.0,478.21854330708607
1439.4746871020693,899.8252681835771,474.0,476.85519685039316
1442.3036328163673,901.2666880202502,477.0,475.49185039370025
1445.2041396443826,902.5580768620158,474.0,474.12850393700734
1448.1682574985111,903.6958951018221,471.0,472.76515748031443
1451.0687643265264,904.9872839435877,474.0,471.4018110236215
1454.032882180655,906.125102183394,471.0,470.0384645669286
1457.052486619892,907.1062311405344,468.0,468.6751181102357
1460.1193011183598,907.927981608735,465.0,467.3117716535428
1463.138905557597,908.9091105658754,468.0,465.9484251968499
1466.4182237378484,909.7878012239985,465.0,464.585078740157
1469.9542273145012,910.5394019863047,462.0,463.13338582677113
1473.7420121006835,911.139328159734,459.0,461.5933464566924
1477.7084006216592,911.9824100659999,462.0,459.96496062992077
1481.9307682777035,912.651167404047,459.0,458.2482283464562
1486.401144197384,913.121022846435,456.0,456.44314960629873
1491.1096824537517,913.3677868801205,453.0,454.54972440944834
1496.0446824537516,913.3677868801205,450.0,452.567952755905
1501.1926177054115,913.6375787345529,453.0,450.49783464566883
1506.5676177054115,913.6375787345529,450.0,448.3393700787397
1512.1549499523633,913.3447590593736,447.0,446.09255905511765
1517.9380947739298,912.7369260454722,444.0,443.7574015748027
1523.8987939094216,911.7928440489544,441.0,441.33389763779485
1530.0171071520115,910.4923564228893,438.0,438.82204724409405
1536.150736148947,908.8488554864883,435.0,436.2218503937004
1542.1899450274213,906.8865975722074,432.0,433.5835039370075
1548.1181807356786,904.6109610925947,429.0,430.9451574803146
1553.9191943917092,902.0281834090634,426.0,428.3068110236217
1559.5770858203052,899.1453437357173,423.0,425.66846456692883
1565.3780994763358,896.5625660521861,426.0,423.03011811023595
1571.0359909049319,893.67972637884,423.0,420.39177165354306
1576.535252218963,890.50472637884,420.0,417.7534251968502
1581.8608103254164,887.0462685064946,417.0,415.1150787401573
1586.9980682396974,883.3138321544374,414.0,415.1150787401573
1592.3236263461508,879.8553742820919,417.0,415.1150787401573
1597.4608842604318,876.1229379300347,414.0,415.1150787401573
1602.7864423668852,872.6644800576893,417.0,417.7534251968502
1608.2857036809164,869.4894800576893,420.0,420.39177165354306
1613.9435951095124,866.6066403843432,423.0,423.03011811023595
1619.744608765543,864.023862700812,426.0,425.66846456692883
1625.6728444738003,861.7482262211993,429.0,428.3068110236217
1631.7120533522746,859.7859683069183,432.0,430.9451574803146
1637.6331786674266,858.1994075604399,435.0,433.5835039370075
1643.4140309877635,856.970649467707,438.0,436.1335039370075
1649.0339776457497,856.080537361628,441.0,438.5951574803146
1654.3844450217637,854.9432604128549,438.0,440.96846456692873
1659.5698088098882,854.1219794713937,441.0,443.25342519685
1664.5722539435906,853.5962013011574,444.0,445.45003937007834
1669.37566200576,853.3444653516289,447.0,447.55830708661375
1673.96566200576,853.3444653516289,450.0,449.5782283464563
1678.7690700679293,853.5962013011574,453.0,451.5098031496059
1683.7715152016317,854.1219794713937,456.0,453.5297244094484
1689.0143202590932,854.3967432416691,453.0,455.6379921259838
1694.4543550267576,854.9685139357432,456.0,457.83460629921217
1700.074301684744,855.8586260418222,459.0,460.11956692913344
1705.8551540050807,857.0873841345551,462.0,462.4928740157476
1711.7762793202328,858.6739448810335,465.0,464.95452755905467
1717.815488198707,860.6362027953145,468.0,467.5045275590547
1723.7437239069643,862.9118392749272,471.0,470.14287401574757
1729.544737562995,865.4946169584584,474.0,472.78122047244045
1735.202628991591,868.3774566318045,477.0,475.41956692913334
1740.701890305622,871.5524566318045,480.0,478.0579133858262
1746.3597817342181,874.4352963051506,477.0,478.0579133858262
1751.8590430482493,877.6102963051505,480.0,478.0579133858262
1757.5169344768453,880.4931359784966,477.0,475.41956692913334
1763.317948132876,883.0759136620279,474.0,472.78122047244045
1769.2461838411332,885.3515501416406,471.0,470.14287401574757
1775.2853927196074,887.3138080559215,468.0,467.5045275590547
1781.419021716543,888.9573089923225,465.0,464.8661811023618
1787.6302589812028,890.2775482290152,462.0,462.2278346456689
1793.902079943982,891.2709070820207,459.0,459.589488188976
1800.2172939795705,891.9346628237703,456.0,456.95114173228313
1806.558591525262,892.266996145913,453.0,454.31279527559025
1812.908591525262,892.266996145913,450.0,451.67444881889736
1819.2498890709535,891.9346628237703,447.0,449.0361023622045
1825.565103106542,891.2709070820207,444.0,446.3977559055116
1831.8369240693212,890.2775482290152,441.0,443.7594094488187
1838.1521381049097,889.6137924872656,444.0,441.1210629921258
1844.4239590676889,888.6204336342602,441.0,438.4827165354329
1850.6351963323486,887.3001943975675,438.0,435.84437007874004
1856.7688253292843,885.6566934611665,435.0,433.20602362204716
1862.8080342077585,883.6944355468855,432.0,430.56767716535427
1868.7362699160158,881.4187990672729,429.0,427.9293307086614
1874.5372835720464,878.8360213837416,426.0,425.2909842519685
1880.1951750006424,875.9531817103955,423.0,422.6526377952756
1885.6944363146736,872.7781817103955,420.0,420.0142913385827
1891.019994421127,869.3197238380501,417.0,417.37594488188984
1896.157252335408,865.5872874859929,414.0,414.73759842519695
1901.0921291906598,861.5911030028265,411.0,412.09925196850406
1905.8110988324413,857.3421236524478,408.0,409.4609055118112
1910.3012268929758,852.8519955919131,405.0,406.8225590551183
1914.5502062433545,848.1330259501317,402.0,404.1842125984254
1918.546390726521,843.1981490948799,399.0,401.5458661417325
1922.2788270785782,838.060891180599,396.0,398.90751968503963
1926.2750115617446,833.1260143253472,399.0,396.26917322834674
1930.0074479138018,827.9887564110663,396.0,393.63082677165386
1933.4659057861472,822.6631983046129,393.0,390.99248031496097
1936.6409057861472,817.1639369905818,390.0,388.3541338582681
1939.5237454594933,811.5060455619856,387.0,388.3541338582681
1942.6987454594932,806.0067842479544,390.0,388.3541338582681
1945.5815851328393,800.3488928193583,387.0,388.3541338582681
1948.7565851328393,794.8496315053271,390.0,388.3541338582681
1951.6394248061854,789.191740076731,387.0,388.3541338582681
1954.8144248061853,783.6924787626998,390.0,388.3541338582681
1957.6972644795314,778.0345873341037,387.0,388.3541338582681
1960.8722644795314,772.5353260200725,390.0,388.3541338582681
1963.7551041528775,766.8774345914763,387.0,388.3541338582681
1966.9301041528774,761.3781732774452,390.0,388.3541338582681
1969.8129438262235,755.720281848849,387.0,388.3541338582681
1972.9879438262235,750.2210205348179,390.0,390.99248031496097
1976.446401698569,744.8954624283645,393.0,393.63082677165386
1980.1788380506262,739.7582045140836,396.0,396.26917322834674
1984.1750225337926,734.8233276588318,399.0,398.90751968503963
1988.4240018841713,730.1043580170503,402.0,401.5458661417325
1992.9141299447058,725.6142299565157,405.0,404.1842125984254
1997.6330995864873,721.365250606137,408.0,406.8225590551183
2002.5679764417391,717.3690661229706,411.0,409.4609055118112
2007.7052343560201,713.6366297709134,414.0,412.09925196850406
2013.0307924624735,710.1781718985679,417.0,414.73759842519695
2018.5300537765047,707.003171898568,420.0,417.37594488188984
2024.1879452051007,704.1203322252219,423.0,420.0142913385827
2029.687206519132,700.9453322252219,420.0,422.6526377952756
2035.345097947728,698.0624925518758,423.0,425.2909842519685
2041.1461116037585,695.4797148683446,426.0,427.9293307086614
2047.0743473120158,693.2040783887319,429.0,430.56767716535427
2053.11355619049,691.241820474451,432.0,433.20602362204716
2059.247185187425,689.59831953805,435.0,435.84437007874004
2065.458422452085,688.2780803013572,438.0,438.4827165354329
2071.730243414864,687.2847214483518,441.0,441.1210629921258
2078.045457450453,686.6209657066022,444.0,441.1210629921258
2084.317278413232,685.6276068535967,441.0,441.1210629921258
2090.632492448821,684.9638511118471,444.0,441.1210629921258
2096.9043134116,683.9704922588417,441.0,441.1210629921258
2103.2195274471887,683.3067365170921,444.0,441.1210629921258
2109.491348409968,682.3133776640866,441.0,441.1210629921258
2115.8065624455567,681.649621922337,444.0,441.1210629921258
2122.078383408336,680.6562630693315,441.0,441.1210629921258
2128.3935974439246,679.992507327582,444.0,441.1210629921258
2134.665418406704,678.9991484745765,441.0,441.1210629921258
2140.9806324422925,678.3353927328269,444.0,441.1210629921258
2147.2524534050717,677.3420338798214,441.0,441.1210629921258
2153.5676674406604,676.6782781380718,444.0,441.1210629921258
2159.8394884034396,675.6849192850664,441.0,441.1210629921258
2166.1547024390284,675.0211635433168,444.0,441.1210629921258
2172.4265234018076,674.0278046903113,441.0,443.7594094488187
2178.7417374373963,673.3640489485617,444.0,446.3977559055116
2185.083034983088,673.031715626419,447.0,449.0361023622045
2191.433034983088,673.031715626419,450.0,451.67444881889736
2197.7743325287797,673.3640489485617,453.0,454.31279527559025
2204.0895465643684,674.0278046903113,456.0,456.95114173228313
2210.3613675271476,675.0211635433168,459.0,459.589488188976
2216.5726047918074,676.3414027800095,462.0,462.2278346456689
2222.706233788743,677.9849037164105,465.0,464.8661811023618
2228.745442667217,679.9471616306914,468.0,467.5045275590547
2234.673678375474,682.2227981103041,471.0,470.14287401574757
2240.4746920315047,684.8055757938354,474.0,472.78122047244045
2246.1325834601007,687.6884154671815,477.0,475.41956692913334
2251.631844774132,690.8634154671814,480.0,478.0579133858262
2256.9574028805855,694.3218733395269,483.0,480.6962598425191
2262.0946607948663,698.0543096915841,486.0,483.334606299212
2267.42021890132,701.5127675639295,483.0,485.9729527559049
2272.5574768156007,705.2452039159867,486.0,488.61129921259777
2277.4923536708525,709.2413883991532,489.0,491.24964566929066
2282.211323312634,713.4903677495319,492.0,493.88799212598354
2286.7014513731683,717.9804958100665,495.0,496.52633858267643
2290.950430723547,722.6994654518479,498.0,499.1646850393693
2294.9466152067134,727.6343423070997,501.0,501.8030314960622
2298.6790515587704,732.7716002213806,504.0,504.4413779527551
2302.1375094311156,738.097158327834,507.0,504.4413779527551
2305.8699457831726,743.2344162421149,504.0,504.4413779527551
2309.328403655518,748.5599743485683,507.0,504.4413779527551
2313.060840007575,753.6972322628492,504.0,504.4413779527551
2316.51929787992,759.0227903693026,507.0,504.4413779527551
2320.251734231977,764.1600482835835,504.0,504.4413779527551
2323.7101921043222,769.4856063900369,507.0,504.4413779527551
2327.442628456379,774.6228643043178,504.0,504.4413779527551
2330.9010863287244,779.9484224107712,507.0,504.4413779527551
2334.6335226807814,785.0856803250521,504.0,504.4413779527551
2338.0919805531266,790.4112384315055,507.0,504.4413779527551
2341.8244169051836,795.5484963457864,504.0,504.4413779527551
2345.282874777529,800.8740544522398,507.0,504.4413779527551
2349.015311129586,806.0113123665207,504.0,504.4413779527551
2352.473769001931,811.336870472974,507.0,507.079724409448
2355.648769001931,816.8361317870052,510.0,509.71807086614086
2358.5316086752773,822.4940232156014,513.0,512.3564173228337
2361.1143863588086,828.2950368716319,516.0,514.9947637795267
2363.3900228384214,834.2232725798891,519.0,517.6331102362196
2365.3522807527024,840.2624814583634,522.0,520.2714566929126
2366.9957816891033,846.396110455299,525.0,522.9098031496055
2368.3160209257962,852.6073477199586,528.0,525.5481496062985
2369.3093797788015,858.8791686827377,531.0,528.1864960629914
2370.6296190154944,865.0904059473974,528.0,530.8248425196844
2371.6229778684997,871.3622269101764,531.0,533.4631889763773
2372.2867336102495,877.6774409457649,534.0,536.1015354330702
2372.6190669323923,884.0187384914565,537.0,538.7398818897632
2372.6190669323923,890.3687384914565,540.0,541.3782283464561
2372.2867336102495,896.710036037148,543.0,541.3782283464561
2372.2867336102495,903.060036037148,540.0,541.3782283464561
2371.9544002881066,909.4013335828396,543.0,541.3782283464561
2371.9544002881066,915.7513335828396,540.0,541.3782283464561
2371.6220669659638,922.0926311285311,543.0,541.3782283464561
2371.6220669659638,928.4426311285312,540.0,541.3782283464561
2371.289733643821,934.7839286742227,543.0,541.3782283464561
2371.289733643821,941.1339286742227,540.0,541.3782283464561
2370.957400321678,947.4752262199142,543.0,541.3782283464561
2370.957400321678,953.8252262199143,540.0,541.3782283464561
2370.625066999535,960.1665237656058,543.0,541.3782283464561
2370.625066999535,966.5165237656058,540.0,541.3782283464561
2370.2927336773923,972.8578213112974,543.0,541.3782283464561
2370.2927336773923,979.2078213112974,540.0,541.3782283464561
2369.9604003552495,985.5491188569889,543.0,541.3782283464561
2369.9604003552495,991.8991188569889,540.0,541.3782283464561
2369.6280670331066,998.2404164026805,543.0,541.3782283464561
2369.6280670331066,1004.5904164026805,540.0,541.3782283464561
2369.2957337109638,1010.931713948372,543.0,541.3782283464561
2369.2957337109638,1017.281713948372,540.0,541.3782283464561
2368.963400388821,1023.6230114940636,543.0,541.3782283464561
2368.963400388821,1029.9730114940635,540.0,541.3782283464561
2368.631067066678,1036.314309039755,543.0,541.3782283464561
2368.631067066678,1042.664309039755,540.0,541.3782283464561
2368.298733744535,1049.0056065854465,543.0,544.0165748031491
2367.6349780027854,1055.320820621035,546.0,546.654921259842
2366.64161914978,1061.5926415838142,549.0,549.293267716535
2365.321379913087,1067.803878848474,552.0,551.9316141732279
2363.6778789766863,1073.9375078454095,555.0,554.5699606299208
2361.7156210624053,1079.9767167238838,558.0,557.2083070866138
2359.4399845827925,1085.904952432141,561.0,559.8466535433067
2356.857206899261,1091.7059660881716,564.0,562.4849999999997
2353.974367225915,1097.3638575167677,567.0,565.1233464566926
2350.799367225915,1102.8631188307988,570.0,567.7616929133856
2347.3409093535697,1108.1886769372522,573.0,570.4000393700785
2343.6084730015127,1113.3259348515332,576.0,573.0383858267714
2340.1500151291675,1118.6514929579866,573.0,575.6767322834644
2336.4175787771105,1123.7887508722677,576.0,578.3150787401573
2332.421394293944,1128.7236277275194,579.0,580.9534251968503
2328.1724149435654,1133.442597369301,582.0,583.5917716535432
2323.682286883031,1137.9327254298355,585.0,586.2301181102362
2318.9633172412496,1142.1817047802142,588.0,588.8684645669291
2314.028440385998,1146.1778892633806,591.0,591.506811023622
2308.891182471717,1149.9103256154378,594.0,594.145157480315
2303.5656243652634,1153.3687834877833,597.0,596.7835039370079
2298.066363051232,1156.5437834877832,600.0,599.4218503937009
2292.408471622636,1159.4266231611293,603.0,602.0601968503938
2286.6074579666056,1162.0094008446606,606.0,604.6985433070868
2280.6792222583485,1164.2850373242732,609.0,607.3368897637797
2274.6400133798743,1166.247295238554,612.0,609.9752362204727
2268.506384382939,1167.890796174955,615.0,612.6135826771656
2262.295147118279,1169.2110354116478,618.0,615.2519291338585
2256.1615181213438,1170.854536348049,615.0,617.8902755905515
2249.950280856684,1172.1747755847416,618.0,620.5286220472444
2243.678459893905,1173.168134437747,621.0,623.1669685039374
2237.363245858316,1173.8318901794967,624.0,625.8053149606303
2231.0219483126243,1174.1642235016393,627.0,628.4436614173233
2224.6719483126244,1174.1642235016393,630.0,631.0820078740162
2218.3306507669326,1173.8318901794967,633.0,633.7203543307091
2212.015436731344,1173.168134437747,636.0,636.3587007874021
2205.7436157685647,1172.1747755847416,639.0,638.997047244095
2199.428401732976,1171.511019842992,636.0,638.997047244095
2193.156580770197,1170.5176609899866,639.0,638.997047244095
2186.841366734608,1169.853905248237,636.0,638.997047244095
2180.569545771829,1168.8605463952315,639.0,638.997047244095
2174.25433173624,1168.196790653482,636.0,638.997047244095
2167.982510773461,1167.2034318004764,639.0,638.997047244095
2161.667296737872,1166.5396760587269,636.0,638.997047244095
2155.395475775093,1165.5463172057214,639.0,638.997047244095
2149.0802617395043,1164.8825614639718,636.0,638.997047244095
2142.808440776725,1163.8892026109663,639.0,638.997047244095
2136.4932267411364,1163.2254468692167,636.0,638.997047244095
2130.221405778357,1162.2320880162113,639.0,638.997047244095
2123.9061917427684,1161.5683322744617,636.0,638.997047244095
2117.6343707799892,1160.5749734214562,639.0,638.997047244095
2111.3191567444005,1159.9112176797066,636.0,638.997047244095
2105.0473357816213,1158.9178588267011,639.0,638.997047244095
2098.7321217460326,1158.2541030849516,636.0,638.997047244095
2092.4603007832534,1157.260744231946,639.0,638.997047244095
2086.1450867476647,1156.5969884901965,636.0,638.997047244095
2079.8732657848855,1155.603629637191,639.0,638.997047244095
2073.5580517492967,1154.9398738954415,636.0,638.997047244095
2067.2862307865175,1153.946515042436,639.0,638.997047244095
2060.971016750929,1153.2827593006864,636.0,638.997047244095
2054.6991957881496,1152.289400447681,639.0,638.997047244095
2048.383981752561,1151.6256447059313,636.0,638.997047244095
2042.1121607897817,1150.6322858529259,639.0,636.3587007874021
2035.7969467541932,1149.9685301111763,636.0,633.7203543307091
2029.4556492085017,1149.6361967890336,633.0,631.0820078740162
2023.1056492085017,1149.6361967890336,630.0,628.4436614173233
2016.7643516628102,1149.9685301111763,627.0,625.8053149606303
2010.4491376272217,1150.6322858529259,624.0,623.1669685039374
2004.1773166644425,1151.6256447059313,621.0,620.5286220472444
1997.9660793997828,1152.945883942624,618.0,617.8902755905515
1991.8324504028471,1154.5893848790251,615.0,615.2519291338585
1985.793241524373,1156.551642793306,612.0,612.6135826771656
1979.8650058161156,1158.8272792729185,609.0,609.9752362204727
1974.063992160085,1161.4100569564498,606.0,607.3368897637797
1968.406100731489,1164.292896629796,603.0,604.6985433070868
1962.9068394174578,1167.4678966297959,600.0,602.0601968503938
1957.5812813110044,1170.9263545021413,597.0,599.4218503937009
1952.4440233967234,1174.6587908541985,594.0,596.7835039370079
1947.11846529027,1178.117248726544,597.0,594.145157480315
1941.981207375989,1181.8496850786012,594.0,591.506811023622
1937.0463305207372,1185.8458695617676,591.0,588.8684645669291
1932.3273608789557,1190.0948489121463,588.0,586.2301181102362
1927.8372328184212,1194.5849769726808,585.0,583.5917716535432
1923.5882534680425,1199.3039466144623,582.0,580.9534251968503
1919.592068984876,1204.2388234697141,579.0,578.3150787401573
1915.8596326328188,1209.3760813839951,576.0,575.6767322834644
1912.4011747604734,1214.7016394904485,573.0,575.6767322834644
1908.6687384084162,1219.8388974047296,576.0,575.6767322834644
1905.2102805360707,1225.164455511183,573.0,575.6767322834644
1901.4778441840135,1230.301713425464,576.0,575.6767322834644
1898.019386311668,1235.6272715319174,573.0,575.6767322834644
1894.2869499596109,1240.7645294461984,576.0,575.6767322834644
1890.8284920872654,1246.0900875526518,573.0,575.6767322834644
1887.0960557352082,1251.2273454669328,576.0,575.6767322834644
1883.6375978628628,1256.5529035733862,573.0,575.6767322834644
1879.9051615108056,1261.6901614876672,576.0,575.6767322834644
1875.9089770276391,1266.625038342919,579.0,578.3150787401573
1871.6599976772604,1271.3440079847005,582.0,580.9534251968503
1867.169869616726,1275.834136045235,585.0,583.5917716535432
1862.4508999749444,1280.0831153956137,588.0,586.2301181102362
1857.5160231196926,1284.0792998787801,591.0,588.8684645669291
1852.3787652054116,1287.8117362308374,594.0,591.506811023622
1847.0532070989582,1291.2701941031828,597.0,594.145157480315
1841.9159491846772,1295.00263045524,594.0,596.7835039370079
1836.5903910782238,1298.4610883275855,597.0,599.4218503937009
1831.0911297641926,1301.6360883275854,600.0,602.0601968503938
1825.4332383355966,1304.5189280009315,603.0,604.6985433070868
1819.632224679566,1307.1017056844628,606.0,607.3368897637797
1813.7039889713087,1309.3773421640753,609.0,609.9752362204727
1807.6647800928345,1311.3396000783562,612.0,612.6135826771656
1801.5311510958988,1312.9831010147573,615.0,615.2519291338585
1795.319913831239,1314.30334025145,618.0,617.8902755905515
1789.04809286846,1315.2966991044555,621.0,620.5286220472444
1782.7328788328714,1315.960454846205,624.0,623.1669685039374
1776.3915812871799,1316.2927881683477,627.0,625.8053149606303
1770.04158128718,1316.2927881683477,630.0,628.4436614173233
1763.7002837414884,1315.960454846205,633.0,631.0820078740162
1757.3850697059,1315.2966991044555,636.0,633.7203543307091
1751.1132487431207,1314.30334025145,639.0,636.3587007874021
1744.7980347075322,1313.6395845097004,636.0,638.997047244095
1738.526213744753,1312.646225656695,639.0,641.635393700788
1732.3149764800933,1311.3259864200022,642.0,644.2737401574809
1726.1813474831577,1309.682485483601,645.0,646.9120866141739
1720.1421386046834,1307.7202275693203,648.0,646.9120866141739
1714.0085096077478,1306.0767266329192,645.0,646.9120866141739
1707.9693007292735,1304.1144687186384,648.0,646.9120866141739
1701.835671732338,1302.4709677822373,645.0,646.9120866141739
1695.7964628538637,1300.5087098679564,648.0,646.9120866141739
1689.662833856928,1298.8652089315553,645.0,646.9120866141739
1683.6236249784538,1296.9029510172745,648.0,646.9120866141739
1677.4899959815182,1295.2594500808734,645.0,646.9120866141739
1671.450787103044,1293.2971921665926,648.0,646.9120866141739
1665.3171581061083,1291.6536912301915,645.0,646.9120866141739
1659.277949227634,1289.6914333159107,648.0,646.9120866141739
1653.1443202306984,1288.0479323795096,645.0,646.9120866141739
1647.1051113522242,1286.0856744652287,648.0,646.9120866141739
1640.9714823552886,1284.4421735288277,645.0,646.9120866141739
1634.9322734768143,1282.4799156145468,648.0,646.9120866141739
1628.7986444798787,1280.8364146781457,645.0,646.9120866141739
1622.7594356014044,1278.874156763865,648.0,646.9120866141739
1616.6258066044688,1277.2306558274638,645.0,646.9120866141739
1610.5865977259946,1275.268397913183,648.0,646.9120866141739
1604.452968729059,1273.6248969767819,645.0,646.9120866141739
1598.4137598505847,1271.662639062501,648.0,646.9120866141739
1592.280130853649,1270.0191381261,645.0,646.9120866141739
1586.2409219751748,1268.0568802118191,648.0,646.9120866141739
1580.1072929782392,1266.413379275418,645.0,646.9120866141739
1574.068084099765,1264.4511213611372,648.0,646.9120866141739
1567.9344551028294,1262.8076204247361,645.0,646.9120866141739
1561.895246224355,1260.8453625104553,648.0,646.9120866141739
1555.7616172274195,1259.2018615740542,645.0,646.9120866141739
1549.7224083489452,1257.2396036597734,648.0,646.9120866141739
1543.8012830337932,1255.653042913295,645.0,646.9120866141739
1538.1805390224888,1253.826752476539,648.0,646.9120866141739
1532.684421070904,1252.3540721099057,645.0,646.9120866141739
1527.4821419267694,1250.6637491506747,648.0,646.9120866141739
1522.4110313387519,1249.3049491638865,645.0,646.9120866141739
1517.6272170617872,1247.7505936821806,648.0,646.9120866141739
1512.9811138373368,1246.5056740752375,645.0,646.9120866141739
1508.615764427542,1245.0872860710565,648.0,646.9120866141739
1504.3946685666588,1243.9562468439585,645.0,646.9120866141739
1500.4477840240338,1242.6738263173024,648.0,646.9120866141739
1496.6516955267177,1241.6566674700496,645.0,646.9120866141739
1493.1232758512626,1240.5102144209186,648.0,646.9120866141739
1489.7521947175137,1239.6069359535109,645.0,646.9120866141739
1486.6422399092285,1238.5964503819048,648.0,646.9120866141739
1483.5754254107608,1237.7746999137044,645.0,646.9120866141739
1480.5558209715236,1236.7935709565638,648.0,645.5487401574809
1477.489006473056,1235.9718204883634,645.0,644.1853937007879
1474.383387840726,1235.311700870017,642.0,642.822047244095
1471.2474773593365,1234.8150214435143,639.0,641.458700787402
1468.1418587270066,1234.1549018251678,642.0,640.095354330709
1465.005948245617,1233.6582223986652,639.0,638.7320078740161
1461.8483412278226,1233.3263445277903,636.0,637.3686614173231
1458.712430746433,1232.8296651012877,639.0,636.0053149606301
1455.5548237286387,1232.4977872304128,636.0,634.6419685039372
1452.3841749557928,1232.3316205693413,633.0,633.2786220472442
1449.2091749557928,1232.3316205693413,630.0,631.9152755905512
1446.038526182947,1232.16545390827,633.0,630.5519291338583
1442.863526182947,1232.16545390827,630.0,629.1885826771653
1439.6928774101011,1232.3316205693413,627.0,627.8252362204723
1436.5178774101012,1232.3316205693413,630.0,627.8252362204723
1433.3472286372553,1232.4977872304128,627.0,627.8252362204723
1430.1722286372553,1232.4977872304128,630.0,627.8252362204723
1427.0015798644095,1232.6639538914842,627.0,627.8252362204723
1423.8265798644095,1232.6639538914842,630.0,627.8252362204723
1420.6559310915636,1232.8301205525556,627.0,627.8252362204723
1417.4809310915637,1232.8301205525556,630.0,627.8252362204723
1414.090583821072,1233.0078011240005,627.0,627.8252362204723
1410.475583821072,1233.0078011240005,630.0,627.8252362204723
1406.6458395552881,1233.2085095161922,627.0,627.8252362204723
1402.590839555288,1233.2085095161922,630.0,627.8252362204723
1398.3216982942122,1233.4322457291307,627.0,627.8252362204723
1393.8266982942123,1233.4322457291307,630.0,627.8252362204723
1389.1181600378445,1233.6790097628161,627.0,627.8252362204723
1384.1831600378446,1233.6790097628161,630.0,627.8252362204723
1379.0352247861847,1233.9488016172486,627.0,627.8252362204723
1373.6602247861847,1233.9488016172486,630.0,627.8252362204723
1368.072892539233,1234.241621292428,627.0,627.8252362204723
1362.257892539233,1234.241621292428,630.0,627.8252362204723
1356.231163296989,1234.557468788354,627.0,627.8252362204723
1349.976163296989,1234.557468788354,630.0,627.8252362204723
1343.6348657512974,1234.8898021104967,627.0,627.8252362204723
1337.2848657512975,1234.8898021104967,630.0,627.8252362204723
1330.943568205606,1235.2221354326393,627.0,627.8252362204723
1324.593568205606,1235.2221354326393,630.0,627.8252362204723
1318.2522706599145,1235.554468754782,627.0,627.8252362204723
1311.9022706599146,1235.554468754782,630.0,627.8252362204723
1305.560973114223,1235.8868020769246,627.0,627.8252362204723
1299.2109731142232,1235.8868020769246,630.0,627.8252362204723
1292.8696755685316,1236.2191353990672,627.0,627.8252362204723
1286.5196755685317,1236.2191353990672,630.0,627.8252362204723
1280.1783780228402,1236.5514687212099,627.0,627.8252362204723
1273.8283780228403,1236.5514687212099,630.0,627.8252362204723
1267.4870804771488,1236.8838020433525,627.0,627.8252362204723
1261.1370804771489,1236.8838020433525,630.0,630.4635826771653
1254.7957829314573,1236.5514687212099,633.0,633.1019291338582
1248.4805688958688,1235.8877129794603,636.0,635.7402755905512
1242.2087479330896,1234.8943541264548,639.0,638.3786220472441
1235.9975106684299,1233.574114889762,642.0,641.016968503937
1229.8638816714943,1231.930613953361,645.0,643.65531496063
1224.033905226605,1230.0363397778426,648.0,646.2936614173229
1218.5164449060064,1227.91838519603,651.0,648.8436614173229
1213.31837125202,1225.6040536969285,654.0,651.30531496063
1207.8009109314214,1223.4860991151158,651.0,653.6786220472442
1202.2008772760723,1220.9928034930613,654.0,656.1402755905513
1196.5429858474763,1218.1099638197152,657.0,658.6902755905512
1191.0437245334451,1214.9349638197152,660.0,661.3286220472442
1185.7181664269917,1211.4765059473698,663.0,663.9669685039371
1180.5809085127107,1207.7440695953126,666.0,666.60531496063
1175.646031657459,1203.7478851121462,669.0,669.243661417323
1170.9270620156774,1199.4989057617674,672.0,671.8820078740159
1166.4369339551429,1195.008777701233,675.0,674.5203543307089
1162.1879546047642,1190.2898080594514,678.0,677.1587007874018
1158.1917701215978,1185.3549312041996,681.0,679.7970472440948
1154.4593337695405,1180.2176732899186,684.0,682.4353937007877
1151.000875897195,1174.8921151834652,687.0,685.0737401574806
1147.8258758971951,1169.392853869434,690.0,687.7120866141736
1144.943036223849,1163.734962440838,693.0,690.3504330708665
1141.768036223849,1158.2357011268068,690.0,692.9887795275595
1138.885196550503,1152.5778096982108,693.0,695.6271259842524
1136.3024188669717,1146.7767960421802,696.0,698.2654724409454
1134.0267823873592,1140.848560333923,699.0,700.9038188976383
1132.0645244730783,1134.8093514554487,702.0,700.9038188976383
1129.7888879934658,1128.8811157471914,699.0,700.9038188976383
1127.826630079185,1122.8419068687172,702.0,700.9038188976383
1125.5509935995724,1116.91367116046,699.0,700.9038188976383
1123.5887356852916,1110.8744622819856,702.0,700.9038188976383
1121.313099205679,1104.9462265737284,699.0,700.9038188976383
1119.3508412913982,1098.9070176952541,702.0,703.5421653543312
1117.707340354997,1092.7733886983185,705.0,706.1805118110242
1116.3871011183044,1086.5621514336588,708.0,708.8188582677171
1115.393742265299,1080.2903304708796,711.0,711.4572047244101
1114.7299865235493,1073.975116435291,714.0,714.095551181103
1114.3976532014067,1067.6338188895995,717.0,716.733897637796
1114.3976532014067,1061.2838188895996,720.0,719.3722440944889
1114.7299865235493,1054.942521343908,723.0,722.0105905511818
1115.393742265299,1048.6273073083196,726.0,724.6489370078748
1116.3871011183044,1042.3554863455404,729.0,727.2872834645677
1117.707340354997,1036.1442490808806,732.0,729.9256299212607
1119.3508412913982,1030.010620083945,735.0,732.5639763779536
1121.313099205679,1023.9714112054708,738.0,735.2023228346466
1122.95660014208,1017.8377822085351,735.0,737.8406692913395
1124.918858056361,1011.7985733300609,738.0,740.4790157480325
1127.1944945359735,1005.8703376218036,741.0,743.1173622047254
1129.7772722195048,1000.0693239657732,744.0,743.1173622047254
1132.0529086991173,994.1410882575159,741.0,743.1173622047254
1134.6356863826486,988.3400746014854,744.0,743.1173622047254
1136.9113228622612,982.4118388932282,741.0,743.1173622047254
1139.4941005457924,976.6108252371977,744.0,743.1173622047254
1141.769737025405,970.6825895289404,741.0,743.1173622047254
1144.3525147089363,964.8815758729099,744.0,743.1173622047254
1146.6281511885488,958.9533401646527,741.0,743.1173622047254
1149.21092887208,953.1523265086222,744.0,743.1173622047254
1151.4865653516927,947.2240908003649,741.0,743.1173622047254
1154.069343035224,941.4230771443345,744.0,743.1173622047254
1156.3449795148365,935.4948414360772,741.0,743.1173622047254
1158.9277571983678,929.6938277800467,744.0,743.1173622047254
1161.2033936779803,923.7655920717895,741.0,743.1173622047254
1163.7861713615116,917.964578415759,744.0,743.1173622047254
1166.0618078411242,912.0363427075017,741.0,743.1173622047254
1168.6445855246554,906.2353290514712,744.0,743.1173622047254
1171.5274251980015,900.5774376228751,747.0,745.7557086614183
1174.6524251980015,895.1647788492223,750.0,748.2655511811034
1178.001955263344,890.006954856358,753.0,750.7352362204736
1181.5580560397134,885.1124020403896,756.0,753.1647637795287
1184.7986582980527,880.1223121611143,753.0,755.5541338582689
1188.2372020239636,875.3895627440209,756.0,757.9033464566941
1191.8557942725001,870.9209734656432,759.0,760.2124015748043
1195.6363821984278,866.7222052016959,762.0,762.4812992125995
1199.5608248340131,862.7977625661106,765.0,764.7100393700798
1203.6109641328649,859.1510007614548,768.0,766.8986220472451
1207.7686950266598,855.7841366693382,771.0,769.0470472440956
1212.0160342471283,852.6982640948027,774.0,771.155314960631
1216.0183359486318,849.457264080896,771.0,773.2234251968515
1220.1038717702254,846.4889485568191,774.0,775.251377952757
1224.2552910815552,843.7929853334947,777.0,777.2391732283476
1228.4555142899098,841.3679853334947,780.0,779.1868110236231
1232.6877952798045,839.2115304597319,783.0,781.0942913385837
1236.714813407402,836.8865304597318,780.0,782.9616141732293
1240.7688930924592,834.8208736859169,783.0,784.7887795275601
1244.8341703789688,833.0108956242296,786.0,786.5757874015759
1248.8952452342317,831.4519950437076,789.0,788.3226377952767
1252.937235428486,830.1386728176141,792.0,790.0293307086625
1256.8115941984495,828.6514458270011,789.0,791.6958661417334
1260.6633730894448,827.3999269997826,792.0,793.3222440944893
1264.4787801032867,826.3775917716276,795.0,794.9084645669302
1268.2446483661117,825.5771317619792,798.0,796.4545275590561
1271.8668702146958,824.6065603428448,795.0,797.9604330708672
1275.4371089573742,823.84768267136,798.0,799.4261811023633
1278.943402566487,823.2923403204671,801.0,800.8517716535445
1282.3745031055075,822.9317171221937,804.0,802.2372047244106
1285.6832590465012,822.407661664309,801.0,803.5824803149618
1288.915455206448,822.0679441586891,804.0,804.887598425198
1292.061138240925,821.9030858965239,807.0,806.1525590551192
1295.431138240925,821.9030858965239,810.0,807.5058661417335
1299.016218270694,821.7151998136117,807.0,808.9475196850406
1302.826218270694,821.7151998136117,810.0,810.4775196850405
1306.8506952957548,821.9261137172707,813.0,812.0958661417335
1311.07741335107,822.3703596861583,816.0,813.8025590551193
1315.5412873714229,822.6043014105643,813.0,815.597598425198
1320.2055950607,823.0945399032896,816.0,817.4809842519697
1325.0551448130223,823.8626331266372,819.0,819.4527165354343
1330.0730420047867,824.9292201005323,822.0,821.5127952755918
1335.2407451754332,826.3139019918308,825.0,823.6612204724422
1340.5381299711971,828.0351266504993,828.0,825.8979921259855
1345.943560640616,830.1100770783665,831.0,828.2231102362217
1351.6594103035497,831.96726921456,828.0,830.6365748031509
1357.4756163606273,834.1999015402272,831.0,833.138385826773
1363.276630016658,836.7826792237585,834.0,835.7285433070879
1368.934521445254,839.6655188971046,837.0,838.3668897637808
1374.2432571704526,842.7305188971046,840.0,841.0052362204738
1379.19980022701,845.9493355940434,843.0,843.5552362204737
1383.8031069250035,849.2938336795876,846.0,846.0168897637808
1388.054095334173,852.7362162186301,849.0,848.390196850395
1391.9556056679294,856.2491519020142,852.0,850.6751574803162
1395.5123527772978,859.8058990113825,855.0,852.8717716535446
1399.086879387844,863.0244172279686,852.0,854.98003937008
1402.3324995134901,866.2700373536148,855.0,856.9999606299225
1405.2566002632784,869.517580240951,858.0,856.9999606299225
1408.1910934052025,872.4520733828751,855.0,856.9999606299225
1410.8207766881928,875.3726325470013,858.0,855.2450787401588
1413.444142846395,877.9959987052034,855.0,853.5785433070879
1416.037718287311,880.3312645213958,852.0,852.0003543307099
1418.5789855812752,882.3891422001288,849.0,850.5105118110249
1420.9384704021659,884.5136318753182,852.0,849.1090157480328
1423.4059088297918,886.5117241169014,849.0,847.7456692913398
1425.9745377869322,888.37794229293,846.0,846.3823228346469
1428.637316840159,890.1071712291027,843.0,845.0189763779539
1431.2059457972994,891.9733894051313,846.0,843.6556299212609
1433.8687248505262,893.7026183413041,843.0,842.292283464568
1436.6183555075418,895.290118341304,840.0,840.928937007875
1439.4473012218398,896.7315381779771,837.0,839.565590551182
1442.1969318788554,898.3190381779771,840.0,838.2022440944891
1445.0258775931534,899.7604580146501,837.0,836.8388976377961
1447.9263844211687,901.0518468564158,834.0,835.4755511811031
1450.7553301354667,902.4932666930888,837.0,834.1122047244102
1453.655836963482,903.7846555348544,834.0,832.7488582677172
1456.6199548176105,904.9224737746607,831.0,831.3855118110242
1459.6395592568476,905.9036027318011,828.0,830.0221653543313
1462.6036771109762,907.0414209716074,831.0,828.6588188976383
1465.6232815502133,908.0225499287478,828.0,827.2954724409453
1468.9025997304648,908.9012405868709,825.0,825.9321259842524
1472.4386033071175,909.6528413491772,822.0,824.4804330708665
1476.1429288509362,910.6454123871454,825.0,822.9403937007878
1480.1093173719119,911.4884942934113,822.0,821.3120078740161
1484.3316850279562,912.1572516314584,819.0,819.5952755905515
1488.8020609476366,912.6271070738464,816.0,817.7901968503941
1493.5105992040044,912.873871107532,813.0,815.8967716535436
1498.418564757647,913.3897190737579,816.0,813.9150000000003
1503.5665000093068,913.6595109281902,813.0,811.8448818897641
1508.9415000093068,913.6595109281902,810.0,809.6864173228349
1514.5288322562585,913.3666912530109,807.0,807.4396062992129
1520.311977077825,912.7588582391095,804.0,805.1044488188979
1526.2726762133168,911.8147762425917,801.0,802.68094488189
1532.3909894559067,910.5142886165266,798.0,800.1690944881892
1538.5246184528423,908.8707876801257,795.0,797.5688976377955
1544.5638273313166,906.9085297658447,792.0,794.9305511811026
1550.6974563282522,905.2650288294437,795.0,792.2922047244097
1556.7366652067265,903.3027709151628,792.0,789.6538582677167
1562.6649009149837,901.0271344355501,789.0,787.0155118110238
1568.4659145710143,898.4443567520188,786.0,784.3771653543308
1574.1238059996103,895.5615170786728,783.0,781.7388188976379
1579.6230673136415,892.3865170786728,780.0,779.1004724409449
1584.948625420095,888.9280592063274,777.0,776.462125984252
1590.085883334376,885.1956228542701,774.0,773.823779527559
1595.0207601896277,881.1994383711037,771.0,771.1854330708661
1600.1580181039087,877.4670020190465,774.0,771.1854330708661
1605.0928949591605,873.4708175358801,771.0,771.1854330708661
1610.2301528734415,869.7383811838229,774.0,771.1854330708661
1615.1650297286933,865.7421967006565,771.0,771.1854330708661
1620.3022876429743,862.0097603485992,774.0,773.823779527559
1625.6278457494277,858.5513024762538,777.0,776.462125984252
1631.1271070634589,855.3763024762538,780.0,779.1004724409449
1636.784998492055,852.4934628029077,783.0,781.7388188976379
1642.385032147404,850.000167180853,786.0,784.3771653543308
1647.9024924680025,847.8822125990404,789.0,786.9271653543308
1653.314004045722,846.1239059010469,792.0,789.3888188976379
1658.4206889786617,844.1636332170341,789.0,791.7621259842521
1663.8322005563812,842.4053265190406,792.0,794.0470866141733
1669.5408221897496,840.8757059624847,795.0,796.4203937007875
1675.5368669822478,839.6012072977719,798.0,798.8820472440946
1681.808687945027,838.6078484447664,801.0,801.4320472440945
1688.1239019806155,837.9440927030168,804.0,804.0703937007875
1694.465199526307,837.6117593808741,807.0,806.7087401574804
1700.815199526307,837.6117593808741,810.0,809.3470866141733
1707.1564970719985,837.9440927030168,813.0,811.9854330708663
1713.471711107587,838.6078484447664,816.0,814.6237795275592
1719.7435320703662,839.6012072977719,819.0,817.2621259842522
1725.954769335026,840.9214465344647,822.0,819.9004724409451
1732.0883983319616,842.5649474708657,825.0,822.5388188976381
1738.1276072104358,844.5272053851467,828.0,825.177165354331
1744.2612362073714,846.1707063215476,825.0,827.815511811024
1750.3004450858457,848.1329642358286,828.0,830.4538582677169
1756.228680794103,850.4086007154413,831.0,833.0922047244098
1762.0296944501335,852.9913783989725,834.0,835.7305511811028
1767.6875858787296,855.8742180723186,837.0,838.3688976377957
1773.1868471927608,859.0492180723186,840.0,841.0072440944887
1778.5124052992142,862.507675944664,843.0,841.0072440944887
1784.0116666132453,865.682675944664,840.0,838.3688976377957
1789.6695580418414,868.5655156180101,837.0,835.7305511811028
1795.470571697872,871.1482933015413,834.0,833.0922047244098
1801.3988074061292,873.423929781154,831.0,830.4538582677169
1807.4380162846035,875.386187695435,828.0,827.815511811024
1813.571645281539,877.0296886318359,825.0,825.177165354331
1819.7828825461988,878.3499278685288,822.0,822.5388188976381
1826.054703508978,879.3432867215342,819.0,819.9004724409451
1832.3699175445665,880.0070424632838,816.0,817.2621259842522
1838.711215090258,880.3393757854266,813.0,814.6237795275592
1845.061215090258,880.3393757854266,810.0,811.9854330708663
1851.4025126359495,880.0070424632838,807.0,809.3470866141733
1857.498931854557,879.3662829834531,804.0,806.7087401574804
1863.4008324049564,879.0569774820573,807.0,804.1587401574805
1869.497251623564,878.4162180022265,804.0,801.6970866141734
1875.769072586343,877.422859149221,801.0,799.1470866141734
1881.9803098510029,876.1026199125282,798.0,796.5087401574805
1888.1139388479385,874.4591189761272,795.0,793.8703937007875
1894.1531477264127,872.4968610618463,792.0,791.2320472440946
1900.08138343467,870.2212245822336,789.0,788.5937007874016
1905.8823970907006,867.6384468987023,786.0,785.9553543307087
1911.5402885192966,864.7556072253562,783.0,783.3170078740158
1917.0395498333278,861.5806072253563,780.0,780.6786614173228
1922.3651079397812,858.1221493530109,777.0,778.0403149606299
1927.5023658540622,854.3897130009536,774.0,775.4019685039369
1932.437242709314,850.3935285177872,771.0,772.763622047244
1937.1562123510955,846.1445491674085,768.0,770.125275590551
1941.64634041163,841.6544211068739,765.0,767.4869291338581
1945.8953197620087,836.9354514650925,762.0,764.8485826771652
1950.3854478225433,832.4453234045578,765.0,762.2102362204722
1954.634427172922,827.7263537627764,762.0,759.5718897637793
1958.6306116560884,822.7914769075246,759.0,756.9335433070863
1962.3630480081456,817.6542189932437,756.0,754.2951968503934
1965.821505880491,812.3286608867903,753.0,751.6568503937004
1968.996505880491,806.8293995727591,750.0,749.0185039370075
1971.879345553837,801.171508144163,747.0,749.0185039370075
1975.054345553837,795.6722468301318,750.0,749.0185039370075
1977.9371852271831,790.0143554015357,747.0,749.0185039370075
1981.112185227183,784.5150940875045,750.0,749.0185039370075
1983.9950249005292,778.8572026589084,747.0,749.0185039370075
1987.1700249005291,773.3579413448772,750.0,749.0185039370075
1990.0528645738752,767.700049916281,747.0,749.0185039370075
1993.2278645738752,762.2007886022499,750.0,751.6568503937004
1996.6863224462206,756.8752304957965,753.0,754.2951968503934
2000.4187587982778,751.7379725815156,756.0,756.9335433070863
2004.4149432814443,746.8030957262638,759.0,759.5718897637793
2008.663922631823,742.0841260844824,762.0,762.2102362204722
2013.1540506923575,737.5939980239477,765.0,764.8485826771652
2017.873020334139,733.345018673569,768.0,767.4869291338581
2022.8078971893908,729.3488341904026,771.0,770.125275590551
2027.9451551036718,725.6163978383454,774.0,772.763622047244
2032.8800319589236,721.620213355179,771.0,772.763622047244
2038.0172898732046,717.8877770031218,774.0,772.763622047244
2042.9521667284564,713.8915925199553,771.0,772.763622047244
2048.0894246427374,710.1591561678981,774.0,772.763622047244
2053.024301497989,706.1629716847317,771.0,772.763622047244
2058.16155941227,702.4305353326745,774.0,772.763622047244
2063.0964362675218,698.4343508495081,771.0,772.763622047244
2068.2336941818025,694.7019144974508,774.0,772.763622047244
2073.1685710370543,690.7057300142844,771.0,772.763622047244
2078.305828951335,686.9732936622272,774.0,772.763622047244
2083.6313870577887,683.5148357898818,777.0,775.4019685039369
2089.13064837182,680.3398357898818,780.0,778.0403149606299
2094.788539800416,677.4569961165357,783.0,780.6786614173228
2100.5895534564465,674.8742184330044,786.0,783.3170078740158
2106.2474448850426,671.9913787596583,783.0,785.9553543307087
2112.048458541073,669.4086010761271,786.0,788.5937007874016
2117.97669424933,667.1329645965144,789.0,791.2320472440946
2124.0159031278044,665.1707066822335,792.0,793.8703937007875
2130.14953212474,663.5272057458325,795.0,793.8703937007875
2136.188741003214,661.5649478315515,792.0,793.8703937007875
2142.3223700001495,659.9214468951506,795.0,793.8703937007875
2148.3615788786237,657.9591889808696,792.0,793.8703937007875
2154.495207875559,656.3156880444686,795.0,793.8703937007875
2160.5344167540334,654.3534301301877,792.0,793.8703937007875
2166.6680457509688,652.7099291937867,795.0,796.5087401574805
2172.8792830156285,651.3896899570939,798.0,799.1470866141734
2179.1511039784077,650.3963311040884,801.0,801.7854330708664
2185.4663180139964,649.7325753623388,804.0,804.4237795275593
2191.807615559688,649.4002420401961,807.0,807.0621259842522
2198.157615559688,649.4002420401961,810.0,809.7004724409452
2204.49891310538,649.7325753623388,813.0,812.3388188976381
2210.8141271409686,650.3963311040884,816.0,814.9771653543311
2217.1554246866604,650.7286644262311,813.0,814.9771653543311
2223.470638722249,651.3924201679807,816.0,814.9771653543311
2229.811936267941,651.7247534901235,813.0,814.9771653543311
2236.1271503035296,652.3885092318731,816.0,814.9771653543311
2242.4684478492213,652.7208425540158,813.0,814.9771653543311
2248.78366188481,653.3845982957654,816.0,814.9771653543311
2255.124959430502,653.7169316179081,813.0,814.9771653543311
2261.4401734660905,654.3806873596577,816.0,817.615511811024
2267.7119944288697,655.3740462126632,819.0,820.253858267717
2273.9232316935295,656.694285449356,822.0,822.8922047244099
2280.056860690465,658.337786385757,825.0,825.5305511811029
2286.096069568939,660.3000443000379,828.0,828.1688976377958
2292.024305277196,662.5756807796506,831.0,830.8072440944887
2297.8253189332268,665.1584584631819,834.0,833.4455905511817
2303.483210361823,668.041298136528,837.0,836.0839370078746
2308.982471675854,671.2162981365279,840.0,838.7222834645676
2314.3080297823076,674.6747560088734,843.0,841.3606299212605
2319.4452876965884,678.4071923609306,846.0,843.9989763779535
2324.38016455184,682.403376844097,849.0,846.6373228346464
2329.0991341936215,686.6523561944757,852.0,849.2756692913393
2334.0340110488733,690.6485406776421,849.0,851.9140157480323
2338.7529806906546,694.8975200280208,852.0,854.5523622047252
2343.243108751189,699.3876480885555,855.0,857.1907086614182
2347.492088101568,704.1066177303369,858.0,857.1907086614182
2351.9822161621023,708.5967457908715,855.0,857.1907086614182
2356.231195512481,713.315715432653,858.0,857.1907086614182
2360.7213235730155,717.8058434931876,855.0,857.1907086614182
2364.9703029233942,722.524813134969,858.0,857.1907086614182
2368.9664874065606,727.4596899902208,861.0,859.8290551181111
2372.6989237586176,732.5969479045017,864.0,862.4674015748041
2376.157381630963,737.9225060109551,867.0,865.105748031497
2379.332381630963,743.4217673249863,870.0,867.74409448819
2382.215221304309,749.0796587535824,873.0,870.3824409448829
2384.7979989878404,754.8806724096129,876.0,873.0207874015758
2387.6808386611865,760.538563838209,873.0,875.6591338582688
2390.263616344718,766.3395774942395,876.0,878.2974803149617
2392.5392528243306,772.2678132024968,879.0,880.9358267716547
2394.5015107386116,778.307022080971,882.0,883.5741732283476
2396.1450116750125,784.4406510779066,885.0,886.2125196850405
2397.4652509117054,790.6518883425663,888.0,888.8508661417335
2398.4586097647107,796.9237093053454,891.0,891.4892125984264
2399.1223655064605,803.2389233409339,894.0,894.1275590551194
2399.4546988286033,809.5802208866254,897.0,894.1275590551194
2400.118454570353,815.8954349222139,894.0,894.1275590551194
2400.450787892496,822.2367324679054,897.0,894.1275590551194
2401.114543634246,828.5519465034939,894.0,894.1275590551194
2401.4468769563887,834.8932440491855,897.0,894.1275590551194
2402.1106326981385,841.208458084774,894.0,894.1275590551194
2402.4429660202813,847.5497556304655,897.0,896.7659055118123
2402.4429660202813,853.8997556304655,900.0,899.4042519685053
2402.1106326981385,860.241053176157,903.0,902.0425984251982
2401.4468769563887,866.5562672117455,906.0,904.6809448818912
2400.4535181033834,872.8280881745246,909.0,907.3192913385841
2399.1332788666905,879.0393254391843,912.0,909.957637795277
2397.4897779302896,885.1729544361199,915.0,912.59598425197
2395.5275200160086,891.2121633145941,918.0,915.2343307086629
2393.8840190796077,897.3457923115297,915.0,917.8726771653559
2391.9217611653266,903.385001190004,918.0,917.8726771653559
2390.278260228926,909.5186301869396,915.0,917.8726771653559
2388.3160023146447,915.5578390654139,918.0,917.8726771653559
2386.672501378244,921.6914680623495,915.0,917.8726771653559
2384.710243463963,927.7306769408237,918.0,917.8726771653559
2383.066742527562,933.8643059377594,915.0,917.8726771653559
2381.104484613281,939.9035148162336,918.0,917.8726771653559
2379.46098367688,946.0371438131692,915.0,917.8726771653559
2377.498725762599,952.0763526916435,918.0,917.8726771653559
2375.855224826198,958.2099816885791,915.0,917.8726771653559
2373.892966911917,964.2491905670533,918.0,917.8726771653559
2372.249465975516,970.382819563989,915.0,917.8726771653559
2370.287208061235,976.4220284424632,918.0,917.8726771653559
2368.6437071248342,982.5556574393988,915.0,917.8726771653559
2366.681449210553,988.5948663178731,918.0,917.8726771653559
2365.0379482741523,994.7284953148087,915.0,917.8726771653559
2363.0756903598713,1000.767704193283,918.0,917.8726771653559
2361.4321894234704,1006.9013331902186,915.0,917.8726771653559
2359.4699315091893,1012.9405420686928,918.0,917.8726771653559
2357.8264305727885,1019.0741710656284,915.0,917.8726771653559
2355.8641726585074,1025.1133799441027,918.0,917.8726771653559
2354.2206717221065,1031.2470089410383,915.0,917.8726771653559
2352.2584138078255,1037.2862178195126,918.0,917.8726771653559
2350.6149128714246,1043.4198468164482,915.0,917.8726771653559
2348.6526549571436,1049.4590556949224,918.0,917.8726771653559
2346.377018477531,1055.3872914031797,921.0,920.5110236220488
2343.7942407939995,1061.1883050592103,924.0,923.1493700787418
2340.9114011206534,1066.8461964878063,927.0,925.7877165354347
2337.736401120653,1072.3454578018375,930.0,928.4260629921276
2334.277943248308,1077.6710159082909,933.0,931.0644094488206
2330.545506896251,1082.808273822572,936.0,933.7027559055135
2326.5493224130846,1087.7431506778237,939.0,936.3411023622065
2322.8168860610276,1092.8804085921047,936.0,938.9794488188994
2318.820701577861,1097.8152854473565,939.0,941.6177952755924
2314.5717222274825,1102.534255089138,942.0,944.2561417322853
2310.081594166948,1107.0243831496725,945.0,946.8944881889782
2305.3626245251667,1111.2733625000512,948.0,949.5328346456712
2300.427747669915,1115.2695469832177,951.0,952.1711811023641
2295.290489755634,1119.0019833352749,954.0,954.8095275590571
2289.9649316491805,1122.4604412076203,957.0,957.44787401575
2284.4656703351493,1125.6354412076203,960.0,960.086220472443
2278.8077789065533,1128.5182808809664,963.0,962.7245669291359
2273.0067652505227,1131.1010585644976,966.0,965.3629133858288
2267.0785295422656,1133.3766950441102,969.0,968.0012598425218
2261.0393206637914,1135.338952958391,972.0,970.6396062992147
2254.905691666856,1136.9824538947921,975.0,973.2779527559077
2248.6944544021962,1138.3026931314848,978.0,975.9162992126006
2242.422633439417,1139.2960519844903,981.0,978.5546456692936
2236.1074194038283,1139.95980772624,984.0,981.1929921259865
2229.835598441049,1140.9531665792454,981.0,983.8313385826795
2223.5203844054604,1141.616922320995,984.0,986.4696850393724
2217.1790868597686,1141.9492556431376,987.0,989.1080314960653
2210.8290868597687,1141.9492556431376,990.0,991.7463779527583
2204.487789314077,1141.616922320995,993.0,994.3847244094512
2198.1725752784882,1140.9531665792454,996.0,997.0230708661442
2191.900754315709,1139.95980772624,999.0,997.0230708661442
2185.5855402801203,1139.2960519844903,996.0,997.0230708661442
2179.313719317341,1138.3026931314848,999.0,997.0230708661442
2172.9985052817524,1137.6389373897352,996.0,997.0230708661442
2166.726684318973,1136.6455785367298,999.0,997.0230708661442
2160.4114702833845,1135.9818227949802,996.0,997.0230708661442
2154.1396493206053,1134.9884639419747,999.0,997.0230708661442
2147.8244352850165,1134.3247082002251,996.0,997.0230708661442
2141.5526143222373,1133.3313493472197,999.0,997.0230708661442
2135.2374002866486,1132.66759360547,996.0,997.0230708661442
2128.9655793238694,1131.6742347524646,999.0,997.0230708661442
2122.6503652882807,1131.010479010715,996.0,997.0230708661442
2116.3785443255015,1130.0171201577095,999.0,997.0230708661442
2110.0633302899128,1129.35336441596,996.0,997.0230708661442
2103.7915093271336,1128.3600055629545,999.0,997.0230708661442
2097.476295291545,1127.696249821205,996.0,997.0230708661442
2091.134997745853,1127.3639164990623,993.0,994.3847244094512
2084.784997745853,1127.3639164990623,990.0,991.7463779527583
2078.4437002001614,1127.696249821205,987.0,989.1080314960653
2072.1284861645727,1128.3600055629545,984.0,986.4696850393724
2065.8566652017935,1129.35336441596,981.0,983.8313385826795
2059.5414511662048,1130.0171201577095,984.0,981.1929921259865
2053.2696302034255,1131.010479010715,981.0,978.5546456692936
2047.0583929387658,1132.3307182474077,978.0,975.9162992126006
2040.9247639418302,1133.9742191838088,975.0,973.2779527559077
2034.885555063356,1135.9364770980897,972.0,973.2779527559077
2028.7519260664203,1137.5799780344908,975.0,973.2779527559077
2022.712717187946,1139.5422359487716,972.0,973.2779527559077
2016.5790881910104,1141.1857368851727,975.0,973.2779527559077
2010.5398793125362,1143.1479947994535,972.0,973.2779527559077
2004.4062503156006,1144.7914957358546,975.0,973.2779527559077
1998.3670414371263,1146.7537536501354,972.0,973.2779527559077
1992.2334124401907,1148.3972545865365,975.0,973.2779527559077
1986.1942035617164,1150.3595125008173,972.0,973.2779527559077
1980.0605745647808,1152.0030134372184,975.0,973.2779527559077
1974.0213656863066,1153.9652713514993,972.0,973.2779527559077
1967.887736689371,1155.6087722879004,975.0,973.2779527559077
1961.8485278108967,1157.5710302021812,972.0,973.2779527559077
1955.714898813961,1159.2145311385823,975.0,973.2779527559077
1949.6756899354868,1161.1767890528631,972.0,973.2779527559077
1943.7474542272296,1163.4524255324757,969.0,970.6396062992147
1937.946440571199,1166.035203216007,966.0,968.0012598425218
1932.288549142603,1168.918042889353,963.0,965.3629133858288
1926.7892878285718,1172.093042889353,960.0,962.7245669291359
1921.1313963999758,1174.975882562699,963.0,960.086220472443
1915.6321350859446,1178.150882562699,960.0,957.44787401575
1910.3065769794912,1181.6093404350445,957.0,954.8095275590571
1905.1693190652102,1185.3417767871017,954.0,954.8095275590571
1899.8437609587568,1188.8002346594471,957.0,954.8095275590571
1894.7065030444758,1192.5326710115044,954.0,954.8095275590571
1889.3809449380224,1195.9911288838498,957.0,954.8095275590571
1884.2436870237414,1199.723565235907,954.0,954.8095275590571
1878.918128917288,1203.1820231082525,957.0,954.8095275590571
1873.780871003007,1206.9144594603097,954.0,954.8095275590571
1868.4553128965536,1210.372917332655,957.0,954.8095275590571
1863.3180549822725,1214.1053536847123,954.0,954.8095275590571
1857.9924968758191,1217.5638115570578,957.0,954.8095275590571
1852.8552389615381,1221.296247909115,954.0,954.8095275590571
1847.5296808550847,1224.7547057814604,957.0,954.8095275590571
1842.3924229408037,1228.4871421335176,954.0,954.8095275590571
1837.0668648343503,1231.945600005863,957.0,954.8095275590571
1831.9296069200693,1235.6780363579203,954.0,954.8095275590571
1826.604048813616,1239.1364942302657,957.0,954.8095275590571
1821.466790899335,1242.868930582323,954.0,954.8095275590571
1816.1412327928815,1246.3273884546684,957.0,954.8095275590571
1811.0039748786005,1250.0598248067256,954.0,954.8095275590571
1805.678416772147,1253.518282679071,957.0,954.8095275590571
1800.179155458116,1256.693282679071,960.0,957.44787401575
1794.52126402952,1259.576122352417,963.0,960.086220472443
1789.0220027154887,1262.751122352417,960.0,962.7245669291359
1783.3641112868927,1265.6339620257631,963.0,965.3629133858288
1777.563097630862,1268.2167397092944,966.0,968.0012598425218
1771.6348619226048,1270.492376188907,969.0,970.6396062992147
1765.5956530441306,1272.4546341031878,972.0,973.2779527559077
1759.462024047195,1274.098135039589,975.0,975.9162992126006
1753.2507867825352,1275.4183742762816,978.0,978.5546456692936
1746.978965819756,1276.411733129287,981.0,981.1929921259865
1740.6637517841675,1277.0754888710367,984.0,983.8313385826795
1734.322454238476,1277.4078221931793,987.0,986.4696850393724
1727.972454238476,1277.4078221931793,990.0,989.1080314960653
1721.6311566927845,1277.0754888710367,993.0,991.7463779527583
1715.315942657196,1276.411733129287,996.0,994.3847244094512
1709.0441216944168,1275.4183742762816,999.0,997.0230708661442
1702.832884429757,1274.098135039589,1002.0,999.6614173228371
1696.6992554328215,1272.4546341031878,1005.0,1002.29976377953
1690.4880181681617,1271.134394866495,1002.0,1004.938110236223
1684.354389171226,1269.490893930094,1005.0,1007.5764566929159
1678.3151802927518,1267.5286360158132,1008.0,1010.2148031496089
1672.3869445844946,1265.2529995362006,1011.0,1012.8531496063018
1666.585930928464,1262.6702218526693,1014.0,1015.4914960629948
1660.928039499868,1259.7873821793232,1017.0,1018.1298425196877
1655.4287781858368,1256.6123821793233,1020.0,1018.1298425196877
1649.7708867572408,1253.7295425059772,1017.0,1018.1298425196877
1644.2716254432096,1250.5545425059772,1020.0,1018.1298425196877
1638.6137340146136,1247.6717028326311,1017.0,1018.1298425196877
1633.1144727005824,1244.4967028326312,1020.0,1018.1298425196877
1627.4565812719864,1241.613863159285,1017.0,1018.1298425196877
1621.9573199579552,1238.4388631592851,1020.0,1018.1298425196877
1616.2994285293591,1235.556023485939,1017.0,1018.1298425196877
1610.800167215328,1232.381023485939,1020.0,1018.1298425196877
1605.142275786732,1229.498183812593,1017.0,1018.1298425196877
1599.6430144727008,1226.323183812593,1020.0,1018.1298425196877
1593.9851230441047,1223.440344139247,1017.0,1018.1298425196877
1588.4858617300736,1220.265344139247,1020.0,1018.1298425196877
1582.8279703014775,1217.3825044659009,1017.0,1018.1298425196877
1577.3287089874464,1214.207504465901,1020.0,1018.1298425196877
1571.6708175588503,1211.3246647925548,1017.0,1018.1298425196877
1566.1715562448192,1208.1496647925549,1020.0,1018.1298425196877
1560.5136648162231,1205.2668251192088,1017.0,1018.1298425196877
1555.014403502192,1202.0918251192088,1020.0,1018.1298425196877
1549.356512073596,1199.2089854458627,1017.0,1015.4914960629948
1543.5554984175653,1196.6262077623314,1014.0,1012.8531496063018
1537.627262709308,1194.3505712827189,1011.0,1010.2148031496089
1531.5880538308338,1192.388313368438,1008.0,1007.5764566929159
1525.4544248338982,1190.744812432037,1005.0,1004.938110236223
1519.2431875692384,1189.4245731953442,1002.0,1002.29976377953
1512.9713666064592,1188.4312143423388,999.0,999.6614173228371
1506.6561525708707,1187.7674586005892,996.0,997.0230708661442
1500.3148550251792,1187.4351252784465,993.0,994.3847244094512
1493.9648550251793,1187.4351252784465,990.0,991.7463779527583
1487.6235574794878,1187.7674586005892,987.0,989.1080314960653
1481.3083434438993,1188.4312143423388,984.0,986.4696850393724
1475.03652248112,1189.4245731953442,981.0,983.8313385826795
1468.7213084455316,1190.0883289370938,984.0,981.1929921259865
1462.4494874827524,1191.0816877900993,981.0,978.5546456692936
1456.2382502180926,1192.401927026792,978.0,975.9162992126006
1450.104621221157,1194.045427963193,975.0,973.2779527559077
1444.0654123426827,1196.007685877474,972.0,970.6396062992147
1438.1371766344255,1198.2833223570865,969.0,968.0012598425218
1432.336162978395,1200.8661000406178,966.0,965.3629133858288
1426.6782715497989,1203.7489397139639,963.0,962.7245669291359
1421.1790102357677,1206.9239397139638,960.0,960.086220472443
1415.8534521293143,1210.3823975863093,957.0,957.44787401575
1410.7161942150333,1214.1148339383665,954.0,954.8095275590571
1405.3906361085799,1217.573291810712,957.0,954.8095275590571
1400.2533781942989,1221.3057281627691,954.0,954.8095275590571
1394.9278200878455,1224.7641860351146,957.0,954.8095275590571
1389.7905621735645,1228.4966223871718,954.0,954.8095275590571
1384.465004067111,1231.9550802595172,957.0,957.44787401575
1378.96574275308,1235.1300802595172,960.0,960.086220472443
1373.3078513244839,1238.0129199328633,963.0,962.7245669291359
1367.5068376684533,1240.5956976163945,966.0,965.3629133858288
1361.578601960196,1242.871334096007,969.0,968.0012598425218
1355.5393930817218,1244.833592010288,972.0,970.6396062992147
1349.4057640847861,1246.477092946689,975.0,973.2779527559077
1343.1945268201264,1247.7973321833817,978.0,975.9162992126006
1336.9227058573472,1248.7906910363872,981.0,978.5546456692936
1330.6074918217587,1249.4544467781368,984.0,981.1929921259865
1324.3356708589795,1250.4478056311423,981.0,983.8313385826795
1318.020456823391,1251.1115613728919,984.0,986.4696850393724
1311.6791592776995,1251.4438946950345,987.0,989.1080314960653
1305.3291592776995,1251.4438946950345,990.0,991.7463779527583
1298.987861732008,1251.1115613728919,993.0,994.3847244094512
1292.6726476964195,1250.4478056311423,996.0,997.0230708661442
1286.4008267336403,1249.4544467781368,999.0,999.6614173228371
1280.1895894689806,1248.134207541444,1002.0,1002.29976377953
1274.055960472045,1246.490706605043,1005.0,1004.938110236223
1268.0167515935707,1244.5284486907622,1008.0,1007.5764566929159
1262.0885158853134,1242.2528122111496,1011.0,1010.2148031496089
1256.2875022292828,1239.6700345276183,1014.0,1012.8531496063018
1250.6296108006868,1236.7871948542722,1017.0,1015.4914960629948
1245.1303494866556,1233.6121948542723,1020.0,1018.1298425196877
1239.8047913802022,1230.1537369819268,1023.0,1020.7681889763807
1234.6675334659212,1226.4213006298696,1026.0,1023.4065354330736
1229.90362872219,1222.5635666327341,1029.0,1026.0448818897664
1225.1223382854341,1219.0897557916855,1026.0,1028.5948818897664
1220.700377764744,1215.508922766612,1029.0,1031.0565354330736
1216.6353755693826,1211.848778349829,1032.0,1033.4298425196878
1212.9230649681533,1208.1364677485997,1035.0,1035.714803149609
1209.5573380181681,1204.3984492764484,1038.0,1037.9114173228375
1206.2534059651564,1200.3184329787994,1041.0,1040.019685039373
1203.0382206351167,1195.8931100195684,1044.0,1042.2162992126014
1199.9392245258812,1191.121074487959,1047.0,1044.5012598425226
1196.4654136848326,1186.3397840512032,1044.0,1046.8745669291368
1193.1267764001905,1181.1987334696978,1047.0,1049.336220472444
1189.9517764001905,1175.6994721556666,1050.0,1051.886220472444
1187.0689367268444,1170.0415807270706,1053.0,1054.5245669291369
1184.4861590433131,1164.24056707104,1056.0,1057.1629133858298
1182.2105225637006,1158.3123313627827,1059.0,1059.8012598425228
1180.2482646494198,1152.2731224843085,1062.0,1062.4396062992157
1178.6047637130187,1146.1394934873729,1065.0,1065.0779527559087
1177.284524476326,1139.9282562227131,1068.0,1067.7162992126016
1175.6410235399248,1133.7946272257775,1065.0,1067.7162992126016
1174.3207843032321,1127.5833899611177,1068.0,1067.7162992126016
1172.677283366831,1121.4497609641821,1065.0,1067.7162992126016
1171.3570441301383,1115.2385236995224,1068.0,1067.7162992126016
1169.7135431937372,1109.1048947025868,1065.0,1067.7162992126016
1168.3933039570445,1102.893657437927,1068.0,1067.7162992126016
1166.7498030206434,1096.7600284409914,1065.0,1067.7162992126016
1165.4295637839507,1090.5487911763316,1068.0,1067.7162992126016
1163.7860628475496,1084.415162179396,1065.0,1067.7162992126016
1162.465823610857,1078.2039249147363,1068.0,1067.7162992126016
1160.8223226744558,1072.0702959178006,1065.0,1067.7162992126016
1159.502083437763,1065.859058653141,1068.0,1067.7162992126016
1157.858582501362,1059.7254296562053,1065.0,1067.7162992126016
1156.5383432646693,1053.5141923915455,1068.0,1067.7162992126016
1154.8948423282682,1047.38056339461,1065.0,1067.7162992126016
1153.5746030915755,1041.1693261299502,1068.0,1067.7162992126016
1151.9311021551744,1035.0356971330145,1065.0,1067.7162992126016
1150.6108629184816,1028.8244598683548,1068.0,1067.7162992126016
1148.9673619820805,1022.6908308714192,1065.0,1067.7162992126016
1147.6471227453878,1016.4795936067595,1068.0,1067.7162992126016
1146.0036218089867,1010.3459646098239,1065.0,1067.7162992126016
1144.683382572294,1004.1347273451643,1068.0,1067.7162992126016
1143.6900237192885,997.8629063823852,1071.0,1070.3546456692945
1143.026267977539,991.5476923467967,1074.0,1072.9929921259875
1142.6939346553963,985.2063948011051,1077.0,1075.6313385826804
1142.6939346553963,978.8563948011051,1080.0,1078.2696850393734
1143.026267977539,972.5150972554136,1083.0,1080.9080314960663
1143.6900237192885,966.1998832198251,1086.0,1083.5463779527593
1144.683382572294,959.928062257046,1089.0,1086.1847244094522
1145.3471383140436,953.6128482214575,1086.0,1088.8230708661451
1146.340497167049,947.3410272586784,1089.0,1091.461417322838
1147.6607364037418,941.1297899940188,1092.0,1094.099763779531
1149.304237340143,934.9961609970832,1095.0,1096.738110236224
1151.2664952544237,928.9569521186089,1098.0,1099.376456692917
1153.5421317340363,923.0287164103516,1101.0,1102.0148031496099
1156.1249094175676,917.2277027543212,1104.0,1104.6531496063028
1159.0077490909136,911.569811325725,1107.0,1107.2914960629957
1162.1827490909136,906.0705500116939,1110.0,1109.9298425196887
1165.641206963259,900.7449919052405,1113.0,1112.5681889763816
1169.3736433153163,895.6077339909596,1116.0,1115.2065354330746
1173.3698277984827,890.6728571357078,1119.0,1117.8448818897675
1177.6188071488614,885.9538874939263,1122.0,1120.4832283464605
1182.108935209396,881.4637594333917,1125.0,1123.1215748031534
1186.8279048511774,877.214780083013,1128.0,1125.7599212598464
1191.7627817064292,873.2185955998466,1131.0,1128.3982677165393
1196.9000396207102,869.4861592477894,1134.0,1131.0366141732322
1201.834916475962,865.489974764623,1131.0,1133.6749606299252
1206.972174390243,861.7575384125657,1134.0,1136.3133070866181
1212.2977324966964,858.2990805402203,1137.0,1138.951653543311
1217.7969938107276,855.1240805402203,1140.0,1141.590000000004
1223.4548852393236,852.2412408668743,1143.0,1144.228346456697
1229.2558988953542,849.6584631833429,1146.0,1146.86669291339
1235.1841346036115,847.3828267037302,1149.0,1149.5050393700828
1241.2233434820857,845.4205687894492,1152.0,1152.1433858267758
1247.3569724790214,843.7770678530483,1155.0,1154.7817322834687
1253.568209743681,842.4568286163554,1158.0,1157.4200787401617
1259.8400307064603,841.46346976335,1161.0,1160.0584251968546
1266.1552447420488,840.7997140216004,1164.0,1162.6967716535476
1272.4965422877403,840.4673806994576,1167.0,1165.3351181102405
1278.8465422877402,840.4673806994576,1170.0,1167.9734645669334
1285.1878398334318,840.7997140216004,1173.0,1170.6118110236264
1291.5030538690203,841.46346976335,1176.0,1173.2501574803193
1297.8443514147118,841.7958030854927,1173.0,1175.8885039370123
1304.1595654503003,842.4595588272423,1176.0,1178.5268503937052
1310.4313864130795,843.4529176802478,1179.0,1181.1651968503982
1316.6426236777393,844.7731569169405,1182.0,1183.803543307091
1322.7762526746749,846.4166578533415,1185.0,1186.441889763784
1328.8154615531491,848.3789157676224,1188.0,1189.080236220477
1334.7436972614064,850.6545522472351,1191.0,1191.71858267717
1340.544710917437,853.2373299307664,1194.0,1194.3569291338629
1346.202602346033,856.1201696041124,1197.0,1196.9952755905558
1352.0036160020636,858.7029472876437,1194.0,1196.9952755905558
1357.6615074306596,861.5857869609898,1197.0,1196.9952755905558
1363.4625210866902,864.1685646445211,1194.0,1196.9952755905558
1369.1204125152863,867.0514043178672,1197.0,1196.9952755905558
1374.9214261713169,869.6341820013985,1194.0,1196.9952755905558
1380.5793175999129,872.5170216747446,1197.0,1196.9952755905558
1386.3803312559435,875.0997993582758,1194.0,1194.3569291338629
1392.3085669642007,877.3754358378885,1191.0,1191.71858267717
1398.13854340909,879.2697100134069,1188.0,1189.080236220477
1403.8471650424585,880.7993305699628,1185.0,1186.530236220477
1409.4128248906338,881.9823480907158,1182.0,1184.0685826771698
1414.8154801136893,882.8380446144859,1179.0,1181.6952755905556
1419.9507550175417,883.9295809912791,1182.0,1179.4103149606344
1424.9188273707352,884.7164463504314,1179.0,1177.213700787406
1429.7024776874566,885.2192282587488,1176.0,1175.1054330708705
1434.2861872519802,885.4594502979039,1173.0,1173.085511811028
1438.65618725198,885.4594502979039,1170.0,1171.1539370078783
1442.8004998212116,885.2422560794957,1167.0,1169.3107086614216
1446.7304998212117,885.2422560794957,1170.0,1167.5558267716578
1450.435415395151,885.0480896818344,1167.0,1165.8892913385869
1453.9062968099863,884.6832853450303,1164.0,1164.3111023622089
1457.1360376837324,884.1717446443488,1161.0,1162.821259842524
1460.2936447015268,883.839866773474,1164.0,1161.4197637795316
1463.4295551829164,883.3431873469713,1161.0,1160.0564173228388
1466.5351738152463,882.6830677286249,1158.0,1158.693070866146
1469.601988313714,881.8613172604244,1155.0,1157.329724409453
1472.7076069460438,881.201197642078,1158.0,1155.9663779527602
1475.7744214445115,880.3794471738775,1155.0,1154.6030314960674
1478.7940258837486,879.398318216737,1152.0,1153.2396850393745
1481.7581437378772,878.2604999769308,1149.0,1151.8763385826817
1484.7777481771143,877.2793710197903,1152.0,1150.5129921259888
1487.9472537250722,876.062711831084,1149.0,1149.149645669296
1491.2497205544503,874.592358866365,1146.0,1147.6979527559101
1494.830001490067,873.2180177798588,1149.0,1146.1579133858313
1498.5344283208076,871.5687006921864,1146.0,1144.5295275590597
1502.343481211713,869.6278913057998,1143.0,1142.8127952755951
1506.236265401724,867.3803913057998,1140.0,1141.0077165354376
1510.1905971295866,864.812418255704,1137.0,1139.1142913385872
1514.4644324972628,862.344918255704,1140.0,1137.132519685044
1518.7877792750214,859.5373040302015,1137.0,1135.0624015748076
1523.1362456197867,856.3779582991295,1134.0,1132.9039370078785
1527.4843772741385,852.8569107112057,1131.0,1132.9039370078785
1532.188811096429,849.438939469125,1134.0,1132.9039370078785
1536.8788869738219,845.6409909091392,1131.0,1132.9039370078785
1541.9392882736372,841.9643941560498,1134.0,1132.9039370078785
1546.874165128889,837.9682096728834,1131.0,1132.9039370078785
1552.01142304317,834.2357733208262,1134.0,1132.9039370078785
1556.9462998984218,830.2395888376598,1131.0,1132.9039370078785
1562.0835578127028,826.5071524856025,1134.0,1132.9039370078785
1567.0184346679546,822.5109680024361,1131.0,1132.9039370078785
1572.1556925822356,818.7785316503789,1134.0,1132.9039370078785
1577.0905694374874,814.7823471672125,1131.0,1132.9039370078785
1582.2278273517684,811.0499108151553,1134.0,1132.9039370078785
1587.5533854582218,807.5914529428098,1137.0,1135.5422834645715
1593.052646772253,804.4164529428099,1140.0,1138.1806299212644
1598.710538200849,801.5336132694638,1143.0,1140.8189763779574
1604.5115518568796,798.9508355859324,1146.0,1143.4573228346503
1610.4397875651368,796.6751991063197,1149.0,1146.0956692913433
1616.2408012211674,794.0924214227883,1146.0,1148.7340157480362
1622.1690369294247,791.8167849431757,1149.0,1151.3723622047291
1628.208245807899,789.8545270288947,1152.0,1154.010708661422
1634.3418748048346,788.2110260924937,1155.0,1156.649055118115
1640.5531120694943,786.8907868558009,1158.0,1159.287401574808
1646.8249330322735,785.8974280027954,1161.0,1161.925748031501
1653.140147067862,785.2336722610459,1164.0,1164.5640944881939
1659.4814446135535,784.9013389389031,1167.0,1167.2024409448868
1665.8314446135535,784.9013389389031,1170.0,1169.8407874015797
1672.172742159245,785.2336722610459,1173.0,1172.4791338582727
1678.4879561948335,785.8974280027954,1176.0,1175.1174803149656
1684.7597771576127,786.8907868558009,1179.0,1177.7558267716586
1690.9710144222724,788.2110260924936,1182.0,1180.3941732283515
1697.104643419208,789.8545270288946,1185.0,1183.0325196850445
1703.1438522976823,791.8167849431755,1188.0,1185.6708661417374
1709.0720880059396,794.0924214227882,1191.0,1188.3092125984303
1715.1112968844138,796.0546793370692,1188.0,1190.9475590551233
1721.039532592671,798.3303158166818,1191.0,1193.5859055118162
1726.8405462487017,800.9130935002131,1194.0,1196.2242519685092
1732.4984376772977,803.7959331735592,1197.0,1198.8625984252021
1737.997698991329,806.9709331735592,1200.0,1201.500944881895
1743.3232570977823,810.4293910459046,1203.0,1204.139291338588
1748.4605150120633,814.1618273979618,1206.0,1206.777637795281
1753.395391867315,818.1580118811282,1209.0,1209.415984251974
1758.1143615090966,822.4069912315069,1212.0,1212.0543307086668
1762.6044895696311,826.8971192920415,1215.0,1214.6926771653598
1766.8534689200098,831.6160889338229,1218.0,1217.3310236220527
1770.8496534031763,836.5509657890747,1221.0,1219.9693700787457
1774.5820897552335,841.6882237033556,1224.0,1222.6077165354386
1778.5782742384,846.6231005586073,1221.0,1222.6077165354386
1782.8272535887786,851.3420702003888,1218.0,1219.9693700787457
1787.3173816493131,855.8321982609233,1215.0,1217.3310236220527
1792.0363512910947,860.081177611302,1212.0,1214.6926771653598
1796.5264793516292,864.5713056718365,1215.0,1212.0543307086668
1801.2454489934107,868.8202850222152,1212.0,1209.415984251974
1806.1803258486625,872.8164695053817,1209.0,1206.777637795281
1811.3175837629435,876.548905857439,1206.0,1204.139291338588
1816.643141869397,880.0073637297844,1203.0,1201.500944881895
1822.142403183428,883.1823637297844,1200.0,1198.8625984252021
1827.8002946120241,886.0652034031305,1197.0,1196.2242519685092
1833.6013082680547,888.6479810866617,1194.0,1193.5859055118162
1839.529543976312,890.9236175662744,1191.0,1190.9475590551233
1845.5687528547862,892.8858754805553,1188.0,1188.3092125984303
1851.7023818517218,894.5293764169563,1185.0,1185.6708661417374
1857.9136191163816,895.849615653649,1182.0,1183.0325196850445
1864.1854400791608,896.8429745066545,1179.0,1180.3941732283515
1870.5006541147493,897.5067302484041,1176.0,1177.7558267716586
1876.8419516604408,897.8390635705468,1173.0,1175.1174803149656
1883.1919516604407,897.8390635705468,1170.0,1172.4791338582727
1889.5332492061323,897.5067302484041,1167.0,1169.8407874015797
1895.8832492061322,897.5067302484041,1170.0,1167.2024409448868
1902.2245467518237,897.1743969262614,1167.0,1164.5640944881939
1908.5397607874122,896.5106411845118,1164.0,1161.925748031501
1914.8115817501914,895.5172823315063,1161.0,1159.287401574808
1921.0228190148512,894.1970430948135,1158.0,1156.649055118115
1927.1564480117868,892.5535421584125,1155.0,1154.010708661422
1933.195656890261,890.5912842441315,1152.0,1151.3723622047291
1939.1238925985183,888.3156477645189,1149.0,1148.7340157480362
1944.924906254549,885.7328700809875,1146.0,1146.0956692913433
1950.582797683145,882.8500304076414,1143.0,1143.4573228346503
1956.082058997176,879.6750304076414,1140.0,1140.8189763779574
1961.4076171036295,876.216572535296,1137.0,1138.1806299212644
1966.5448750179105,872.4841361832388,1134.0,1135.5422834645715
1971.4797518731623,868.4879517000724,1131.0,1132.9039370078785
1976.1987215149438,864.2389723496937,1128.0,1130.2655905511856
1980.6888495754783,859.748844289159,1125.0,1127.6272440944927
1984.937828925857,855.0298746473776,1122.0,1124.9888976377997
1989.4279569863916,850.539746586843,1125.0,1122.3505511811068
1993.6769363367703,845.8207769450615,1122.0,1119.7122047244138
1997.6731208199367,840.8859000898098,1119.0,1117.0738582677209
2001.405557171994,835.7486421755289,1116.0,1114.435511811028
2004.8640150443393,830.4230840690755,1113.0,1111.797165354335
2008.0390150443393,824.9238227550443,1110.0,1109.158818897642
2010.9218547176854,819.2659313264481,1107.0,1106.520472440949
2013.5046324012167,813.4649176704177,1104.0,1103.8821259842562
2015.7802688808292,807.5366819621604,1101.0,1101.2437795275632
2017.74252679511,801.4974730836861,1098.0,1098.6054330708703
2020.0181632747226,795.5692373754289,1101.0,1098.6054330708703
2021.9804211890034,789.5300284969546,1098.0,1098.6054330708703
2024.256057668616,783.6017927886974,1101.0,1098.6054330708703
2026.2183155828968,777.5625839102231,1098.0,1098.6054330708703
2028.4939520625094,771.6343482019658,1101.0,1101.2437795275632
2031.0767297460407,765.8333345459354,1104.0,1103.8821259842562
2033.9595694193868,760.1754431173392,1107.0,1106.520472440949
2037.1345694193867,754.676181803308,1110.0,1109.158818897642
2040.5930272917321,749.3506236968547,1113.0,1111.797165354335
2044.3254636437894,744.2133657825738,1116.0,1114.435511811028
2048.321648126956,739.278488927322,1119.0,1117.0738582677209
2052.5706274773347,734.5595192855405,1122.0,1119.7122047244138
2057.060755537869,730.0693912250059,1125.0,1122.3505511811068
2061.309734888248,725.3504215832245,1122.0,1124.9888976377997
2065.7998629487824,720.8602935226899,1125.0,1127.6272440944927
2070.5188325905638,716.6113141723112,1128.0,1130.2655905511856
2075.4537094458155,712.6151296891447,1131.0,1132.9039370078785
2080.5909673600963,708.8826933370875,1134.0,1135.5422834645715
2085.91652546655,705.4242354647421,1137.0,1138.1806299212644
2091.415786780581,702.2492354647421,1140.0,1140.8189763779574
2097.073678209177,699.366395791396,1143.0,1143.4573228346503
2102.8746918652078,696.7836181078646,1146.0,1146.0956692913433
2108.802927573465,694.507981628252,1149.0,1148.7340157480362
2114.842136451939,692.545723713971,1152.0,1151.3723622047291
2120.770372160196,690.2700872343584,1149.0,1151.3723622047291
2126.8095810386703,688.3078293200774,1152.0,1151.3723622047291
2132.7378167469274,686.0321928404647,1149.0,1151.3723622047291
2138.7770256254016,684.0699349261838,1152.0,1151.3723622047291
2144.7052613336587,681.7942984465711,1149.0,1151.3723622047291
2150.744470212133,679.8320405322902,1152.0,1154.010708661422
2156.8780992090683,678.1885395958892,1155.0,1156.649055118115
2163.089336473728,676.8683003591964,1158.0,1159.287401574808
2169.3611574365073,675.8749415061909,1161.0,1161.925748031501
2175.676371472096,675.2111857644413,1164.0,1164.5640944881939
2182.0176690177877,674.8788524422986,1167.0,1167.2024409448868
2188.3676690177876,674.8788524422986,1170.0,1169.8407874015797
2194.7089665634794,675.2111857644413,1173.0,1172.4791338582727
2201.024180599068,675.8749415061909,1176.0,1175.1174803149656
2207.2960015618473,676.8683003591964,1179.0,1177.7558267716586
2213.507238826507,678.1885395958891,1182.0,1180.3941732283515
2219.6408678234425,679.8320405322901,1185.0,1183.0325196850445
2225.6800767019167,681.794298446571,1188.0,1185.6708661417374
2231.813705698852,683.437799382972,1185.0,1185.6708661417374
2237.8529145773264,685.4000572972529,1188.0,1185.6708661417374
2243.9865435742618,687.0435582336539,1185.0,1185.6708661417374
2250.025752452736,689.0058161479349,1188.0,1185.6708661417374
2256.1593814496714,690.6493170843358,1185.0,1185.6708661417374
2262.1985903281457,692.6115749986168,1188.0,1185.6708661417374
2268.332219325081,694.2550759350178,1185.0,1185.6708661417374
2274.3714282035553,696.2173338492987,1188.0,1185.6708661417374
2280.5050572004907,697.8608347856997,1185.0,1185.6708661417374
2286.544266078965,699.8230926999806,1188.0,1185.6708661417374
2292.6778950759003,701.4665936363816,1185.0,1185.6708661417374
2298.7171039543746,703.4288515506626,1188.0,1185.6708661417374
2304.6453396626316,705.7044880302752,1191.0,1188.3092125984303
2310.684548541106,707.6667459445562,1188.0,1190.9475590551233
2316.612784249363,709.9423824241688,1191.0,1193.5859055118162
2322.4137979053935,712.5251601077001,1194.0,1196.2242519685092
2328.0716893339895,715.4079997810462,1197.0,1198.8625984252021
2333.5709506480207,718.5829997810462,1200.0,1201.500944881895
2338.8965087544743,722.0414576533916,1203.0,1204.139291338588
2344.033766668755,725.7738940054488,1206.0,1206.777637795281
2348.968643524007,729.7700784886154,1209.0,1209.415984251974
2353.687613165788,734.0190578389941,1212.0,1212.0543307086668
2358.1777412263227,738.5091858995286,1215.0,1214.6926771653598
2362.4267205767014,743.22815554131,1218.0,1217.3310236220527
2366.422905059868,748.1630323965618,1221.0,1219.9693700787457
2370.155341411925,753.3002903108427,1224.0,1222.6077165354386
2373.61379928427,758.6258484172961,1227.0,1225.2460629921316
2376.78879928427,764.1251097313273,1230.0,1227.8844094488245
2379.6716389576163,769.7830011599234,1233.0,1230.5227559055174
2382.2544166411476,775.5840148159539,1236.0,1233.1611023622104
2385.1372563144937,781.24190624455,1233.0,1235.7994488189033
2387.720033998025,787.0429199005805,1236.0,1238.4377952755963
2389.9956704776378,792.9711556088378,1239.0,1241.0761417322892
2391.957928391919,799.010364487312,1242.0,1243.7144881889822
2393.6014293283197,805.1439934842476,1245.0,1246.352834645675
2394.9216685650126,811.3552307489073,1248.0,1248.991181102368
2395.9150274180183,817.6270517116864,1251.0,1248.991181102368
2397.2352666547113,823.838288976346,1248.0,1248.991181102368
2398.228625507717,830.1101099391251,1251.0,1248.991181102368
2399.54886474441,836.3213472037847,1248.0,1248.991181102368
2400.5422235974156,842.5931681665638,1251.0,1248.991181102368
2401.8624628341086,848.8044054312235,1248.0,1248.991181102368
2402.8558216871143,855.0762263940026,1251.0,1248.991181102368
2404.176060923807,861.2874636586622,1248.0,1248.991181102368
2405.169419776813,867.5592846214413,1251.0,1251.629527559061
2405.8331755185627,873.8744986570298,1254.0,1254.267874015754
2406.1655088407056,880.2157962027213,1257.0,1256.9062204724469
2406.1655088407056,886.5657962027213,1260.0,1259.5445669291398
2405.8331755185627,892.9070937484129,1263.0,1262.1829133858328
2405.169419776813,899.2223077840014,1266.0,1264.8212598425257
2404.1760609238077,905.4941287467805,1269.0,1267.4596062992186
2402.8558216871147,911.7053660114401,1272.0,1270.0979527559116
2401.212320750714,917.8389950083757,1275.0,1272.7362992126045
2399.892081514021,924.0502322730354,1272.0,1272.7362992126045
2398.24858057762,930.183861269971,1275.0,1272.7362992126045
2396.928341340927,936.3950985346306,1272.0,1272.7362992126045
2395.284840404526,942.5287275315662,1275.0,1272.7362992126045
2393.9646011678333,948.7399647962259,1272.0,1272.7362992126045
2392.3211002314324,954.8735937931615,1275.0,1272.7362992126045
2391.0008609947395,961.0848310578211,1272.0,1272.7362992126045
2389.3573600583386,967.2184600547567,1275.0,1272.7362992126045
2388.0371208216457,973.4296973194164,1272.0,1272.7362992126045
2386.393619885245,979.563326316352,1275.0,1272.7362992126045
2385.073380648552,985.7745635810116,1272.0,1272.7362992126045
2383.429879712151,991.9081925779473,1275.0,1272.7362992126045
2382.109640475458,998.1194298426069,1272.0,1272.7362992126045
2380.466139539057,1004.2530588395425,1275.0,1272.7362992126045
2379.145900302364,1010.4642961042022,1272.0,1272.7362992126045
2377.5023993659634,1016.5979251011378,1275.0,1272.7362992126045
2376.1821601292704,1022.8091623657974,1272.0,1272.7362992126045
2374.5386591928695,1028.942791362733,1275.0,1272.7362992126045
2373.2184199561766,1035.1540286273928,1272.0,1272.7362992126045
2371.5749190197757,1041.2876576243284,1275.0,1272.7362992126045
2369.6126611054947,1047.3268665028027,1278.0,1275.3746456692975
2367.337024625882,1053.25510221106,1281.0,1278.0129921259904
2365.374766711601,1059.2943110895342,1278.0,1280.6513385826834
2363.099130231988,1065.2225467977914,1281.0,1283.2896850393763
2360.516352548457,1071.023560453822,1284.0,1285.9280314960693
2357.6335128751107,1076.681451882418,1287.0,1288.5663779527622
2354.4585128751105,1082.1807131964492,1290.0,1291.2047244094551
2351.0000550027653,1087.5062713029026,1293.0,1293.843070866148
2347.2676186507083,1092.6435292171836,1296.0,1296.481417322841
2343.271434167542,1097.5784060724354,1299.0,1299.119763779534
2339.022454817163,1102.297375714217,1302.0,1301.758110236227
2334.5323267566287,1106.7875037747515,1305.0,1304.3964566929199
2329.8133571148473,1111.0364831251302,1308.0,1307.0348031496128
2324.8784802595956,1115.0326676082966,1311.0,1309.6731496063057
2319.741222345315,1118.7651039603538,1314.0,1312.3114960629987
2314.415664238861,1122.2235618326993,1317.0,1314.9498425196916
2308.91640292483,1125.3985618326992,1320.0,1317.5881889763846
2303.258511496234,1128.2814015060453,1323.0,1320.2265354330775
2297.759250182203,1131.4564015060453,1320.0,1322.8648818897705
2292.1013587536067,1134.3392411793914,1323.0,1325.5032283464634
2286.300345097576,1136.9220188629226,1326.0,1328.1415748031563
2280.372109389319,1139.1976553425352,1329.0,1330.7799212598493
2274.332900510845,1141.159913256816,1332.0,1333.4182677165422
2268.1992715139095,1142.8034141932171,1335.0,1336.0566141732352
2261.9880342492497,1144.1236534299098,1338.0,1338.6949606299281
2255.7162132864705,1145.1170122829153,1341.0,1341.333307086621
2249.400999250882,1145.780768024665,1344.0,1343.971653543314
2243.05970170519,1146.1131013468075,1347.0,1346.610000000007
2236.70970170519,1146.1131013468075,1350.0,1349.2483464567
2230.3684041594984,1145.780768024665,1353.0,1351.8866929133928
2224.0531901239096,1145.1170122829153,1356.0,1354.5250393700858
2217.7813691611304,1144.1236534299098,1359.0,1357.1633858267787
2211.5701318964707,1142.8034141932171,1362.0,1359.8017322834717
2205.4365028995353,1141.159913256816,1365.0,1362.4400787401646
2199.397294021061,1139.1976553425352,1368.0,1365.0784251968576
2193.2636650241257,1137.554154406134,1365.0,1365.0784251968576
2187.2244561456514,1135.5918964918533,1368.0,1365.0784251968576
2181.090827148716,1133.9483955554522,1365.0,1365.0784251968576
2175.0516182702418,1131.9861376411714,1368.0,1365.0784251968576
2168.9179892733064,1130.3426367047703,1365.0,1365.0784251968576
2162.878780394832,1128.3803787904894,1368.0,1365.0784251968576
2156.7451513978967,1126.7368778540883,1365.0,1365.0784251968576
2150.7059425194225,1124.7746199398075,1368.0,1365.0784251968576
2144.572313522487,1123.1311190034064,1365.0,1365.0784251968576
2138.533104644013,1121.1688610891256,1368.0,1365.0784251968576
2132.3994756470775,1119.5253601527245,1365.0,1362.4400787401646
2126.1882383824177,1118.2051209160318,1362.0,1359.8017322834717
2119.9164174196385,1117.2117620630263,1359.0,1357.1633858267787
2113.6012033840498,1116.5480063212767,1356.0,1354.5250393700858
2107.259905838358,1116.215672999134,1353.0,1351.8866929133928
2100.909905838358,1116.215672999134,1350.0,1349.2483464567
2094.5686082926663,1116.5480063212767,1347.0,1346.610000000007
2088.2533942570776,1117.2117620630263,1344.0,1343.971653543314
2081.9815732942984,1118.2051209160318,1341.0,1341.333307086621
2075.7703360296387,1119.5253601527245,1338.0,1338.6949606299281
2069.6367070327033,1121.1688610891256,1335.0,1336.0566141732352
2063.597498154229,1123.1311190034064,1332.0,1333.4182677165422
2057.669262445972,1125.406755483019,1329.0,1330.7799212598493
2051.8682487899414,1127.9895331665502,1326.0,1328.1415748031563
2046.2103573613454,1130.8723728398963,1323.0,1325.5032283464634
2040.7110960473142,1134.0473728398963,1320.0,1322.8648818897705
2035.0532046187182,1136.9302125132424,1323.0,1320.2265354330775
2029.553943304687,1140.1052125132423,1320.0,1317.5881889763846
2024.2283851982336,1143.5636703855878,1317.0,1314.9498425196916
2019.0911272839526,1147.296106737645,1314.0,1312.3114960629987
2014.1562504287008,1151.2922912208114,1311.0,1309.6731496063057
2009.4372807869192,1155.5412705711901,1308.0,1309.6731496063057
2004.5024039316675,1159.5374550543565,1311.0,1309.6731496063057
1999.783434289886,1163.7864344047352,1308.0,1309.6731496063057
1994.8485574346341,1167.7826188879017,1311.0,1309.6731496063057
1990.1295877928526,1172.0315982382804,1308.0,1309.6731496063057
1985.1947109376008,1176.0277827214468,1311.0,1309.6731496063057
1980.4757412958193,1180.2767620718255,1308.0,1309.6731496063057
1975.5408644405675,1184.272946554992,1311.0,1309.6731496063057
1970.821894798786,1188.5219259053706,1308.0,1309.6731496063057
1965.8870179435341,1192.518110388537,1311.0,1309.6731496063057
1961.1680483017526,1196.7670897389157,1308.0,1309.6731496063057
1956.2331714465008,1200.7632742220821,1311.0,1309.6731496063057
1951.5142018047193,1205.0122535724608,1308.0,1309.6731496063057
1946.5793249494675,1209.0084380556273,1311.0,1309.6731496063057
1941.860355307686,1213.257417406006,1308.0,1309.6731496063057
1936.9254784524342,1217.2536018891724,1311.0,1309.6731496063057
1932.2065088106526,1221.502581239551,1308.0,1309.6731496063057
1927.2716319554008,1225.4987657227175,1311.0,1309.6731496063057
1922.5526623136193,1229.7477450730962,1308.0,1309.6731496063057
1917.6177854583675,1233.7439295562626,1311.0,1309.6731496063057
1912.898815816586,1237.9929089066413,1308.0,1309.6731496063057
1907.9639389613342,1241.9890933898077,1311.0,1309.6731496063057
1903.2449693195526,1246.2380727401865,1308.0,1309.6731496063057
1898.3100924643009,1250.2342572233529,1311.0,1309.6731496063057
1893.1728345500198,1253.96669357541,1314.0,1312.3114960629987
1887.8472764435664,1257.4251514477555,1317.0,1314.9498425196916
1882.3480151295353,1260.6001514477555,1320.0,1317.5881889763846
1876.6901237009392,1263.4829911211016,1323.0,1320.2265354330775
1871.190862386908,1266.6579911211015,1320.0,1322.8648818897705
1865.532970958312,1269.5408307944476,1323.0,1325.5032283464634
1859.7319573022814,1272.123608477979,1326.0,1328.1415748031563
1853.8037215940242,1274.3992449575915,1329.0,1330.7799212598493
1847.76451271555,1276.3615028718723,1332.0,1333.4182677165422
1841.6308837186143,1278.0050038082734,1335.0,1336.0566141732352
1835.4196464539546,1279.325243044966,1338.0,1338.6949606299281
1829.1478254911754,1280.3186018979716,1341.0,1341.333307086621
1822.8326114555869,1280.9823576397212,1344.0,1343.971653543314
1816.4913139098953,1281.3146909618638,1347.0,1346.610000000007
1810.1413139098954,1281.3146909618638,1350.0,1349.2483464567
1803.8000163642039,1280.9823576397212,1353.0,1351.8866929133928
1797.4848023286154,1280.3186018979716,1356.0,1354.5250393700858
1791.1435047829239,1279.986268575829,1353.0,1354.5250393700858
1784.8282907473354,1279.3225128340794,1356.0,1354.5250393700858
