1156.0115139103734,1093.780301502354,3.0,0
1156.0115139103734,1093.340301502354,0.0,0
1156.0460556414937,1092.681206009416,3.0,0
1156.0460556414937,1091.8012060094159,0.0,0
1156.103625193361,1090.7027135211858,3.0,0
1156.103625193361,1089.382713521186,0.0,0
1156.1842225659752,1087.8448240376638,3.0,0
1156.1842225659752,1086.0848240376638,0.0,0
1156.2878477593363,1084.1075375588498,3.0,0
1156.2878477593363,1081.9075375588498,0.0,0
1156.4145007734442,1079.4908540847437,3.0,0
1156.4145007734442,1076.8508540847436,0.0,0
1156.564181608299,1073.9947736153454,3.0,0
1156.564181608299,1070.9147736153454,0.0,0
1156.7368902639007,1067.6192961506554,3.0,0
1156.7368902639007,1064.0992961506554,0.0,1.4135433070866146
1156.9326267402494,1060.3644216906732,3.0,2.9154330708661425
1157.3465594547893,1056.426114985015,6.0,4.5056692913385845
1158.0004555186574,1052.2975777213273,9.0,6.18425196850394
1158.4603807570352,1047.921681381707,6.0,7.951181102362208
1159.183107985521,1043.3585612481575,9.0,9.80645669291339
1160.189400569079,1038.6243268606058,12.0,11.750078740157484
1161.4990249372977,1033.7367421795832,15.0,13.782047244094493
1162.5967986648154,1028.5721228477087,12.0,13.782047244094493
1164.0203034128792,1023.2595308031188,15.0,13.782047244094493
1165.2095582843567,1017.6645265269213,12.0,13.782047244094493
1166.7469434122656,1011.9269271187643,15.0,13.782047244094493
1168.027679427703,1005.9015378982441,12.0,13.782047244094493
1169.6711803641042,999.7679089013085,15.0,13.782047244094493
1170.991419600797,993.5566716366488,12.0,13.782047244094493
1172.634920537198,987.4230426397132,15.0,13.782047244094493
1173.9551597738907,981.2118053750536,12.0,13.782047244094493
1175.5986607102918,975.078176378118,15.0,13.782047244094493
1176.9188999469845,968.8669391134583,12.0,13.782047244094493
1178.5624008833856,962.7333101165227,15.0,13.782047244094493
1179.8826401200783,956.5220728518631,12.0,13.782047244094493
1181.5261410564794,950.3884438549275,15.0,13.782047244094493
1182.8463802931722,944.1772065902678,12.0,13.782047244094493
1184.4898812295733,938.0435775933322,15.0,16.420393700787407
1186.452139143854,932.004368714858,18.0,19.058740157480322
1188.7277756234666,926.0761330066007,21.0,21.697086614173237
1191.310553306998,920.2751193505702,24.0,24.335433070866152
1194.193392980344,914.6172279219741,27.0,26.973779527559067
1197.368392980344,909.1179666079429,30.0,29.612125984251982
1200.8268508526894,903.7924085014895,33.0,32.2504724409449
1204.0018508526894,898.2931471874583,30.0,32.2504724409449
1207.4603087250348,892.9675890810049,33.0,32.2504724409449
1210.6353087250347,887.4683277669737,30.0,32.2504724409449
1214.0937665973802,882.1427696605203,33.0,32.2504724409449
1217.2687665973801,876.6435083464892,30.0,32.2504724409449
1220.7272244697256,871.3179502400358,33.0,32.2504724409449
1224.4596608217828,866.1806923257549,36.0,34.88881889763781
1228.4558453049492,861.2458154705031,39.0,37.52716535433073
1232.704824655328,856.5268458287217,42.0,40.16551181102364
1237.1949527158624,852.036717768187,45.0,42.803858267716556
1241.913922357644,847.7877384178083,48.0,45.44220472440947
1246.8487992128958,843.7915539346419,51.0,48.080551181102386
1251.5677688546773,839.5425745842632,48.0,50.7188976377953
1256.502645709929,835.5463901010968,51.0,53.357244094488216
1261.63990362421,831.8139537490396,54.0,55.99559055118113
1266.9654617306635,828.3554958766941,57.0,58.633937007874046
1272.4647230446947,825.1804958766942,60.0,61.27228346456696
1278.1226144732907,822.2976562033481,63.0,63.910629921259876
1283.9236281293213,819.7148785198168,66.0,66.54897637795278
1289.8518638375785,817.4392420402041,69.0,69.1873228346457
1295.8910727160528,815.4769841259232,72.0,71.82566929133861
1302.0247017129884,813.8334831895222,75.0,74.46401574803153
1308.2359389776482,812.5132439528294,78.0,77.10236220472444
1314.5077599404274,811.5198850998239,81.0,79.74070866141736
1320.8229739760159,810.8561293580743,84.0,82.37905511811027
1327.1642715217074,810.5237960359316,87.0,85.01740157480319
1333.5142715217073,810.5237960359316,90.0,87.6557480314961
1339.8555690673988,810.8561293580743,93.0,90.29409448818902
1346.2055690673988,810.8561293580743,90.0,92.93244094488193
1352.5468666130903,811.1884626802171,93.0,95.57078740157485
1358.8620806486788,811.8522184219667,96.0,98.20913385826776
1365.133901611458,812.8455772749721,99.0,100.84748031496068
1371.3451388761177,814.165816511665,102.0,103.48582677165359
1377.4787678730534,815.8093174480659,105.0,103.48582677165359
1383.6900051377131,817.1295566847588,102.0,103.48582677165359
1389.8236341346487,818.7730576211598,105.0,103.48582677165359
1396.0348713993085,820.0932968578526,102.0,103.48582677165359
1402.168500396244,821.7367977942536,105.0,103.48582677165359
1408.3797376609039,823.0570370309464,102.0,103.48582677165359
1414.5133666578395,824.7005379673474,105.0,103.48582677165359
1420.7246039224992,826.0207772040402,102.0,103.48582677165359
1426.8582329194348,827.6642781404412,105.0,103.48582677165359
1433.0694701840946,828.984517377134,102.0,103.48582677165359
1439.2030991810302,830.628018313535,105.0,103.48582677165359
1445.41433644569,831.9482575502278,102.0,103.48582677165359
1451.5479654426256,833.5917584866288,105.0,103.48582677165359
1457.7592027072853,834.9119977233216,102.0,103.48582677165359
1463.892831704221,836.5554986597226,105.0,106.1241732283465
1469.9320405826952,838.5177565740036,108.0,108.76251968503942
1475.8602762909525,840.7933930536162,111.0,111.40086614173234
1481.661289946983,843.3761707371475,114.0,114.03921259842525
1487.319181375579,846.2590104104936,117.0,116.67755905511817
1492.8184426896103,849.4340104104936,120.0,119.31590551181108
1498.1440007960637,852.892468282839,123.0,121.954251968504
1503.2812587103447,856.6249046348962,126.0,124.59259842519691
1508.2161355655965,860.6210891180626,129.0,127.23094488188983
1512.935105207378,864.8700684684413,132.0,129.86929133858274
1517.4252332679125,869.360196528976,135.0,132.50763779527566
1521.6742126182912,874.0791661707574,138.0,135.14598425196857
1526.1643406788257,878.569294231292,135.0,137.78433070866149
1530.4133200292044,883.2882638730734,138.0,140.4226771653544
1534.4095045123709,888.2231407283252,141.0,143.06102362204732
1538.141940864428,893.3603986426061,144.0,145.69937007874023
1541.6003987367735,898.6859567490595,147.0,145.69937007874023
1545.3328350888307,903.8232146633404,144.0,145.69937007874023
1548.7912929611762,909.1487727697938,147.0,145.69937007874023
1552.5237293132334,914.2860306840747,144.0,143.06102362204732
1556.5199137963998,919.2209075393265,141.0,140.4226771653544
1560.7688931467785,923.9398771811079,138.0,137.78433070866149
1565.259021207313,928.4300052416426,135.0,135.14598425196857
1569.9779908490946,932.6789845920213,132.0,132.50763779527566
1574.9128677043464,936.6751690751877,129.0,129.86929133858274
1580.0501256186274,940.4076054272449,126.0,127.23094488188983
1585.3756837250808,943.8660632995903,123.0,124.59259842519691
1590.874945039112,947.0410632995903,120.0,121.954251968504
1596.532836467708,949.9239029729364,117.0,119.31590551181108
1602.3338501237386,952.5066806564677,114.0,116.67755905511817
1607.9917415523346,955.3895203298138,117.0,114.03921259842525
1613.7927552083652,957.972298013345,114.0,111.40086614173234
1619.7209909166224,960.2479344929577,111.0,108.76251968503942
1625.7601997950967,962.2101924072387,108.0,106.1241732283465
1631.8938287920323,963.8536933436396,105.0,103.48582677165359
1638.105066056692,965.1739325803325,102.0,100.84748031496068
1644.3768870194713,966.1672914333379,99.0,98.20913385826776
1650.6921010550598,966.8310471750875,96.0,95.57078740157485
1657.0333986007513,967.1633804972303,93.0,92.93244094488193
1663.3833986007512,967.1633804972303,90.0,90.29409448818902
1669.7246961464427,966.8310471750875,87.0,87.6557480314961
1676.0399101820312,966.1672914333379,84.0,85.01740157480319
1682.3117311448104,965.1739325803325,81.0,82.37905511811027
1688.5229684094702,963.8536933436396,78.0,79.74070866141736
1694.6565974064058,962.2101924072387,75.0,77.10236220472444
1700.69580628488,960.2479344929577,72.0,74.46401574803153
1706.6240419931373,957.972298013345,69.0,71.82566929133861
1712.6632508716116,956.0100400990641,72.0,69.1873228346457
1718.5914865798688,953.7344036194514,69.0,66.54897637795278
1724.3925002358994,951.1516259359202,66.0,63.91062992125987
1730.0503916644955,948.268786262574,63.0,61.272283464566954
1735.5496529785266,945.0937862625741,60.0,58.63393700787404
1740.87521108498,941.6353283902287,57.0,55.995590551181124
1746.012468999261,937.9028920381714,54.0,53.35724409448821
1750.9473458545128,933.906707555005,51.0,50.718897637795294
1755.6663154962944,929.6577282046263,48.0,48.08055118110238
1760.156443556829,925.1676001440917,45.0,45.442204724409464
1764.4054229072076,920.4486305023103,42.0,42.80385826771655
1768.401607390374,915.5137536470585,39.0,40.165511811023634
1772.1340437424312,910.3764957327776,36.0,37.52716535433072
1775.5925016147767,905.0509376263242,33.0,34.888818897637805
1778.7675016147766,899.551676312293,30.0,32.25047244094489
1782.225959487122,894.2261182058396,33.0,32.25047244094489
1785.400959487122,888.7268568918084,30.0,32.25047244094489
1788.8594173594674,883.401298785355,33.0,32.25047244094489
1792.0344173594674,877.9020374713239,30.0,32.25047244094489
1795.4928752318128,872.5764793648705,33.0,32.25047244094489
1798.6678752318128,867.0772180508393,30.0,32.25047244094489
1802.1263331041582,861.7516599443859,33.0,32.25047244094489
1805.3013331041582,856.2523986303547,30.0,32.25047244094489
1808.7597909765036,850.9268405239013,33.0,32.25047244094489
1811.9347909765036,845.4275792098701,30.0,32.25047244094489
1815.393248848849,840.1020211034167,33.0,34.888818897637805
1819.1256852009062,834.9647631891359,36.0,37.52716535433072
1823.1218696840726,830.0298863338841,39.0,40.165511811023634
1827.3708490344513,825.3109166921026,42.0,42.80385826771655
1831.8609770949859,820.820788631568,45.0,45.442204724409464
1836.5799467367674,816.5718092811893,48.0,48.08055118110238
1841.5148235920192,812.5756247980229,51.0,50.718897637795294
1846.6520815063002,808.8431884459657,54.0,53.35724409448821
1851.586958361552,804.8470039627992,51.0,53.35724409448821
1856.724216275833,801.114567610742,54.0,53.35724409448821
1861.6590931310848,797.1183831275756,51.0,53.35724409448821
1866.7963510453658,793.3859467755184,54.0,53.35724409448821
1871.7312279006176,789.389762292352,51.0,53.35724409448821
1876.8684858148986,785.6573259402948,54.0,53.35724409448821
1881.8033626701504,781.6611414571283,51.0,53.35724409448821
1886.9406205844314,777.9287051050711,54.0,53.35724409448821
1891.8754974396832,773.9325206219047,51.0,53.35724409448821
1897.0127553539642,770.2000842698475,54.0,53.35724409448821
1901.947632209216,766.2038997866811,51.0,53.35724409448821
1907.084890123497,762.4714634346238,54.0,53.35724409448821
1912.0197669787487,758.4752789514574,51.0,53.35724409448821
1917.1570248930298,754.7428425994002,54.0,53.35724409448821
1922.0919017482815,750.7466581162338,51.0,53.35724409448821
1927.2291596625626,747.0142217641766,54.0,53.35724409448821
1932.1640365178143,743.0180372810102,51.0,53.35724409448821
1937.3012944320953,739.2856009289529,54.0,53.35724409448821
1942.2361712873471,735.2894164457865,51.0,53.35724409448821
1947.3734292016281,731.5569800937293,54.0,53.35724409448821
1952.30830605688,727.5607956105629,51.0,53.35724409448821
1957.445563971161,723.8283592585057,54.0,53.35724409448821
1962.3804408264127,719.8321747753392,51.0,53.35724409448821
1967.5176987406937,716.099738423282,54.0,53.35724409448821
1972.8432568471471,712.6412805509366,57.0,55.995590551181124
1978.3425181611783,709.4662805509366,60.0,58.63393700787404
1984.0004095897743,706.5834408775905,63.0,61.272283464566954
1989.801423245805,704.0006631940593,66.0,63.91062992125987
1995.7296589540622,701.7250267144466,69.0,66.54897637795278
2001.7688678325364,699.7627688001656,72.0,69.1873228346457
2007.6971035407937,697.487132320553,69.0,71.82566929133861
2013.736312419268,695.524874406272,72.0,74.46401574803153
2019.8699414162036,693.881373469871,75.0,77.10236220472444
2026.0811786808633,692.5611342331782,78.0,79.74070866141736
2032.3529996436425,691.5677753801727,81.0,79.74070866141736
2038.5642369083023,690.2475361434799,78.0,79.74070866141736
2044.8360578710815,689.2541772904744,81.0,79.74070866141736
2051.047295135741,687.9339380537816,78.0,79.74070866141736
2057.31911609852,686.9405792007761,81.0,79.74070866141736
2063.53035336318,685.6203399640833,78.0,79.74070866141736
2069.802174325959,684.6269811110778,81.0,79.74070866141736
2076.013411590619,683.306741874385,78.0,79.74070866141736
2082.285232553398,682.3133830213795,81.0,79.74070866141736
2088.496469818058,680.9931437846867,78.0,79.74070866141736
2094.768290780837,679.9997849316812,81.0,79.74070866141736
2100.979528045497,678.6795456949884,78.0,79.74070866141736
2107.251349008276,677.6861868419829,81.0,79.74070866141736
2113.566563043865,677.0224311002333,84.0,82.37905511811027
2119.9078605895565,676.6900977780906,87.0,85.01740157480319
2126.2578605895565,676.6900977780906,90.0,87.6557480314961
2132.599158135248,677.0224311002333,93.0,90.29409448818902
2138.949158135248,677.0224311002333,90.0,92.93244094488193
2145.29045568094,677.3547644223761,93.0,95.57078740157485
2151.6056697165286,678.0185201641257,96.0,98.20913385826776
2157.877490679308,679.0118790171312,99.0,100.84748031496068
2164.0887279439676,680.332118253824,102.0,103.48582677165359
2170.222356940903,681.975619190225,105.0,106.1241732283465
2176.261565819377,683.9378771045059,108.0,108.76251968503942
2182.1898015276342,686.2135135841186,111.0,108.76251968503942
2188.2290104061085,688.1757714983995,108.0,108.76251968503942
2194.1572461143655,690.4514079780122,111.0,108.76251968503942
2200.19645499284,692.4136658922931,108.0,108.76251968503942
2206.124690701097,694.6893023719058,111.0,108.76251968503942
2212.163899579571,696.6515602861867,108.0,108.76251968503942
2218.092135287828,698.9271967657994,111.0,111.40086614173234
2223.8931489438587,701.5099744493307,114.0,114.03921259842525
2229.5510403724547,704.3928141226768,117.0,116.67755905511817
2235.050301686486,707.5678141226767,120.0,119.31590551181108
2240.3758597929395,711.0262719950222,123.0,121.954251968504
2245.5131177072203,714.7587083470794,126.0,124.59259842519691
2250.447994562472,718.7548928302458,129.0,127.23094488188983
2255.1669642042534,723.0038721806245,132.0,129.86929133858274
2259.657092264788,727.4940002411591,135.0,132.50763779527566
2263.9060716151666,732.2129698829406,138.0,135.14598425196857
2268.396199675701,736.7030979434752,135.0,137.78433070866149
2272.64517902608,741.4220675852566,138.0,140.4226771653544
2276.6413635092463,746.3569444405084,141.0,140.4226771653544
2280.890342859625,751.0759140822898,138.0,140.4226771653544
2284.8865273427914,756.0107909375416,141.0,140.4226771653544
2289.13550669317,760.729760579323,138.0,140.4226771653544
2293.1316911763365,765.6646374345748,141.0,140.4226771653544
2297.380670526715,770.3836070763563,138.0,140.4226771653544
2301.3768550098816,775.3184839316081,141.0,140.4226771653544
2305.1092913619386,780.455741845889,144.0,143.06102362204732
2308.567749234284,785.7812999523424,147.0,145.69937007874023
2311.742749234284,791.2805612663735,150.0,148.33771653543315
2314.62558890763,796.9384526949697,153.0,150.97606299212606
2317.2083665911614,802.7394663510001,156.0,153.61440944881898
2319.484003070774,808.6677020592574,159.0,156.2527559055119
2322.0667807543055,814.4687157152879,156.0,158.8911023622048
2324.3424172339182,820.3969514235451,159.0,161.52944881889772
2326.3046751481993,826.4361603020194,162.0,164.16779527559063
2327.9481760846,832.569789298955,165.0,166.80614173228355
2329.268415321293,838.7810265636147,168.0,166.80614173228355
2330.911916257694,844.9146555605503,165.0,166.80614173228355
2332.232155494387,851.1258928252099,168.0,166.80614173228355
2333.875656430788,857.2595218221455,165.0,166.80614173228355
2335.1958956674807,863.4707590868052,168.0,166.80614173228355
2336.8393966038816,869.6043880837408,165.0,166.80614173228355
2338.1596358405745,875.8156253484004,168.0,166.80614173228355
2339.8031367769754,881.949254345336,165.0,166.80614173228355
2341.1233760136683,888.1604916099957,168.0,166.80614173228355
2342.766876950069,894.2941206069313,165.0,166.80614173228355
2344.087116186762,900.505357871591,168.0,166.80614173228355
2345.730617123163,906.6389868685266,165.0,166.80614173228355
2347.050856359856,912.8502241331862,168.0,166.80614173228355
2348.044215212861,919.1220450959653,171.0,169.44448818897646
2348.707970954611,925.4372591315538,174.0,172.08283464566938
2349.040304276754,931.7785566772453,177.0,174.7211811023623
2349.040304276754,938.1285566772453,180.0,177.3595275590552
2349.3726375988967,944.4698542229369,177.0,179.99787401574812
2349.3726375988967,950.8198542229369,180.0,182.63622047244104
2349.040304276754,957.1611517686284,183.0,185.27456692913395
2348.376548535004,963.4763658042169,186.0,187.91291338582687
2347.383189681999,969.748186766996,189.0,187.91291338582687
2346.719433940249,976.0634008025845,186.0,187.91291338582687
2345.7260750872438,982.3352217653636,189.0,187.91291338582687
2345.062319345494,988.6504358009521,186.0,187.91291338582687
2344.0689604924887,994.9222567637312,189.0,187.91291338582687
2343.405204750739,1001.2374707993197,186.0,187.91291338582687
2342.4118458977337,1007.5092917620988,189.0,187.91291338582687
2341.748090155984,1013.8245057976873,186.0,187.91291338582687
2340.7547313029786,1020.0963267604664,189.0,187.91291338582687
2340.090975561229,1026.4115407960549,186.0,187.91291338582687
2339.0976167082235,1032.683361758834,189.0,190.55125984251978
2337.7773774715306,1038.8945990234938,192.0,193.1896062992127
2336.1338765351297,1045.0282280204294,195.0,195.8279527559056
2334.1716186208487,1051.0674368989037,198.0,198.46629921259853
2331.895982141236,1056.995672607161,201.0,201.10464566929144
2329.3132044577046,1062.7966862631915,204.0,203.74299212598436
2326.4303647843585,1068.4545776917876,207.0,206.38133858267727
2323.2553647843583,1073.9538390058187,210.0,209.0196850393702
2319.796906912013,1079.2793971122721,213.0,211.6580314960631
2316.064470559956,1084.4166550265531,216.0,214.29637795275602
2312.606012687611,1089.7422131330065,213.0,214.29637795275602
2308.873576335554,1094.8794710472876,216.0,214.29637795275602
2305.4151184632087,1100.205029153741,213.0,214.29637795275602
2301.6826821111517,1105.342287068022,216.0,214.29637795275602
2298.2242242388065,1110.6678451744754,213.0,214.29637795275602
2294.4917878867495,1115.8051030887564,216.0,214.29637795275602
2291.0333300144043,1121.1306611952098,213.0,214.29637795275602
2287.3008936623473,1126.2679191094908,216.0,216.93472440944893
2283.304709179181,1131.2027959647426,219.0,219.57307086614185
2279.055729828802,1135.921765606524,222.0,222.21141732283476
2274.5656017682677,1140.4118936670586,225.0,224.84976377952768
2269.8466321264864,1144.6608730174373,228.0,227.4881102362206
2264.9117552712346,1148.6570575006037,231.0,230.1264566929135
2259.774497356954,1152.389493852661,234.0,232.76480314960642
2254.4489392505,1155.8479517250064,237.0,235.40314960629934
2248.949677936469,1159.0229517250064,240.0,238.04149606299225
2243.291786507873,1161.9057913983524,243.0,240.67984251968517
2237.4907728518424,1164.4885690818837,246.0,243.31818897637808
2231.8328814232464,1167.3714087552298,243.0,245.956535433071
2226.0318677672158,1169.954186438761,246.0,248.5948818897639
2220.1036320589587,1172.2298229183737,249.0,251.23322834645683
2214.0644231804845,1174.1920808326545,252.0,253.87157480314974
2207.930794183549,1175.8355817690556,255.0,256.50992125984266
2201.7195569188893,1177.1558210057483,258.0,256.50992125984266
2195.585927921954,1178.7993219421494,255.0,256.50992125984266
2189.374690657294,1180.119561178842,258.0,256.50992125984266
2183.241061660359,1181.7630621152432,255.0,256.50992125984266
2177.029824395699,1183.083301351936,258.0,256.50992125984266
2170.8961953987637,1184.726802288337,255.0,256.50992125984266
2164.684958134104,1186.0470415250297,258.0,256.50992125984266
2158.5513291371685,1187.6905424614308,255.0,256.50992125984266
2152.3400918725088,1189.0107816981235,258.0,256.50992125984266
2146.0682709097296,1190.004140551129,261.0,259.14826771653554
2139.753056874141,1190.6678962928786,264.0,261.78661417322843
2133.411759328449,1191.0002296150212,267.0,264.4249606299213
2127.061759328449,1191.0002296150212,270.0,267.0633070866142
2120.7204617827574,1191.3325629371639,267.0,269.7016535433071
2114.3704617827575,1191.3325629371639,270.0,272.34
2108.0291642370657,1191.0002296150212,273.0,274.97834645669286
2101.713950201477,1190.3364738732716,276.0,277.61669291338575
2095.442129238698,1189.3431150202662,279.0,280.25503937007863
2089.230891974038,1188.0228757835735,282.0,282.8933858267715
2083.0972629771027,1186.3793748471724,285.0,285.5317322834644
2077.0580540986284,1184.4171169328915,288.0,288.1700787401573
2071.1298183903714,1182.141480453279,291.0,290.8084251968502
2065.328804734341,1179.5587027697477,294.0,293.44677165354307
2059.6709133057448,1176.6758630964016,297.0,296.08511811023595
2054.1716519917136,1173.5008630964016,300.0,298.72346456692884
2048.84609388526,1170.0424052240562,303.0,301.3618110236217
2043.3468325712288,1166.8674052240563,300.0,301.3618110236217
2038.0212744647754,1163.4089473517108,303.0,301.3618110236217
2032.5220131507442,1160.2339473517109,300.0,301.3618110236217
2027.1964550442908,1156.7754894793654,303.0,301.3618110236217
2021.6971937302596,1153.6004894793655,300.0,301.3618110236217
2016.3716356238062,1150.14203160702,303.0,301.3618110236217
2010.872374309775,1146.96703160702,300.0,301.3618110236217
2005.5468162033217,1143.5085737346747,303.0,301.3618110236217
2000.0475548892905,1140.3335737346747,300.0,301.3618110236217
1994.721996782837,1136.8751158623293,303.0,301.3618110236217
1989.222735468806,1133.7001158623293,300.0,301.3618110236217
1983.8971773623525,1130.2416579899839,303.0,301.3618110236217
1978.3979160483213,1127.066657989984,300.0,298.72346456692884
1972.7400246197253,1124.1838183166378,297.0,296.08511811023595
1966.9390109636947,1121.6010406331065,294.0,293.44677165354307
1961.0107752554375,1119.325404153494,291.0,290.8084251968502
1954.9715663769632,1117.3631462392132,288.0,288.1700787401573
1948.8379373800276,1115.719645302812,285.0,285.5317322834644
1942.6267001153678,1114.3994060661194,282.0,282.8933858267715
1936.3548791525886,1113.4060472131139,279.0,280.25503937007863
1930.0396651170001,1112.7422914713643,276.0,277.61669291338575
1923.6983675713086,1112.4099581492217,273.0,274.97834645669286
1917.3483675713087,1112.4099581492217,270.0,272.34
1911.0070700256172,1112.7422914713643,267.0,269.7016535433071
1904.6570700256173,1112.7422914713643,270.0,267.0633070866142
1898.3157724799257,1113.074624793507,267.0,264.4249606299213
1892.0005584443372,1113.7383805352565,264.0,261.78661417322843
1885.728737481558,1114.731739388262,261.0,259.14826771653554
1879.5175002168983,1116.0519786249547,258.0,256.50992125984266
1873.3838712199627,1117.6954795613558,255.0,253.87157480314974
1867.3446623414884,1119.6577374756366,252.0,251.23322834645683
1861.4164266332311,1121.9333739552492,249.0,248.5948818897639
1855.6154129772005,1124.5161516387805,246.0,245.956535433071
1849.9575215486045,1127.3989913121266,243.0,243.31818897637808
1844.4582602345733,1130.5739913121265,240.0,240.67984251968517
1839.13270212812,1134.032449184472,237.0,238.04149606299225
1833.995444213839,1137.7648855365292,234.0,235.40314960629934
1829.0605673585872,1141.7610700196956,231.0,232.76480314960642
1824.3415977168056,1146.0100493700743,228.0,230.1264566929135
1819.851469656271,1150.5001774306088,225.0,227.4881102362206
1815.6024903058924,1155.2191470723903,222.0,224.84976377952768
1811.1123622453579,1159.7092751329249,225.0,222.21141732283476
1806.8633828949792,1164.4282447747064,222.0,219.57307086614185
1802.8671984118128,1169.3631216299582,219.0,216.93472440944893
1799.1347620597555,1174.5003795442392,216.0,214.29637795275602
1795.67630418741,1179.8259376506926,213.0,211.6580314960631
1792.5013041874101,1185.3251989647238,210.0,209.0196850393702
1789.618464514064,1190.9830903933198,207.0,206.38133858267727
1787.0356868305328,1196.7841040493504,204.0,203.74299212598436
1784.7600503509202,1202.7123397576077,201.0,201.10464566929144
1782.7977924366394,1208.751548636082,198.0,198.46629921259853
1780.5221559570268,1214.6797843443392,201.0,198.46629921259853
1777.9393782734955,1220.4807980003698,204.0,201.10464566929144
1775.663741793883,1226.409033708627,201.0,203.74299212598436
1773.0809641103517,1232.2100473646576,204.0,206.38133858267727
1770.1981244370056,1237.8679387932536,207.0,209.0196850393702
1767.0231244370057,1243.3672001072848,210.0,211.6580314960631
1763.5646665646602,1248.6927582137382,213.0,214.29637795275602
1759.832230212603,1253.8300161280192,216.0,216.93472440944893
1755.8360457294366,1258.764892983271,219.0,219.57307086614185
1751.587066379058,1263.4838626250526,222.0,222.21141732283476
1747.0969383185234,1267.973990685587,225.0,224.84976377952768
1742.3779686767418,1272.2229700359658,228.0,227.4881102362206
1737.44309182149,1276.2191545191322,231.0,230.1264566929135
1732.305833907209,1279.9515908711894,234.0,232.76480314960642
1726.9802758007556,1283.4100487435348,237.0,235.40314960629934
1721.4810144867245,1286.5850487435348,240.0,238.04149606299225
1715.8231230581284,1289.467888416881,243.0,240.67984251968517
1710.0221094020978,1292.0506661004122,246.0,243.31818897637808
1704.3642179735018,1294.9335057737583,243.0,245.956535433071
1698.5632043174712,1297.5162834572895,246.0,248.5948818897639
1692.634968609214,1299.791919936902,249.0,251.23322834645683
1686.5957597307397,1301.754177851183,252.0,253.87157480314974
1680.462130733804,1303.397678787584,255.0,256.50992125984266
1674.2508934691443,1304.7179180242767,258.0,259.14826771653554
1667.9790725063651,1305.7112768772822,261.0,261.78661417322843
1661.6638584707766,1306.3750326190318,264.0,264.4249606299213
1655.322560925085,1306.7073659411744,267.0,267.0633070866142
1648.9725609250852,1306.7073659411744,270.0,269.7016535433071
1642.6312633793937,1306.3750326190318,273.0,272.34
1636.2812633793937,1306.3750326190318,270.0,272.34
1629.9399658337022,1306.0426992968892,273.0,272.34
1623.5899658337023,1306.0426992968892,270.0,272.34
1617.2486682880108,1305.7103659747465,273.0,272.34
1610.8986682880109,1305.7103659747465,270.0,272.34
1604.5573707423193,1305.378032652604,273.0,272.34
1598.2073707423194,1305.378032652604,270.0,272.34
1591.866073196628,1305.0456993304613,273.0,272.34
1585.5508591610394,1304.3819435887117,276.0,274.97834645669286
1579.2790381982602,1303.3885847357062,279.0,277.61669291338575
1573.0678009336004,1302.0683454990135,282.0,280.25503937007863
1566.9341719366648,1300.4248445626124,285.0,282.8933858267715
1560.8949630581906,1298.4625866483316,288.0,285.5317322834644
1554.9667273499333,1296.186950168719,291.0,288.1700787401573
1548.927518471459,1294.2246922544382,288.0,290.8084251968502
1542.9992827632018,1291.9490557748256,291.0,290.8084251968502
1536.9600738847275,1289.9867978605448,288.0,290.8084251968502
1531.0318381764703,1287.7111613809323,291.0,290.8084251968502
1524.992629297996,1285.7489034666514,288.0,290.8084251968502
1519.0643935897388,1283.4732669870389,291.0,290.8084251968502
1513.0251847112645,1281.511009072758,288.0,290.8084251968502
1507.0969490030072,1279.2353725931455,291.0,290.8084251968502
1501.057740124533,1277.2731146788647,288.0,290.8084251968502
1495.1295044162757,1274.997478199252,291.0,290.8084251968502
1489.0902955378015,1273.0352202849713,288.0,290.8084251968502
1483.1620598295442,1270.7595838053587,291.0,290.8084251968502
1477.12285095107,1268.797325891078,288.0,290.8084251968502
1471.1946152428127,1266.5216894114653,291.0,290.8084251968502
1465.1554063643384,1264.5594314971845,288.0,290.8084251968502
1459.2271706560812,1262.283795017572,291.0,288.1700787401573
1453.187961777607,1260.3215371032911,288.0,285.5317322834644
1447.0543327806713,1258.67803616689,285.0,282.8933858267715
1440.8430955160115,1257.3577969301973,282.0,280.25503937007863
1434.5712745532323,1256.3644380771918,279.0,277.61669291338575
1428.2560605176438,1255.7006823354423,276.0,274.97834645669286
1421.9147629719523,1255.3683490132996,273.0,272.34
1415.5647629719524,1255.3683490132996,270.0,269.7016535433071
1409.2234654262609,1255.7006823354423,267.0,267.0633070866142
1402.9082513906724,1256.3644380771918,264.0,264.4249606299213
1396.5669538449808,1256.6967713993345,267.0,264.4249606299213
1390.2517398093923,1257.360527141084,264.0,264.4249606299213
1383.9104422637008,1257.6928604632267,267.0,264.4249606299213
1377.560442263701,1257.6928604632267,270.0,267.0633070866142
1371.2191447180094,1258.0251937853693,267.0,269.7016535433071
1364.8691447180095,1258.0251937853693,270.0,272.34
1358.527847172318,1257.6928604632267,273.0,274.97834645669286
1352.2126331367294,1257.029104721477,276.0,277.61669291338575
1345.9408121739502,1256.0357458684716,279.0,280.25503937007863
1339.7295749092905,1254.715506631779,282.0,282.8933858267715
1333.5959459123549,1253.0720056953778,285.0,285.5317322834644
1327.5567370338806,1251.109747781097,288.0,288.1700787401573
1321.6285013256233,1248.8341113014844,291.0,290.8084251968502
1315.8274876695928,1246.2513336179532,294.0,293.44677165354307
1310.1695962409967,1243.368493944607,297.0,296.08511811023595
1304.6703349269656,1240.193493944607,300.0,298.72346456692884
1299.0124434983695,1237.310654271261,297.0,298.72346456692884
1293.5131821843383,1234.135654271261,300.0,298.72346456692884
1287.8552907557423,1231.252814597915,297.0,298.72346456692884
1282.3560294417111,1228.077814597915,300.0,298.72346456692884
1276.698138013115,1225.194974924569,297.0,298.72346456692884
1271.198876699084,1222.019974924569,300.0,298.72346456692884
1265.540985270488,1219.1371352512228,297.0,298.72346456692884
1260.0417239564567,1215.962135251223,300.0,298.72346456692884
1254.3838325278607,1213.0792955778768,297.0,298.72346456692884
1248.8845712138295,1209.9042955778768,300.0,298.72346456692884
1243.2266797852335,1207.0214559045307,297.0,298.72346456692884
1237.7274184712023,1203.8464559045308,300.0,301.3618110236217
1232.3131534275537,1200.5285900185845,301.5,304.0001574803146
1226.9875953211003,1197.070132146239,303.0,306.6385039370075
1221.7543940233506,1193.4734525417664,304.5,309.2768503937004
1216.6171361090696,1189.7410161897092,306.0,311.9151968503933
1211.5793423982202,1185.8753811155038,307.5,314.55354330708616
1206.6444655429684,1181.8791966323374,309.0,317.19188976377905
1201.8158876614082,1177.7552015254407,310.5,319.83023622047193
1197.0969180196266,1173.506222175062,312.0,322.4685826771648
1192.4907907636987,1169.1351706194066,313.5,325.1069291338577
1188.0006627031642,1164.645042558872,315.0,327.7452755905506
1183.6296111475087,1160.0389153029441,316.5,330.3836220472435
1179.2334230637312,1155.1564537995578,318.0,333.02196850393636
1174.8236708155691,1149.9932972931335,319.5,335.7486614173222
1170.427867884086,1144.5649327523565,321.0,338.56370078740093
1166.1756693024602,1139.0233596704222,322.5,341.45704724409387
1162.0699893151973,1133.3723759647132,324.0,344.3503937007868
1158.1136417502773,1127.6158545371884,325.5,347.24374015747975
1154.3093380906973,1121.7577406200896,327.0,350.1370866141727
1150.6596856161564,1115.8020490720762,328.5,353.0304330708656
1147.1671856161563,1109.752861626642,330.0,355.92377952755857
1143.834231675743,1103.614324094698,331.5,358.8171259842515
1140.6631080350624,1097.3906435232423,333.0,361.71047244094444
1137.6559880238565,1091.0860853120585,334.5,364.6038188976374
1134.8149325719721,1084.7049702904249,336.0,367.4971653543303
1132.1418887969019,1078.2516717558335,337.5,370.39051181102326
1129.6386886693278,1071.7306124767506,339.0,373.2838582677162
1127.30704775758,1065.1462616614717,340.5,376.17720472440914
1125.148564051871,1058.50313189515,342.0,379.0705511811021
1123.1647168691143,1051.8057760470958,343.5,381.963897637795
1121.3568658390732,1045.0587841504666,345.0,384.85724409448795
1119.7262499725398,1038.2667802564888,346.5,387.7505905511809
1118.2739868121778,1031.4344192653632,348.0,390.64393700787383
1117.0010716666152,1024.566383736029,349.5,393.53728346456677
1115.9083769283093,1017.6673806769719,351.0,396.4306299212597
1114.9966514756522,1010.7421383202758,352.5,399.32397637795265
1114.2665201597276,1003.7954028811284,354.0,402.2173228346456
1113.6711789148776,996.8358200055402,355.1106692913385,405.1106692913385
1113.4278951976344,989.8550580103906,358.00401574803146,408.00401574803146
1113.5372892716987,982.870914688797,360.8973622047244,410.8973622047244
1113.9990822315442,975.9011964547335,363.79070866141734,413.79070866141734
1114.8120967135008,968.96367294471,366.6840551181103,416.6840551181103
1115.9742598975008,962.0760317132175,369.5774015748032,419.5774015748032
1117.4826087918348,955.2558331374456,372.47074803149616,422.47074803149616
1119.3332977874434,948.5204656462441,375.3640944881891,425.3640944881891
1121.533952376403,941.891186320398,378.3640944881891,425.3640944881891
1124.078540717451,935.3861655537438,381.3640944881891,425.3640944881891
1126.9600882708169,929.0232331560445,384.3640944881891,425.3640944881891
1130.1706969149504,922.8198294827201,387.3640944881891,425.3640944881891
1133.7015665947251,916.792957632046,390.3640944881891,425.3640944881891
1137.543019441776,910.959136840842,393.3640944881891,425.3640944881891
1141.6845263008659,905.3343572063931,396.3640944881891,425.3640944881891
1146.1147355895664,899.9340358587035,399.3640944881891,425.3640944881891
1150.8215044121573,894.7729747032156,402.3640944881891,425.3640944881891
1155.7919318424595,889.8653198498156,405.3640944881891,425.3640944881891
1161.0123942843763,885.2245228393297,408.3640944881891,425.3640944881891
1166.4685828132247,880.8633037737858,411.3640944881891,425.3640944881891
1172.145542395502,876.793616451498,414.3640944881891,425.3640944881891
1177.4929701083126,873.369070225169,417.3640944881891,425.3640944881891
1183.0122962587436,870.2290799632146,420.3640944881891,425.3640944881891
1188.6883927574602,867.3822521606847,423.3640944881891,425.3640944881891
1194.5057018185,864.8363897747055,426.3640944881891,425.3640944881891
1200.1817983172166,861.9895619721756,423.3640944881891,425.3640944881891
1205.9991073782564,859.4436995861963,426.3640944881891,425.3640944881891
1211.675203876973,856.5968717836664,423.3640944881891,425.3640944881891
1217.4925129380129,854.0510093976872,426.3640944881891,425.3640944881891
1223.1686094367294,851.2041815951573,423.3640944881891,425.3640944881891
1228.9859184977693,848.658319209178,426.3640944881891,428.002440944882
1234.928495281352,846.4204002715886,429.3640944881891,430.64078740157487
1240.9800515975778,844.4965587626411,432.3640944881891,433.27913385826776
1247.124000551222,842.8920677981871,435.3640944881891,435.91748031496064
1253.3435020052634,841.6113251764333,438.3640944881891,438.5558267716535
1259.6215087385287,840.6578413238825,441.3640944881891,441.1941732283464
1265.940813170941,840.0342296734989,444.3640944881891,443.8325196850393
1272.2840945283006,839.7421995014693,447.3640944881891,446.4708661417322
1278.6339663173228,839.7825512421965,450.3640944881891,449.1092125984251
1284.9730239808082,840.1551742943641,453.3640944881891,451.74755905511796
1291.2838926023237,840.8590473240866,456.3640944881891,454.38590551181085
1297.5492745296408,841.8922410643154,459.3640944881891,457.02425196850373
1303.7519967863982,843.2519236028247,462.3640944881891,459.6625984251966
1310.0173787137153,844.2851173430535,459.3640944881891,462.3009448818895
1316.2201009704727,845.6447998815628,462.3640944881891,462.3009448818895
1322.4854828977898,846.6779936217915,459.3640944881891,462.3009448818895
1328.6882051545472,848.0376761603009,462.3640944881891,462.3009448818895
1334.9535870818643,849.0708699005296,459.3640944881891,462.3009448818895
1341.1563093386217,850.4305524390389,462.3640944881891,462.3009448818895
1347.4216912659388,851.4637461792677,459.3640944881891,462.3009448818895
1353.6244135226962,852.823428717777,462.3640944881891,462.3009448818895
1359.8897954500133,853.8566224580057,459.3640944881891,462.3009448818895
1366.0925177067706,855.2163049965151,462.3640944881891,462.3009448818895
1372.3578996340877,856.2494987367438,459.3640944881891,462.3009448818895
1378.5606218908451,857.6091812752531,462.3640944881891,462.3009448818895
1384.8260038181622,858.6423750154819,459.3640944881891,462.3009448818895
1391.0287260749196,860.0020575539912,462.3640944881891,462.3009448818895
1397.2941080022367,861.03525129422,459.3640944881891,462.3009448818895
1403.4968302589941,862.3949338327293,462.3640944881891,462.3009448818895
1409.7622121863112,863.428127572958,459.3640944881891,462.3009448818895
1415.9649344430686,864.7878101114674,462.3640944881891,462.3009448818895
1422.2303163703857,865.8210038516961,459.3640944881891,462.3009448818895
1428.433038627143,867.1806863902054,462.3640944881891,462.3009448818895
1434.6984205544602,868.2138801304342,459.3640944881891,462.3009448818895
1440.9011428112176,869.5735626689435,462.3640944881891,462.3009448818895
1447.1665247385347,870.6067564091722,459.3640944881891,462.3009448818895
1453.369246995292,871.9664389476816,462.3640944881891,464.9392913385824
1459.4923083509298,873.6488834891439,465.3640944881891,467.5776377952753
1465.5189259198808,875.6494785700163,468.3640944881891,470.21598425196817
1471.4325811622937,877.9627406982418,471.3640944881891,472.85433070866105
1477.217065160202,880.5823293831197,474.3640944881891,475.49267716535394
1482.8565230450424,883.5010645141502,477.3640944881891,478.1310236220468
1488.3354974547462,886.7109460412181,480.3640944881891,480.7693700787397
1493.6389709012954,890.2031759021736,483.3640944881891,483.4077165354326
1498.7524069326125,893.9681821377098,486.3640944881891,486.0460629921255
1503.6617899759667,897.9956451274376,489.3640944881891,488.68440944881837
1508.3536637536831,902.2745258752475,492.3640944881891,491.32275590551126
1512.815168165865,906.7930962664311,495.3640944881891,493.96110236220414
1517.034074539034,911.5389712136283,498.3640944881891,496.59944881889703
1520.9988191440739,916.4991426034904,501.3640944881891,499.2377952755899
1524.6985348916082,921.6600149510152,504.3640944881891,501.8761417322828
1528.123081117937,927.0074426638259,507.3640944881891,504.5144881889757
1531.8227968654714,932.1683150113507,504.3640944881891,507.1528346456686
1535.2473430918003,937.5157427241614,507.3640944881891,507.1528346456686
1538.9470588393347,942.6766150716862,504.3640944881891,507.1528346456686
1542.3716050656635,948.0240427844969,507.3640944881891,507.1528346456686
1546.0713208131979,953.1849151320217,504.3640944881891,507.1528346456686
1549.4958670395267,958.5323428448324,507.3640944881891,507.1528346456686
1553.195582787061,963.6932151923572,504.3640944881891,507.1528346456686
1556.62012901339,969.0406429051679,507.3640944881891,504.5144881889757
1560.3198447609243,974.2015152526927,504.3640944881891,501.8761417322828
1564.2845893659642,979.1616866425549,501.3640944881891,499.2377952755899
1568.503495739133,983.907561589752,498.3640944881891,496.59944881889703
1572.965000151315,988.4261319809357,495.3640944881891,493.96110236220414
1577.6568739290315,992.7050127287456,492.3640944881891,491.32275590551126
1582.5662569723856,996.7324757184733,489.3640944881891,488.68440944881837
1587.6796930037028,1000.4974819540096,486.3640944881891,486.0460629921255
1592.983166450252,1003.9897118149651,483.3640944881891,483.4077165354326
1598.4621408599558,1007.1995933420329,480.3640944881891,480.7693700787397
1604.101598744796,1010.1183284730635,477.3640944881891,478.1310236220468
1609.8860827427045,1012.7379171579414,474.3640944881891,475.49267716535394
1615.7997379851174,1015.0511792861669,471.3640944881891,472.85433070866105
1621.8263555540684,1017.0517743670392,468.3640944881891,470.21598425196817
1627.949416909706,1018.7342189085016,465.3640944881891,467.5776377952753
1634.1521391664635,1020.0939014470109,462.3640944881891,464.9392913385824
1640.4175210937806,1021.1270951872397,459.3640944881891,462.3009448818895
1646.620243350538,1022.486777725749,462.3640944881891,459.6625984251966
1652.885625277855,1023.5199714659777,459.3640944881891,457.02425196850373
1658.9778496321685,1024.1994583434894,456.3640944881891,454.38590551181085
1664.8776655047982,1024.5462618455854,453.3640944881891,451.83590551181084
1670.5675506196858,1024.582419547119,450.3640944881891,449.37425196850376
1676.0317630645293,1024.3308596981421,447.3640944881891,447.0009448818896
1681.2563848393584,1023.8152752627856,444.3640944881891,444.71598425196834
1686.2293571020866,1023.0599959276154,441.3640944881891,442.51937007874
1690.940507022392,1022.0898586031059,438.3640944881891,440.4111023622046
1695.4784677949413,1021.400647440396,441.3640944881891,438.39118110236205
1699.7586601341793,1020.5192544865276,438.3640944881891,436.45960629921245
1703.7739968519152,1019.4706501554277,435.3640944881891,434.6163779527558
1707.5192907610124,1018.2799891900477,432.3640944881891,432.861496062992
1710.9912529448065,1016.9724806454088,429.3640944881891,431.1949606299211
1714.317226416244,1015.9151252334046,432.3640944881891,429.6167716535432
1717.3774195000733,1014.7626850875909,429.3640944881891,428.12692913385814
1720.2860740305932,1013.4897538946012,426.3640944881891,426.725433070866
1723.1241222799515,1012.0663399933362,423.3640944881891,425.3620866141731
1726.0327768104714,1010.7934088003466,426.3640944881891,423.9987401574802
1728.8708250598297,1009.3699948990816,423.3640944881891,422.6353937007873
1731.6304881350452,1007.7999997681044,420.3640944881891,421.2720472440944
1734.3042019914506,1006.08772665494,417.3640944881891,419.9087007874015
1737.063865066666,1004.5177315239628,420.3640944881891,418.54535433070856
1739.7375789230714,1002.8054584107983,417.3640944881891,417.18200787401565
1742.3180150968337,1000.9556005370312,414.3640944881891,415.81866141732274
1744.991728953239,999.2433274238667,417.3640944881891,414.45531496062983
1747.5721651270014,997.3934695500996,414.3640944881891,413.0919685039369
1750.0522508219326,995.4110972475796,411.3640944881891,411.728622047244
1752.4251882955311,993.3016440609952,408.3640944881891,410.3652755905511
1754.9052739904623,991.3192717584752,411.3640944881891,409.0019291338582
1757.2782114640609,989.2098185718908,408.3640944881891,407.6385826771653
1759.5374966596528,986.9790663657998,405.3640944881891,406.2752362204724
1761.6769370335578,984.6331294769416,402.3640944881891,404.91188976377947
1763.9362222291497,982.4023772708506,405.3640944881891,404.91188976377947
1766.0756626030548,980.0564403819924,402.3640944881891,404.91188976377947
1768.3349477986467,977.8256881759014,405.3640944881891,404.91188976377947
1770.4743881725517,975.4797512870432,402.3640944881891,404.91188976377947
1772.7336733681436,973.2489990809522,405.3640944881891,404.91188976377947
1775.0213584293742,970.7405090848346,402.3640944881891,404.91188976377947
1777.5937414158511,968.200613265931,405.3640944881891,404.91188976377947
1780.1779158517331,965.3670170552945,402.3640944881891,404.91188976377947
1783.0633966290952,962.5179776235783,405.3640944881891,404.91188976377947
1785.9440604396286,959.3592751984229,402.3640944881891,404.91188976377947
1789.142639007876,956.2010921538941,405.3640944881891,404.91188976377947
1792.3197921930607,952.7172835142197,402.3640944881891,404.91188976377947
1795.8314685521932,949.2499568568784,405.3640944881891,404.91188976377947
1799.3051111120294,945.4410420026851,402.3640944881891,404.91188976377947
1803.129885262047,941.6645717325312,405.3640944881891,404.91188976377947
1806.9000171965347,937.5305506638189,402.3640944881891,404.91188976377947
1811.0378891374376,933.4449367808523,405.3640944881891,404.91188976377947
1815.1045104465766,928.9858094976212,402.3640944881891,404.91188976377947
1819.5554801783646,924.5910520018421,405.3640944881891,404.91188976377947
1823.8343609261744,919.8991782241258,402.3640944881891,404.91188976377947
1828.352931317358,915.4376738119439,405.3640944881891,404.91188976377947
1832.6318120651679,910.7458000342276,402.3640944881891,404.91188976377947
1837.1503824563515,906.2842956220458,405.3640944881891,404.91188976377947
1841.4292632041613,901.5924218443295,402.3640944881891,404.91188976377947
1845.947833595345,897.1309174321476,405.3640944881891,404.91188976377947
1850.2267143431548,892.4390436544313,402.3640944881891,404.91188976377947
1854.7452847343384,887.9775392422495,405.3640944881891,404.91188976377947
1859.0241654821482,883.2856654645332,402.3640944881891,404.91188976377947
1863.5427358733318,878.8241610523513,405.3640944881891,404.91188976377947
1867.8216166211416,874.132287274635,402.3640944881891,404.91188976377947
1872.3401870123253,869.6707828624532,405.3640944881891,404.91188976377947
1876.619067760135,864.9789090847369,402.3640944881891,404.91188976377947
1881.1376381513187,860.517404672555,405.3640944881891,404.91188976377947
1885.4165188991285,855.8255308948387,402.3640944881891,404.91188976377947
1889.9350892903121,851.3640264826569,405.3640944881891,404.91188976377947
1894.213970038122,846.6721527049406,402.3640944881891,404.91188976377947
1898.7325404293056,842.2106482927587,405.3640944881891,404.91188976377947
1903.0114211771154,837.5187745150424,402.3640944881891,404.91188976377947
1907.529991568299,833.0572701028606,405.3640944881891,404.91188976377947
1911.8088723161088,828.3653963251443,402.3640944881891,404.91188976377947
1916.3274427072924,823.9038919129624,405.3640944881891,404.91188976377947
1920.6063234551023,819.2120181352461,402.3640944881891,404.91188976377947
1925.1248938462859,814.7505137230643,405.3640944881891,404.91188976377947
1929.4037745940957,810.058639945348,402.3640944881891,404.91188976377947
1933.9223449852793,805.5971355331661,405.3640944881891,404.91188976377947
1938.2012257330891,800.9052617554498,402.3640944881891,404.91188976377947
1942.7197961242728,796.443757343268,405.3640944881891,404.91188976377947
1946.9986768720826,791.7518835655517,402.3640944881891,404.91188976377947
1951.5172472632662,787.2903791533698,405.3640944881891,404.91188976377947
1955.796128011076,782.5985053756535,402.3640944881891,404.91188976377947
1960.3146984022596,778.1370009634717,405.3640944881891,404.91188976377947
1964.5935791500694,773.4451271857554,402.3640944881891,404.91188976377947
1969.112149541253,768.9836227735735,405.3640944881891,404.91188976377947
1973.3910302890629,764.2917489958572,402.3640944881891,404.91188976377947
1977.9096006802465,759.8302445836754,405.3640944881891,404.91188976377947
1982.1884814280563,755.1383708059591,402.3640944881891,404.91188976377947
1986.70705181924,750.6768663937772,405.3640944881891,404.91188976377947
1990.9859325670498,745.9849926160609,402.3640944881891,404.91188976377947
1995.5045029582334,741.5234882038791,405.3640944881891,404.91188976377947
1999.7833837060432,736.8316144261628,402.3640944881891,404.91188976377947
2004.3019540972268,732.3701100139809,405.3640944881891,407.55023622047236
2009.047829044424,728.1512036408119,408.3640944881891,410.18858267716524
2014.008000434286,724.186459035772,411.3640944881891,412.82692913385813
2019.070257011876,720.3529151997573,412.8640944881891,415.465275590551
2024.231129359401,716.6531994522229,414.3640944881891,418.1036220472439
2029.487080472745,713.0898473935375,415.8640944881891,420.7419685039368
2034.8345081855557,709.6653011672086,417.3640944881891,423.3803149606297
2040.2697476379888,706.3819077861598,418.8640944881891,426.01866141732256
2045.7890737884197,703.2419175242054,420.3640944881891,428.65700787401545
2051.3887039664014,700.2474823738249,421.8640944881891,431.29535433070834
2057.064800465118,697.400654571295,423.3640944881891,433.9337007874012
2062.8134731715563,694.7033851901894,424.8640944881891,436.5720472440941
2068.630782232596,692.1575228042101,426.3640944881891,439.210393700787
2074.512740755188,689.7648122202679,427.8640944881891,441.8487401574799
2080.6612020887533,687.4493590832659,429.3640944881891,444.48708661417277
2087.0760116024767,685.2235291475694,430.8640944881891,447.2137795275586
2093.732723550325,683.1073034877272,432.3640944881891,450.02881889763734
2100.442550738949,681.1660554101239,433.8640944881891,452.9221653543303
2107.200894587958,679.4011153492245,435.3640944881891,455.8155118110232
2114.0031232660635,677.813692906786,436.8640944881891,458.70885826771615
2120.844574865509,676.4048760228567,438.3640944881891,461.6022047244091
2127.720560597106,675.1756302301571,439.8640944881891,464.49555118110203
2134.626368003698,674.1267979923513,441.3640944881891,467.38889763779497
2141.5572641898407,673.2590981266646,442.8640944881891,470.2822440944879
2148.508499065494,672.5731253112426,444.3640944881891,473.17559055118085
2155.4753086014966,672.0693496775878,445.8640944881891,476.0689370078738
2162.452918094592,671.7481164883552,447.3640944881891,478.9622834645667
2169.436545439773,671.609645900727,448.8640944881891,481.85562992125966
2176.4214044076975,671.6540328155269,450.3640944881891,484.7489763779526
2183.40270792493,671.8812468121808,451.8640944881891,487.64232283464554
2190.375671354764,672.2911321695651,453.3640944881891,490.5356692913385
2197.3355157763717,672.88340797273,454.8640944881891,493.4290157480314
2204.277471260039,673.6576683054247,456.3640944881891,496.32236220472436
2211.1967801362352,674.6133825282926,457.8640944881891,499.2157086614173
2218.088700256284,675.7498956425443,459.3640944881891,502.10905511811023
2224.9485082423944,677.0664287388612,460.8640944881891,505.0024015748032
2231.7715027248273,678.5620795312215,462.3640944881891,507.8957480314961
2238.5530075639813,680.2358229752815,463.8640944881891,510.78909448818905
2245.2883750551828,682.08651197089,465.3640944881891,513.6824409448819
2251.983100931616,684.079216273946,466.57578740157487,516.5757874015749
2258.5687068831967,686.4073097537063,469.4691338582678,519.4691338582678
2265.0284025864107,689.0648568223166,472.36248031496075,522.3624803149607
2271.345718732061,692.0450819339327,475.2558267716537,525.2558267716537
2277.504549014576,695.3403868593044,478.1491732283466,528.1491732283466
2283.48919119582,698.9423700578319,481.04251968503957,531.0425196850396
2289.2843871387163,702.8418480977028,483.9358661417325,533.9358661417325
2294.8753617086113,707.0288790695,486.82921259842544,536.8292125984254
2300.2478604431994,711.4927879335839,489.7225590551184,539.7225590551184
2305.388185894972,716.2221937366271,492.6159055118113,542.6159055118113
2310.2832325535264,721.2050386279092,495.50925196850426,545.5092519685043
2314.9205202587036,726.4286186013959,498.4025984251972,548.4025984251972
2319.2882260193664,731.8796158852215,501.29594488189014,551.2959448818901
2323.364662835755,737.5517308242887,504.29594488189014,551.2959448818901
2327.138657477906,743.4294165458135,507.29594488189014,551.2959448818901
2330.5998656888314,749.4965627217862,510.29594488189014,551.2959448818901
2333.738800537412,755.7365397262605,513.2959448818901,551.2959448818901
2336.5468584214113,762.1322442160027,516.2959448818901,551.2959448818901
2339.016342649356,768.6661460095663,519.2959448818901,551.2959448818901
2341.1404845366283,775.3203361363012,522.2959448818901,551.2959448818901
2342.9134619579627,782.076575923597,525.2959448818901,551.2959448818901
2344.3304153054855,788.9163469878173,528.2959448818901,551.2959448818901
2345.387460808562,795.8209019919016,531.2959448818901,551.2959448818901
2346.081701178943,802.7713160305134,534.2959448818901,551.2959448818901
2346.4112335520294,809.7485385018904,537.2959448818901,551.2959448818901
2346.375154702492,816.7334453242192,540.2959448818901,551.2959448818901
2346.0100718092717,823.0729417143971,543.2959448818901,551.2959448818901
2345.3137056437895,829.384643082774,546.2959448818901,551.2959448818901
2344.287964897301,835.6512494946204,549.2959448818901,551.2959448818901
2342.935661053895,841.8555846173477,552.2959448818901,551.2959448818901
2341.9099203074065,848.1221910291941,549.2959448818901,551.2959448818901
2340.557616464,854.3265261519215,552.2959448818901,551.2959448818901
2339.531875717512,860.5931325637679,549.2959448818901,551.2959448818901
2338.1795718741055,866.7974676864952,552.2959448818901,551.2959448818901
2337.153831127617,873.0640740983416,549.2959448818901,551.2959448818901
2335.801527284211,879.268409221069,552.2959448818901,551.2959448818901
2334.7757865377225,885.5350156329154,549.2959448818901,551.2959448818901
2333.423482694316,891.7393507556427,552.2959448818901,551.2959448818901
2332.397741947828,898.0059571674891,549.2959448818901,551.2959448818901
2331.0454381044215,904.2102922902164,552.2959448818901,551.2959448818901
2330.019697357933,910.4768987020628,549.2959448818901,551.2959448818901
2328.667393514527,916.6812338247902,552.2959448818901,551.2959448818901
2327.6416527680385,922.9478402366366,549.2959448818901,551.2959448818901
2326.289348924632,929.1521753593639,552.2959448818901,551.2959448818901
2325.263608178144,935.4187817712103,549.2959448818901,551.2959448818901
2323.9113043347375,941.6231168939377,552.2959448818901,551.2959448818901
2322.885563588249,947.8897233057841,549.2959448818901,551.2959448818901
2321.533259744843,954.0940584285114,552.2959448818901,551.2959448818901
2320.5075189983545,960.3606648403578,549.2959448818901,551.2959448818901
2319.155215154948,966.5649999630851,552.2959448818901,551.2959448818901
2318.12947440846,972.8316063749315,549.2959448818901,551.2959448818901
2316.7771705650534,979.0359414976589,552.2959448818901,551.2959448818901
2315.751429818565,985.3025479095053,549.2959448818901,551.2959448818901
2314.3991259751588,991.5068830322326,552.2959448818901,551.2959448818901
2313.3733852286705,997.773489444079,549.2959448818901,551.2959448818901
2312.021081385264,1003.9778245668064,552.2959448818901,551.2959448818901
2310.995340638776,1010.2444309786528,549.2959448818901,551.2959448818901
2309.6430367953694,1016.4487661013801,552.2959448818901,551.2959448818901
2308.617296048881,1022.7153725132265,549.2959448818901,551.2959448818901
2307.2649922054748,1028.919707635954,552.2959448818901,551.2959448818901
2306.2392514589865,1035.1863140478004,549.2959448818901,551.2959448818901
2304.88694761558,1041.3906491705277,552.2959448818901,551.2959448818901
2303.861206869092,1047.657255582374,549.2959448818901,551.2959448818901
2302.5089030256854,1053.8615907051014,552.2959448818901,551.2959448818901
2301.483162279197,1060.1281971169478,549.2959448818901,551.2959448818901
2300.1308584357907,1066.3325322396752,552.2959448818901,551.2959448818901
2299.1051176893025,1072.5991386515216,549.2959448818901,551.2959448818901
2297.752813845896,1078.803473774249,552.2959448818901,551.2959448818901
2296.0776534764086,1084.928531956544,555.2959448818901,553.9342913385831
2294.084228078974,1090.9575248396766,558.2959448818901,556.572637795276
2291.7780014940454,1096.8739273732242,561.2959448818901,559.210984251969
2289.165294928388,1102.6615231090864,564.2959448818901,561.8493307086619
2286.2532696290914,1108.3044486496422,567.2959448818901,564.4876771653549
2283.640563063434,1114.0920443855043,564.2959448818901,567.1260236220478
2280.8772502126585,1119.8092641721435,565.7959448818901,569.7643700787407
2277.965224913362,1125.4521897126992,567.2959448818901,572.4027165354337
2274.9064829222257,1131.0169536278765,568.7959448818901,575.0410629921266
2271.703120548223,1136.499742106454,570.2959448818901,577.6794094488196
2268.3573332159135,1141.89679751908,571.7959448818901,580.3177559055125
2264.8714139608087,1147.2044209935636,573.2959448818901,582.9561023622055
2261.2477518578407,1152.4189749498971,574.7959448818901,585.5944488188984
2257.488830384009,1157.5368855932716,576.2959448818901,588.2327952755913
2253.597225716329,1162.5546453633772,577.7959448818901,590.8711417322843
2249.57560496625,1167.4688153383104,579.2959448818901,593.5094881889772
2245.282983606051,1172.4425766773738,580.7959448818901,596.1478346456702
2240.7135840903643,1177.4649952248508,582.2959448818901,598.874527559056
2235.8793208456295,1182.5068325765121,583.7959448818901,601.6895669291347
2230.914734266439,1187.4203959573717,585.2959448818901,604.5829133858276
2225.699795442516,1192.0673990844139,588.2959448818901,607.4762598425206
2220.2487981586905,1196.4351048450767,591.2959448818901,610.3696062992135
2214.576683219623,1200.5115416614656,594.2959448818901,613.2629527559064
2208.6989974980984,1204.2855363036163,597.2959448818901,616.1562992125994
2202.631851322126,1207.7467445145421,600.2959448818901,619.0496456692923
2196.3918743176514,1210.8856793631223,603.2959448818901,621.9429921259853
2189.9961698279094,1213.6937372471218,606.2959448818901,624.8363385826782
2183.462268034346,1216.1632214750662,609.2959448818901,627.7296850393711
2176.8080779076113,1218.2873633623383,612.2959448818901,630.6230314960641
2170.0518381203156,1220.0603407836727,615.2959448818901,633.516377952757
2163.2120670560953,1221.4772941311953,618.2959448818901,636.40972440945
2156.307512052011,1222.534339634272,621.2959448818901,639.3030708661429
2149.357098013399,1223.2285800046534,624.2959448818901,642.1964173228358
2142.379875542022,1223.55811237774,627.2959448818901,645.0897637795288
2135.394968719693,1223.5220335282027,630.2959448818901,647.9831102362217
2128.4215226904976,1223.1204423456602,633.2959448818901,650.8764566929146
2121.478651185283,1222.3544395636297,636.2959448818901,653.7698031496076
2114.585384132252,1221.2261247424929,639.2959448818901,656.6631496063005
2107.760615497252,1219.7385905147457,642.2959448818901,659.5564960629935
2101.0230514967275,1217.8959141083096,645.2959448818901,662.4498425196864
2094.3911593252815,1215.7031461711315,648.2959448818901,665.3431889763793
2087.883116538379,1213.16629692771,651.2959448818901,668.2365354330723
2081.5167612289306,1210.2923197054868,654.2959448818901,671.1298818897652
2075.309543134319,1207.0890918762605,657.2959448818901,674.0232283464582
2069.2784758078838,1203.5653932648574,660.2959448818901,676.9165748031511
2063.440089985952,1199.730882084242,663.2959448818901,679.809921259844
2057.81038827824,1195.5960684630268,666.2959448818901,679.809921259844
2052.4048013058136,1191.1722856379401,669.2959448818901,679.809921259844
2047.7078413976428,1186.8989885945512,672.2959448818901,679.809921259844
2043.2409655968613,1182.3857280680147,675.2959448818901,679.809921259844
2039.0164172995503,1177.644874591721,678.2959448818901,679.809921259844
2035.0457756989479,1172.6894225155158,681.2959448818901,679.809921259844
2030.8212274016369,1167.948569039222,678.2959448818901,677.1715748031511
2026.3543516008554,1163.4353085126857,675.2959448818901,674.5332283464581
2021.6573916926845,1159.1620114692967,672.2959448818901,671.8948818897652
2016.743221717751,1155.140390719218,669.2959448818901,669.2565354330723
2011.6253110743767,1151.381469245386,666.2959448818901,666.6181889763793
2006.3176875998931,1147.895549990281,663.2959448818901,663.9798425196864
2000.8348991213156,1144.6921876162783,660.2959448818901,661.3414960629934
1995.1919735807598,1141.7801623169817,657.2959448818901,658.7031496063005
1989.4043778448977,1139.1674557513243,654.2959448818901,656.0648031496075
1983.48797531135,1136.8612291663956,651.2959448818901,653.4264566929146
1977.4589824282175,1134.867803768961,648.2959448818901,650.7881102362217
1971.3339242459224,1133.1926433994736,645.2959448818901,648.1497637795287
1965.3049313627898,1131.199218002039,648.2959448818901,645.5114173228358
1959.1798731804947,1129.5240576325516,645.2959448818901,642.8730708661428
1952.9755380577674,1128.1717537891452,642.2959448818901,640.2347244094499
1946.708931645921,1127.1460130426572,639.2959448818901,637.5963779527569
1940.397230277544,1126.449646877175,636.2959448818901,634.958031496064
1934.057733887366,1126.0845639839545,633.2959448818901,632.319685039371
1927.7078185943399,1126.0517650298295,630.2959448818901,629.6813385826781
1921.3648890749062,1126.3513399144535,627.2959448818901,627.0429921259852
1915.0463308579863,1126.982467523891,624.2959448818901,624.4046456692922
1908.7694626724551,1127.9434179812336,621.2959448818901,621.7662992125993
1902.5514889777094,1129.2315573880724,618.2959448818901,619.1279527559063
1896.4094528074404,1130.8433550438308,615.2959448818901,616.4896062992134
1890.3601890558632,1132.7743931231691,612.2959448818901,613.8512598425204
1884.4202783344417,1135.0193787849369,609.2959448818901,611.2129133858275
1878.6060015255853,1137.5721586794818,606.2959448818901,608.5745669291346
1872.9332951578813,1140.4257358145549,603.2959448818901,605.9362204724416
1867.1190183490248,1142.9785157090998,606.2959448818901,603.2978740157487
1861.4463119813208,1145.8320928441728,603.2959448818901,600.6595275590557
1855.9307245486184,1148.9786457631963,600.2959448818901,598.0211811023628
1850.5873738926866,1152.4095499833334,597.2959448818901,595.3828346456698
1845.4309057662617,1156.1154016345959,594.2959448818901,592.7444881889769
1840.4754536900566,1160.0860432351983,591.2959448818901,590.106141732284
1835.7346002137629,1164.3105915325093,588.2959448818901,587.467795275591
1831.2213396872264,1168.7774673332908,585.2959448818901,584.8294488188981
1826.9480426438374,1173.4744272414616,582.2959448818901,582.1911023622051
1822.9264218937587,1178.3885972163948,579.2959448818901,579.5527559055122
1819.1675004199267,1183.5065078597693,576.2959448818901,576.9144094488192
1815.6815811648219,1188.8141313342528,573.2959448818901,574.2760629921263
1811.9226596909898,1193.9320419776273,576.2959448818901,574.2760629921263
1808.436740435885,1199.2396654521108,573.2959448818901,574.2760629921263
1804.677818962053,1204.3575760954852,576.2959448818901,574.2760629921263
1800.6561982119742,1209.2717460704184,579.2959448818901,576.9144094488192
1796.3829011685852,1213.9687059785892,582.2959448818901,579.5527559055122
1792.3612804185066,1218.8828759535227,579.2959448818901,582.1911023622051
1788.0879833751176,1223.5798358616935,582.2959448818901,584.8294488188981
1783.5747228485811,1228.046711662475,585.2959448818901,587.467795275591
1778.8338693722874,1232.271259959786,588.2959448818901,590.106141732284
1773.8784172960823,1236.2419015603884,591.2959448818901,592.7444881889769
1768.7219491696574,1239.947753211651,594.2959448818901,595.3828346456698
1763.3785985137256,1243.378657431788,597.2959448818901,598.0211811023628
1757.8630110810232,1246.5252103508114,600.2959448818901,600.6595275590557
1752.1903047133192,1249.3787874858845,603.2959448818901,600.6595275590557
1746.6747172806167,1252.5253404049079,600.2959448818901,600.6595275590557
1741.0020109129127,1255.3789175399809,603.2959448818901,600.6595275590557
1735.4864234802103,1258.5254704590043,600.2959448818901,600.6595275590557
1729.8137171125063,1261.3790475940773,603.2959448818901,600.6595275590557
1724.2981296798039,1264.5256005131007,600.2959448818901,600.6595275590557
1718.6254233120999,1267.3791776481737,603.2959448818901,600.6595275590557
1713.1098358793975,1270.5257305671971,600.2959448818901,600.6595275590557
1707.4371295116935,1273.3793077022701,603.2959448818901,600.6595275590557
1701.921542078991,1276.5258606212935,600.2959448818901,600.6595275590557
1696.248835711287,1279.3794377563665,603.2959448818901,600.6595275590557
1690.7332482785846,1282.52599067539,600.2959448818901,600.6595275590557
1685.0605419108806,1285.379567810463,603.2959448818901,600.6595275590557
1679.5449544781782,1288.5261207294864,600.2959448818901,600.6595275590557
1673.8722481104742,1291.3796978645594,603.2959448818901,600.6595275590557
1668.3566606777717,1294.5262507835828,600.2959448818901,600.6595275590557
1662.6839543100677,1297.3798279186558,603.2959448818901,600.6595275590557
1657.1683668773653,1300.5263808376792,600.2959448818901,600.6595275590557
1651.4956605096613,1303.3799579727522,603.2959448818901,600.6595275590557
1645.980073076959,1306.5265108917756,600.2959448818901,600.6595275590557
1640.307366709255,1309.3800880268486,603.2959448818901,603.2978740157487
1634.4930899003984,1311.9328679213936,606.2959448818901,605.9362204724416
1628.553179178977,1314.1778535831613,609.2959448818901,608.5745669291346
1622.5039154273998,1316.1088916624997,612.2959448818901,611.2129133858275
1616.3618792571308,1317.720689318258,615.2959448818901,613.8512598425204
1610.143905562385,1319.008828725097,618.2959448818901,616.4896062992134
1603.867037376854,1319.9697791824394,621.2959448818901,619.1279527559063
1597.548479159934,1320.600906791877,624.2959448818901,621.7662992125993
1591.2055496405003,1320.900481676501,627.2959448818901,624.4046456692922
1584.8869914235804,1321.5316092859384,624.2959448818901,627.0429921259852
1578.5440619041467,1321.8311841705624,627.2959448818901,629.6813385826781
1572.1941466111205,1321.7983852164375,630.2959448818901,629.6813385826781
1565.8512170916867,1322.0979601010615,627.2959448818901,629.6813385826781
1559.5013017986605,1322.0651611469366,630.2959448818901,629.6813385826781
1553.1583722792268,1322.3647360315606,627.2959448818901,629.6813385826781
1546.8084569862006,1322.3319370774357,630.2959448818901,629.6813385826781
1540.4655274667668,1322.6315119620597,627.2959448818901,629.6813385826781
1534.1156121737406,1322.5987130079347,630.2959448818901,629.6813385826781
1527.772682654307,1322.8982878925588,627.2959448818901,629.6813385826781
1521.4227673612806,1322.8654889384338,630.2959448818901,629.6813385826781
1515.079837841847,1323.1650638230578,627.2959448818901,629.6813385826781
1508.7299225488207,1323.132264868933,630.2959448818901,629.6813385826781
1502.386993029387,1323.431839753557,627.2959448818901,629.6813385826781
1496.0370777363607,1323.399040799432,630.2959448818901,632.319685039371
1489.697581346183,1323.0339579062115,633.2959448818901,634.958031496064
1483.3858799778059,1322.3375917407293,636.2959448818901,637.5963779527569
1477.1192735659595,1321.3118509942412,639.2959448818901,640.2347244094499
1470.9149384432321,1319.9595471508349,642.2959448818901,642.8730708661428
1464.789880260937,1318.2843867813474,645.2959448818901,645.5114173228358
1458.7608873778045,1316.2909613839129,648.2959448818901,648.1497637795287
1452.8444848442568,1313.9847347989842,651.2959448818901,650.7881102362217
1446.8154919611243,1311.9913094015496,648.2959448818901,650.7881102362217
1440.8990894275767,1309.685082816621,651.2959448818901,650.7881102362217
1434.870096544444,1307.6916574191864,648.2959448818901,650.7881102362217
1428.9536940108965,1305.3854308342577,651.2959448818901,650.7881102362217
1422.924701127764,1303.3920054368232,648.2959448818901,650.7881102362217
1417.0082985942163,1301.0857788518945,651.2959448818901,650.7881102362217
1410.9793057110837,1299.09235345446,648.2959448818901,650.7881102362217
1405.062903177536,1296.7861268695312,651.2959448818901,650.7881102362217
1399.0339102944035,1294.7927014720967,648.2959448818901,650.7881102362217
1393.117507760856,1292.486474887168,651.2959448818901,650.7881102362217
1387.0885148777234,1290.4930494897335,648.2959448818901,650.7881102362217
1381.1721123441757,1288.1868229048048,651.2959448818901,650.7881102362217
1375.1431194610432,1286.1933975073703,648.2959448818901,650.7881102362217
1369.2267169274955,1283.8871709224416,651.2959448818901,650.7881102362217
1363.197724044363,1281.893745525007,648.2959448818901,650.7881102362217
1357.2813215108154,1279.5875189400783,651.2959448818901,650.7881102362217
1351.2523286276828,1277.5940935426438,648.2959448818901,650.7881102362217
1345.3359260941352,1275.287866957715,651.2959448818901,650.7881102362217
1339.3069332110026,1273.2944415602806,648.2959448818901,650.7881102362217
1333.390530677455,1270.9882149753519,651.2959448818901,650.7881102362217
1327.3615377943224,1268.9947895779173,648.2959448818901,650.7881102362217
1321.4451352607748,1266.6885629929886,651.2959448818901,650.7881102362217
1315.4161423776422,1264.6951375955541,648.2959448818901,650.7881102362217
1309.4413972733776,1262.544574660166,649.7959448818901,653.4264566929146
1303.52499473983,1260.2383480752374,651.2959448818901,656.0648031496075
1297.670989583765,1257.778038413271,652.7959448818901,658.7031496063005
1291.8833938479029,1255.1653318476135,654.2959448818901,661.3414960629934
1286.1661740612637,1252.4020189968378,655.7959448818901,663.9798425196864
1280.523248520708,1249.4899936975412,657.2959448818901,666.6181889763793
1274.9584846055307,1246.431251706405,658.7959448818901,669.2565354330723
1269.4756961269532,1243.2278893324021,660.2959448818901,671.8948818897652
1264.078640714327,1239.8821020000923,661.7959448818901,674.5332283464581
1258.7710172398436,1236.3961827449875,663.2959448818901,677.1715748031511
1253.375801571637,1232.6469764431763,664.7959448818901,679.809921259844
1247.9032640490368,1228.6275942687953,666.2959448818901,682.5366141732299
1242.3837283019204,1224.3468291343472,667.7959448818901,685.3516535433085
1236.9781413294938,1219.9230463092606,669.2959448818901,688.2450000000015
1231.6902078510527,1215.3592776333107,670.7959448818901,691.1383464566944
1226.523551952065,1210.6586508855828,672.2959448818901,694.0316929133874
1221.4817146004036,1205.8243876408483,673.7959448818901,696.9250393700803
1216.568151219544,1200.8598010616581,675.2959448818901,699.8183858267732
1211.7862293203893,1195.7682936276672,676.7959448818901,702.7117322834662
1207.1392261933472,1190.553354803744,678.2959448818901,705.6050787401591
1202.6303266622376,1185.2185586484668,679.7959448818901,708.498425196852
1198.2626209015748,1179.7675613646413,681.2959448818901,711.391771653545
1194.0391023187153,1174.2040987935225,682.7959448818901,714.2851181102379
1189.9626655023264,1168.5319838544551,684.2959448818901,717.1784645669309
1186.0361042385796,1162.7551039316904,685.7959448818901,720.0718110236238
1182.262109596429,1156.8774182101656,687.2959448818901,722.9651574803167
1178.6432680832866,1150.9029549620773,688.7959448818901,725.8585039370097
1175.1820598723607,1144.8358087861045,690.2959448818901,728.7518503937026
1171.8808571028678,1138.6801378011758,691.7959448818901,731.6451968503956
1168.7419222542876,1132.4401607967015,693.2959448818901,734.5385433070885
1165.7674065957717,1126.1201543412267,694.7959448818901,737.4318897637814
1162.9593487117722,1119.7244498514845,696.2959448818901,740.3252362204744
1160.3196731048972,1113.2574306238596,697.7959448818901,743.2185826771673
1157.8501888769529,1106.723528830296,699.2959448818901,746.1119291338603
1155.5525884890756,1100.1272224807071,700.7959448818901,749.0052755905532
1153.3823539535526,1093.4879222871007,701.8986220472461,751.8986220472461
1151.5500176824216,1086.7475388566497,704.7919685039391,754.7919685039391
1150.0602513063582,1079.923257125599,707.685314960632,757.685314960632
1148.916853057385,1073.0324759330024,710.578661417325,760.578661417325
1148.1227380850949,1066.092763661533,713.4720078740179,763.4720078740179
1147.6799310243339,1059.1218134460357,716.3653543307108,766.3653543307108
1147.5895608332967,1052.1373980640176,719.2587007874038,769.2587007874038
1147.8648505492813,1045.1578249701763,722.2587007874038,769.2587007874038
1148.5050456223114,1038.202224689218,725.2587007874038,769.2587007874038
1149.5083913221913,1031.2896620380347,728.2587007874038,769.2587007874038
1150.8721375480993,1024.4390838703673,731.2587007874038,769.2587007874038
1152.592546366423,1017.6692671447953,734.2587007874038,769.2587007874038
1154.6649022561755,1010.9987674583994,737.2587007874038,769.2587007874038
1157.0835250339107,1004.4458681871591,740.2587007874038,769.2587007874038
1159.8417854227114,998.0285303724906,743.2587007874038,769.2587007874038
1162.932123222576,991.7643434912803,746.2587007874038,769.2587007874038
1166.346068032402,985.6704772443511,749.2587007874038,769.2587007874038
1170.0742624667657,979.7636344955065,752.2587007874038,769.2587007874038
1174.1064878038667,974.0600054901414,755.2587007874038,769.2587007874038
1178.4316919943321,968.5752234789052,758.2587007874038,769.2587007874038
1182.6192628668641,963.8016765599442,761.2587007874038,769.2587007874038
1187.0509229617269,959.2538321470821,764.2587007874038,769.2587007874038
1191.7145254066413,954.9441555657378,767.2587007874038,769.2587007874038
1196.597287591469,950.8844593398587,770.2587007874038,769.2587007874038
1201.2608900363834,946.5747827585144,767.2587007874038,769.2587007874038
1206.1436522212111,942.5150865326353,770.2587007874038,769.2587007874038
1210.8072546661256,938.205409951291,767.2587007874038,769.2587007874038
1215.6900168509533,934.145713725412,770.2587007874038,769.2587007874038
1220.3536192958677,929.8360371440676,767.2587007874038,769.2587007874038
1225.2363814806954,925.7763409181886,770.2587007874038,769.2587007874038
1229.8999839256098,921.4666643368442,767.2587007874038,769.2587007874038
1234.7827461104375,917.4069681109652,770.2587007874038,769.2587007874038
1239.446348555352,913.0972915296209,767.2587007874038,769.2587007874038
1244.3291107401797,909.0375953037418,770.2587007874038,769.2587007874038
1248.992713185094,904.7279187223975,767.2587007874038,769.2587007874038
1253.8754753699218,900.6682224965184,770.2587007874038,769.2587007874038
1258.5390778148362,896.3585459151741,767.2587007874038,769.2587007874038
1263.421839999664,892.298849689295,770.2587007874038,769.2587007874038
1268.0854424445783,887.9891731079507,767.2587007874038,769.2587007874038
1272.968204629406,883.9294768820716,770.2587007874038,769.2587007874038
1277.6318070743205,879.6198003007273,767.2587007874038,769.2587007874038
1282.5145692591482,875.5601040748483,770.2587007874038,769.2587007874038
1287.1781717040626,871.2504274935039,767.2587007874038,769.2587007874038
1292.0609338888903,867.1907312676249,770.2587007874038,769.2587007874038
1297.1494725018792,863.3921427423803,773.2587007874038,771.8970472440967
1302.4298402123914,859.8650735848812,776.2587007874038,774.5353937007897
1307.8875638995657,856.6191912465246,779.2587007874038,777.1737401574826
1313.5076843221377,853.6633924651815,782.2587007874038,779.8120866141755
1319.2747971206788,851.0057788798565,785.2587007874038,782.4504330708685
1324.8949175432508,848.0499800985134,782.2587007874038,785.0887795275614
1330.662030341792,845.3923665131884,785.2587007874038,787.7271259842544
1336.5603282609884,843.0402224579905,788.2587007874038,790.3654724409473
1342.5736444762294,840.9999949962793,791.2587007874038,793.0038188976403
1348.6854969057495,839.2772762497129,794.2587007874038,795.6421653543332
1354.8791333868687,837.8767880706312,797.2587007874038,798.2805118110261
1361.1375775925071,836.802369099786,800.2587007874038,800.9188582677191
1367.443675562116,836.0569642448946,803.2587007874038,803.557204724412
1373.780142719492,835.6426166088518,806.2587007874038,806.195551181105
1380.1296112485995,835.560461889727,809.2587007874038,808.8338976377979
1386.4746776975462,835.8107252678948,812.2587007874038,811.4722440944909
1392.7979506802355,836.3927207888312,815.2587007874038,814.1105905511838
1399.0820985449475,837.3048532432674,818.2587007874038,816.7489370078767
1405.3098968791905,838.5446225395474,821.2587007874038,819.3872834645697
1411.4642757206195,840.1086305562053,824.2587007874038,822.0256299212626
1417.5283663446157,841.9925904559803,827.2587007874038,824.6639763779556
1423.4855475002887,844.1913384357397,830.2587007874038,827.3023228346485
1429.549638124285,846.0752983355147,827.2587007874038,829.9406692913415
1435.5068192799579,848.2740463152741,830.2587007874038,832.5790157480344
1441.3407627478382,850.7815557596383,833.2587007874038,835.2173622047274
1447.035478094393,853.5909537595152,836.2587007874038,837.8557086614203
1452.5753565006924,856.6945399502661,839.2587007874038,840.4940551181132
1457.9452135450965,860.0838076178696,842.2587007874038,843.1324015748062
1463.1303308227011,863.749467015234,845.2587007874038,845.7707480314991
1468.1164962874614,867.6814708247481,848.2587007874038,848.4090944881921
1472.8900432064224,871.8690416972801,851.2587007874038,851.047440944885
1477.4378876192845,876.3007017921428,854.2587007874038,853.685787401578
1482.2114345382456,880.4882726646748,851.2587007874038,853.685787401578
1486.7592789511077,884.9199327595376,854.2587007874038,853.685787401578
1491.5328258700688,889.1075036320696,851.2587007874038,853.685787401578
1496.080670282931,893.5391637269323,854.2587007874038,853.685787401578
1500.854217201892,897.7267345994643,851.2587007874038,851.047440944885
1505.8403826666522,901.6587384089784,848.2587007874038,848.4090944881921
1511.0254999442568,905.3243978063427,845.2587007874038,845.7707480314991
1516.395356988661,908.7136654739463,842.2587007874038,843.1324015748062
1521.9352353949603,911.8172516646972,839.2587007874038,840.4940551181132
1527.6299507415151,914.6266496645741,836.2587007874038,837.8557086614203
1533.4638942093954,917.1341591089383,833.2587007874038,835.2173622047274
1539.4210753650684,919.3329070886977,830.2587007874038,832.5790157480344
1545.4851659890646,921.2168669884727,827.2587007874038,829.9406692913415
1551.4423471447376,923.415614968232,830.2587007874038,827.3023228346485
1557.5064377687338,925.2995748680071,827.2587007874038,824.6639763779556
1563.6608166101628,926.863582884665,824.2587007874038,822.0256299212626
1569.8886149444058,928.103352180945,821.2587007874038,819.3872834645697
1576.1727628091178,929.0154846353812,818.2587007874038,816.7489370078767
1582.4960357918071,929.5974801563176,815.2587007874038,814.1105905511838
1588.8411022407538,929.8477435344854,812.2587007874038,811.4722440944909
1595.1905707698613,929.7655888153606,809.2587007874038,808.8338976377979
1601.5270379272374,929.3512411793178,806.2587007874038,806.195551181105
1607.8331358968462,928.6058363244264,803.2587007874038,803.557204724412
1614.0915801024846,927.5314173535812,800.2587007874038,800.9188582677191
1620.2852165836039,926.1309291744994,797.2587007874038,798.2805118110261
1626.3970690131239,924.4082104279331,794.2587007874038,795.6421653543332
1632.410385228365,922.3679829662219,791.2587007874038,793.0038188976403
1638.3086831475614,920.0158389110239,788.2587007874038,790.3654724409473
1644.0757959461025,917.358225325699,785.2587007874038,787.7271259842544
1649.6959163686745,914.4024265443559,782.2587007874038,785.0887795275614
1655.4630291672156,911.7448129590309,785.2587007874038,782.4504330708685
1661.0831495897876,908.7890141776878,782.2587007874038,779.8120866141755
1666.540873276962,905.5431318393312,779.2587007874038,779.8120866141755
1672.160993699534,902.5873330579881,782.2587007874038,779.8120866141755
1677.6187173867083,899.3414507196314,779.2587007874038,779.8120866141755
1683.2388378092803,896.3856519382883,782.2587007874038,779.8120866141755
1688.6965614964547,893.1397695999317,779.2587007874038,779.8120866141755
1694.3166819190267,890.1839708185886,782.2587007874038,779.8120866141755
1699.774405606201,886.938088480232,779.2587007874038,779.8120866141755
1705.394526028773,883.9822896988888,782.2587007874038,779.8120866141755
1710.8522497159474,880.7364073605322,779.2587007874038,779.8120866141755
1716.4723701385194,877.7806085791891,782.2587007874038,779.8120866141755
1721.9300938256938,874.5347262408325,779.2587007874038,779.8120866141755
1727.5502142482658,871.5789274594894,782.2587007874038,779.8120866141755
1733.0079379354402,868.3330451211327,779.2587007874038,779.8120866141755
1738.6280583580121,865.3772463397896,782.2587007874038,779.8120866141755
1744.0857820451865,862.131364001433,779.2587007874038,779.8120866141755
1749.7059024677585,859.1755652200899,782.2587007874038,779.8120866141755
1755.163626154933,855.9296828817332,779.2587007874038,779.8120866141755
1760.7837465775049,852.9738841003901,782.2587007874038,779.8120866141755
1766.2414702646793,849.7280017620335,779.2587007874038,779.8120866141755
1771.8615906872512,846.7722029806904,782.2587007874038,779.8120866141755
1777.3193143744256,843.5263206423338,779.2587007874038,779.8120866141755
1782.9394347969976,840.5705218609907,782.2587007874038,779.8120866141755
1788.397158484172,837.324639522634,779.2587007874038,779.8120866141755
1794.017278906744,834.3688407412909,782.2587007874038,779.8120866141755
1799.4750025939184,831.1229584029343,779.2587007874038,779.8120866141755
1805.0951230164903,828.1671596215912,782.2587007874038,779.8120866141755
1810.5528467036647,824.9212772832345,779.2587007874038,779.8120866141755
1816.1729671262367,821.9654785018914,782.2587007874038,779.8120866141755
1821.630690813411,818.7195961635348,779.2587007874038,779.8120866141755
1827.250811235983,815.7637973821917,782.2587007874038,779.8120866141755
1832.7085349231575,812.517915043835,779.2587007874038,779.8120866141755
1838.3286553457294,809.5621162624919,782.2587007874038,779.8120866141755
1843.7863790329038,806.3162339241353,779.2587007874038,779.8120866141755
1849.4064994554758,803.3604351427922,782.2587007874038,779.8120866141755
1854.8642231426502,800.1145528044356,779.2587007874038,779.8120866141755
1860.4843435652222,797.1587540230925,782.2587007874038,779.8120866141755
1865.9420672523966,793.9128716847358,779.2587007874038,779.8120866141755
1871.5621876749685,790.9570729033927,782.2587007874038,779.8120866141755
1877.019911362143,787.7111905650361,779.2587007874038,779.8120866141755
1882.640031784715,784.755391783693,782.2587007874038,779.8120866141755
1888.0977554718893,781.5095094453363,779.2587007874038,779.8120866141755
1893.7178758944613,778.5537106639932,782.2587007874038,779.8120866141755
1899.1755995816357,775.3078283256366,779.2587007874038,779.8120866141755
1904.7957200042076,772.3520295442935,782.2587007874038,779.8120866141755
1910.253443691382,769.1061472059368,779.2587007874038,779.8120866141755
1915.873564113954,766.1503484245937,782.2587007874038,779.8120866141755
1921.3312878011284,762.9044660862371,779.2587007874038,779.8120866141755
1926.9514082237004,759.948667304894,782.2587007874038,779.8120866141755
1932.4091319108747,756.7027849665374,779.2587007874038,779.8120866141755
1938.0292523334467,753.7469861851943,782.2587007874038,779.8120866141755
1943.4869760206211,750.5011038468376,779.2587007874038,779.8120866141755
1949.107096443193,747.5453050654945,782.2587007874038,779.8120866141755
1954.5648201303675,744.2994227271379,779.2587007874038,779.8120866141755
1960.1849405529395,741.3436239457948,782.2587007874038,779.8120866141755
1965.6426642401138,738.0977416074381,779.2587007874038,779.8120866141755
1971.2627846626858,735.141942826095,782.2587007874038,779.8120866141755
1976.7205083498602,731.8960604877384,779.2587007874038,779.8120866141755
1982.3406287724322,728.9402617063953,782.2587007874038,779.8120866141755
1987.7983524596066,725.6943793680387,779.2587007874038,779.8120866141755
1993.4184728821785,722.7385805866955,782.2587007874038,779.8120866141755
1998.876196569353,719.4926982483389,779.2587007874038,779.8120866141755
2004.496316991925,716.5368994669958,782.2587007874038,779.8120866141755
2009.9540406790993,713.2910171286392,779.2587007874038,779.8120866141755
2015.5741611016713,710.3352183472961,782.2587007874038,779.8120866141755
2021.0318847888457,707.0893360089394,779.2587007874038,779.8120866141755
2026.6520052114176,704.1335372275963,782.2587007874038,779.8120866141755
2032.109728898592,700.8876548892397,779.2587007874038,779.8120866141755
2037.729849321164,697.9318561078966,782.2587007874038,779.8120866141755
2043.1875730083384,694.6859737695399,779.2587007874038,779.8120866141755
2048.8076934309106,691.7301749881968,782.2587007874038,782.4504330708685
2054.5748062294515,689.0725614028719,785.2587007874038,785.0887795275614
2060.473104148648,686.7204173476739,788.2587007874038,787.7271259842544
2066.486420363889,684.6801898859627,791.2587007874038,790.3654724409473
2072.598272793409,682.9574711393964,794.2587007874038,793.0038188976403
2078.7919092745283,681.5569829603146,797.2587007874038,795.6421653543332
2085.0503534801665,680.4825639894694,800.2587007874038,798.2805118110261
2091.3564514497752,679.7371591345781,803.2587007874038,800.9188582677191
2097.692918607151,679.3228114985352,806.2587007874038,803.557204724412
2103.99901657676,678.5774066436438,803.2587007874038,806.195551181105
2110.335483734136,678.163059007601,806.2587007874038,808.8338976377979
2116.6849522632433,678.0809042884762,809.2587007874038,811.4722440944909
2123.0300187121898,678.331167666644,812.2587007874038,811.4722440944909
2129.3794872412973,678.2490129475192,809.2587007874038,811.4722440944909
2135.7245536902437,678.499276325687,812.2587007874038,811.4722440944909
2142.0740222193513,678.4171216065622,809.2587007874038,811.4722440944909
2148.4190886682977,678.66738498473,812.2587007874038,811.4722440944909
2154.7423616509873,679.2493805056664,815.2587007874038,814.1105905511838
2161.026509515699,680.1615129601026,818.2587007874038,816.7489370078767
2167.2543078499425,681.4012822563826,821.2587007874038,819.3872834645697
2173.4086866913717,682.9652902730405,824.2587007874038,822.0256299212626
2179.472777315368,684.8492501728156,827.2587007874038,824.6639763779556
2185.429958471041,687.0479981525749,830.2587007874038,827.3023228346485
2191.4940490950376,688.93195805235,827.2587007874038,829.9406692913415
2197.4512302507105,691.1307060321093,830.2587007874038,832.5790157480344
2203.285173718591,693.6382154764735,833.2587007874038,835.2173622047274
2208.979889065146,696.4476134763504,836.2587007874038,837.8557086614203
2214.519767471445,699.5511996671013,839.2587007874038,840.4940551181132
2219.8896245158494,702.9404673347049,842.2587007874038,843.1324015748062
2225.074741793454,706.6061267320692,845.2587007874038,845.7707480314991
2230.0609072582142,710.5381305415833,848.2587007874038,848.4090944881921
2234.8344541771753,714.7257014141153,851.2587007874038,848.4090944881921
2239.8206196419355,718.6577052236294,848.2587007874038,848.4090944881921
2244.5941665608966,722.8452760961613,851.2587007874038,848.4090944881921
2249.580332025657,726.7772799056754,848.2587007874038,848.4090944881921
2254.353878944618,730.9648507782074,851.2587007874038,848.4090944881921
2259.340044409378,734.8968545877215,848.2587007874038,848.4090944881921
2264.113591328339,739.0844254602534,851.2587007874038,848.4090944881921
2269.0997567930995,743.0164292697675,848.2587007874038,851.047440944885
2273.8733037120605,747.2040001422995,851.2587007874038,853.685787401578
2278.4211481249226,751.6356602371623,854.2587007874038,856.3241338582709
2282.730824706267,756.2992626820768,857.2587007874038,858.9624803149638
2286.790520932146,761.1820248669045,860.2587007874038,861.6008267716568
2290.589109457391,766.2705634798934,863.2587007874038,864.2391732283497
2294.11617861489,771.5509311904054,866.2587007874038,866.8775196850427
2297.362060953247,777.0086548775798,869.2587007874038,869.5158661417356
2300.31785973459,782.6287753001518,872.2587007874038,872.1542125984286
2302.975473319915,788.3958880986928,875.2587007874038,874.7925590551215
2305.9312721012584,794.0160085212648,872.2587007874038,874.7925590551215
2308.5888856865836,799.7831213198058,875.2587007874038,874.7925590551215
2311.544684467927,805.4032417423778,872.2587007874038,874.7925590551215
2314.202298053252,811.1703545409188,875.2587007874038,874.7925590551215
2317.158096834595,816.7904749634907,872.2587007874038,874.7925590551215
2319.8157104199204,822.5575877620317,875.2587007874038,874.7925590551215
2322.7715092012636,828.1777081846037,872.2587007874038,874.7925590551215
2325.429122786589,833.9448209831447,875.2587007874038,874.7925590551215
2328.384921567932,839.5649414057167,872.2587007874038,874.7925590551215
2331.042535153257,845.3320542042577,875.2587007874038,874.7925590551215
2333.9983339346004,850.9521746268297,872.2587007874038,874.7925590551215
2336.6559475199256,856.7192874253707,875.2587007874038,874.7925590551215
2339.611746301269,862.3394078479427,872.2587007874038,874.7925590551215
2342.269359886594,868.1065206464837,875.2587007874038,874.7925590551215
2344.621503941792,874.0048185656801,878.2587007874038,877.4309055118144
2346.6617314035034,880.0181347809211,881.2587007874038,880.0692519685074
2348.38445015007,886.1299872104411,884.2587007874038,882.7075984252003
2349.784938329152,892.3236236915604,887.2587007874038,885.3459448818933
2350.859357299997,898.5820678971987,890.2587007874038,887.9842913385862
2351.6047621548887,904.8881658668075,893.2587007874038,890.6226377952792
2352.0191097909315,911.2246330241836,896.2587007874038,893.2609842519721
2352.764514645823,917.5307309937924,893.2587007874038,895.899330708665
2353.178862281866,923.8671981511685,896.2587007874038,895.899330708665
2353.9242671367574,930.1732961207773,893.2587007874038,895.899330708665
2354.3386147728,936.5097632781534,896.2587007874038,895.899330708665
2355.0840196276918,942.8158612477622,893.2587007874038,895.899330708665
2355.4983672637345,949.1523284051383,896.2587007874038,895.899330708665
2356.243772118626,955.4584263747471,893.2587007874038,895.899330708665
2356.658119754669,961.7948935321232,896.2587007874038,895.899330708665
2357.4035246095605,968.100991501732,893.2587007874038,895.899330708665
2357.817872245603,974.4374586591081,896.2587007874038,895.899330708665
2358.563277100495,980.7435566287169,893.2587007874038,895.899330708665
2358.9776247365376,987.080023786093,896.2587007874038,895.899330708665
2359.0597794556625,993.4294923152004,899.2587007874038,898.537677165358
2358.8095160774947,999.774558764147,902.2587007874038,901.1760236220509
2358.2275205565584,1006.0978317468364,905.2587007874038,903.8143700787439
2357.315388102122,1012.3819796115483,908.2587007874038,906.4527165354368
2356.075618805842,1018.6097779457915,911.2587007874038,909.0910629921298
2354.5116107891845,1024.7641567872206,914.2587007874038,911.7294094488227
2352.6276508894093,1030.8282474112168,917.2587007874038,914.3677559055157
2351.0636428727516,1036.9826262526458,914.2587007874038,917.0061023622086
2349.1796829729765,1043.046716876642,917.2587007874038,917.0061023622086
2347.615674956319,1049.201095718071,914.2587007874038,917.0061023622086
2345.7317150565436,1055.2651863420672,917.2587007874038,917.0061023622086
2344.167707039886,1061.4195651834962,914.2587007874038,917.0061023622086
2342.283747140111,1067.4836558074924,917.2587007874038,917.0061023622086
2340.719739123453,1073.6380346489213,914.2587007874038,917.0061023622086
2338.835779223678,1079.7021252729176,917.2587007874038,919.6444488189015
2336.6370312439185,1085.6593064285905,920.2587007874038,922.2827952755945
2334.1295217995544,1091.4932498964708,923.2587007874038,924.9211417322874
2331.3201237996773,1097.1879652430257,926.2587007874038,927.5594881889804
2328.2165376089265,1102.727843649325,929.2587007874038,930.1978346456733
2324.827269941323,1108.0977006937292,932.2587007874038,932.8361811023663
2321.1616105439584,1113.2828179713338,935.2587007874038,935.4745275590592
2317.2296067344446,1118.268983436094,938.2587007874038,938.1128740157521
2313.0420358619126,1123.042530355055,941.2587007874038,940.7512204724451
2308.61037576705,1127.5903747679172,944.2587007874038,943.389566929138
2303.9467733221354,1131.9000513492615,947.2587007874038,946.027913385831
2299.0640111373077,1135.9597475751405,950.2587007874038,948.6662598425239
2293.975472524319,1139.7583361003851,953.2587007874038,951.3046062992169
2288.6951048138067,1143.2854052578843,956.2587007874038,953.9429527559098
2283.237381126632,1146.5312875962409,959.2587007874038,956.5812992126027
2277.95701341612,1150.05835675374,956.2587007874038,959.2196456692957
2272.4992897289453,1153.3042390920966,959.2587007874038,961.8579921259886
2266.879169306373,1156.2600378734396,962.2587007874038,964.4963385826816
2261.112056507832,1158.9176514587646,965.2587007874038,967.1346850393745
2255.2137585886358,1161.2697955139624,968.2587007874038,969.7730314960675
2249.2004423733947,1163.3100229756735,971.2587007874038,972.4113779527604
2243.088589943875,1165.0327417222397,974.2587007874038,975.0497244094533
2236.8949534627554,1166.4332299013215,977.2587007874038,977.6880708661463
2230.6365092571173,1167.5076488721668,980.2587007874038,980.3264173228392
2224.3304112875085,1168.2530537270582,983.2587007874038,982.9647637795322
2217.9939441301326,1168.667401363101,986.2587007874038,985.6031102362251
2211.644475601025,1168.7495560822258,989.2587007874038,988.2414566929181
2205.2994091520786,1168.499292704058,992.2587007874038,990.879803149611
2198.976136169389,1167.9172971831215,995.2587007874038,993.518149606304
2192.691988304677,1167.0051647286853,998.2587007874038,996.1564960629969
2186.464189970434,1165.7653954324053,1001.2587007874038,998.7948425196898
2180.3098111290046,1164.2013874157474,1004.2587007874038,1001.4331889763828
2174.0820127947613,1162.9616181194674,1001.2587007874038,1004.0715354330757
2167.927633953332,1161.3976101028095,1004.2587007874038,1006.7098818897687
2161.8635433293357,1159.5136502030346,1007.2587007874038,1009.3482283464616
2155.9063621736627,1157.3149022232753,1010.2587007874038,1011.9865748031546
2150.072418705782,1154.8073927789112,1013.2587007874038,1014.6249212598475
2144.3777033592273,1151.9979947790343,1016.2587007874038,1017.2632677165404
2138.8378249529283,1148.8944085882836,1019.2587007874038,1019.9016141732334
2133.467967908524,1145.50514092068,1022.2587007874038,1019.9016141732334
2127.928089502225,1142.4015547299293,1019.2587007874038,1019.9016141732334
2122.5582324578204,1139.0122870623259,1022.2587007874038,1019.9016141732334
2117.0183540515213,1135.908700871575,1019.2587007874038,1019.9016141732334
2111.648497007117,1132.5194332039716,1022.2587007874038,1019.9016141732334
2106.108618600818,1129.4158470132209,1019.2587007874038,1019.9016141732334
2100.7387615564135,1126.0265793456174,1022.2587007874038,1019.9016141732334
2095.1988831501144,1122.9229931548666,1019.2587007874038,1019.9016141732334
2089.82902610571,1119.5337254872632,1022.2587007874038,1019.9016141732334
2084.289147699411,1116.4301392965124,1019.2587007874038,1019.9016141732334
2078.9192906550065,1113.040871628909,1022.2587007874038,1019.9016141732334
2073.3794122487075,1109.9372854381581,1019.2587007874038,1019.9016141732334
2068.009555204303,1106.5480177705547,1022.2587007874038,1019.9016141732334
2062.469676798004,1103.444431579804,1019.2587007874038,1019.9016141732334
2057.0998197535996,1100.0551639122004,1022.2587007874038,1019.9016141732334
2051.5599413473005,1096.9515777214497,1019.2587007874038,1017.2632677165404
2045.8652260007457,1094.1421797215728,1016.2587007874038,1014.6249212598475
2040.0312825328654,1091.6346702772087,1013.2587007874038,1011.9865748031546
2034.0741013771924,1089.4359222974495,1010.2587007874038,1009.3482283464616
2028.0100107531962,1087.5519623976745,1007.2587007874038,1006.7098818897687
2021.8556319117672,1085.9879543810166,1004.2587007874038,1004.0715354330757
2015.6278335775241,1084.7481850847366,1001.2587007874038,1001.4331889763828
2009.3436857128122,1083.8360526303004,998.2587007874038,998.7948425196898
2003.0204127301229,1083.2540571093639,995.2587007874038,996.1564960629969
1996.6753462811762,1083.003793731196,992.2587007874038,993.518149606304
1990.3258777520687,1083.085948450321,989.2587007874038,990.879803149611
1983.9894105946926,1083.5002960863637,986.2587007874038,988.2414566929181
1977.6833126250838,1084.245700941255,983.2587007874038,985.6031102362251
1971.4248684194454,1085.3201199121004,980.2587007874038,982.9647637795322
1965.1187704498366,1086.0655247669918,983.2587007874038,980.3264173228392
1958.8603262441982,1087.139943737837,980.2587007874038,977.6880708661463
1952.666689763079,1088.5404319169188,977.2587007874038,975.0497244094533
1946.554837333559,1090.263150663485,974.2587007874038,972.4113779527604
1940.5415211183179,1092.303378125196,971.2587007874038,969.7730314960675
1934.6432231991214,1094.655522180394,968.2587007874038,967.1346850393745
1928.8761104005803,1097.313135765719,965.2587007874038,964.4963385826816
1923.2559899780083,1100.268934547062,962.2587007874038,961.8579921259886
1917.798266290834,1103.5148168854184,959.2587007874038,959.2196456692957
1912.5178985803218,1107.0418860429177,956.2587007874038,956.5812992126027
1907.4293599673329,1110.8404745681623,953.2587007874038,953.9429527559098
1902.5465977825052,1114.9001707940413,950.2587007874038,951.3046062992169
1897.8829953375907,1119.2098473753856,947.2587007874038,948.6662598425239
1893.451335242728,1123.7576917882477,944.2587007874038,946.027913385831
1889.263764370196,1128.5312387072088,941.2587007874038,943.389566929138
1885.331760560682,1133.517404171969,938.2587007874038,940.7512204724451
1881.6661011633175,1138.7025214495736,935.2587007874038,938.1128740157521
1877.7340973538035,1143.6886869143339,938.2587007874038,935.4745275590592
1874.068437956439,1148.8738041919385,935.2587007874038,932.8361811023663
1870.6791702888356,1154.2436612363426,932.2587007874038,930.1978346456733
1867.5755840980848,1159.783539642642,929.2587007874038,930.1978346456733
1864.1863164304814,1165.153396687046,932.2587007874038,930.1978346456733
1861.0827302397306,1170.6932750933454,929.2587007874038,930.1978346456733
1857.6934625721271,1176.0631321377496,932.2587007874038,930.1978346456733
1854.5898763813764,1181.6030105440489,929.2587007874038,930.1978346456733
1851.200608713773,1186.972867588453,932.2587007874038,930.1978346456733
1848.0970225230221,1192.5127459947523,929.2587007874038,930.1978346456733
1844.7077548554187,1197.8826030391565,932.2587007874038,930.1978346456733
1841.604168664668,1203.4224814454558,929.2587007874038,930.1978346456733
1838.2149009970644,1208.79233848986,932.2587007874038,930.1978346456733
1835.1113148063137,1214.3322168961593,929.2587007874038,930.1978346456733
1831.7220471387102,1219.7020739405634,932.2587007874038,930.1978346456733
1828.6184609479594,1225.2419523468627,929.2587007874038,930.1978346456733
1825.229193280356,1230.611809391267,932.2587007874038,930.1978346456733
1822.1256070896052,1236.1516877975662,929.2587007874038,930.1978346456733
1818.7363394220017,1241.5215448419704,932.2587007874038,930.1978346456733
1815.632753231251,1247.0614232482696,929.2587007874038,930.1978346456733
1812.2434855636475,1252.4312802926738,932.2587007874038,930.1978346456733
1808.577826166283,1257.6163975702784,935.2587007874038,932.8361811023663
1804.645822356769,1262.6025630350387,938.2587007874038,935.4745275590592
1800.9801629594047,1267.7876803126433,935.2587007874038,938.1128740157521
1797.0481591498906,1272.7738457774035,938.2587007874038,940.7512204724451
1792.8605882773586,1277.5473926963646,941.2587007874038,943.389566929138
1788.4289281824958,1282.0952371092267,944.2587007874038,946.027913385831
1783.7653257375814,1286.404913690571,947.2587007874038,948.6662598425239
1778.8825635527537,1290.46460991645,950.2587007874038,951.3046062992169
1773.7940249397648,1294.2631984416946,953.2587007874038,953.9429527559098
1768.5136572292527,1297.7902675991938,956.2587007874038,956.5812992126027
1763.0559335420783,1301.0361499375504,959.2587007874038,959.2196456692957
1757.4358131195063,1303.9919487188934,962.2587007874038,961.8579921259886
1751.6687003209652,1306.6495623042183,965.2587007874038,964.4963385826816
1745.7704024017687,1309.0017063594162,968.2587007874038,967.1346850393745
1739.7570861865277,1311.0419338211273,971.2587007874038,969.7730314960675
1733.6452337570076,1312.7646525676935,974.2587007874038,972.4113779527604
1727.4515972758884,1314.1651407467753,977.2587007874038,975.0497244094533
1721.19315307025,1315.2395597176205,980.2587007874038,977.6880708661463
1714.9995165891307,1316.6400478967023,977.2587007874038,977.6880708661463
1708.7410723834923,1317.7144668675476,980.2587007874038,977.6880708661463
1702.547435902373,1319.1149550466293,977.2587007874038,977.6880708661463
1696.2889916967347,1320.1893740174746,980.2587007874038,977.6880708661463
1690.0953552156154,1321.5898621965564,977.2587007874038,977.6880708661463
1683.836911009977,1322.6642811674017,980.2587007874038,977.6880708661463
1677.5308130403682,1323.409686022293,983.2587007874038,980.3264173228392
1671.2723688347298,1324.4841049931383,980.2587007874038,982.9647637795322
1664.966270865121,1325.2295098480297,983.2587007874038,985.6031102362251
1658.629803707745,1325.6438574840724,986.2587007874038,988.2414566929181
1652.2803351786374,1325.7260122031973,989.2587007874038,990.879803149611
1645.9352687296907,1325.4757488250295,992.2587007874038,993.518149606304
1639.6119957470014,1324.893753304093,995.2587007874038,996.1564960629969
1633.3278478822895,1323.9816208496568,998.2587007874038,998.7948425196898
1627.1000495480464,1322.7418515533768,1001.2587007874038,1001.4331889763828
1620.9456707066174,1321.177843536719,1004.2587007874038,1001.4331889763828
1614.7178723723744,1319.938074240439,1001.2587007874038,1001.4331889763828
1608.5634935309454,1318.374066223781,1004.2587007874038,1001.4331889763828
1602.3356951967023,1317.134296927501,1001.2587007874038,1001.4331889763828
1596.1813163552733,1315.5702889108431,1004.2587007874038,1001.4331889763828
1589.9535180210303,1314.3305196145632,1001.2587007874038,1001.4331889763828
1583.7991391796013,1312.7665115979053,1004.2587007874038,1001.4331889763828
1577.5713408453582,1311.5267423016253,1001.2587007874038,1001.4331889763828
1571.4169620039293,1309.9627342849674,1004.2587007874038,1001.4331889763828
1565.1891636696862,1308.7229649886874,1001.2587007874038,1001.4331889763828
1559.0347848282572,1307.1589569720295,1004.2587007874038,1001.4331889763828
1552.8069864940142,1305.9191876757495,1001.2587007874038,1001.4331889763828
1546.6526076525852,1304.3551796590916,1004.2587007874038,1001.4331889763828
1540.424809318342,1303.1154103628116,1001.2587007874038,1001.4331889763828
1534.2704304769131,1301.5514023461537,1004.2587007874038,1001.4331889763828
1528.04263214267,1300.3116330498738,1001.2587007874038,1001.4331889763828
1521.888253301241,1298.7476250332159,1004.2587007874038,1001.4331889763828
1515.660454966998,1297.5078557369359,1001.2587007874038,1001.4331889763828
1509.506076125569,1295.943847720278,1004.2587007874038,1001.4331889763828
1503.278277791326,1294.704078423998,1001.2587007874038,1001.4331889763828
1497.123898949897,1293.14007040734,1004.2587007874038,1001.4331889763828
1490.896100615654,1291.9003011110601,1001.2587007874038,1001.4331889763828
1484.741721774225,1290.3362930944022,1004.2587007874038,1001.4331889763828
1478.513923439982,1289.0965237981222,1001.2587007874038,1001.4331889763828
1472.359544598553,1287.5325157814643,1004.2587007874038,1001.4331889763828
1466.1317462643099,1286.2927464851844,1001.2587007874038,1001.4331889763828
1459.977367422881,1284.7287384685264,1004.2587007874038,1001.4331889763828
1453.7495690886378,1283.4889691722465,1001.2587007874038,1001.4331889763828
1447.5951902472088,1281.9249611555886,1004.2587007874038,1001.4331889763828
1441.3673919129658,1280.6851918593086,1001.2587007874038,1001.4331889763828
1435.2130130715368,1279.1211838426507,1004.2587007874038,1001.4331889763828
1428.9852147372937,1277.8814145463707,1001.2587007874038,1001.4331889763828
1422.8308358958648,1276.3174065297128,1004.2587007874038,1001.4331889763828
1416.6030375616217,1275.0776372334328,1001.2587007874038,1001.4331889763828
1410.4486587201927,1273.513629216775,1004.2587007874038,1001.4331889763828
1404.2208603859497,1272.273859920495,1001.2587007874038,1001.4331889763828
1398.0664815445207,1270.709851903837,1004.2587007874038,1001.4331889763828
1391.8386832102776,1269.470082607557,1001.2587007874038,1001.4331889763828
1385.6843043688486,1267.9060745908992,1004.2587007874038,1001.4331889763828
1379.4565060346056,1266.6663052946192,1001.2587007874038,1001.4331889763828
1373.3021271931766,1265.1022972779613,1004.2587007874038,1001.4331889763828
1367.0743288589335,1263.8625279816813,1001.2587007874038,1001.4331889763828
1360.9199500175046,1262.2985199650234,1004.2587007874038,1001.4331889763828
1354.6921516832615,1261.0587506687434,1001.2587007874038,1001.4331889763828
1348.4989408367471,1259.65638145537,1002.7587007874038,1004.0715354330757
1342.3445619953181,1258.092373438712,1004.2587007874038,1006.7098818897687
1336.2332330628142,1256.3677985117404,1005.7587007874038,1009.3482283464616
1330.169142438818,1254.4838386119654,1007.2587007874038,1011.9865748031546
1324.156446148135,1252.4417849113966,1008.7587007874038,1014.6249212598475
1318.199264992462,1250.2430369316373,1010.2587007874038,1017.2632677165404
1312.3016817261955,1247.889101584723,1011.7587007874038,1019.9016141732334
1306.4677382583152,1245.3815921403589,1013.2587007874038,1022.5399606299263
1300.7014328822618,1242.722227120265,1014.7587007874038,1025.1783070866193
1295.006717535707,1239.912829120388,1016.2587007874038,1027.8166535433122
1289.3874950920917,1236.9553235617846,1017.7587007874038,1030.4550000000052
1283.8476166857924,1233.8517373710338,1019.2587007874038,1033.093346456698
1278.2018267459946,1230.4916844018564,1020.7587007874038,1035.731692913391
1272.459885118986,1226.8675698407496,1022.2587007874038,1038.458385826777
1266.6526592506148,1222.9860298482054,1023.7587007874038,1041.2734251968557
1260.9490302452498,1218.9538045111044,1025.2587007874038,1044.1667716535485
1255.3529070853085,1214.7736573152788,1026.7587007874038,1047.0601181102413
1249.8681250740724,1210.4484531248133,1028.2587007874038,1049.9534645669341
1244.4984432071608,1205.9811562186114,1029.7587007874038,1052.846811023627
1239.2475415963038,1201.3748282588263,1031.2587007874038,1055.7401574803198
1234.119018947177,1196.63262619255,1032.7587007874038,1058.6335039370126
1229.1163900930287,1191.757800088201,1034.2587007874038,1061.5268503937054
1224.2430835857888,1186.753690908088,1035.7587007874038,1064.4201968503983
1219.50243934631,1181.623728218682,1037.2587007874038,1067.313543307091
1214.897706375354,1176.371427840163,1038.7587007874038,1070.206889763784
1210.432040526887,1171.0003894368526,1040.2587007874038,1073.1002362204767
1206.108502345217,1165.5142940501828,1041.7587007874038,1075.9935826771696
1201.9300549674479,1159.9169015758948,1043.2587007874038,1078.8869291338624
1197.8995620926944,1154.2120481871948,1044.7587007874038,1081.7802755905552
1194.0197860194453,1148.4036437056316,1046.2587007874038,1084.673622047248
1190.293385752422,1142.4956689215005,1047.7587007874038,1087.5669685039409
1186.7229151802296,1136.4921728656086,1049.2587007874038,1090.4603149606337
1183.3108213250496,1130.3972700342713,1050.7587007874038,1093.3536614173265
1180.059442665572,1124.215137569442,1052.2587007874038,1096.2470078740193
1176.9710075343205,1117.9500123959078,1053.7587007874038,1099.1403543307122
1174.047632590463,1111.6061883175128,1055.2587007874038,1102.033700787405
1171.2913213691604,1105.188013074399,1056.7587007874038,1104.9270472440978
1168.6544055597403,1098.719868053295,1057.8203937007906,1107.8203937007906
1166.3473435348697,1092.1268649580886,1060.7137401574835,1110.7137401574835
1164.3760172616824,1085.4258129716732,1063.6070866141763,1113.6070866141763
1162.7454527326422,1078.6337967528589,1066.5004330708691,1116.5004330708691
1161.4598071515288,1071.7681328782023,1069.393779527562,1119.393779527562
1160.5223583344448,1064.84632569255,1072.2871259842548,1122.2871259842548
1159.935496352863,1057.8860226808576,1075.1804724409476,1125.1804724409476
1159.7007174400237,1050.9049694750665,1078.0738188976404,1128.0738188976404
1159.8186201762135,1043.92096461075,1080.9671653543332,1130.9671653543332
