875.0115139103734,1274.780301502354,3.0,0
875.0115139103734,1274.340301502354,0.0,0
875.0460556414938,1273.681206009416,3.0,0
875.0460556414938,1272.8012060094159,0.0,0
875.103625193361,1271.7027135211858,3.0,0
875.103625193361,1270.382713521186,0.0,0
875.1842225659751,1268.8448240376638,3.0,0
875.1842225659751,1267.0848240376638,0.0,0
875.2878477593362,1265.1075375588498,3.0,0
875.2878477593362,1262.9075375588498,0.0,0
875.414500773444,1260.4908540847437,3.0,0
875.414500773444,1257.8508540847436,0.0,0
875.5641816082989,1254.9947736153454,3.0,0
875.5641816082989,1251.9147736153454,0.0,0
875.7368902639006,1248.6192961506554,3.0,0
875.7368902639006,1245.0992961506554,0.0,0
875.9326267402492,1241.3644216906732,3.0,0
875.9326267402492,1237.4044216906732,0.0,0
876.1513910373448,1233.2301502353992,3.0,0
876.1513910373448,1228.830150235399,0.0,0
876.3931831551871,1224.216481784833,3.0,0
876.3931831551871,1219.376481784833,0.0,0
876.6580030937764,1214.3234163389748,3.0,0
876.6580030937764,1209.0434163389748,0.0,0
876.9458508531126,1203.5509538978247,3.0,0
876.9458508531126,1197.8309538978247,0.0,0
877.2567264331957,1191.8990944613824,3.0,0
877.2567264331957,1185.7390944613824,0.0,0
877.5890597553384,1179.3977969156908,3.0,0
877.5890597553384,1173.047796915691,0.0,0
877.9213930774812,1166.7064993699994,3.0,0
877.9213930774812,1160.3564993699995,0.0,0
878.2537263996239,1154.015201824308,3.0,0
878.2537263996239,1147.665201824308,0.0,0
878.5860597217667,1141.3239042786165,3.0,0
878.5860597217667,1134.9739042786166,0.0,0
878.9183930439094,1128.632606732925,3.0,0
878.9183930439094,1122.2826067329252,0.0,0
879.2507263660522,1115.9413091872336,3.0,0
879.2507263660522,1109.5913091872337,0.0,0
879.5830596881949,1103.2500116415422,3.0,0
879.5830596881949,1096.9000116415423,0.0,0
879.9153930103377,1090.5587140958507,3.0,0
879.9153930103377,1084.2087140958508,0.0,0
880.2477263324804,1077.8674165501593,3.0,0
880.2477263324804,1071.5174165501594,0.0,0
880.5800596546231,1065.1761190044679,3.0,0
880.5800596546231,1058.826119004468,0.0,0
880.9123929767659,1052.4848214587764,3.0,0
880.9123929767659,1046.1348214587765,0.0,0
881.2447262989086,1039.793523913085,3.0,0
881.2447262989086,1033.443523913085,0.0,0
881.5770596210514,1027.1022263673935,3.0,0
881.5770596210514,1020.7522263673935,0.0,0
881.9093929431941,1014.410928821702,3.0,0
881.9093929431941,1008.060928821702,0.0,2.638346456692913
882.2417262653369,1001.7196312760104,3.0,5.276692913385826
882.9054820070864,995.4044172404219,6.0,7.915039370078739
883.8988408600919,989.1325962776428,9.0,10.553385826771652
885.2190800967848,982.9213590129832,12.0,13.191732283464566
886.8625810331857,976.7877300160476,15.0,13.191732283464566
888.1828202698786,970.576492751388,12.0,13.191732283464566
889.8263212062795,964.4428637544523,15.0,13.191732283464566
891.1465604429724,958.2316264897927,12.0,13.191732283464566
892.7900613793734,952.0979974928571,15.0,13.191732283464566
894.1103006160662,945.8867602281974,12.0,13.191732283464566
895.7538015524672,939.7531312312618,15.0,13.191732283464566
897.07404078916,933.5418939666022,12.0,13.191732283464566
898.717541725561,927.4082649696666,15.0,13.191732283464566
900.0377809622538,921.1970277050069,12.0,13.191732283464566
901.6812818986548,915.0633987080713,15.0,13.191732283464566
903.0015211353476,908.8521614434117,12.0,13.191732283464566
904.6450220717486,902.718532446476,15.0,13.191732283464566
905.9652613084414,896.5072951818164,12.0,13.191732283464566
907.6087622448424,890.3736661848808,15.0,15.830078740157479
909.5710201591233,884.3344573064065,18.0,18.46842519685039
911.846656638736,878.4062215981493,21.0,21.106771653543305
914.4294343222673,872.6052079421188,24.0,23.74511811023622
917.3122739956134,866.9473165135227,27.0,26.383464566929135
920.342232123262,861.3668278481192,28.5,29.02181102362205
923.5172321232619,855.867566534088,30.0,31.660157480314965
926.8350980092082,850.4533014904396,31.5,34.29850393700788
930.2935558815536,845.1277433839862,33.0,36.936850393700794
933.8902354860263,839.8945420862364,34.5,39.57519685039371
937.6226718380835,834.7572841719555,36.0,42.213543307086624
941.4883069122889,829.7194904611061,37.5,44.85188976377954
945.4844913954553,824.7846136058544,39.0,47.490236220472454
949.608486502352,819.9560357242941,40.5,50.12858267716537
953.8574658527307,815.2370660825127,42.0,52.766929133858284
958.228517408386,810.6309388265846,43.5,55.4052755905512
962.7186454689206,806.14081076605,45.0,58.043622047244114
967.3247727248487,801.7697592103947,46.5,60.68196850393703
972.2072342282352,797.373571126617,48.0,63.32031496062994
977.3703907346594,792.9638188784551,49.5,66.04700787401578
982.9119638165937,788.7116202968292,52.5,68.86204724409451
988.6684852441185,784.7552727319093,55.5,71.75539370078742
994.436595955974,781.2205699416058,58.5,74.64874015748033
1000.1884539583466,778.0975658557068,61.5,77.45374015748034
1005.8973058818594,775.3745831683943,64.5,80.17039370078743
1011.5375904278409,773.0383008138054,67.5,82.7987007874016
1017.0850356029183,771.0738474472147,70.5,85.33866141732285
1022.5167494009467,769.4649005194669,73.5,87.7902755905512
1027.811303617512,768.1937905132716,76.5,90.15354330708664
1032.9488105095338,767.2416098925751,79.5,92.42846456692915
1037.9109920407097,766.5883263005137,82.5,94.61503937007876
1042.6812414826227,766.212899527456,85.5,96.71326771653546
1047.2446771711361,766.0934017584306,88.5,98.72314960629923
1051.588188248155,766.2071405988282,91.5,100.6446850393701
1055.700472249804,766.5307843687056,94.5,102.47787401574806
1059.5720644334688,767.0404891493249,97.5,104.2227165354331
1063.195358767842,767.7120270607635,100.5,105.87921259842523
1066.992463306995,768.6236312066208,103.5,107.44736220472444
1070.9475947133262,769.7951945035244,106.5,109.10385826771657
1075.0433719921218,771.2455853068951,109.5,110.84870078740161
1079.2608820580358,772.9925351756417,112.5,112.68188976377957
1083.57975264365,775.0525307738694,115.5,114.60342519685044
1087.978232292523,777.4407103689688,118.5,116.61330708661421
1092.6942404032511,779.6901308497921,115.5,116.61330708661421
1097.4793995816956,782.2882602994057,118.5,116.61330708661421
1102.5925452175375,784.7271056628247,115.5,116.61330708661421
1107.7643839255531,787.5351849669524,118.5,116.61330708661421
1113.274667086509,790.163455212967,115.5,116.61330708661421
1118.833185324096,793.181484371609,118.5,116.61330708661421
1124.5646018797174,795.9152298363417,115.5,116.61330708661421
1130.1450905451209,798.9451879639903,118.5,116.61330708661421
1135.8765071007424,801.678933428723,115.5,116.61330708661421
1141.4569957661458,804.7088915563716,118.5,116.61330708661421
1147.1884123217674,807.4426370211042,115.5,116.61330708661421
1152.7689009871708,810.4725951487528,118.5,116.61330708661421
1158.5003175427923,813.2063406134855,115.5,116.61330708661421
1164.0808062081958,816.2362987411341,118.5,116.61330708661421
1169.8122227638173,818.9700442058668,115.5,116.61330708661421
1175.3927114292208,822.0000023335153,118.5,116.61330708661421
1181.1241279848423,824.733747798248,115.5,116.61330708661421
1186.7046166502457,827.7637059258966,118.5,116.61330708661421
1192.4360332058673,830.4974513906293,115.5,116.61330708661421
1198.0165218712707,833.5274095182779,118.5,116.61330708661421
1203.7479384268922,836.2611549830106,115.5,116.61330708661421
1209.3284270922957,839.2911131106591,118.5,116.61330708661421
1215.0598436479172,842.0248585753918,115.5,116.61330708661421
1220.6403323133206,845.0548167030404,118.5,116.61330708661421
1226.3717488689422,847.7885621677731,115.5,116.61330708661421
1231.9522375343456,850.8185202954216,118.5,119.25165354330713
1237.3665025779942,854.1363861813679,121.5,121.89000000000004
1242.599703875744,857.7330657858406,124.5,124.52834645669296
1247.6374975865933,861.5987008600459,127.5,127.16669291338587
1252.870698884343,865.1953804645186,124.5,127.16669291338587
1257.9084925951925,869.061015538724,127.5,127.16669291338587
1263.1416938929422,872.6576951431966,124.5,127.16669291338587
1268.1794876037916,876.523330217402,127.5,127.16669291338587
1273.4126889015413,880.1200098218746,124.5,127.16669291338587
1278.4504826123907,883.98564489608,127.5,127.16669291338587
1283.6836839101404,887.5823245005527,124.5,127.16669291338587
1288.7214776209898,891.447959574758,127.5,127.16669291338587
1293.9546789187395,895.0446391792307,124.5,127.16669291338587
1298.992472629589,898.910274253436,127.5,127.16669291338587
1304.2256739273387,902.5069538579087,124.5,127.16669291338587
1309.263467638188,906.372588932114,127.5,127.16669291338587
1314.4966689359378,909.9692685365867,124.5,127.16669291338587
1319.5344626467872,913.834903610792,127.5,127.16669291338587
1324.767663944537,917.4315832152647,124.5,127.16669291338587
1329.8054576553864,921.29721828947,127.5,127.16669291338587
1335.038658953136,924.8938978939427,124.5,127.16669291338587
1340.0764526639855,928.759532968148,127.5,127.16669291338587
1345.3096539617352,932.3562125726207,124.5,127.16669291338587
1350.3474476725846,936.2218476468261,127.5,127.16669291338587
1355.5806489703343,939.8185272512987,124.5,127.16669291338587
1360.6184426811838,943.6841623255041,127.5,127.16669291338587
1365.8516439789335,947.2808419299768,124.5,127.16669291338587
1370.8894376897829,951.1464770041821,127.5,127.16669291338587
1376.1226389875326,954.7431566086548,124.5,127.16669291338587
1381.160432698382,958.6087916828601,127.5,127.16669291338587
1386.3936339961317,962.2054712873328,124.5,127.16669291338587
1391.4314277069811,966.0711063615381,127.5,127.16669291338587
1396.6646290047308,969.6677859660108,124.5,127.16669291338587
1401.7024227155803,973.5334210402161,127.5,127.16669291338587
1406.93562401333,977.1301006446888,124.5,127.16669291338587
1411.9734177241794,980.9957357188941,127.5,127.16669291338587
1417.206619021929,984.5924153233668,124.5,127.16669291338587
1422.2444127327785,988.4580503975722,127.5,127.16669291338587
1427.4776140305282,992.0547300020448,124.5,127.16669291338587
1432.5154077413777,995.9203650762502,127.5,127.16669291338587
1437.7486090391274,999.5170446807228,124.5,127.16669291338587
1442.7864027499768,1003.3826797549282,127.5,127.16669291338587
1448.0196040477265,1006.9793593594009,124.5,127.16669291338587
1453.057397758576,1010.8449944336062,127.5,127.16669291338587
1458.2905990563256,1014.4416740380789,124.5,127.16669291338587
1463.328392767175,1018.3073091122842,127.5,127.16669291338587
1468.5615940649247,1021.9039887167569,124.5,127.16669291338587
1473.5993877757742,1025.7696237909622,127.5,127.16669291338587
1478.8325890735239,1029.366303395435,124.5,127.16669291338587
1483.8703827843733,1033.2319384696402,127.5,127.16669291338587
1489.103584082123,1036.828618074113,124.5,127.16669291338587
1494.1413777929724,1040.6942531483182,127.5,127.16669291338587
1499.3745790907221,1044.290932752791,124.5,127.16669291338587
1504.4123728015716,1048.1565678269963,127.5,127.16669291338587
1509.6455740993213,1051.753247431469,124.5,127.16669291338587
1514.6833678101707,1055.6188825056743,127.5,127.16669291338587
1519.9165691079204,1059.215562110147,124.5,127.16669291338587
1524.9543628187698,1063.0811971843523,127.5,127.16669291338587
1530.1875641165195,1066.677876788825,124.5,127.16669291338587
1535.225357827369,1070.5435118630303,127.5,127.16669291338587
1540.4585591251187,1074.140191467503,124.5,127.16669291338587
1545.496352835968,1078.0058265417083,127.5,127.16669291338587
1550.7295541337178,1081.602506146181,124.5,127.16669291338587
1555.7673478445672,1085.4681412203863,127.5,127.16669291338587
1561.000549142317,1089.064820824859,124.5,127.16669291338587
1566.0383428531663,1092.9304558990643,127.5,127.16669291338587
1571.271544150916,1096.527135503537,124.5,127.16669291338587
1576.3093378617655,1100.3927705777423,127.5,127.16669291338587
1581.5425391595152,1103.989450182215,124.5,127.16669291338587
1586.5803328703646,1107.8550852564204,127.5,127.16669291338587
1591.8135341681143,1111.451764860893,124.5,127.16669291338587
1596.8513278789637,1115.3173999350984,127.5,127.16669291338587
1602.0845291767134,1118.914079539571,124.5,127.16669291338587
1607.1223228875629,1122.7797146137764,127.5,127.16669291338587
1612.3555241853126,1126.376394218249,124.5,127.16669291338587
1617.393317896162,1130.2420292924544,127.5,127.16669291338587
1622.6265191939117,1133.838708896927,124.5,127.16669291338587
1627.6643129047611,1137.7043439711324,127.5,127.16669291338587
1632.8975142025108,1141.301023575605,124.5,127.16669291338587
1637.9353079133602,1145.1666586498104,127.5,127.16669291338587
1643.16850921111,1148.763338254283,124.5,127.16669291338587
1648.2063029219594,1152.6289733284884,127.5,127.16669291338587
1653.439504219709,1156.225652932961,124.5,127.16669291338587
1658.4772979305585,1160.0912880071664,127.5,127.16669291338587
1663.7104992283082,1163.6879676116391,124.5,127.16669291338587
1668.7482929391576,1167.5536026858445,127.5,127.16669291338587
1673.9814942369073,1171.1502822903171,124.5,127.16669291338587
1679.0192879477568,1175.0159173645225,127.5,127.16669291338587
1684.2524892455065,1178.6125969689951,124.5,127.16669291338587
1689.290282956356,1182.4782320432005,127.5,127.16669291338587
1694.5234842541056,1186.0749116476732,124.5,127.16669291338587
1699.561277964955,1189.9405467218785,127.5,127.16669291338587
1704.7944792627047,1193.5372263263512,124.5,127.16669291338587
1709.8322729735542,1197.4028614005565,127.5,127.16669291338587
1715.0654742713039,1200.9995410050292,124.5,127.16669291338587
1720.1032679821533,1204.8651760792345,127.5,127.16669291338587
1725.336469279903,1208.4618556837072,124.5,127.16669291338587
1730.3742629907524,1212.3274907579125,127.5,127.16669291338587
1735.6074642885021,1215.9241703623852,124.5,127.16669291338587
1740.6452579993515,1219.7898054365905,127.5,127.16669291338587
1745.8784592971012,1223.3864850410632,124.5,127.16669291338587
1750.9162530079507,1227.2521201152686,127.5,124.52834645669296
1756.1494543057004,1230.8487997197412,124.5,121.89000000000004
1761.563719349349,1234.1666656056875,121.5,119.25165354330713
1767.1442080147524,1237.196623733336,118.5,116.61330708661421
1772.875624570374,1239.9303691980688,115.5,113.9749606299213
1778.7422596018207,1242.360408993587,112.5,111.33661417322838
1784.728033070256,1244.4800825497216,109.5,108.69826771653547
1790.816538386669,1246.2835799885916,106.5,106.05992125984255
1796.9910873811941,1247.7659580490765,103.5,103.42157480314964
1803.2347560442252,1248.9231536359516,100.5,100.78322834645672
1809.5304309139487,1249.751994956549,97.5,98.14488188976381
1815.8608559831541,1250.2502102144208,94.5,95.5065354330709
1822.208679996749,1250.4164338361759,91.5,92.86818897637798
1828.5565040103438,1250.2502102144208,88.5,90.22984251968506
1834.9043280239387,1250.4164338361759,91.5,90.22984251968506
1841.2521520375335,1250.2502102144208,88.5,90.22984251968506
1847.5999760511284,1250.4164338361759,91.5,90.22984251968506
1853.9478000647232,1250.2502102144208,88.5,90.22984251968506
1860.295624078318,1250.4164338361759,91.5,90.22984251968506
1866.643448091913,1250.2502102144208,88.5,90.22984251968506
1872.9912721055077,1250.4164338361759,91.5,90.22984251968506
1879.3390961191026,1250.2502102144208,88.5,90.22984251968506
1885.6869201326974,1250.4164338361759,91.5,90.22984251968506
1892.0347441462923,1250.2502102144208,88.5,90.22984251968506
1898.3825681598871,1250.4164338361759,91.5,90.22984251968506
1904.730392173482,1250.2502102144208,88.5,90.22984251968506
1911.0782161870768,1250.4164338361759,91.5,90.22984251968506
1917.4260402006717,1250.2502102144208,88.5,90.22984251968506
1923.7738642142665,1250.4164338361759,91.5,90.22984251968506
1930.1216882278613,1250.2502102144208,88.5,90.22984251968506
1936.4695122414562,1250.4164338361759,91.5,90.22984251968506
1942.817336255051,1250.2502102144208,88.5,90.22984251968506
1949.1651602686459,1250.4164338361759,91.5,90.22984251968506
1955.5129842822407,1250.2502102144208,88.5,90.22984251968506
1961.8608082958356,1250.4164338361759,91.5,90.22984251968506
1968.2086323094304,1250.2502102144208,88.5,90.22984251968506
1974.5564563230253,1250.4164338361759,91.5,90.22984251968506
1980.90428033662,1250.2502102144208,88.5,90.22984251968506
1987.252104350215,1250.4164338361759,91.5,90.22984251968506
1993.5999283638098,1250.2502102144208,88.5,90.22984251968506
1999.9477523774046,1250.4164338361759,91.5,90.22984251968506
2006.2955763909995,1250.2502102144208,88.5,90.22984251968506
2012.6434004045943,1250.4164338361759,91.5,90.22984251968506
2018.9912244181892,1250.2502102144208,88.5,90.22984251968506
2025.339048431784,1250.4164338361759,91.5,90.22984251968506
2031.6868724453789,1250.2502102144208,88.5,90.22984251968506
2038.0346964589737,1250.4164338361759,91.5,90.22984251968506
2044.3825204725686,1250.2502102144208,88.5,90.22984251968506
2050.730344486163,1250.4164338361759,91.5,90.22984251968506
2057.078168499758,1250.2502102144208,88.5,90.22984251968506
2063.4259925133524,1250.4164338361759,91.5,90.22984251968506
2069.773816526947,1250.2502102144208,88.5,90.22984251968506
2076.1216405405416,1250.4164338361759,91.5,90.22984251968506
2082.4694645541363,1250.2502102144208,88.5,90.22984251968506
2088.817288567731,1250.4164338361759,91.5,90.22984251968506
2095.1651125813255,1250.2502102144208,88.5,90.22984251968506
2101.51293659492,1250.4164338361759,91.5,90.22984251968506
2107.8607606085147,1250.2502102144208,88.5,90.22984251968506
2114.2085846221094,1250.4164338361759,91.5,90.22984251968506
2120.556408635704,1250.2502102144208,88.5,90.22984251968506
2126.9042326492986,1250.4164338361759,91.5,90.22984251968506
2133.252056662893,1250.2502102144208,88.5,90.22984251968506
2139.599880676488,1250.4164338361759,91.5,90.22984251968506
2145.9477046900824,1250.2502102144208,88.5,90.22984251968506
2152.295528703677,1250.4164338361759,91.5,90.22984251968506
2158.6433527172717,1250.2502102144208,88.5,90.22984251968506
2164.9911767308663,1250.4164338361759,91.5,90.22984251968506
2171.339000744461,1250.2502102144208,88.5,90.22984251968506
2177.6868247580555,1250.4164338361759,91.5,90.22984251968506
2184.03464877165,1250.2502102144208,88.5,90.22984251968506
2190.3824727852448,1250.4164338361759,91.5,90.22984251968506
2196.7302967988394,1250.2502102144208,88.5,90.22984251968506
2203.078120812434,1250.4164338361759,91.5,90.22984251968506
2209.4259448260286,1250.2502102144208,88.5,90.22984251968506
2215.7737688396232,1250.4164338361759,91.5,90.22984251968506
2222.121592853218,1250.2502102144208,88.5,90.22984251968506
2228.4694168668125,1250.4164338361759,91.5,90.22984251968506
2234.817240880407,1250.2502102144208,88.5,90.22984251968506
2241.1650648940017,1250.4164338361759,91.5,90.22984251968506
2247.5128889075963,1250.2502102144208,88.5,90.22984251968506
2253.8433139768017,1249.751994956549,85.5,87.59149606299215
2260.1389888465255,1248.9231536359516,82.5,84.95314960629923
2266.382657509557,1247.7659580490765,79.5,82.31480314960632
2272.6783323792806,1246.9371167284792,82.5,79.6764566929134
2278.922001042312,1245.779921141604,79.5,77.03811023622049
2285.1332383069716,1244.4596819049113,78.0,74.39976377952758
2291.307787301497,1242.9773038444264,76.5,71.76141732283466
2297.441416298432,1241.3338029080253,75.0,69.12307086614175
2303.529921614845,1239.5303054691553,73.5,66.48472440944883
2309.5691304933193,1237.5680475548745,72.0,63.846377952755915
2315.5549039617545,1235.44837399874,70.5,61.208031496063
2321.4831396700115,1233.1727375191274,69.0,58.569685039370086
2327.349774701458,1230.7426977236091,67.5,55.93133858267717
2333.1507883574886,1228.1599200400778,66.0,53.292992125984256
2338.8822049131104,1225.4261745753452,64.5,50.65464566929134
2344.736117777028,1222.4434569920563,63.0,48.016299212598426
2350.703285972003,1219.2035490098935,61.5,45.2896062992126
2356.752473417437,1215.7110490098935,60.0,42.47456692913386
2362.7081649654506,1212.0613965353525,58.5,39.58122047244095
2368.5662788825493,1208.2570928757725,57.0,36.68787401574804
2374.322800310074,1204.3007453108526,55.5,33.794527559055126
2379.973784015783,1200.1950653235897,54.0,30.901181102362212
2385.5153570977172,1195.9428667419638,52.5,28.0078346456693
2390.943721638494,1191.5470638104807,51.0,25.114488188976384
2396.25515730821,1187.0106691928943,49.5,22.22114173228347
2401.4460239141695,1182.3367919074776,48.0,19.327795275590557
2406.51276389569,1177.5286351962568,46.5,16.434448818897643
2411.451904762278,1172.5894943296687,45.0,13.541102362204729
2416.260061473499,1167.5227543481478,43.5,10.647755905511815
2420.9339387589152,1162.3318877421882,42.0,7.754409448818901
2425.4703333765015,1157.020452072472,40.5,4.861062992125987
2429.8661363079846,1151.592087531695,39.0,1.9677165354330737
2434.1183348896107,1146.0505144497606,37.5,-0.9256299212598398
2438.2240148768738,1140.3995307440516,36.0,-3.8189763779527532
2442.180362441794,1134.6430093165268,34.5,-6.712322834645667
2445.984666101374,1128.784895399428,33.0,-9.60566929133858
2449.6343185759147,1122.8292038514146,31.5,-12.499015748031495
2453.1268185759145,1116.7800164059804,30.0,-15.392362204724408
2456.459772516328,1110.6414788740365,28.5,-18.28570866141732
2459.630896157009,1104.4177983025806,27.0,-21.179055118110234
2462.684982909429,1098.1358575906117,25.927598425196848,-24.07240157480315
2465.418083106345,1091.7077639141305,23.034251968503938,-26.965748031496062
2467.811017255051,1085.145440304314,20.034251968503938,-26.965748031496062
2469.857226489376,1078.466873634035,17.034251968503938,-26.965748031496062
2471.551102292039,1071.6903693903153,14.034251968503938,-26.965748031496062
2472.8880018672053,1064.8345015002578,11.034251968503938,-26.965748031496062
2473.8642608660657,1057.918061421204,8.034251968503938,-26.965748031496062
2474.4772034305633,1050.9600066346543,5.034251968503938,-26.965748031496062
2474.725149527734,1043.9794086851305,2.0342519685039377,-26.965748031496062
2474.6074195545602,1036.9954009063965,-0.9657480314960623,-26.965748031496062
2474.1243362007144,1030.0271259783217,-3.9657480314960623,-26.965748031496062
2473.3039042770556,1023.3120596004933,-6.965748031496062,-26.965748031496062
2472.1712303789222,1016.865814581842,-9.965748031496062,-26.965748031496062
2470.7520994495767,1010.7020744506087,-12.965748031496062,-24.249094488188977
2469.0728419401703,1004.8325668718504,-15.965748031496062,-21.620787401574802
2467.160200131375,999.26704566434,-18.965748031496062,-19.08082677165354
2465.6019701902137,993.8205656588256,-15.965748031496062,-16.629212598425195
2464.3802835640813,988.5143893719379,-12.965748031496062,-14.26594488188976
2463.476048099185,983.3682273822583,-9.965748031496062,-11.99102362204724
2462.8690618792425,978.4001701433771,-6.965748031496062,-9.804448818897633
2462.0409725587583,973.6873691633547,-9.965748031496062,-7.70622047244094
2461.4873477647448,969.1560642092103,-6.965748031496062,-5.696338582677159
2461.156416648331,964.3825215419464,-3.9657480314960623,-3.7748031496062917
2461.072058951017,959.378232503641,-0.9657480314960623,-1.7649212598425112
2461.2575304410266,954.1565253760443,2.0342519685039377,0.3333070866141825
2461.7353360621705,948.7325299125134,5.034251968503938,2.5198818897637896
2461.9364262039703,943.0711000794349,2.0342519685039377,4.7948031496063095
2462.452842380358,937.2088019521844,5.034251968503938,7.158070866141744
2463.3061081195196,931.1637244027751,8.034251968503938,9.60968503937009
2464.5166864749854,924.9556550535104,11.034251968503938,12.14964566929135
2466.056573568316,918.7951966501289,14.034251968503938,14.777952755905524
2467.916763781339,912.7237724044206,17.034251968503938,17.41629921259844
2470.0921584619805,906.7580236682237,20.034251968503938,20.054645669291354
2472.5767950046315,900.9143021441498,23.034251968503938,22.69299212598427
2475.363863193233,895.2086250667045,26.034251968503938,25.331338582677184
2478.4457238676073,889.6566313001601,29.034251968503938,27.9696850393701
2481.8139298618626,884.2735384735165,32.03425196850394,30.608031496063013
2485.4592491574904,879.0741012700373,35.03425196850394,33.24637795275593
2489.371690187684,874.0725709856888,38.03425196850394,35.88472440944884
2493.540529223531,869.2826564673283,41.03425196850394,38.52307086614176
2497.9543397670054,864.7174865377076,44.03425196850394,41.16141732283467
875.0,1275.0,0,0
875.0115139103734,1274.780301502354,3.0,0.08834645669291338
875.0115139103734,1274.340301502354,0.0,0.2650393700787401
875.0460556414938,1273.681206009416,3.0,0.5300787401574802
875.0460556414938,1272.8012060094159,0.0,0.8834645669291338
875.103625193361,1271.7027135211858,3.0,1.3251968503937008
875.103625193361,1270.382713521186,0.0,1.855275590551181
875.1842225659751,1268.8448240376638,3.0,2.473700787401575
875.3681926613261,1267.0944655018156,6.0,3.1804724409448824
875.4718178546872,1265.1171790230017,3.0,3.975590551181103
875.701780473876,1262.9292308531915,6.0,4.859055118110237
875.828433487984,1260.5125473790854,3.0,5.830866141732284
876.1043886310106,1257.8870095753132,6.0,6.8910236220472445
876.5517912010256,1255.062220921211,9.0,8.039527559055118
876.87373886789,1251.9990934834768,6.0,8.039527559055118
877.3899726025228,1248.739721959513,9.0,8.039527559055118
877.7579127932249,1245.2390048878167,6.0,8.039527559055118
878.3429776924754,1241.5450504939909,9.0,8.039527559055118
878.7569104070153,1237.6067437883326,6.0,8.039527559055118
879.4108064708835,1233.478206524645,9.0,8.039527559055118
879.8707317092611,1229.1023101850246,6.0,8.039527559055118
880.593458937747,1224.539190051475,9.0,8.039527559055118
881.0993766999624,1219.7257040778927,6.0,8.039527559055118
881.8909350930659,1214.7280010744814,9.0,8.039527559055118
882.442845379119,1209.476925466937,6.0,8.039527559055118
883.3032349368403,1204.0446395936638,9.0,8.039527559055118
883.9011377467314,1198.3559743521573,6.0,8.039527559055118
884.8303584690703,1192.489105609022,9.0,10.42488188976378
886.1110944845077,1186.4637163885018,12.0,12.898582677165354
887.7545954209087,1180.3300873915662,15.0,15.460629921259843
889.7168533351896,1174.290878513092,18.0,15.460629921259843
891.3603542715906,1168.1572495161563,15.0,15.460629921259843
893.3226121858715,1162.118040637682,18.0,15.460629921259843
894.9661131222725,1155.9844116407464,15.0,15.460629921259843
896.9283710365535,1149.9452027622722,18.0,15.460629921259843
898.5718719729545,1143.8115737653366,15.0,15.460629921259843
900.5341298872354,1137.7723648868623,18.0,15.460629921259843
902.1776308236364,1131.6387358899267,15.0,15.460629921259843
904.1398887379173,1125.5995270114524,18.0,15.460629921259843
905.7833896743183,1119.4658980145168,15.0,15.460629921259843
907.7456475885992,1113.4266891360426,18.0,15.460629921259843
909.3891485250002,1107.293060139107,15.0,15.460629921259843
911.3514064392812,1101.2538512606327,18.0,15.460629921259843
912.9949073756821,1095.120222263697,15.0,15.460629921259843
914.315146612375,1088.9089849990373,12.0,12.82228346456693
915.3085054653804,1082.6371640362581,9.0,10.183937007874016
915.97226120713,1076.3219500006696,6.0,7.545590551181103
916.3045945292728,1069.980652454978,3.0,4.90724409448819
916.3045945292728,1063.6306524549782,0.0,2.268897637795277
915.97226120713,1057.2893549092867,-3.0,-0.36944881889763614
915.3085054653804,1050.9741408736982,-6.0,-3.0077952755905493
914.9761721432377,1044.6328433280066,-3.0,-5.646141732283462
914.3124164014881,1038.3176292924181,-6.0,-8.284488188976376
913.3190575484826,1032.045808329639,-9.0,-10.922834645669289
911.9988183117898,1025.8345710649792,-12.0,-10.922834645669289
911.0054594587843,1019.5627501022001,-9.0,-10.922834645669289
909.6852202220915,1013.3515128375404,-12.0,-10.922834645669289
908.691861369086,1007.0796918747614,-9.0,-10.922834645669289
907.3716221323932,1000.8684546101017,-12.0,-10.922834645669289
906.3782632793877,994.5966336473226,-9.0,-10.922834645669289
905.0580240426949,988.385396382663,-12.0,-10.922834645669289
904.0646651896894,982.1135754198839,-9.0,-10.922834645669289
903.4009094479399,975.7983613842954,-6.0,-8.284488188976376
903.0685761257971,969.4570638386039,-3.0,-5.646141732283462
902.4048203840475,963.1418498030154,-6.0,-3.0077952755905493
901.9066051261757,956.81142473381,-4.5,-0.36944881889763614
901.574271804033,950.4701271881185,-3.0,2.268897637795277
901.408048182278,944.1223031745237,-1.5,4.90724409448819
901.408048182278,937.7723031745237,0.0,7.545590551181103
901.574271804033,931.424479160929,1.5,10.183937007874016
901.9066051261757,925.0831816152374,3.0,12.82228346456693
902.4048203840475,918.7527565460321,4.5,15.460629921259843
903.0685761257971,912.4375425104436,6.0,18.098976377952756
903.8974174463945,906.1418676407199,7.5,20.737322834645667
904.8907762993999,899.8700466779408,9.0,23.375669291338582
906.0880637018834,893.4100619352456,10.5,26.014015748031497
907.4997840825359,886.7684397262631,12.0,28.740708661417322
909.1303999490694,879.9764358322853,13.5,31.555748031496062
910.9382509791105,873.2294439356561,15.0,34.449094488188976
912.9220981618674,866.5320880876018,16.5,37.342440944881886
915.0805818675765,859.8889583212801,18.0,40.2357874015748
917.4122227793243,853.3046075060013,19.5,43.12913385826771
919.9154229068982,846.7835482269184,21.0,46.02248031496062
922.5884666819684,840.330249692327,22.5,48.91582677165353
925.4295221338529,833.9491346706934,24.0,51.80917322834644
928.4366421450588,827.6445764595096,25.5,54.70251968503935
931.6077657857396,821.4208958880539,27.0,57.59586614173226
934.940719726153,815.2823583561101,28.5,60.48921259842517
938.433219726153,809.2331709106758,30.0,63.38255905511808
942.0828722006938,803.2774793626625,31.5,66.27590551181099
946.0392197656138,797.5209579351376,34.5,69.1692519685039
950.2914183472396,791.9793848532033,37.5,72.06259842519681
954.827812964826,786.6679491834872,40.5,74.95594488188972
959.6359696760468,781.6012092019663,43.5,77.84929133858263
964.7027096575677,776.7930524907455,46.5,80.74263779527554
970.0141453272838,772.2566578731592,49.5,83.63598425196845
975.5557184092181,768.0044592915333,52.5,86.52933070866136
981.312239836743,764.0481117266133,55.5,89.42267716535427
987.2679313847563,760.3984592520725,58.5,92.31602362204718
993.4064689167001,757.0655053116591,61.5,95.2093700787401
999.7110271278839,754.0583853004531,64.5,98.102716535433
1006.1643256624752,751.385341525383,67.5,100.99606299212591
1012.7486764777541,749.0537006136351,70.5,103.88940944881882
1019.4460323258085,747.0698534308782,73.5,106.78275590551173
1026.2380362197862,745.4392375643447,76.5,109.67610236220465
1033.1060717491205,744.166322418782,79.5,112.56944881889756
1040.0313141058166,743.254596966125,82.5,115.46279527559047
1046.9947816819424,742.706560182466,85.5,118.35614173228338
1053.9773880968967,742.5237141985355,88.5,121.24948818897629
1060.959994511851,742.706560182466,91.5,124.1428346456692
1067.9234620879768,743.254596966125,94.5,127.03618110236211
1074.8487044446729,744.166322418782,97.5,129.92952755905503
1081.7167399740072,745.4392375643447,100.5,132.82287401574794
1088.508743867985,747.0698534308782,103.5,132.82287401574794
1095.2060997160393,749.0537006136351,106.5,132.82287401574794
1101.7904505313181,751.385341525383,109.5,132.82287401574794
1108.2437490659095,754.0583853004531,112.5,132.82287401574794
1114.5483072770933,757.0655053116591,115.5,132.82287401574794
1120.6868448090372,760.3984592520725,118.5,132.82287401574794
1126.6425363570506,764.0481117266133,121.5,132.82287401574794
1131.8757376548003,767.644791331086,124.5,132.82287401574794
1136.9135313656498,771.5104264052914,127.5,132.82287401574794
1141.74210924721,775.634421512188,130.5,132.82287401574794
1146.348236503138,780.0054730678434,133.5,132.82287401574794
1151.1768143846982,784.12946817474,130.5,132.82287401574794
1155.7829416406262,788.5005197303954,133.5,132.82287401574794
1160.6115195221864,792.624514837292,130.5,132.82287401574794
1165.2176467781144,796.9955663929474,133.5,132.82287401574794
1170.0462246596746,801.119561499844,130.5,132.82287401574794
1174.6523519156026,805.4906130554994,133.5,132.82287401574794
1179.4809297971628,809.614608162396,130.5,132.82287401574794
1184.0870570530908,813.9856597180514,133.5,132.82287401574794
1188.915634934651,818.109654824948,130.5,132.82287401574794
1193.521762190579,822.4807063806034,133.5,132.82287401574794
1198.3503400721393,826.6047014875,130.5,132.82287401574794
1202.9564673280672,830.9757530431554,133.5,132.82287401574794
1207.7850452096275,835.099748150052,130.5,132.82287401574794
1212.3911724655554,839.4707997057073,133.5,132.82287401574794
1217.2197503471157,843.594794812604,130.5,132.82287401574794
1221.8258776030436,847.9658463682593,133.5,132.82287401574794
1226.654455484604,852.089841475156,130.5,132.82287401574794
1231.2605827405318,856.4608930308113,133.5,132.82287401574794
1236.089160622092,860.584888137708,130.5,132.82287401574794
1240.69528787802,864.9559396933633,133.5,132.82287401574794
1245.5238657595803,869.07993480026,130.5,132.82287401574794
1250.1299930155083,873.4509863559153,133.5,132.82287401574794
1254.9585708970685,877.574981462812,130.5,132.82287401574794
1259.5646981529965,881.9460330184673,133.5,132.82287401574794
1264.3932760345567,886.070028125364,130.5,132.82287401574794
1268.9994032904847,890.4410796810193,133.5,132.82287401574794
1273.827981172045,894.565074787916,130.5,132.82287401574794
1278.434108427973,898.9361263435713,133.5,132.82287401574794
1283.2626863095331,903.060121450468,130.5,132.82287401574794
1287.868813565461,907.4311730061233,133.5,132.82287401574794
1292.6973914470213,911.55516811302,130.5,132.82287401574794
1297.3035187029493,915.9262196686753,133.5,132.82287401574794
1302.1320965845096,920.050214775572,130.5,132.82287401574794
1306.7382238404375,924.4212663312273,133.5,132.82287401574794
1311.5668017219978,928.545261438124,130.5,132.82287401574794
1316.1729289779257,932.9163129937793,133.5,132.82287401574794
1321.001506859486,937.040308100676,130.5,132.82287401574794
1325.607634115414,941.4113596563313,133.5,132.82287401574794
1330.4362119969742,945.535354763228,130.5,132.82287401574794
1335.0423392529021,949.9064063188833,133.5,132.82287401574794
1339.8709171344624,954.03040142578,130.5,132.82287401574794
1344.4770443903903,958.4014529814353,133.5,132.82287401574794
1349.3056222719506,962.525448088332,130.5,132.82287401574794
1353.9117495278786,966.8964996439873,133.5,132.82287401574794
1358.7403274094388,971.020494750884,130.5,132.82287401574794
1363.3464546653668,975.3915463065393,133.5,132.82287401574794
1368.175032546927,979.515541413436,130.5,132.82287401574794
1372.781159802855,983.8865929690913,133.5,132.82287401574794
1377.6097376844152,988.010588075988,130.5,132.82287401574794
1382.2158649403432,992.3816396316433,133.5,132.82287401574794
1387.0444428219034,996.50563473854,130.5,132.82287401574794
1391.6505700778314,1000.8766862941953,133.5,132.82287401574794
1396.4791479593916,1005.000681401092,130.5,132.82287401574794
1401.0852752153196,1009.3717329567473,133.5,132.82287401574794
1405.9138530968798,1013.495728063644,130.5,132.82287401574794
1410.5199803528078,1017.8667796192993,133.5,132.82287401574794
1415.348558234368,1021.990774726196,130.5,132.82287401574794
1419.954685490296,1026.3618262818513,133.5,132.82287401574794
1424.7832633718563,1030.485821388748,130.5,132.82287401574794
1429.3893906277842,1034.8568729444034,133.5,132.82287401574794
1434.2179685093445,1038.9808680513001,130.5,132.82287401574794
1438.8240957652724,1043.3519196069556,133.5,132.82287401574794
1443.6526736468327,1047.4759147138523,130.5,132.82287401574794
1448.2588009027606,1051.8469662695077,133.5,132.82287401574794
1453.087378784321,1055.9709613764044,130.5,132.82287401574794
1457.6935060402488,1060.3420129320598,133.5,132.82287401574794
1462.522083921809,1064.4660080389565,130.5,132.82287401574794
1467.128211177737,1068.837059594612,133.5,132.82287401574794
1471.9567890592973,1072.9610547015086,130.5,132.82287401574794
1476.5629163152253,1077.332106257164,133.5,132.82287401574794
1481.3914941967855,1081.4561013640607,130.5,132.82287401574794
1485.9976214527135,1085.8271529197161,133.5,132.82287401574794
1490.8261993342737,1089.9511480266128,130.5,132.82287401574794
1495.4323265902017,1094.3221995822682,133.5,132.82287401574794
1500.260904471762,1098.446194689165,130.5,132.82287401574794
1504.86703172769,1102.8172462448204,133.5,132.82287401574794
1509.6956096092501,1106.941241351717,130.5,132.82287401574794
1514.301736865178,1111.3122929073725,133.5,132.82287401574794
1519.1303147467383,1115.4362880142692,130.5,132.82287401574794
1523.7364420026663,1119.8073395699246,133.5,132.82287401574794
1528.5650198842266,1123.9313346768213,130.5,132.82287401574794
1533.1711471401545,1128.3023862324767,133.5,132.82287401574794
1537.9997250217148,1132.4263813393734,130.5,132.82287401574794
1542.6058522776427,1136.7974328950288,133.5,132.82287401574794
1547.434430159203,1140.9214280019255,130.5,132.82287401574794
1552.040557415131,1145.292479557581,133.5,132.82287401574794
1556.8691352966912,1149.4164746644776,130.5,132.82287401574794
1561.4752625526191,1153.787526220133,133.5,132.82287401574794
1566.3038404341794,1157.9115213270297,130.5,130.18452755905503
1571.3416341450288,1161.777156401235,127.5,127.54618110236211
1576.5748354427785,1165.3738360057077,124.5,124.9078346456692
1581.989100486427,1168.691701891654,121.5,122.26948818897628
1587.5695891518305,1171.7216600193026,118.5,119.63114173228337
1593.301005707452,1174.4554054840353,115.5,116.99279527559045
1599.1676407388989,1176.8854452795536,112.5,114.35444881889754
1605.1534142073342,1179.005118835688,109.5,111.71610236220462
1611.2419195237471,1180.808616274558,106.5,109.07775590551171
1617.2276929921825,1182.9282898306926,109.5,109.07775590551171
1623.3161983085954,1184.7317872695626,106.5,109.07775590551171
1629.3019717770308,1186.8514608256971,109.5,109.07775590551171
1635.3904770934437,1188.654958264567,106.5,109.07775590551171
1641.376250561879,1190.7746318207016,109.5,109.07775590551171
1647.464755878292,1192.5781292595716,106.5,109.07775590551171
1653.4505293467273,1194.6978028157062,109.5,109.07775590551171
1659.5390346631402,1196.501300254576,106.5,109.07775590551171
1665.5248081315756,1198.6209738107107,109.5,109.07775590551171
1671.6133134479885,1200.4244712495806,106.5,109.07775590551171
1677.5990869164239,1202.5441448057152,109.5,109.07775590551171
1683.6875922328368,1204.3476422445851,106.5,109.07775590551171
1689.6733657012721,1206.4673158007197,109.5,109.07775590551171
1695.761871017685,1208.2708132395896,106.5,109.07775590551171
1701.7476444861204,1210.3904867957242,109.5,109.07775590551171
1707.8361498025333,1212.1939842345942,106.5,109.07775590551171
1713.8219232709687,1214.3136577907287,109.5,109.07775590551171
1719.9104285873816,1216.1171552295987,106.5,109.07775590551171
1725.896202055817,1218.2368287857332,109.5,109.07775590551171
1731.9847073722299,1220.0403262246032,106.5,109.07775590551171
1737.9704808406652,1222.1599997807377,109.5,109.07775590551171
1744.0589861570782,1223.9634972196077,106.5,109.07775590551171
1750.0447596255135,1226.0831707757422,109.5,109.07775590551171
1756.1332649419264,1227.8866682146122,106.5,109.07775590551171
1762.1190384103618,1230.0063417707468,109.5,109.07775590551171
1768.2075437267747,1231.8098392096167,106.5,109.07775590551171
1774.19331719521,1233.9295127657513,109.5,109.07775590551171
1780.281822511623,1235.7330102046212,106.5,109.07775590551171
1786.2675959800583,1237.8526837607558,109.5,109.07775590551171
1792.3561012964713,1239.6561811996257,106.5,109.07775590551171
1798.3418747649066,1241.7758547557603,109.5,109.07775590551171
1804.4303800813195,1243.5793521946302,106.5,109.07775590551171
1810.4161535497549,1245.6990257507648,109.5,109.07775590551171
1816.5046588661678,1247.5025231896348,106.5,109.07775590551171
1822.4904323346032,1249.6221967457693,109.5,109.07775590551171
1828.578937651016,1251.4256941846393,106.5,109.07775590551171
1834.5647111194514,1253.5453677407738,109.5,109.07775590551171
1840.6532164358644,1255.3488651796438,106.5,109.07775590551171
1846.6389899042997,1257.4685387357783,109.5,109.07775590551171
1852.7274952207126,1259.2720361746483,106.5,109.07775590551171
1858.9020442152378,1260.7544142351333,103.5,106.4394094488188
1864.9905495316507,1262.5579116740032,106.5,103.80106299212588
1871.1650985261758,1264.0402897344882,103.5,101.16271653543296
1877.4087671892069,1265.1974853213633,100.5,98.52437007874005
1883.7044420589305,1266.0263266419606,97.5,95.88602362204713
1890.0348671281358,1266.5245418998325,94.5,93.24767716535422
1896.3826911417307,1266.6907655215875,91.5,90.6093307086613
1902.7305151553255,1266.5245418998325,88.5,87.97098425196839
1909.060940224531,1266.0263266419606,85.5,85.33263779527547
1915.3566150942545,1265.1974853213633,82.5,82.69429133858256
1921.6870401634599,1264.6992700634914,85.5,82.69429133858256
1927.9827150331835,1263.870428742894,82.5,82.69429133858256
1934.3131401023888,1263.3722134850223,85.5,82.69429133858256
1940.6088149721124,1262.543372164425,82.5,82.69429133858256
1946.9392400413178,1262.045156906553,85.5,82.69429133858256
1953.2349149110414,1261.2163155859557,82.5,82.69429133858256
1959.5653399802468,1260.718100328084,85.5,82.69429133858256
1965.8610148499704,1259.8892590074865,82.5,82.69429133858256
1972.1914399191758,1259.3910437496147,85.5,82.69429133858256
1978.4871147888994,1258.5622024290174,82.5,82.69429133858256
1984.8175398581047,1258.0639871711455,85.5,82.69429133858256
1991.1132147278283,1257.2351458505482,82.5,82.69429133858256
1997.4436397970337,1256.7369305926763,85.5,82.69429133858256
2003.7393146667573,1255.908089272079,82.5,82.69429133858256
2010.0697397359627,1255.4098740142072,85.5,82.69429133858256
2016.3654146056863,1254.5810326936098,82.5,82.69429133858256
2022.6958396748917,1254.082817435738,85.5,82.69429133858256
2028.9915145446153,1253.2539761151406,82.5,82.69429133858256
2035.3219396138206,1252.7557608572688,85.5,82.69429133858256
2041.6176144835442,1251.9269195366714,82.5,82.69429133858256
2047.9480395527496,1251.4287042787996,85.5,82.69429133858256
2054.243714422473,1250.5998629582023,82.5,82.69429133858256
2060.5741394916786,1250.1016477003304,85.5,82.69429133858256
2066.8698143614024,1249.272806379733,82.5,80.05594488188964
2073.1134830244337,1248.115610792858,79.5,77.41759842519673
2079.288032018959,1246.633232732373,76.5,74.77925196850381
2085.3765373353717,1244.829735293503,73.5,72.1409055118109
2091.362310803807,1242.7100617373685,70.5,69.50255905511798
2097.2289458352534,1240.2800219418502,67.5,66.86421259842507
2102.960362390875,1237.5462764771175,64.5,64.22586614173215
2108.540851056279,1234.516318349469,61.5,61.58751968503924
2113.955116099927,1231.1984524635227,58.5,58.949173228346325
2119.188317397677,1227.60177285905,55.5,56.31082677165341
2124.2261111085263,1223.7361377848447,52.5,53.672480314960495
2129.4593124062762,1220.139458180372,55.5,53.672480314960495
2134.4971061171254,1216.2738231061667,52.5,53.672480314960495
2139.5489996533784,1212.8017528738173,55.5,53.672480314960495
2144.2377178944994,1209.2039728283758,52.5,53.672480314960495
2148.9269959077587,1205.9811213402734,55.5,53.672480314960495
2153.2666386791516,1202.6511963235957,52.5,53.672480314960495
2157.5933011694174,1199.6775635797403,55.5,53.672480314960495
2161.5838684710825,1196.6154935918264,52.5,53.672480314960495
2165.5479154383543,1193.891079592218,55.5,53.672480314960495
2169.189407270291,1191.096864633068,52.5,53.672480314960495
2172.7908387145694,1188.6216693777064,55.5,53.672480314960495
2176.083255076778,1186.0953094473202,52.5,53.672480314960495
2179.322070998063,1183.8693329362056,55.5,53.672480314960495
2182.2654118905434,1181.6108280345834,52.5,53.672480314960495
2185.141612288834,1179.6340702677157,55.5,53.672480314960495
2187.7358777115865,1177.6434203948572,52.5,53.672480314960495
2190.352478360461,1175.845080592621,55.5,53.672480314960495
2192.871375215886,1173.9122630555182,52.5,53.672480314960495
2195.4879758647608,1172.1139232532819,55.5,53.672480314960495
2198.0068727201856,1170.1811057161792,52.5,53.672480314960495
2200.6234733690603,1168.3827659139429,55.5,53.672480314960495
2203.142370224485,1166.4499483768402,52.5,52.30913385826758
2205.556659165265,1164.387950823392,49.5,50.94578740157466
2208.07555602069,1162.4551332862893,52.5,49.582440944881746
2210.4898449614698,1160.393135732841,49.5,48.21909448818883
2212.792908589434,1158.2076099550134,46.5,46.855748031495914
2214.9784343672613,1155.9045463270493,43.5,45.492401574803
2217.2814979952254,1153.7190205492216,46.5,44.12905511811008
2219.467023773053,1151.4159569212575,43.5,42.765708661417165
2221.529021326501,1149.0016679804774,40.5,41.40236220472425
2223.7145471043286,1146.6986043525133,43.5,41.40236220472425
2225.776544657777,1144.2843154117331,40.5,41.40236220472425
2227.9620704356043,1141.981251783769,43.5,41.40236220472425
2230.0240679890526,1139.566962842989,40.5,41.40236220472425
2232.20959376688,1137.2638992150248,43.5,41.40236220472425
2234.2715913203283,1134.8496102742447,40.5,41.40236220472425
2236.457117098156,1132.5465466462806,43.5,41.40236220472425
2238.519114651604,1130.1322577055005,40.5,41.40236220472425
2240.7046404294315,1127.8291940775364,43.5,41.40236220472425
2242.7666379828797,1125.4149051367563,40.5,41.40236220472425
2244.952163760707,1123.1118415087922,43.5,41.40236220472425
2247.0141613141554,1120.697552568012,40.5,41.40236220472425
2249.199687091983,1118.394488940048,43.5,41.40236220472425
2251.261684645431,1115.9801999992678,40.5,41.40236220472425
2253.4472104232586,1113.6771363713037,43.5,41.40236220472425
2255.509207976707,1111.2628474305236,40.5,41.40236220472425
2257.6947337545344,1108.9597838025595,43.5,41.40236220472425
2259.7567313079826,1106.5454948617794,40.5,41.40236220472425
2261.94225708581,1104.2424312338153,43.5,41.40236220472425
2264.0042546392583,1101.8281422930352,40.5,41.40236220472425
2266.189780417086,1099.525078665071,43.5,41.40236220472425
2268.251777970534,1097.110789724291,40.5,41.40236220472425
2270.4373037483615,1094.8077260963269,43.5,41.40236220472425
2272.4993013018097,1092.3934371555467,40.5,42.765708661417165
2274.684827079637,1090.0903735275826,43.5,44.12905511811008
2276.9878907076013,1087.904847749755,46.5,45.492401574803
2279.402179648381,1085.8428501963067,49.5,46.855748031495914
2281.7052432763453,1083.657324418479,46.5,48.21909448818883
2284.119532217125,1081.5953268650308,49.5,48.21909448818883
2286.4225958450893,1079.409801087203,46.5,48.21909448818883
2288.836884785869,1077.3478035337548,49.5,48.21909448818883
2291.1399484138333,1075.162277755927,46.5,48.21909448818883
2293.554237354613,1073.1002802024789,49.5,48.21909448818883
2295.8573009825773,1070.9147544246512,46.5,48.21909448818883
2298.271589923357,1068.852756871203,49.5,48.21909448818883
2300.5746535513213,1066.6672310933752,46.5,48.21909448818883
2302.988942492101,1064.605233539927,49.5,48.21909448818883
2305.2920061200653,1062.4197077620993,46.5,48.21909448818883
2307.706295060845,1060.357710208651,49.5,48.21909448818883
2310.0093586888092,1058.1721844308233,46.5,48.21909448818883
2312.423647629589,1056.110186877375,49.5,48.21909448818883
2314.7267112575532,1053.9246610995474,46.5,48.21909448818883
2317.141000198333,1051.8626635460992,49.5,48.21909448818883
2319.444063826297,1049.6771377682715,46.5,48.21909448818883
2321.858352767077,1047.6151402148232,49.5,48.21909448818883
2324.161416395041,1045.4296144369955,46.5,48.21909448818883
2326.575705335821,1043.3676168835473,49.5,48.21909448818883
2328.878768963785,1041.1820911057196,46.5,48.21909448818883
2331.293057904565,1039.1200935522713,49.5,48.21909448818883
2333.596121532529,1036.9345677744436,46.5,48.21909448818883
2336.010410473309,1034.8725702209954,49.5,48.21909448818883
2338.313474101273,1032.6870444431677,46.5,48.21909448818883
2340.727763042053,1030.6250468897194,49.5,48.21909448818883
2343.030826670017,1028.4395211118917,46.5,48.21909448818883
2345.445115610797,1026.3775235584435,49.5,48.21909448818883
2347.748179238761,1024.1919977806158,46.5,48.21909448818883
2350.162468179541,1022.1300002271674,49.5,48.21909448818883
2352.465531807505,1019.9444744493397,46.5,48.21909448818883
2354.879820748285,1017.8824768958914,49.5,48.21909448818883
2357.182884376249,1015.6969511180637,46.5,48.21909448818883
2359.597173317029,1013.6349535646153,49.5,48.21909448818883
2361.900236944993,1011.4494277867876,46.5,48.21909448818883
2364.314525885773,1009.3874302333393,49.5,48.21909448818883
2366.617589513737,1007.2019044555116,46.5,48.21909448818883
2369.031878454517,1005.1399069020632,49.5,48.21909448818883
2371.334942082481,1002.9543811242355,46.5,48.21909448818883
2373.749231023261,1000.8923835707872,49.5,48.21909448818883
2376.052294651225,998.7068577929595,46.5,48.21909448818883
2378.466583592005,996.6448602395111,49.5,49.582440944881746
2380.98548044743,994.7120427024084,52.5,50.94578740157466
2383.3997693882097,992.6500451489601,49.5,50.94578740157466
2385.9186662436346,990.7172276118574,52.5,50.94578740157466
2388.3329551844145,988.6552300584091,49.5,50.94578740157466
2390.8518520398393,986.7224125213064,52.5,50.94578740157466
2393.266140980619,984.6604149678581,49.5,50.94578740157466
2395.785037836044,982.7275974307554,52.5,50.94578740157466
2398.199326776824,980.665599877307,49.5,50.94578740157466
2400.7182236322487,978.7327823402044,52.5,50.94578740157466
2403.1325125730286,976.670784786756,49.5,50.94578740157466
2405.6514094284535,974.7379672496534,52.5,50.94578740157466
2408.0656983692334,972.675969696205,49.5,50.94578740157466
2410.584595224658,970.7431521591024,52.5,50.94578740157466
2412.998884165438,968.681154605654,49.5,50.94578740157466
2415.517781020863,966.7483370685513,52.5,50.94578740157466
2417.932069961643,964.686339515103,49.5,50.94578740157466
2420.4509668170676,962.7535219780003,52.5,50.94578740157466
2422.8652557578475,960.691524424552,49.5,50.94578740157466
2425.3841526132724,958.7587068874493,52.5,50.94578740157466
2427.7984415540523,956.696709334001,49.5,50.94578740157466
2430.317338409477,954.7638917968983,52.5,50.94578740157466
2432.731627350257,952.7018942434499,49.5,50.94578740157466
2435.250524205682,950.7690767063473,52.5,50.94578740157466
2437.832102458894,948.5642005822663,49.5,50.94578740157466
2440.700074784047,946.3635280163998,52.5,50.94578740157466
2443.616231662123,943.8728947510535,49.5,50.94578740157466
2446.833279457004,941.4043671564232,52.5,50.94578740157466
2450.0840149599444,938.6279767498116,49.5,50.94578740157466
2453.6501382245533,935.8915941264174,52.5,50.94578740157466
2457.2354523523572,932.8294465785406,49.5,50.94578740157466
2461.1506510866943,929.8252089263825,52.5,50.94578740157466
2465.0705438393625,926.4773042372404,49.5,50.94578740157466
2469.3348180434277,923.2052115563185,52.5,50.94578740157466
2473.58928942096,919.5715497259112,49.5,50.94578740157466
2478.2026390947535,916.0316020162254,52.5,50.94578740157466
2482.7916890971496,912.1121830445527,49.5,50.94578740157466
2487.7541142406712,908.3043803061031,52.5,50.94578740157466
2492.5826921222315,904.1803851992064,49.5,50.94578740157466
2497.6204858330807,900.3147501250011,52.5,50.94578740157466
2502.449063714641,896.1907550181044,49.5,50.94578740157466
2507.48685742549,892.325119943899,52.5,50.94578740157466
2512.3154353070504,888.2011248370023,49.5,50.94578740157466
2517.3532290178996,884.335489762797,52.5,50.94578740157466
2522.18180689946,880.2114946559003,49.5,50.94578740157466
2527.219600610309,876.345859581695,52.5,50.94578740157466
2532.0481784918693,872.2218644747983,49.5,50.94578740157466
2537.0859722027185,868.356229400593,52.5,50.94578740157466
2541.9145500842787,864.2322342936963,49.5,50.94578740157466
2546.952343795128,860.3665992194909,52.5,50.94578740157466
2551.780921676688,856.2426041125942,49.5,50.94578740157466
2556.8187153875374,852.3769690383889,52.5,50.94578740157466
2561.6472932690976,848.2529739314922,49.5,50.94578740157466
2566.685086979947,844.3873388572869,52.5,50.94578740157466
2571.513664861507,840.2633437503902,49.5,50.94578740157466
2576.5514585723563,836.3977086761848,52.5,50.94578740157466
2581.3800364539165,832.2737135692881,49.5,50.94578740157466
2586.4178301647657,828.4080784950828,52.5,50.94578740157466
2591.246408046326,824.2840833881861,49.5,50.94578740157466
2596.284201757175,820.4184483139808,52.5,50.94578740157466
2601.1127796387354,816.2944532070841,49.5,50.94578740157466
2606.1505733495846,812.4288181328787,52.5,50.94578740157466
2610.979151231145,808.304823025982,49.5,50.94578740157466
2616.016944941994,804.4391879517767,52.5,50.94578740157466
2620.8455228235543,800.31519284488,49.5,50.94578740157466
2625.8833165344035,796.4495577706747,52.5,50.94578740157466
2630.711894415964,792.325562663778,49.5,50.94578740157466
2635.749688126813,788.4599275895727,52.5,50.94578740157466
2640.5782660083732,784.335932482676,49.5,50.94578740157466
2645.6160597192224,780.4702974084706,52.5,50.94578740157466
2650.4446376007827,776.3463023015739,49.5,50.94578740157466
2655.482431311632,772.4806672273686,52.5,50.94578740157466
2660.311009193192,768.3566721204719,49.5,50.94578740157466
2665.3488029040413,764.4910370462666,52.5,53.58413385826758
2670.5820042017913,760.8943574417939,55.5,56.22248031496049
2675.9962692454396,757.5764915558476,58.5,58.86082677165341
2681.5767579108433,754.546533428199,61.5,61.49917322834632
2687.308174466465,751.8127879634663,64.5,64.13751968503924
2693.1748094979116,749.3827481679481,67.5,66.77586614173215
2699.1605829663467,747.2630746118136,70.5,69.41421259842507
2705.2490882827597,745.4595771729437,73.5,72.05255905511798
2711.423637277285,743.9771991124587,76.5,74.6909055118109
2717.667305940316,742.8200035255836,79.5,77.32925196850381
2723.96298081004,741.9911622049863,82.5,79.96759842519673
2730.2934058792453,741.4929469471144,85.5,82.60594488188964
2736.589080748969,740.6641056265171,82.5,85.24429133858256
2742.9195058181745,740.1658903686453,85.5,87.88263779527547
2749.267329831769,739.9996667468903,88.5,90.52098425196839
2755.6151538453637,740.1658903686453,91.5,93.1593307086613
2761.945578914569,740.6641056265171,94.5,95.79767716535422
2768.241253784293,741.4929469471144,97.5,98.43602362204713
2774.484922447324,742.6501425339895,100.5,101.07437007874005
2780.6594714418493,744.1325205944745,103.5,103.71271653543296
2786.747976758262,745.9360180333445,106.5,106.35106299212588
2792.7337502266973,748.0556915894789,109.5,108.98940944881879
2798.600385258144,750.4857313849972,112.5,111.6277559055117
2804.3318018137657,753.2194768497299,115.5,114.26610236220462
2809.9122904791693,756.2494349773784,118.5,116.90444881889754
2815.3265555228177,759.5673008633247,121.5,119.54279527559045
2820.5597568205676,763.1639804677974,124.5,122.18114173228336
2825.597550531417,767.0296155420027,127.5,124.81948818897628
2830.8307518291667,770.6262951464754,124.5,127.4578346456692
2835.868545540016,774.4919302206807,127.5,130.0961811023621
2840.697123421576,778.6159253275774,130.5,132.734527559055
2845.3032506775044,782.9869768832327,133.5,135.37287401574793
2849.67430223316,787.5931041391608,136.5,138.01122047244084
2853.7982973400563,792.421682020721,139.5,140.64956692913375
2857.6639324142616,797.4594757315704,142.5,143.28791338582667
2861.2606120187343,802.6926770293202,145.5,145.92625984251958
2864.5784779046803,808.1069420729686,148.5,148.5646062992125
2867.608436032329,813.6874307383721,151.5,151.20295275590541
2870.3421814970616,819.4188472939937,154.5,153.84129921259833
2872.77222129258,825.2854823254404,157.5,156.47964566929124
2874.8918948487144,831.2712557938758,160.5,159.11799212598416
2876.695392287584,837.3597611102888,163.5,161.75633858267707
2878.8150658437185,843.3455345787241,160.5,161.75633858267707
2880.618563282588,849.4340398951372,163.5,161.75633858267707
2882.7382368387225,855.4198133635725,160.5,161.75633858267707
2884.5417342775922,861.5083186799856,163.5,161.75633858267707
2886.6614078337266,867.4940921484209,160.5,161.75633858267707
2888.4649052725963,873.582597464834,163.5,161.75633858267707
2890.5845788287306,879.5683709332693,160.5,161.75633858267707
2892.3880762676004,885.6568762496823,163.5,161.75633858267707
2894.5077498237347,891.6426497181177,160.5,161.75633858267707
2896.3112472626044,897.7311550345307,163.5,161.75633858267707
2898.4309208187387,903.7169285029661,160.5,161.75633858267707
2900.2344182576085,909.8054338193791,163.5,161.75633858267707
2902.354091813743,915.7912072878145,160.5,159.11799212598416
2904.7841316092613,921.6578423192611,157.5,156.47964566929124
2907.517877073994,927.3892588748828,154.5,153.84129921259833
2910.5478352016426,932.9697475402862,151.5,151.20295275590541
2913.8657010875886,938.3840125839347,148.5,148.5646062992125
2917.4623806920613,943.6172138816845,145.5,145.92625984251958
2921.3280157662666,948.6550075925338,142.5,143.28791338582667
2925.452010873163,953.4835854740941,139.5,140.64956692913375
2929.8230624288185,958.0897127300221,136.5,138.01122047244084
2933.947057535715,962.9182906115824,139.5,138.01122047244084
2938.3181090913704,967.5244178675105,136.5,138.01122047244084
2942.442104198267,972.3529957490707,139.5,138.01122047244084
2946.8131557539223,976.9591230049988,136.5,138.01122047244084
2950.9371508608187,981.787700886559,139.5,138.01122047244084
2955.308202416474,986.3938281424871,136.5,138.01122047244084
2959.4321975233706,991.2224060240474,139.5,138.01122047244084
2963.803249079026,995.8285332799754,136.5,138.01122047244084
2967.9272441859225,1000.6571111615357,139.5,138.01122047244084
2972.298295741578,1005.2632384174638,136.5,138.01122047244084
2976.4222908484744,1010.091816299024,139.5,138.01122047244084
2980.79334240413,1014.6979435549521,136.5,138.01122047244084
2984.9173375110263,1019.5265214365123,139.5,138.01122047244084
2989.2883890666817,1024.1326486924404,136.5,138.01122047244084
2993.412384173578,1028.9612265740006,139.5,138.01122047244084
2997.7834357292336,1033.5673538299286,136.5,138.01122047244084
3001.90743083613,1038.3959317114889,139.5,138.01122047244084
3006.2784823917855,1043.0020589674168,136.5,138.01122047244084
3010.402477498682,1047.830636848977,139.5,138.01122047244084
3014.7735290543374,1052.436764104905,136.5,138.01122047244084
3018.897524161234,1057.2653419864653,139.5,138.01122047244084
3023.2685757168892,1061.8714692423932,136.5,138.01122047244084
3027.3925708237857,1066.7000471239535,139.5,138.01122047244084
3031.763622379441,1071.3061743798814,136.5,138.01122047244084
3035.8876174863376,1076.1347522614417,139.5,138.01122047244084
3040.258669041993,1080.7408795173696,136.5,138.01122047244084
3044.3826641488895,1085.56945739893,139.5,138.01122047244084
3048.753715704545,1090.1755846548579,136.5,138.01122047244084
3052.8777108114414,1095.004162536418,139.5,138.01122047244084
3057.248762367097,1099.610289792346,136.5,138.01122047244084
3061.3727574739933,1104.4388676739063,139.5,138.01122047244084
3065.7438090296487,1109.0449949298343,136.5,138.01122047244084
3069.867804136545,1113.8735728113945,139.5,138.01122047244084
3074.2388556922006,1118.4797000673225,136.5,138.01122047244084
3078.362850799097,1123.3082779488827,139.5,138.01122047244084
3082.7339023547524,1127.9144052048107,136.5,138.01122047244084
3086.857897461649,1132.742983086371,139.5,138.01122047244084
3091.2289490173043,1137.349110342299,136.5,138.01122047244084
3095.352944124201,1142.1776882238591,139.5,138.01122047244084
3099.723995679856,1146.783815479787,136.5,138.01122047244084
3103.8479907867527,1151.6123933613474,139.5,138.01122047244084
3108.219042342408,1156.2185206172753,136.5,138.01122047244084
3112.3430374493046,1161.0470984988356,139.5,138.01122047244084
3116.71408900496,1165.6532257547635,136.5,138.01122047244084
3120.8380841118565,1170.4818036363238,139.5,138.01122047244084
3125.209135667512,1175.0879308922517,136.5,138.01122047244084
3129.3331307744083,1179.916508773812,139.5,138.01122047244084
3133.7041823300638,1184.52263602974,136.5,138.01122047244084
3137.8281774369602,1189.3512139113002,139.5,138.01122047244084
3142.1992289926156,1193.9573411672282,136.5,138.01122047244084
3146.323224099512,1198.7859190487884,139.5,138.01122047244084
3150.6942756551675,1203.3920463047164,136.5,138.01122047244084
3154.818270762064,1208.2206241862766,139.5,138.01122047244084
3159.1893223177194,1212.8267514422046,136.5,138.01122047244084
3163.313317424616,1217.6553293237648,139.5,138.01122047244084
3167.6843689802713,1222.2614565796928,136.5,138.01122047244084
3171.808364087168,1227.090034461253,139.5,138.01122047244084
3176.179415642823,1231.696161717181,136.5,138.01122047244084
3180.3034107497197,1236.5247395987412,139.5,138.01122047244084
3184.674462305375,1241.1308668546692,136.5,138.01122047244084
3188.7984574122715,1245.9594447362294,139.5,138.01122047244084
3193.169508967927,1250.5655719921574,136.5,138.01122047244084
3197.2935040748234,1255.3941498737177,139.5,138.01122047244084
3201.664555630479,1260.0002771296456,136.5,135.37287401574793
3206.270682886407,1264.371328685301,133.5,132.734527559055
3211.0992607679673,1268.4953237921977,130.5,130.0961811023621
3216.1370544788165,1272.360958866403,127.5,127.45783464566918
3221.3702557765664,1275.9576384708757,124.5,124.81948818897627
3226.7845208202148,1279.275504356822,121.5,122.18114173228335
3232.3650094856184,1282.3054624844706,118.5,119.54279527559044
3238.09642604124,1285.0392079492033,115.5,116.90444881889752
3243.676914706644,1288.0691660768518,118.5,116.90444881889752
3249.4083312622656,1290.8029115415845,115.5,116.90444881889752
3254.9888199276693,1293.832869669233,118.5,116.90444881889752
3260.720236483291,1296.5666151339658,115.5,116.90444881889752
3266.3007251486947,1299.5965732616144,118.5,116.90444881889752
3272.0321417043165,1302.330318726347,115.5,116.90444881889752
3277.61263036972,1305.3602768539956,118.5,116.90444881889752
3283.344046925342,1308.0940223187283,115.5,114.2661023622046
3289.2106819567884,1310.5240621142466,112.5,111.62775590551169
3295.1964554252236,1312.6437356703811,109.5,108.98940944881878
3301.2849607416365,1314.447233109251,106.5,106.35106299212586
3307.4595097361616,1315.929611169736,103.5,103.71271653543295
3313.703178399193,1317.0868067566112,100.5,101.07437007874003
3319.9988532689167,1317.9156480772085,97.5,98.43602362204712
3326.329278338122,1318.4138633350804,94.5,95.7976771653542
3332.624953207846,1319.2427046556777,97.5,95.7976771653542
3338.9553782770513,1319.7409199135495,94.5,95.7976771653542
3345.251053146775,1320.5697612341469,97.5,95.7976771653542
3351.5814782159805,1321.0679764920187,94.5,95.7976771653542
3357.8771530857043,1321.896817812616,97.5,95.7976771653542
3364.2075781549097,1322.395033070488,94.5,95.7976771653542
3370.5032530246335,1323.2238743910852,97.5,95.7976771653542
3376.833678093839,1323.722089648957,94.5,95.7976771653542
3383.1293529635627,1324.5509309695544,97.5,95.7976771653542
3389.459778032768,1325.0491462274263,94.5,93.15933070866129
3395.8076020463627,1325.2153698491813,91.5,90.52098425196837
3402.1554260599573,1325.0491462274263,88.5,87.88263779527546
3408.4858511291627,1324.5509309695544,85.5,85.24429133858254
3414.7815259988865,1323.722089648957,82.5,82.60594488188963
3421.025194661918,1322.564894062082,79.5,79.96759842519671
3427.199743656443,1321.082516001597,76.5,77.3292519685038
3433.288248972856,1319.279018562727,73.5,74.69090551181088
3439.066641313251,1317.232782515624,70.5,72.05255905511797
3444.5267693503924,1314.9711234303463,67.5,69.50255905511797
3449.6624796183432,1312.521515289507,64.5,67.04090551181088
3454.71610066118,1310.42823691447,67.5,64.6675984251967
3459.454673404017,1308.1680536562264,64.5,62.38263779527544
3463.8751234807064,1305.7679450921207,61.5,60.186023622047095
3467.9763226712494,1303.254726995837,58.5,58.077755905511665
3471.7590618770246,1300.6549223683521,55.5,56.057834645669146
3475.226015974097,1297.994634923584,52.5,54.12625984251954
3478.3817007313373,1295.2994255230137,49.5,52.28303149606285
3481.499579358682,1292.9069931070094,52.5,50.52814960629907
3484.3206854910577,1290.4975408477044,49.5,48.8616141732282
3486.8522420458908,1288.0951833785332,46.5,47.283425196850246
3489.1031615084094,1285.723209185323,43.5,45.793582677165205
3491.4062251363735,1283.5376834074953,46.5,44.39208661417308
3493.591750914201,1281.2346197795312,43.5,43.028740157480165
3495.653748467649,1278.820330838751,40.5,41.66539370078725
3497.586566004752,1276.3014339833264,37.5,40.30204724409433
3499.6485635582003,1273.8871450425463,40.5,38.938700787401416
3501.581381095303,1271.3682481871217,37.5,37.5753543307085
3503.3797208975398,1268.7516475382467,34.5,36.21200787401558
3505.3125384346426,1266.2327506828221,37.5,34.84866141732267
3507.2354876090026,1263.4348422724504,34.5,33.48531496062975
3509.124319920451,1260.3525480783103,31.5,32.033622047243924
3510.9542237660467,1256.9822844512516,28.5,30.493582677165183
3513.07295544597,1253.5248285847958,31.5,28.865196850393527
3515.1128091460796,1249.767885428166,28.5,27.14846456692896
3517.047956526233,1245.7107645750134,25.5,25.34338582677148
3518.8523089098344,1241.3546725792228,22.5,23.449960629921087
3520.4996457601533,1236.702736820683,19.5,21.46818897637778
3521.963744862102,1231.7600210874375,16.5,19.39807086614156
3523.7579567304833,1226.693323072817,19.5,17.239606299212426
3525.347022584102,1221.3287266562295,16.5,14.992795275590378
3526.704507374924,1215.674395569117,13.5,12.657637795275418
3527.8042987712693,1209.7404522019685,10.5,10.234133858267544
3528.620740103606,1203.5389645940754,7.5,7.7222834645667575
3529.1189553614777,1197.20853952487,4.5,5.122086614173058
3529.2851789832325,1190.8607155112752,1.5,2.4837401574801445
3529.1189553614777,1184.5128914976804,-1.5,-0.15460629921276858
3528.620740103606,1178.182466428475,-4.5,-2.7929527559056817
3527.7918987830085,1171.8867915587514,-7.5,-5.431299212598595
3526.634703196133,1165.6431228957204,-10.5,-8.069645669291507
3525.152325135648,1159.4685739011952,-13.5,-10.70799212598442
3523.9951295487726,1153.2249052381642,-10.5,-13.346338582677333
3522.5127514882874,1147.050356243639,-13.5,-15.984685039370246
3520.7092540494177,1140.9618509272261,-16.5,-18.62303149606316
3518.5895804932834,1134.9760774587908,-19.5,-21.26137795275607
3516.159540697765,1129.109442427344,-22.5,-23.899724409448986
3513.425795233032,1123.3780258717225,-25.5,-26.5380708661419
3510.3958371053836,1117.797537206319,-28.5,-29.176417322834816
3507.0779712194376,1112.3832721626704,-31.5,-31.81476377952773
3503.481291614965,1107.1500708649207,-34.5,-34.453110236220645
3500.163425729019,1101.7358058212722,-31.5,-34.453110236220645
3496.566746124546,1096.5026045235225,-34.5,-34.453110236220645
3493.2488802386,1091.0883394798739,-31.5,-34.453110236220645
3489.6522006341274,1085.8551381821242,-34.5,-34.453110236220645
3486.3343347481814,1080.4408731384756,-31.5,-34.453110236220645
3482.7376551437087,1075.2076718407259,-34.5,-34.453110236220645
3479.4197892577627,1069.7934067970773,-31.5,-34.453110236220645
3475.82310965329,1064.5602054993276,-34.5,-34.453110236220645
3472.505243767344,1059.145940455679,-31.5,-34.453110236220645
3468.9085641628712,1053.9127391579293,-34.5,-31.81476377952773
3465.590698276925,1048.4984741142807,-31.5,-29.176417322834816
3462.5607401492766,1042.9179854488773,-28.5,-26.5380708661419
3459.826994684544,1037.1865688932558,-25.5,-23.899724409448986
3457.481145244146,1031.5231873589616,-22.5,-21.26137795275607
3455.3614716880115,1025.5374138905263,-19.5,-18.71137795275607
3453.557974249142,1019.4489085741133,-16.5,-16.07303149606316
3452.0755961886566,1013.274359579588,-13.5,-16.07303149606316
3450.272098749787,1007.185854263175,-16.5,-16.07303149606316
3448.7897206893017,1001.0113052686497,-13.5,-16.07303149606316
3446.986223250432,994.9227999522367,-16.5,-16.07303149606316
3445.503845189947,988.7482509577114,-13.5,-16.07303149606316
3443.700347751077,982.6597456412984,-16.5,-16.07303149606316
3442.217969690592,976.4851966467731,-13.5,-16.07303149606316
3440.414472251722,970.3966913303601,-16.5,-16.07303149606316
3438.932094191237,964.2221423358349,-13.5,-16.07303149606316
3437.1285967523672,958.1336370194218,-16.5,-16.07303149606316
3435.646218691882,951.9590880248966,-13.5,-16.07303149606316
3433.8427212530123,945.8705827084835,-16.5,-18.711377952756074
3431.723047696878,939.8848092400482,-19.5,-21.34972440944899
3429.2930079013595,934.0181742086015,-22.5,-23.988070866141904
3426.559262436627,928.2867576529799,-25.5,-26.62641732283482
3423.529304308978,922.7062689875764,-28.5,-29.264763779527733
3420.211438423032,917.292003943928,-31.5,-31.90311023622065
3416.6147588185595,912.0588026461782,-34.5,-34.54145669291356
3412.749123744354,907.0210089353288,-37.5,-37.17980314960648
3408.6251286374577,902.1924310537686,-40.5,-39.81814960629939
3404.2540770818023,897.5863037978405,-43.5,-42.45649606299231
3400.130081974906,892.7577259162803,-40.5,-42.45649606299231
3395.7590304192504,888.1515986603522,-43.5,-42.45649606299231
3391.635035312354,883.3230207787919,-40.5,-42.45649606299231
3387.2639837566985,878.7168935228639,-43.5,-42.45649606299231
3383.139988649802,873.8883156413036,-40.5,-42.45649606299231
3378.7689370941466,869.2821883853755,-43.5,-42.45649606299231
3374.64494198725,864.4536105038153,-40.5,-42.45649606299231
3370.2738904315947,859.8474832478872,-43.5,-42.45649606299231
3366.1498953246983,855.018905366327,-40.5,-39.81814960629939
3362.284260250493,849.9811116554777,-37.5,-37.17980314960648
3358.6875806460203,844.7479103577278,-34.5,-34.54145669291356
3355.369714760074,839.3336453140794,-31.5,-31.90311023622065
3352.3397566324256,833.7531566486759,-28.5,-29.264763779527733
3349.606011167693,828.0217400930543,-25.5,-26.62641732283482
3347.1759713721744,822.1551050616076,-22.5,-23.988070866141904
3344.9003348925617,816.2268693533504,-21.0,-21.34972440944899
3342.7806613364273,810.241095884915,-19.5,-18.711377952756074
3340.8184034221463,804.2018870064408,-18.0,-16.07303149606316
3339.0149059832765,798.1133816900277,-16.5,-13.434685039370246
3337.3714050468757,791.9797526930921,-15.0,-10.796338582677333
3335.8890269863905,785.8052036985669,-13.5,-8.15799212598442
3334.731831399515,779.5615350355357,-10.5,-5.519645669291506
3333.902990078918,773.265860165812,-7.5,-2.8812992125985932
3333.404774821046,766.9354350966066,-4.5,-0.2429527559056801
3333.238551199291,760.5876110830118,-1.5,2.395393700787233
3333.404774821046,754.2397870694169,1.5,5.033740157480146
3333.902990078918,747.9093620002116,4.5,7.672086614173059
3334.731831399515,741.6136871304878,7.5,10.310433070865972
3335.8890269863905,735.3700184674567,10.5,12.948779527558886
3337.3714050468757,729.1954694729314,13.5,15.587125984251799
3339.1749024857454,723.1069641565184,16.5,18.225472440944714
3341.2945760418797,717.1211906880831,19.5,20.86381889763763
3343.7246158373982,711.2545556566364,22.5,23.502165354330543
3346.458361302131,705.5231391010147,25.5,26.140511811023458
3349.4883194297795,699.9426504356113,28.5,28.778858267716373
3352.8061853157255,694.5283853919628,31.5,31.417204724409288
3356.402864920198,689.295184094213,34.5,34.0555511811022
3360.2684999944036,684.2573903833637,37.5,36.69389763779512
3364.3924951013,679.4288125018035,40.5,39.33224409448803
3368.7635466569554,674.8226852458754,43.5,41.97059055118095
3373.3696739128836,670.4516336902201,46.5,44.60893700787386
3378.198251794444,666.3276385833234,49.5,47.24728346456678
3383.236045505293,662.4620035091181,52.5,49.88562992125969
3388.469246803043,658.8653239046454,55.5,52.52397637795261
3393.507040513892,654.99968883044,52.5,55.16232283464552
3398.740241811642,651.4030092259674,55.5,57.80066929133844
3404.1545068552905,648.0851433400211,58.5,60.43901574803135
3409.734995520694,645.0551852123725,61.5,63.07736220472427
3415.466412076316,642.3214397476398,64.5,65.71570866141718
3421.3330471077625,639.8913999521216,67.5,68.3540551181101
3427.3188205761976,637.7717263959871,70.5,68.3540551181101
3433.185455607644,635.3416866004688,67.5,68.3540551181101
3439.1712290760793,633.2220130443344,70.5,68.3540551181101
3445.037864107526,630.7919732488161,67.5,68.3540551181101
3451.023637575961,628.6722996926817,70.5,68.3540551181101
3456.8902726074075,626.2422598971634,67.5,68.3540551181101
3462.8760460758426,624.122586341029,70.5,68.3540551181101
3468.742681107289,621.6925465455107,67.5,68.3540551181101
3474.7284545757243,619.5728729893763,70.5,68.3540551181101
3480.595089607171,617.142833193858,67.5,68.3540551181101
3486.580863075606,615.0231596377236,70.5,68.3540551181101
3492.4474981070525,612.5931198422053,67.5,68.3540551181101
3498.4332715754877,610.4734462860708,70.5,68.3540551181101
3504.299906606934,608.0434064905526,67.5,68.3540551181101
3510.2856800753693,605.9237329344181,70.5,68.3540551181101
3516.152315106816,603.4936931388999,67.5,68.3540551181101
3522.138088575251,601.3740195827654,70.5,68.3540551181101
3528.0047236066976,598.9439797872471,67.5,68.3540551181101
3533.9904970751327,596.8243062311127,70.5,68.3540551181101
3539.8571321065792,594.3942664355944,67.5,68.3540551181101
3545.8429055750144,592.27459287946,70.5,68.3540551181101
3551.709540606461,589.8445530839417,67.5,68.3540551181101
3557.695314074896,587.7248795278073,70.5,70.99240157480301
3563.783819391309,585.9213820889373,73.5,73.63074803149593
3569.958368385834,584.4390040284524,76.5,76.26909448818884
3576.2020370488653,583.2818084415773,79.5,78.90744094488176
3582.497711918589,582.4529671209799,82.5,81.54578740157467
3588.7413805816204,581.2957715341048,79.5,81.54578740157467
3595.0370554513443,580.4669302135075,82.5,81.54578740157467
3601.2807241143755,579.3097346266323,79.5,81.54578740157467
3607.5763989840993,578.480893306035,82.5,81.54578740157467
3613.8200676471306,577.3236977191599,79.5,81.54578740157467
3620.1157425168544,576.4948563985625,82.5,81.54578740157467
3626.3594111798857,575.3376608116874,79.5,81.54578740157467
3632.6550860496095,574.5088194910901,82.5,81.54578740157467
3638.8987547126408,573.351623904215,79.5,81.54578740157467
3645.1944295823646,572.5227825836176,82.5,81.54578740157467
3651.438098245396,571.3655869967425,79.5,81.54578740157467
3657.7337731151197,570.5367456761452,82.5,81.54578740157467
3663.977441778151,569.3795500892701,79.5,81.54578740157467
3670.2731166478748,568.5507087686727,82.5,81.54578740157467
3676.516785310906,567.3935131817976,79.5,81.54578740157467
3682.81246018063,566.5646718612003,82.5,81.54578740157467
3689.056128843661,565.4074762743252,79.5,81.54578740157467
3695.351803713385,564.5786349537278,82.5,81.54578740157467
3701.595472376416,563.4214393668527,79.5,81.54578740157467
3707.89114724614,562.5925980462554,82.5,81.54578740157467
3714.1348159091713,561.4354024593803,79.5,81.54578740157467
3720.430490778895,560.6065611387829,82.5,81.54578740157467
3726.6741594419263,559.4493655519078,79.5,81.54578740157467
3732.96983431165,558.6205242313105,82.5,81.54578740157467
3739.2135029746814,557.4633286444354,79.5,81.54578740157467
3745.5091778444053,556.634487323838,82.5,81.54578740157467
3751.7528465074365,555.4772917369629,79.5,81.54578740157467
3758.0485213771603,554.6484504163656,82.5,81.54578740157467
3764.3789464463657,554.1502351584937,85.5,84.18413385826759
3770.7267704599603,553.9840115367388,88.5,86.8224803149605
3777.0767704599602,553.9840115367388,90.0,89.46082677165342
3783.424594473555,554.1502351584937,91.5,92.09917322834633
3789.7658920192466,554.4825684806365,93.0,94.73751968503925
3796.096317088452,554.9807837385083,94.5,97.37586614173216
3802.4115311240407,555.6445394802579,96.0,100.01421259842508
3808.7072059937645,556.4733808008552,97.5,102.65255905511799
3814.9790269565437,557.4667396538607,99.0,105.2909055118109
3821.222695619575,558.6239352407358,100.5,107.92925196850382
3827.4339328842348,559.9441744774286,102.0,110.56759842519673
3833.60848187876,561.4265525379136,103.5,113.20594488188965
3839.7421108756953,563.0700534743146,105.0,115.84429133858256
3845.830616192108,564.8735509131845,106.5,118.48263779527548
3851.8698250705825,566.8358088274655,108.0,121.1209842519684
3857.8555985390176,568.9554823835999,109.5,123.75933070866131
3863.989221941104,571.3099598121125,111.0,126.39767716535422
3870.2623639668554,573.9083803178715,112.5,129.12437007874004
3876.643478988489,576.749435769756,114.0,131.9394094488188
3882.9480371996724,579.756555780962,115.5,134.8327559055117
3889.171717771128,582.9276794216428,117.0,137.7261023622046
3895.3102553030717,586.2606333620562,118.5,140.61944881889752
3901.359442748506,589.7531333620561,120.0,143.51279527559043
3907.3151342965193,593.402785836597,121.5,146.40614173228334
3913.173248213618,597.207089496177,123.0,149.29948818897626
3918.9297696411427,601.1634370610969,124.5,152.19283464566917
3924.580753346852,605.2691170483598,126.0,155.08618110236208
3930.122326428786,609.5213156299857,127.5,157.979527559055
3935.5506909695628,613.9171185614688,129.0,160.8728740157479
3940.862126639279,618.4535131790551,130.5,163.7662204724408
3945.9288666207995,623.2616698902759,133.5,166.65956692913372
3950.7370233320203,628.3284098717968,136.5,169.55291338582663
3955.2734179496065,633.639845541513,139.5,172.44625984251954
3959.5256165312326,639.1814186234473,142.5,175.33960629921245
3963.4819640961528,644.9379400509721,145.5,178.23295275590536
3967.1316165706935,650.8936315989854,148.5,181.12629921259827
3970.464570511107,657.0321691309292,151.5,184.01964566929118
3973.471690522313,663.336727342113,154.5,186.9129921259841
3976.1447342973834,669.7900258767044,157.5,189.806338582677
3978.476375209131,676.3743766919832,160.5,189.806338582677
3980.4602223918882,683.0717325400376,163.5,189.806338582677
3982.0908382584216,689.8637364340153,166.5,189.806338582677
3983.3637534039844,696.7317719633495,169.5,189.806338582677
3984.2754788566417,703.6570143200456,172.5,189.806338582677
3984.8235156403007,710.6204818961716,175.5,189.806338582677
3985.006361624231,717.6030883111258,178.5,189.806338582677
3984.840138002476,723.9509123247205,181.5,189.806338582677
3984.3419227446043,730.2813373939259,184.5,189.806338582677
3983.513081424007,736.5770122636496,187.5,189.806338582677
3982.3558858371316,742.8206809266808,190.5,189.806338582677
3981.5270445165343,749.1163557964045,187.5,189.806338582677
3980.369848929659,755.3600244594356,190.5,189.806338582677
3979.5410076090616,761.6556993291593,187.5,189.806338582677
3978.3838120221862,767.8993679921905,190.5,189.806338582677
3977.554970701589,774.1950428619142,187.5,189.806338582677
3976.3977751147136,780.4387115249453,190.5,189.806338582677
3975.568933794116,786.7343863946691,187.5,189.806338582677
3974.411738207241,792.9780550577002,190.5,192.44468503936992
3972.9293601467557,799.1526040522255,193.5,195.08303149606283
3971.125862707886,805.2411093686385,196.5,197.72137795275574
3969.0061891517516,811.2268828370738,199.5,200.35972440944866
3966.576149356233,817.0935178685205,202.5,202.99807086614157
3963.8424038915005,822.8249344241422,205.5,202.99807086614157
3961.412364095982,828.6915694555888,202.5,202.99807086614157
3958.6786186312493,834.4229860112105,205.5,202.99807086614157
3956.2485788357308,840.2896210426571,202.5,202.99807086614157
3953.514833370998,846.0210375982788,205.5,202.99807086614157
3951.0847935754796,851.8876726297254,202.5,202.99807086614157
3948.351048110747,857.6190891853471,205.5,202.99807086614157
3945.9210083152284,863.4857242167938,202.5,202.99807086614157
3943.1872628504957,869.2171407724154,205.5,202.99807086614157
3940.757223054977,875.0837758038621,202.5,202.99807086614157
3938.0234775902445,880.8151923594837,205.5,202.99807086614157
3935.593437794726,886.6818273909304,202.5,202.99807086614157
3933.4737642385917,892.6676008593657,199.5,200.35972440944866
3931.670266799722,898.7561061757788,196.5,197.72137795275574
3930.1878887392368,904.930655170304,193.5,195.08303149606283
3928.384391300367,911.019160486717,196.5,195.08303149606283
3926.902013239882,917.1937094812423,193.5,195.08303149606283
3925.098515801012,923.2822147976553,196.5,195.08303149606283
3923.616137740527,929.4567637921806,193.5,195.08303149606283
3921.812640301657,935.5452691085936,196.5,195.08303149606283
3920.330262241172,941.7198181031189,193.5,195.08303149606283
3918.5267648023023,947.8083234195319,196.5,195.08303149606283
3917.044386741817,953.9828724140572,193.5,195.08303149606283
3915.2408893029474,960.0713777304702,196.5,195.08303149606283
3913.758511242462,966.2459267249955,193.5,195.08303149606283
3911.9550138035925,972.3344320414085,196.5,195.08303149606283
3910.4726357431073,978.5089810359337,193.5,195.08303149606283
3908.6691383042375,984.5974863523468,196.5,195.08303149606283
3907.1867602437524,990.772035346872,193.5,195.08303149606283
3905.3832628048826,996.8605406632851,196.5,195.08303149606283
3903.9008847443974,1003.0350896578103,193.5,192.44468503936992
3902.743689157522,1009.2787583208415,190.5,189.806338582677
3901.9148478369248,1015.5744331905652,187.5,187.16799212598409
3901.416632579053,1021.9048582597705,184.5,184.52964566929117
3901.250408957298,1028.2526822733653,181.5,181.89129921259826
3901.416632579053,1034.6005062869601,178.5,179.25295275590534
3901.9148478369248,1040.9309313561655,175.5,176.61460629921243
3902.743689157522,1047.226606225889,172.5,173.9762598425195
3903.9008847443974,1053.4702748889201,169.5,171.3379133858266
3905.3832628048826,1059.6448238834453,166.5,168.69956692913368
3907.1867602437524,1065.7333291998582,163.5,166.06122047244077
3909.3064337998867,1071.7191026682935,160.5,163.42287401574785
3911.1099312387564,1077.8076079847065,163.5,160.78452755905494
3913.2296047948907,1083.7933814531418,160.5,158.14618110236202
3915.6596445904092,1089.6600164845886,157.5,155.5078346456691
3918.393390055142,1095.3914330402101,154.5,152.8694881889762
3921.4233481827905,1100.9719217056136,151.5,152.8694881889762
3924.157093647523,1106.703338261235,154.5,152.8694881889762
3927.1870517751718,1112.2838269266385,151.5,152.8694881889762
3929.9207972399045,1118.01524348226,154.5,152.8694881889762
3932.950755367553,1123.5957321476635,151.5,152.8694881889762
3935.6845008322857,1129.327148703285,154.5,152.8694881889762
3938.7144589599343,1134.9076373686885,151.5,152.8694881889762
3941.448204424667,1140.63905392431,154.5,152.8694881889762
3944.4781625523156,1146.2195425897135,151.5,152.8694881889762
3947.2119080170482,1151.950959145335,154.5,152.8694881889762
3950.241866144697,1157.5314478107384,151.5,152.8694881889762
3952.9756116094295,1163.26286436636,154.5,152.8694881889762
3956.005569737078,1168.8433530317634,151.5,152.8694881889762
3958.7393152018108,1174.574769587385,154.5,152.8694881889762
3961.7692733294593,1180.1552582527884,151.5,152.8694881889762
3964.503018794192,1185.88667480841,154.5,152.8694881889762
3967.5329769218406,1191.4671634738133,151.5,152.8694881889762
3970.2667223865733,1197.1985800294349,154.5,152.8694881889762
3973.296680514222,1202.7790686948383,151.5,152.8694881889762
3976.0304259789546,1208.5104852504599,154.5,152.8694881889762
3979.060384106603,1214.0909739158633,151.5,152.8694881889762
3981.794129571336,1219.8223904714848,154.5,152.8694881889762
3984.8240876989844,1225.4028791368883,151.5,152.8694881889762
3987.557833163717,1231.1342956925098,154.5,152.8694881889762
3990.5877912913656,1236.7147843579132,151.5,152.8694881889762
3993.3215367560983,1242.4462009135348,154.5,152.8694881889762
3996.351494883747,1248.0266895789382,151.5,152.8694881889762
3999.0852403484796,1253.7581061345597,154.5,152.8694881889762
4002.115198476128,1259.3385947999632,151.5,152.8694881889762
4004.848943940861,1265.0700113555847,154.5,152.8694881889762
4007.8789020685094,1270.6505000209881,151.5,152.8694881889762
4010.612647533242,1276.3819165766097,154.5,152.8694881889762
4013.6426056608907,1281.9624052420131,151.5,152.8694881889762
4016.3763511256234,1287.6938217976347,154.5,152.8694881889762
4019.406309253272,1293.274310463038,151.5,152.8694881889762
4022.1400547180046,1299.0057270186596,154.5,152.8694881889762
4025.170012845653,1304.586215684063,151.5,152.8694881889762
4027.903758310386,1310.3176322396846,154.5,152.8694881889762
4030.9337164380345,1315.898120905088,151.5,152.8694881889762
4033.667461902767,1321.6295374607096,154.5,152.8694881889762
4036.6974200304157,1327.210026126113,151.5,152.8694881889762
4039.4311654951484,1332.9414426817345,154.5,152.8694881889762
4042.461123622797,1338.521931347138,151.5,152.8694881889762
4045.1948690875297,1344.2533479027595,154.5,152.8694881889762
4048.2248272151783,1349.833836568163,151.5,152.8694881889762
4050.958572679911,1355.5652531237845,154.5,152.8694881889762
4053.9885308075595,1361.145741789188,151.5,152.8694881889762
4056.722276272292,1366.8771583448095,154.5,152.8694881889762
4059.752234399941,1372.457647010213,151.5,152.8694881889762
4062.4859798646735,1378.1890635658344,154.5,152.8694881889762
4064.916019660192,1384.0556985972812,157.5,155.5078346456691
4067.0356932163263,1390.0414720657166,160.5,158.14618110236202
4068.839190655196,1396.1299773821295,163.5,160.78452755905494
4070.9588642113304,1402.1157508505648,160.5,163.42287401574785
4072.7623616502,1408.2042561669778,163.5,166.06122047244077
4074.2447397106853,1414.378805161503,166.5,168.69956692913368
4075.4019352975606,1420.622473824534,169.5,171.3379133858266
4076.230776618158,1426.9181486942575,172.5,173.9762598425195
4076.72899187603,1433.248573763463,175.5,176.61460629921243
4076.8952154977846,1439.5963977770577,178.5,179.25295275590534
4076.72899187603,1445.9442217906526,181.5,181.89129921259826
4076.230776618158,1452.274646859858,184.5,184.52964566929117
4075.4019352975606,1458.5703217295816,187.5,184.52964566929117
4074.903720039689,1464.900746798787,184.5,184.52964566929117
4074.0748787190914,1471.1964216685105,187.5,184.52964566929117
4073.5766634612196,1477.526846737716,184.5,184.52964566929117
4072.7478221406222,1483.8225216074395,187.5,184.52964566929117
4072.2496068827504,1490.152946676645,184.5,184.52964566929117
4071.420765562153,1496.4486215463685,187.5,184.52964566929117
4070.9225503042812,1502.7790466155739,184.5,184.52964566929117
4070.093708983684,1509.0747214852975,187.5,184.52964566929117
4069.595493725812,1515.4051465545028,184.5,184.52964566929117
4068.7666524052147,1521.7008214242264,187.5,184.52964566929117
4068.268437147343,1528.0312464934318,184.5,184.52964566929117
4067.4395958267455,1534.3269213631554,187.5,184.52964566929117
4066.9413805688737,1540.6573464323608,184.5,187.16799212598409
4066.1125392482763,1546.9530213020844,187.5,189.806338582677
4064.955343661401,1553.1966899651154,190.5,192.44468503936992
4063.472965600916,1559.3712389596406,193.5,195.08303149606283
4061.669468162046,1565.4597442760535,196.5,197.72137795275574
4059.5497946059118,1571.4455177444888,199.5,200.35972440944866
4057.1197548103933,1577.3121527759356,202.5,202.99807086614157
4054.3860093456606,1583.0435693315571,205.5,202.99807086614157
4051.955969550142,1588.910204363004,202.5,202.99807086614157
4049.2222240854094,1594.6416209186254,205.5,202.99807086614157
4046.792184289891,1600.5082559500722,202.5,202.99807086614157
4044.058438825158,1606.2396725056938,205.5,202.99807086614157
4041.6283990296397,1612.1063075371405,202.5,202.99807086614157
4038.894653564907,1617.837724092762,205.5,202.99807086614157
4036.4646137693885,1623.7043591242088,202.5,202.99807086614157
4033.730868304656,1629.4357756798304,205.5,202.99807086614157
4031.3008285091373,1635.3024107112772,202.5,202.99807086614157
4028.5670830444046,1641.0338272668987,205.5,202.99807086614157
4026.137043248886,1646.9004622983455,202.5,202.99807086614157
4023.4032977841534,1652.631878853967,205.5,205.6364173228345
4020.373339656505,1658.2123675193704,208.5,208.2747637795274
4017.055473770559,1663.626632563019,211.5,210.91311023622032
4013.458794166086,1668.8598338607687,214.5,213.55145669291323
4009.593159091881,1673.8976275716182,217.5,216.18980314960615
4005.4691639849843,1678.7262054531784,220.5,218.82814960629906
4001.098112429329,1683.3323327091064,223.5,221.46649606299198
3996.4919851734007,1687.7033842647618,226.5,224.1048425196849
3992.1209336177453,1692.3095115206897,223.5,224.1048425196849
3987.514806361817,1696.6805630763452,226.5,224.1048425196849
3983.1437548061617,1701.286690332273,223.5,224.1048425196849
3978.5376275502335,1705.6577418879285,226.5,224.1048425196849
3974.166575994578,1710.2638691438565,223.5,224.1048425196849
3969.56044873865,1714.634920699512,226.5,224.1048425196849
3965.1893971829945,1719.2410479554399,223.5,224.1048425196849
3960.5832699270663,1723.6120995110953,226.5,224.1048425196849
3956.212218371411,1728.2182267670232,223.5,224.1048425196849
3951.6060911154827,1732.5892783226786,226.5,224.1048425196849
3947.2350395598273,1737.1954055786066,223.5,224.1048425196849
3942.628912303899,1741.566457134262,226.5,224.1048425196849
3938.2578607482437,1746.17258439019,223.5,224.1048425196849
3933.6517334923155,1750.5436359458454,226.5,224.1048425196849
3929.28068193666,1755.1497632017733,223.5,224.1048425196849
3924.674554680732,1759.5208147574288,226.5,224.1048425196849
3920.3035031250765,1764.1269420133567,223.5,224.1048425196849
3915.6973758691483,1768.4979935690121,226.5,224.1048425196849
3911.326324313493,1773.10412082494,223.5,224.1048425196849
3906.7201970575647,1777.4751723805955,226.5,224.1048425196849
3902.3491455019093,1782.0812996365235,223.5,224.1048425196849
3897.743018245981,1786.4523511921789,226.5,224.1048425196849
3893.3719666903257,1791.0584784481068,223.5,224.1048425196849
3888.7658394343975,1795.4295300037622,226.5,226.7431889763778
3883.9372615528373,1799.553525110659,229.5,229.38153543307072
3878.899467841988,1803.4191601848643,232.5,232.01988188976364
3873.666266544238,1807.015839789337,235.5,234.65822834645655
3868.25200150059,1810.3337056752832,238.5,237.29657480314947
3862.671512835186,1813.3636638029318,241.5,239.93492125984238
3856.9400962795644,1816.0974092676645,244.5,242.5732677165353
3851.073461248118,1818.5274490631828,247.5,245.2116141732282
3845.0876877796827,1820.6471226193173,250.5,247.84996062992113
3839.221052748236,1823.0771624148356,247.5,250.48830708661404
3833.235279279801,1825.1968359709701,250.5,253.12665354330696
3827.146773963388,1827.00033340984,253.5,255.76499999999987
3820.972224968863,1828.482711470325,256.5,258.40334645669276
3814.7285563058317,1829.6399070572002,259.5,261.04169291338565
3808.432881436108,1830.4687483777975,262.5,263.68003937007853
3802.1024563669025,1830.9669636356693,265.5,266.3183858267714
3795.754632353308,1831.1331872574244,268.5,268.9567322834643
3789.4068083397133,1830.9669636356693,271.5,271.5950787401572
3783.076383270508,1830.4687483777975,274.5,271.5950787401572
3776.7285592569133,1830.3025247560424,271.5,271.5950787401572
3770.398134187708,1829.8043094981706,274.5,271.5950787401572
3764.0503101741133,1829.6380858764155,271.5,271.5950787401572
3757.719885104908,1829.1398706185437,274.5,271.5950787401572
3751.3720610913133,1828.9736469967886,271.5,271.5950787401572
3745.041636022108,1828.4754317389168,274.5,271.5950787401572
3738.6938120085133,1828.3092081171617,271.5,271.5950787401572
3732.363386939308,1827.8109928592899,274.5,274.2334251968501
3726.067712069584,1826.9821515386925,277.5,276.87177165354296
3719.824043406553,1825.8249559518174,280.5,279.51011811023585
3713.6494944120277,1824.3425778913324,283.5,282.14846456692874
3707.560989095615,1822.5390804524625,286.5,284.7868110236216
3701.5752156271797,1820.419406896328,289.5,287.4251574803145
3695.708580595733,1817.9893671008097,292.5,290.0635039370074
3689.9771640401113,1815.255621636077,295.5,292.7018503937003
3684.110529008665,1812.8255818405587,292.5,295.34019685039317
3678.379112453043,1810.091836375826,295.5,297.97854330708606
3672.7986237876394,1807.0618782481774,298.5,300.61688976377894
3667.384358743991,1803.7440123622312,301.5,303.25523622047183
3662.151157446241,1800.1473327577585,304.5,305.8935826771647
3657.113363735392,1796.2816976835531,307.5,308.5319291338576
3652.2847858538316,1792.1577025766564,310.5,311.1702755905505
3647.6786585979034,1787.786651021001,313.5,313.8086220472434
3643.307607042248,1783.180523765073,316.5,316.44696850393626
3639.1836119353516,1778.3519458835128,319.5,319.08531496062915
3635.3179768611462,1773.3141521726634,322.5,321.72366141732203
3631.1939817542498,1768.4855742911031,319.5,321.72366141732203
3627.3283466800444,1763.4477805802537,322.5,321.72366141732203
3623.204351573148,1758.6192026986935,319.5,321.72366141732203
3619.3387164989426,1753.581408987844,322.5,321.72366141732203
3615.214721392046,1748.7528311062838,319.5,319.08531496062915
3610.8436698363907,1744.1467038503558,316.5,316.44696850393626
3606.2375425804626,1739.7756522947004,313.5,313.8086220472434
3601.4089646989023,1735.6516571878037,310.5,311.1702755905505
3596.371170988053,1731.7860221135984,307.5,308.5319291338576
3591.542593106493,1727.6620270067017,310.5,308.5319291338576
3586.5047993956437,1723.7963919324964,307.5,308.5319291338576
3581.6762215140834,1719.6723968255997,310.5,308.5319291338576
3576.638427803234,1715.8067617513943,307.5,308.5319291338576
3571.809849921674,1711.6827666444976,310.5,308.5319291338576
3566.7720562108248,1707.8171315702923,307.5,308.5319291338576
3561.9434783292645,1703.6931364633956,310.5,308.5319291338576
3556.9056846184153,1699.8275013891903,307.5,308.5319291338576
3552.077106736855,1695.7035062822936,310.5,308.5319291338576
3547.039313026006,1691.8378712080882,307.5,308.5319291338576
3542.2107351444456,1687.7138761011915,310.5,308.5319291338576
3537.1729414335964,1683.8482410269862,307.5,308.5319291338576
3532.344363552036,1679.7242459200895,310.5,308.5319291338576
3527.306569841187,1675.8586108458842,307.5,308.5319291338576
3522.4779919596267,1671.7346157389875,310.5,308.5319291338576
3517.4401982487775,1667.8689806647822,307.5,308.5319291338576
3512.6116203672173,1663.7449855578855,310.5,308.5319291338576
3507.573826656368,1659.8793504836801,307.5,308.5319291338576
3502.745248774808,1655.7553553767834,310.5,308.5319291338576
3497.7074550639586,1651.889720302578,307.5,308.5319291338576
3492.8788771823984,1647.7657251956814,310.5,308.5319291338576
3487.841083471549,1643.900090121476,307.5,308.5319291338576
3483.012505589989,1639.7760950145794,310.5,308.5319291338576
3477.9747118791397,1635.910459940374,307.5,308.5319291338576
3473.1461339975795,1631.7864648334773,310.5,308.5319291338576
3468.1083402867303,1627.920829759272,307.5,308.5319291338576
3463.27976240517,1623.7968346523753,310.5,308.5319291338576
3458.241968694321,1619.93119957817,307.5,308.5319291338576
3453.4133908127606,1615.8072044712733,310.5,308.5319291338576
3448.3755971019114,1611.941569397068,307.5,305.8935826771647
3443.1423958041614,1608.3448897925953,304.5,303.25523622047183
3437.728130760513,1605.027023906649,301.5,300.61688976377894
3432.1476420951094,1601.9970657790004,298.5,297.97854330708606
3426.4162255394876,1599.2633203142677,295.5,295.34019685039317
3420.549590508041,1596.8332805187495,292.5,292.7018503937003
3414.563817039606,1594.713606962615,289.5,290.0635039370074
3408.5246081611317,1592.751349048334,288.0,287.4251574803145
3402.436102844719,1590.9478516094641,286.5,284.7868110236216
3396.3024738477834,1589.304350673063,285.0,282.14846456692874
3390.1279248532583,1587.821972612578,283.5,279.51011811023585
3383.9166875885985,1586.5017333758854,282.0,276.87177165354296
3377.6730189255672,1585.3445377890102,280.5,274.2334251968501
3371.401197962788,1584.3511789360048,279.0,271.5950787401572
3365.105523093064,1583.5223376154074,277.5,268.9567322834643
3358.7903090574755,1582.8585818736578,276.0,266.3183858267714
3352.45988398827,1582.360366615786,274.5,263.68003937007853
3346.1185864425784,1582.0280332936434,273.0,261.04169291338565
3339.7707624289837,1581.8618096718883,271.5,258.40334645669276
3333.420762428984,1581.8618096718883,270.0,255.76499999999984
3326.8530138038946,1582.0337922222711,268.5,253.12665354330693
3320.072319262911,1582.3891533651606,267.0,250.3999606299211
3313.1088516867853,1582.9371901488196,265.5,247.58492125984236
3306.162116247638,1583.6673214647442,264.0,244.69157480314945
3299.236873890942,1584.5790469174012,262.5,241.79822834645654
3292.337870831885,1585.6717416557071,261.0,238.90488188976363
3285.469835302551,1586.9446568012697,259.5,238.90488188976363
3278.637474311425,1588.3969199616317,258.0,238.90488188976363
3271.8454704174474,1590.0275358281651,256.5,238.90488188976363
3265.0984785208184,1591.8353868582062,255.0,238.90488188976363
3258.4553487544968,1593.9938705639152,252.0,238.90488188976363
3251.9342894754136,1596.4970706914892,249.0,238.90488188976363
3246.133275819383,1599.0798483750204,246.0,238.90488188976363
3240.475384390787,1601.9626880483665,243.0,238.90488188976363
3234.976123076756,1605.1376880483665,240.0,238.90488188976363
3229.650564970302,1608.596145920712,237.0,238.90488188976363
3224.151303656271,1611.771145920712,240.0,238.90488188976363
3218.8257455498174,1615.2296037930573,237.0,238.90488188976363
3213.326484235786,1618.4046037930573,240.0,238.90488188976363
3208.0009261293326,1621.8630616654027,237.0,238.90488188976363
3202.5016648153014,1625.0380616654027,240.0,238.90488188976363
3197.176106708848,1628.496519537748,237.0,236.26653543307071
3192.038848794567,1632.2289558898053,234.0,233.6281889763778
3187.103971939315,1636.2251403729717,231.0,230.98984251968488
3182.385002297534,1640.4741197233504,228.0,228.35149606299197
3177.8948742369994,1644.964247783885,225.0,225.71314960629905
3173.6458948866207,1649.6832174256665,222.0,223.07480314960614
3169.6497104034543,1654.6180942809183,219.0,220.43645669291323
3165.9172740513973,1659.7553521951993,216.0,217.7981102362203
3162.458816179052,1665.0809103016527,213.0,215.1597637795274
3159.283816179052,1670.5801716156839,210.0,212.52141732283448
3156.400976505706,1676.23806304428,207.0,209.88307086614157
3153.2259765057056,1681.737324358311,210.0,207.24472440944865
3150.3431368323595,1687.395215786907,207.0,207.24472440944865
3147.1681368323593,1692.8944771009383,210.0,207.24472440944865
3144.285297159013,1698.5523685295343,207.0,207.24472440944865
3141.110297159013,1704.0516298435655,210.0,207.24472440944865
3138.227457485667,1709.7095212721615,207.0,207.24472440944865
3135.0524574856668,1715.2087825861927,210.0,207.24472440944865
3132.1696178123207,1720.8666740147887,207.0,207.24472440944865
3128.9946178123205,1726.36593532882,210.0,207.24472440944865
3126.1117781389744,1732.023826757416,207.0,207.24472440944865
3122.936778138974,1737.523088071447,210.0,207.24472440944865
3120.053938465628,1743.1809795000431,207.0,207.24472440944865
3116.878938465628,1748.6802408140743,210.0,207.24472440944865
3113.996098792282,1754.3381322426703,207.0,207.24472440944865
3110.8210987922816,1759.8373935567015,210.0,207.24472440944865
3107.9382591189355,1765.4952849852975,207.0,207.24472440944865
3104.7632591189354,1770.9945462993287,210.0,207.24472440944865
3101.8804194455893,1776.6524377279247,207.0,207.24472440944865
3098.705419445589,1782.151699041956,210.0,207.24472440944865
3095.822579772243,1787.809590470552,207.0,207.24472440944865
3092.647579772243,1793.308851784583,210.0,207.24472440944865
3089.7647400988967,1798.9667432131791,207.0,207.24472440944865
3086.5897400988965,1804.4660045272103,210.0,207.24472440944865
3083.7069004255504,1810.1238959558063,207.0,207.24472440944865
3080.5319004255502,1815.6231572698375,210.0,207.24472440944865
3077.649060752204,1821.2810486984336,207.0,207.24472440944865
3074.474060752204,1826.7803100124647,210.0,207.24472440944865
3071.591221078858,1832.4382014410608,207.0,207.24472440944865
3068.4162210788577,1837.937462755092,210.0,207.24472440944865
3065.5333814055116,1843.595354183688,207.0,207.24472440944865
3062.3583814055114,1849.0946154977191,210.0,207.24472440944865
3059.4755417321653,1854.7525069263152,207.0,207.24472440944865
3056.300541732165,1860.2517682403463,210.0,207.24472440944865
3053.417702058819,1865.9096596689424,207.0,207.24472440944865
3050.242702058819,1871.4089209829735,210.0,207.24472440944865
3047.3598623854728,1877.0668124115696,207.0,207.24472440944865
3044.1848623854726,1882.5660737256007,210.0,207.24472440944865
3041.3020227121265,1888.2239651541968,207.0,207.24472440944865
3038.1270227121263,1893.723226468228,210.0,209.88307086614157
3034.8091568261802,1899.1374915118765,211.5,212.52141732283448
3031.350698953835,1904.46304961833,213.0,215.1597637795274
3027.7540193493624,1909.6962509160796,214.5,217.7981102362203
3024.0215829973054,1914.8335088303606,216.0,220.43645669291323
3020.1559479231,1919.87130254121,217.5,223.07480314960614
3016.1597634399336,1924.8061793964619,219.0,225.71314960629905
3012.035768333037,1929.634757278022,220.5,228.35149606299197
3007.7867889826584,1934.3537269198036,222.0,230.98984251968488
3003.415737427003,1938.9598541757316,223.5,233.6281889763778
2998.9256093664685,1943.4499822362661,225.0,236.26653543307071
2994.3194821105403,1947.8210337919215,226.5,238.90488188976363
2989.600512468759,1952.0700131423002,228.0,241.54322834645654
2984.604645274767,1956.3368868198295,229.5,244.18157480314946
2979.327824196474,1960.609972275058,231.0,246.90826771653528
2973.78625111454,1964.8621708566839,232.5,249.72330708661403
2968.1352674088307,1968.9678508439467,234.0,252.61665354330694
2962.378745981306,1972.9241984088667,235.5,255.50999999999985
2956.5206320642073,1976.7285020684467,237.0,258.40334645669276
2950.564940516194,1980.3781545429877,238.5,261.2966929133857
2944.5157530707597,1983.8706545429877,240.0,264.19003937007864
2938.377215538816,1987.203608483401,241.5,267.0833858267716
2932.0726573276324,1990.2107284946069,244.5,269.9767322834645
2925.619358793041,1992.8837722696771,247.5,272.87007874015745
2919.0350079777622,1995.215413181425,250.5,275.7634251968504
2912.3376521297077,1997.1992603641818,253.5,278.65677165354333
2905.54564823573,1998.8298762307152,256.5,281.55011811023627
2898.677612706396,2000.1027913762778,259.5,284.4434645669292
2891.7523703497,2001.0145168289348,262.5,287.33681102362215
2884.788902773574,2001.5625536125938,265.5,290.2301574803151
2877.80629635862,2001.7453995965243,268.5,293.123503937008
2870.8236899436656,2001.5625536125938,271.5,296.01685039370096
2863.86022236754,2001.0145168289348,274.5,298.9101968503939
2856.934980010844,2000.1027913762778,277.5,298.9101968503939
2850.06694448151,1998.8298762307152,280.5,298.9101968503939
2843.274940587532,1997.1992603641818,283.5,298.9101968503939
2836.5775847394775,1995.215413181425,286.5,298.9101968503939
2829.9932339241986,1992.8837722696771,289.5,298.9101968503939
2824.126598892752,1990.4537324741589,292.5,298.9101968503939
2818.3951823371303,1987.7199870094262,295.5,298.9101968503939
2812.8146936717267,1984.6900288817776,298.5,298.9101968503939
2807.4004286280783,1981.3721629958313,301.5,298.9101968503939
2801.8199399626747,1978.3422048681828,298.5,298.9101968503939
2796.4056749190263,1975.0243389822365,301.5,298.9101968503939
2790.8251862536226,1971.994380854588,298.5,298.9101968503939
2785.4109212099743,1968.6765149686416,301.5,298.9101968503939
2779.8304325445706,1965.646556840993,298.5,298.9101968503939
2774.4161675009223,1962.3286909550468,301.5,298.9101968503939
2768.8356788355186,1959.2987328273982,298.5,298.9101968503939
2763.4214137918702,1955.980866941452,301.5,298.9101968503939
2757.8409251264666,1952.9509088138034,298.5,298.9101968503939
2752.426660082818,1949.633042927857,301.5,298.9101968503939
2746.8461714174146,1946.6030848002085,298.5,298.9101968503939
2741.431906373766,1943.2852189142623,301.5,298.9101968503939
2735.8514177083625,1940.2552607866137,298.5,298.9101968503939
2730.437152664714,1936.9373949006674,301.5,298.9101968503939
2724.8566639993105,1933.9074367730188,298.5,298.9101968503939
2719.442398955662,1930.5895708870726,301.5,298.9101968503939
2713.8619102902585,1927.559612759424,298.5,298.9101968503939
2708.44764524661,1924.2417468734777,301.5,298.9101968503939
2702.8671565812065,1921.2117887458292,298.5,298.9101968503939
2697.452891537558,1917.8939228598829,301.5,298.9101968503939
2691.8724028721545,1914.8639647322343,298.5,298.9101968503939
2686.458137828506,1911.546098846288,301.5,298.9101968503939
2680.8776491631024,1908.5161407186395,298.5,298.9101968503939
2675.463384119454,1905.1982748326932,301.5,298.9101968503939
2669.8828954540504,1902.1683167050446,298.5,298.9101968503939
2664.468630410402,1898.8504508190983,301.5,298.9101968503939
2658.8881417449984,1895.8204926914498,298.5,298.9101968503939
2653.47387670135,1892.5026268055035,301.5,298.9101968503939
2647.8933880359464,1889.472668677855,298.5,298.9101968503939
2642.479122992298,1886.1548027919087,301.5,298.9101968503939
2636.8986343268944,1883.12484466426,298.5,296.271850393701
2631.1672177712726,1880.3910991995274,295.5,293.63350393700813
2625.366204115242,1877.808321515996,294.0,290.99515748031524
2619.4995690837954,1875.3782817204778,292.5,288.35681102362236
2613.5713333755384,1873.1026452408653,291.0,285.71846456692947
2607.5855599071033,1870.9829716847307,289.5,283.0801181102366
2601.546351028629,1869.02071377045,288.0,280.4417716535437
2595.457845712216,1867.21721633158,286.5,277.8034251968508
2589.3242167152807,1865.5737153951789,285.0,275.1650787401579
2583.1496677207556,1864.091337334694,283.5,272.52673228346504
2576.938430456096,1862.7710980980012,282.0,269.88838582677215
2570.6947617930646,1861.613902511126,280.5,267.25003937007926
2564.4229408302854,1860.6205436581206,279.0,264.6116929133864
2557.9091480910593,1859.762986575235,277.5,261.9733464566935
2551.1563444215085,1859.0532383096474,276.0,259.2466535433077
2544.1928768453827,1858.5052015259885,274.5,256.4316141732289
2537.217449545122,1858.1396348716314,273.0,253.538267716536
2530.2348431301675,1857.956788887701,271.5,250.6449212598431
2523.2498431301674,1857.956788887701,270.0,247.7515748031502
2516.267236715213,1858.1396348716314,268.5,244.85822834645728
2509.2918094149522,1858.5052015259885,267.0,241.96488188976437
2502.3283418388264,1859.0532383096474,265.5,239.07153543307146
2495.381606399679,1859.783369625572,264.0,236.17818897637855
2488.4563640429833,1860.695095078229,262.5,233.28484251968564
2481.557360983926,1861.787789816535,261.0,230.39149606299273
2474.689325454592,1863.0607049620976,259.5,227.49814960629982
2467.8569644634663,1864.5129681224596,258.0,224.6048031496069
2461.0649605694884,1866.143583988993,256.5,221.711456692914
2454.3179686728595,1867.951435019034,255.0,218.8181102362211
2447.620612824805,1869.9352822017909,253.5,215.92476377952818
2441.036262009526,1872.2669231135387,250.5,213.03141732283527
2434.582963474935,1874.939966888609,247.5,210.13807086614236
2428.278405263751,1877.9470868998148,244.5,207.24472440944945
2422.1398677318075,1881.2800408402281,241.5,207.24472440944945
2416.184176183794,1884.929693314769,238.5,207.24472440944945
2410.4276547562695,1888.886040879689,235.5,207.24472440944945
2404.8860816743354,1893.138239461315,232.5,207.24472440944945
2399.5746460046194,1897.6746340789014,229.5,207.24472440944945
2394.5079060230987,1902.4827907901222,226.5,207.24472440944945
2389.699749311878,1907.549530771643,223.5,207.24472440944945
2385.1633546942917,1912.8609664413593,220.5,207.24472440944945
2380.9111561126656,1918.4025395232936,217.5,207.24472440944945
2377.314476508193,1923.6357408210433,214.5,207.24472440944945
2373.996610622247,1929.050005864692,211.5,207.24472440944945
2370.9666524945983,1934.6304945300953,208.5,207.24472440944945
2368.2329070298656,1940.3619110857169,205.5,207.24472440944945
2365.202948902217,1945.9423997511203,208.5,207.24472440944945
2362.4692034374843,1951.6738163067419,205.5,207.24472440944945
2359.4392453098358,1957.2543049721453,208.5,207.24472440944945
2356.705499845103,1962.9857215277668,205.5,207.24472440944945
2353.6755417174545,1968.5662101931703,208.5,207.24472440944945
2350.941796252722,1974.2976267487918,205.5,207.24472440944945
2347.9118381250732,1979.8781154141952,208.5,207.24472440944945
2345.1780926603406,1985.6095319698168,205.5,207.24472440944945
2342.148134532692,1991.1900206352202,208.5,207.24472440944945
2339.4143890679593,1996.9214371908417,205.5,207.24472440944945
2336.3844309403107,2002.5019258562452,208.5,207.24472440944945
2333.650685475578,2008.2333424118667,205.5,207.24472440944945
2330.6207273479295,2013.8138310772702,208.5,207.24472440944945
2327.8869818831968,2019.5452476328917,205.5,207.24472440944945
2324.857023755548,2025.1257362982951,208.5,207.24472440944945
2322.1232782908155,2030.8571528539167,205.5,207.24472440944945
2319.093320163167,2036.43764151932,208.5,207.24472440944945
2316.3595746984342,2042.1690580749416,205.5,207.24472440944945
2313.3296165707857,2047.749546740345,208.5,207.24472440944945
2310.595871106053,2053.480963295967,205.5,207.24472440944945
2307.5659129784044,2059.0614519613705,208.5,207.24472440944945
2304.8321675136717,2064.7928685169923,205.5,207.24472440944945
2301.802209386023,2070.373357182396,208.5,207.24472440944945
2298.484343500077,2075.7876222260443,211.5,209.88307086614236
2294.8876638956044,2081.020823523794,214.5,212.52141732283528
2291.1552275435474,2086.158081438075,216.0,215.1597637795282
2287.289592469342,2091.195875148924,217.5,217.7981102362211
2283.2934079861757,2096.130752004176,219.0,220.43645669291402
2279.169412879279,2100.959329885736,220.5,223.07480314960694
2274.9204335289005,2105.6782995275175,222.0,225.71314960629985
2270.549381973245,2110.2844267834457,223.5,228.35149606299277
2266.0592539127106,2114.7745548439802,225.0,230.98984251968568
2261.4531266567824,2119.1456063996357,226.5,233.6281889763786
2256.734157015001,2123.3945857500144,228.0,236.2665354330715
2251.905579133441,2127.518580856911,229.5,238.90488188976443
2246.970702278189,2131.5147653400772,231.0,241.54322834645734
2241.93290856734,2135.3804004142826,232.5,244.18157480315026
2236.795650653059,2139.1128367663396,234.0,246.81992125984317
2231.562449355309,2142.7095163708123,235.5,249.45826771653608
2226.0523837239075,2146.287794830861,237.0,252.096614173229
2220.262957007943,2149.8355600852824,238.5,254.82330708661482
2214.213769562509,2153.3280600852822,240.0,257.63834645669357
2208.075232030565,2156.6610140256957,241.5,260.5316929133865
2201.8515514591095,2159.8321376663766,243.0,263.42503937007945
2195.546993247926,2162.8392576775827,244.5,266.3183858267724
2189.1658782262925,2165.6803131294673,246.0,269.2117322834653
2182.712579691701,2168.3533569045376,247.5,272.10507874015826
2176.191520412618,2170.8565570321116,249.0,274.9984251968512
2169.607169597339,2173.1881979438594,250.5,277.89177165354414
2162.9640398310175,2175.3466816495684,252.0,280.7851181102371
2156.266683982963,2177.3305288323254,253.5,283.67846456693
2149.519692086334,2179.1383798623665,255.0,286.57181102362296
2142.7276881923563,2180.7689957289,256.5,289.4651574803159
2135.8953272012304,2182.221258889262,258.0,292.35850393700883
2129.0272916718964,2183.494174034825,259.5,295.2518503937018
2122.1282886128392,2184.586868773131,261.0,298.1451968503947
2115.2030462561434,2185.498594225788,262.5,301.03854330708765
2108.256310816996,2186.2287255417127,264.0,303.9318897637806
2101.2928432408703,2186.7767623253717,265.5,306.8252362204735
2094.3174159406094,2187.1423289797285,267.0,309.71858267716647
2087.3324159406093,2187.1423289797285,270.0,312.6119291338594
2080.3569886403484,2186.7767623253717,273.0,312.6119291338594
2073.410253201201,2186.046631009447,276.0,312.6119291338594
2066.511250142144,2184.953936271141,279.0,312.6119291338594
2059.678889151018,2183.501673110779,282.0,312.6119291338594
2052.9318972543892,2181.693822080738,285.0,312.6119291338594
2046.2887674880676,2179.535338375029,288.0,312.6119291338594
2039.7677082089847,2177.032138247455,291.0,312.6119291338594
2033.386593187351,2174.1910827955703,294.0,312.6119291338594
2027.1629126158953,2171.0199591548894,297.0,312.6119291338594
2021.113725170461,2167.5274591548896,300.0,312.6119291338594
2015.2556112533623,2163.7231554953096,303.0,312.6119291338594
2010.1183533390813,2159.9907191432526,306.0,312.6119291338594
2005.1834764838295,2155.994534660086,309.0,312.6119291338594
2000.464506842048,2151.7455553097075,312.0,312.6119291338594
1995.9743787815135,2147.255427249173,315.0,312.6119291338594
1991.255409139732,2143.0064478987942,312.0,312.6119291338594
1986.7652810791974,2138.5163198382597,315.0,312.6119291338594
1982.0463114374159,2134.267340487881,312.0,312.6119291338594
1977.5561833768813,2129.7772124273465,315.0,312.6119291338594
1972.8372137350998,2125.528233076968,312.0,312.6119291338594
1968.3470856745653,2121.0381050164333,315.0,312.6119291338594
1963.6281160327837,2116.7891256660546,312.0,312.6119291338594
1959.1379879722492,2112.29899760552,315.0,312.6119291338594
1954.4190183304677,2108.0500182551414,312.0,312.6119291338594
1949.9288902699332,2103.559890194607,315.0,312.6119291338594
1945.2099206281516,2099.310910844228,312.0,312.6119291338594
1940.719792567617,2094.8207827836936,315.0,312.6119291338594
1936.0008229258356,2090.571803433315,312.0,312.6119291338594
1931.510694865301,2086.0816753727804,315.0,312.6119291338594
1926.7917252235195,2081.8326960224017,312.0,312.6119291338594
1922.301597162985,2077.342567961867,315.0,312.6119291338594
1917.5826275212034,2073.0935886114885,312.0,312.6119291338594
1912.6477506659517,2069.097404128322,309.0,309.9735826771665
1907.5104927516707,2065.364967776265,306.0,307.33523622047363
1902.1849346452173,2061.90650990392,303.0,304.69688976378075
1896.685673331186,2058.7315099039197,300.0,302.05854330708786
1891.02778190259,2055.8486702305736,297.0,299.420196850395
1885.5285205885589,2052.6736702305734,300.0,299.420196850395
1879.8706291599628,2049.7908305572273,297.0,299.420196850395
1874.3713678459317,2046.6158305572274,300.0,299.420196850395
1868.7134764173356,2043.7329908838813,297.0,299.420196850395
1863.2142151033045,2040.5579908838813,300.0,299.420196850395
1857.5563236747084,2037.6751512105352,297.0,299.420196850395
1852.0570623606773,2034.5001512105353,300.0,299.420196850395
1846.3991709320812,2031.6173115371892,297.0,299.420196850395
1840.89990961805,2028.4423115371892,300.0,299.420196850395
1835.242018189454,2025.559471863843,297.0,299.420196850395
1829.7427568754229,2022.3844718638431,300.0,299.420196850395
1824.0848654468268,2019.501632190497,297.0,299.420196850395
1818.5856041327957,2016.326632190497,300.0,299.420196850395
1812.9277127041996,2013.443792517151,297.0,299.420196850395
1807.4284513901684,2010.268792517151,300.0,299.420196850395
1801.7705599615724,2007.385952843805,297.0,299.420196850395
1796.2712986475412,2004.210952843805,300.0,299.420196850395
1790.6134072189452,2001.328113170459,297.0,299.420196850395
1785.114145904914,1998.153113170459,300.0,299.420196850395
1779.456254476318,1995.2702734971128,297.0,299.420196850395
1773.9569931622868,1992.0952734971129,300.0,299.420196850395
1768.2991017336908,1989.2124338237668,297.0,299.420196850395
1762.7998404196596,1986.0374338237668,300.0,299.420196850395
1757.1419489910636,1983.1545941504207,297.0,299.420196850395
1751.6426876770324,1979.9795941504208,300.0,299.420196850395
1745.9847962484364,1977.0967544770747,297.0,299.420196850395
1740.4855349344052,1973.9217544770747,300.0,299.420196850395
1734.8276435058092,1971.0389148037286,297.0,299.420196850395
1729.328382191778,1967.8639148037287,300.0,299.420196850395
1723.670490763182,1964.9810751303826,297.0,299.420196850395
1718.1712294491508,1961.8060751303826,300.0,299.420196850395
1712.5133380205548,1958.9232354570365,297.0,299.420196850395
1707.0140767065236,1955.7482354570366,300.0,299.420196850395
1701.3561852779276,1952.8653957836905,297.0,299.420196850395
1695.8569239638964,1949.6903957836905,300.0,299.420196850395
1690.1990325353004,1946.8075561103444,297.0,299.420196850395
1684.6997712212692,1943.6325561103445,300.0,299.420196850395
1679.0418797926732,1940.7497164369984,297.0,299.420196850395
1673.542618478642,1937.5747164369984,300.0,299.420196850395
1667.884727050046,1934.6918767636523,297.0,299.420196850395
1662.3854657360148,1931.5168767636524,300.0,299.420196850395
1656.7275743074188,1928.6340370903063,297.0,299.420196850395
1651.2283129933876,1925.4590370903063,300.0,299.420196850395
1645.5704215647916,1922.5761974169602,297.0,299.420196850395
1640.0711602507604,1919.4011974169603,300.0,299.420196850395
1634.4132688221644,1916.5183577436142,297.0,299.420196850395
1628.9140075081332,1913.3433577436142,300.0,299.420196850395
1623.2561160795372,1910.460518070268,297.0,299.420196850395
1617.756854765506,1907.2855180702682,300.0,299.420196850395
1612.09896333691,1904.402678396922,297.0,299.420196850395
1606.5997020228788,1901.227678396922,300.0,299.420196850395
1600.9418105942827,1898.344838723576,297.0,299.420196850395
1595.4425492802516,1895.169838723576,300.0,299.420196850395
1589.7846578516555,1892.28699905023,297.0,299.420196850395
1584.2853965376244,1889.11199905023,300.0,299.420196850395
1578.6275051090283,1886.229159376884,297.0,299.420196850395
1573.1282437949972,1883.054159376884,300.0,299.420196850395
1567.4703523664011,1880.1713197035378,297.0,299.420196850395
1561.97109105237,1876.996319703538,300.0,299.420196850395
1556.313199623774,1874.1134800301918,297.0,299.420196850395
1550.8139383097428,1870.9384800301918,300.0,299.420196850395
1545.1560468811467,1868.0556403568457,297.0,299.420196850395
1539.6567855671155,1864.8806403568458,300.0,299.420196850395
1533.9988941385195,1861.9978006834997,297.0,299.420196850395
1528.4996328244883,1858.8228006834997,300.0,299.420196850395
1522.8417413958923,1855.9399610101536,297.0,299.420196850395
1517.3424800818611,1852.7649610101537,300.0,299.420196850395
1511.684588653265,1849.8821213368076,297.0,299.420196850395
1506.185327339234,1846.7071213368076,300.0,299.420196850395
1500.527435910638,1843.8242816634615,297.0,299.420196850395
1495.0281745966067,1840.6492816634616,300.0,299.420196850395
1489.3702831680107,1837.7664419901155,297.0,299.420196850395
1483.8710218539795,1834.5914419901155,300.0,299.420196850395
1478.2131304253835,1831.7086023167694,297.0,299.420196850395
1472.7138691113523,1828.5336023167695,300.0,299.420196850395
1467.0559776827563,1825.6507626434234,297.0,299.420196850395
1461.5567163687251,1822.4757626434234,300.0,299.420196850395
1455.898824940129,1819.5929229700773,297.0,299.420196850395
1450.399563626098,1816.4179229700774,300.0,299.420196850395
1444.7416721975019,1813.5350832967313,297.0,299.420196850395
1439.2424108834707,1810.3600832967313,300.0,299.420196850395
1433.5845194548747,1807.4772436233852,297.0,299.420196850395
1428.0852581408435,1804.3022436233853,300.0,299.420196850395
1422.4273667122475,1801.4194039500392,297.0,299.420196850395
1416.9281053982163,1798.2444039500392,300.0,299.420196850395
1411.2702139696203,1795.3615642766931,297.0,299.420196850395
1405.770952655589,1792.1865642766932,300.0,299.420196850395
1400.113061226993,1789.303724603347,297.0,299.420196850395
1394.613799912962,1786.128724603347,300.0,299.420196850395
1388.9559084843659,1783.245884930001,297.0,299.420196850395
1383.4566471703347,1780.070884930001,300.0,299.420196850395
1377.7987557417387,1777.188045256655,297.0,299.420196850395
1372.2994944277075,1774.013045256655,300.0,299.420196850395
1366.6416029991115,1771.130205583309,297.0,299.420196850395
1361.1423416850803,1767.955205583309,300.0,299.420196850395
1355.4844502564843,1765.0723659099629,297.0,299.420196850395
1349.985188942453,1761.897365909963,300.0,299.420196850395
1344.327297513857,1759.0145262366168,297.0,299.420196850395
1338.8280361998259,1755.8395262366168,300.0,299.420196850395
1333.1701447712298,1752.9566865632708,297.0,299.420196850395
1327.6708834571987,1749.7816865632708,300.0,299.420196850395
1322.0129920286026,1746.8988468899247,297.0,299.420196850395
1316.5137307145715,1743.7238468899247,300.0,299.420196850395
1310.8558392859754,1740.8410072165786,297.0,299.420196850395
1305.3565779719443,1737.6660072165787,300.0,299.420196850395
1299.6986865433482,1734.7831675432326,297.0,299.420196850395
1294.199425229317,1731.6081675432326,300.0,299.420196850395
1288.541533800721,1728.7253278698865,297.0,299.420196850395
1283.0422724866899,1725.5503278698866,300.0,299.420196850395
1277.3843810580938,1722.6674881965405,297.0,299.420196850395
1271.8851197440626,1719.4924881965405,300.0,299.420196850395
1266.2272283154666,1716.6096485231944,297.0,299.420196850395
1260.7279670014354,1713.4346485231945,300.0,299.420196850395
1255.0700755728394,1710.5518088498484,297.0,299.420196850395
1249.5708142588082,1707.3768088498484,300.0,299.420196850395
1243.9129228302122,1704.4939691765023,297.0,299.420196850395
1238.413661516181,1701.3189691765024,300.0,299.420196850395
1232.755770087585,1698.4361295031563,297.0,299.420196850395
1227.2565087735538,1695.2611295031563,300.0,299.420196850395
1221.5986173449578,1692.3782898298102,297.0,299.420196850395
1216.0993560309266,1689.2032898298103,300.0,299.420196850395
1210.4414646023306,1686.3204501564642,297.0,299.420196850395
1204.9422032882994,1683.1454501564642,300.0,299.420196850395
1199.2843118597034,1680.2626104831181,297.0,299.420196850395
1193.7850505456722,1677.0876104831182,300.0,299.420196850395
1188.1271591170762,1674.204770809772,297.0,299.420196850395
1182.627897803045,1671.0297708097721,300.0,299.420196850395
1176.970006374449,1668.146931136426,297.0,299.420196850395
1171.1689927184184,1665.5641534528947,294.0,296.7818503937021
1165.5111012898224,1662.6813137795486,297.0,294.1435039370092
1159.7100876337918,1660.0985360960174,294.0,291.5051574803163
1153.7818519255345,1657.8228996164048,291.0,288.8668110236234
1147.7426430470603,1655.860641702124,288.0,288.8668110236234
1141.814407338803,1653.5850052225114,291.0,288.8668110236234
1135.7751984603287,1651.6227473082306,288.0,288.8668110236234
1129.8469627520715,1649.347110828618,291.0,288.8668110236234
1123.8077538735972,1647.3848529143372,288.0,288.8668110236234
1117.87951816534,1645.1092164347247,291.0,288.8668110236234
1111.8403092868657,1643.1469585204438,288.0,288.8668110236234
1105.9120735786084,1640.8713220408313,291.0,288.8668110236234
1099.8728647001342,1638.9090641265504,288.0,288.8668110236234
1093.944628991877,1636.633427646938,291.0,288.8668110236234
1087.9054201134027,1634.671169732657,288.0,288.8668110236234
1081.9771844051454,1632.3955332530445,291.0,288.8668110236234
1075.9379755266712,1630.4332753387637,288.0,288.8668110236234
1070.009739818414,1628.1576388591511,291.0,288.8668110236234
1063.9705309399396,1626.1953809448703,288.0,288.8668110236234
1058.0422952316824,1623.9197444652577,291.0,288.8668110236234
1052.0030863532081,1621.957486550977,288.0,288.8668110236234
1046.0748506449509,1619.6818500713644,291.0,288.8668110236234
1040.0356417664766,1617.7195921570835,288.0,288.8668110236234
1034.1074060582193,1615.443955677471,291.0,288.8668110236234
1028.068197179745,1613.4816977631901,288.0,288.8668110236234
1022.1399614714878,1611.2060612835776,291.0,288.8668110236234
1016.1007525930136,1609.2438033692968,288.0,288.8668110236234
1010.1725168847563,1606.9681668896842,291.0,288.8668110236234
1004.3715032287258,1604.385389206153,294.0,291.5051574803163
998.7136118001297,1601.5025495328068,297.0,294.1435039370092
992.9125981440992,1598.9197718492755,294.0,296.7818503937021
987.2547067155031,1596.0369321759295,297.0,296.7818503937021
981.4536930594726,1593.4541544923982,294.0,296.7818503937021
975.7958016308764,1590.571314819052,297.0,296.7818503937021
969.994787974846,1587.9885371355208,294.0,296.7818503937021
964.3368965462498,1585.1056974621747,297.0,296.7818503937021
958.5358828902193,1582.5229197786434,294.0,296.7818503937021
952.8779914616232,1579.6400801052973,297.0,296.7818503937021
947.0769778055927,1577.057302421766,294.0,296.7818503937021
941.4190863769966,1574.17446274842,297.0,296.7818503937021
935.6180727209661,1571.5916850648887,294.0,296.7818503937021
929.96018129237,1568.7088453915426,297.0,296.7818503937021
924.1591676363395,1566.1260677080113,294.0,296.7818503937021
918.5012762077433,1563.2432280346652,297.0,296.7818503937021
912.7002625517129,1560.660450351134,294.0,296.7818503937021
907.0423711231167,1557.7776106777878,297.0,296.7818503937021
901.2413574670862,1555.1948329942566,294.0,296.7818503937021
895.5834660384901,1552.3119933209105,297.0,296.7818503937021
890.0842047244589,1549.1369933209105,300.0,299.420196850395
884.7586466180055,1545.678535448565,303.0,302.05854330708786
879.6213887037246,1541.9460990965079,306.0,304.69688976378075
874.6865118484728,1537.9499146133414,309.0,307.33523622047363
869.9675422066914,1533.7009352629627,312.0,309.9735826771665
865.4774141461568,1529.2108072024282,315.0,312.6119291338594
861.2284347957781,1524.4918375606467,318.0,315.2502755905523
856.7383067352434,1520.0017095001122,315.0,317.8886220472452
852.4893273848647,1515.2827398583306,318.0,320.52696850393806
848.4931429016983,1510.3478630030788,321.0,323.16531496063095
844.7607065496411,1505.2106050887978,324.0,325.80366141732384
841.3022486772957,1499.8850469823444,327.0,328.4420078740167
838.1272486772957,1494.3857856683132,330.0,331.0803543307096
835.2444090039496,1488.7278942397172,333.0,333.7187007874025
832.6616313204183,1482.9268805836866,336.0,336.3570472440954
830.3859948408057,1476.9986448754294,339.0,338.99539370078827
828.4237369265247,1470.959435996955,342.0,341.63374015748116
826.7802359901237,1464.8258070000195,345.0,344.27208661417404
825.4599967534309,1458.6145697353597,348.0,346.91043307086693
824.4666379004254,1452.3427487725805,351.0,349.5487795275598
823.8028821586759,1446.027534736992,354.0,352.1871259842527
823.4705488365331,1439.6862371913005,357.0,354.8254724409456
823.4705488365331,1433.3362371913006,360.0,357.4638188976385
823.8028821586759,1426.994939645609,363.0,360.10216535433136
823.8028821586759,1420.6449396456092,360.0,362.74051181102425
824.1352154808186,1414.3036420999176,363.0,365.37885826771713
824.7989712225682,1407.9884280643291,366.0,368.01720472441
825.7923300755737,1401.71660710155,369.0,370.6555511811029
827.1125693122665,1395.5053698368902,372.0,370.6555511811029
828.105928165272,1389.233548874111,369.0,370.6555511811029
829.4261674019648,1383.0223116094512,372.0,370.6555511811029
830.4195262549703,1376.750490646672,369.0,370.6555511811029
831.7397654916631,1370.5392533820122,372.0,370.6555511811029
832.7331243446686,1364.267432419233,369.0,370.6555511811029
834.0533635813614,1358.0561951545733,372.0,370.6555511811029
835.0467224343669,1351.784374191794,369.0,370.6555511811029
836.3669616710597,1345.5731369271343,372.0,370.6555511811029
837.3603205240652,1339.3013159643551,369.0,368.01720472441
838.0240762658148,1332.9861019287666,366.0,365.37885826771713
838.3564095879575,1326.644804383075,363.0,362.74051181102425
838.3564095879575,1320.2948043830752,360.0,360.10216535433136
838.0240762658148,1313.9535068373837,357.0,357.4638188976385
838.0240762658148,1307.6035068373837,360.0,357.4638188976385
837.691742943672,1301.2622092916922,357.0,357.4638188976385
837.691742943672,1294.9122092916923,360.0,357.4638188976385
837.3594096215293,1288.5709117460008,357.0,357.4638188976385
837.3594096215293,1282.2209117460009,360.0,357.4638188976385
837.0270762993865,1275.8796142003093,357.0,357.4638188976385
837.0270762993865,1269.5296142003094,360.0,357.4638188976385
836.6947429772438,1263.188316654618,357.0,357.4638188976385
836.6947429772438,1256.838316654618,360.0,357.4638188976385
836.362409655101,1250.4970191089265,357.0,357.4638188976385
836.362409655101,1244.1470191089265,360.0,357.4638188976385
836.0300763329583,1237.805721563235,357.0,357.4638188976385
836.0300763329583,1231.455721563235,360.0,357.4638188976385
836.362409655101,1225.1144240175436,363.0,360.10216535433136
836.362409655101,1218.7644240175437,360.0,362.74051181102425
836.6947429772438,1212.4231264718521,363.0,365.37885826771713
837.3584987189934,1206.1079124362636,366.0,368.01720472441
838.3518575719988,1199.8360914734844,369.0,370.6555511811029
839.6720968086917,1193.6248542088247,372.0,373.2938976377958
841.3155977450926,1187.491225211889,375.0,375.9322440944887
843.2778556593736,1181.4520163334148,378.0,375.9322440944887
844.9213565957746,1175.3183873364792,375.0,375.9322440944887
846.8836145100555,1169.279178458005,378.0,375.9322440944887
848.5271154464565,1163.1455494610693,375.0,375.9322440944887
850.4893733607374,1157.106340582595,378.0,375.9322440944887
852.1328742971384,1150.9727115856595,375.0,375.9322440944887
854.0951322114194,1144.9335027071852,378.0,375.9322440944887
855.7386331478203,1138.7998737102496,375.0,375.9322440944887
857.7008910621013,1132.7606648317753,378.0,375.9322440944887
859.3443919985023,1126.6270358348397,375.0,375.9322440944887
861.3066499127832,1120.5878269563655,378.0,375.9322440944887
862.9501508491842,1114.4541979594298,375.0,375.9322440944887
864.9124087634651,1108.4149890809556,378.0,375.9322440944887
866.5559096998661,1102.28136008402,375.0,375.9322440944887
868.518167614147,1096.2421512055457,378.0,375.9322440944887
870.161668550548,1090.10852220861,375.0,375.9322440944887
872.123926464829,1084.0693133301359,378.0,375.9322440944887
873.76742740123,1077.9356843332002,375.0,373.2938976377958
875.0876666379228,1071.7244470685405,372.0,370.6555511811029
876.0810254909283,1065.4526261057613,369.0,368.01720472441
876.7447812326778,1059.1374120701728,366.0,365.37885826771713
877.0771145548206,1052.7961145244813,363.0,365.37885826771713
877.7408702965702,1046.4809004888928,366.0,365.37885826771713
878.0732036187129,1040.1396029432012,363.0,365.37885826771713
878.7369593604625,1033.8243889076127,366.0,365.37885826771713
879.0692926826052,1027.4830913619212,363.0,365.37885826771713
879.7330484243548,1021.1678773263327,366.0,365.37885826771713
880.0653817464976,1014.8265797806412,363.0,365.37885826771713
880.7291374882471,1008.5113657450527,366.0,365.37885826771713
881.0614708103899,1002.1700681993611,363.0,365.37885826771713
881.7252265521395,995.8548541637726,366.0,365.37885826771713
882.0575598742822,989.5135566180811,363.0,365.37885826771713
882.7213156160318,983.1983425824926,366.0,365.37885826771713
883.0536489381745,976.8570450368011,363.0,365.37885826771713
883.7174046799241,970.5418310012126,366.0,365.37885826771713
884.0497380020669,964.200533455521,363.0,365.37885826771713
884.7134937438165,957.8853194199326,366.0,365.37885826771713
885.0458270659592,951.544021874241,363.0,365.37885826771713
885.7095828077088,945.2288078386525,366.0,365.37885826771713
886.0419161298515,938.887510292961,363.0,365.37885826771713
886.7056718716011,932.5722962573725,366.0,365.37885826771713
887.0380051937439,926.230998711681,363.0,365.37885826771713
887.7017609354934,919.9157846760925,366.0,365.37885826771713
888.0340942576362,913.5744871304009,363.0,365.37885826771713
888.6978499993858,907.2592730948124,366.0,365.37885826771713
889.6912088523912,900.9874521320334,369.0,368.01720472441
891.0114480890841,894.7762148673737,372.0,370.6555511811029
892.654949025485,888.6425858704381,375.0,373.2938976377958
894.458446464355,882.5540805540251,376.5,375.9322440944887
896.420704378636,876.5148716755508,378.0,378.57059055118157
898.5403779347704,870.5290982071155,379.5,381.20893700787445
900.8160144143831,864.6008624988582,381.0,383.84728346456734
903.2460542099013,858.7342274674115,382.5,386.4856299212602
905.8288318934327,852.933213811381,384.0,389.1239763779531
908.5625773581654,847.2017972557594,385.5,391.762322834646
911.4454170315115,841.5439058271633,387.0,394.4006692913389
914.47537515916,835.9634171617598,388.5,397.0390157480318
917.6503751591599,830.4641558477286,390.0,399.67736220472466
920.9682410451062,825.0498908040802,391.5,402.31570866141755
924.4266989174516,819.7243326976268,393.0,404.95405511811043
928.0233785219243,814.491131399877,394.5,407.5924015748033
931.7558148739815,809.3538734855961,396.0,410.2307480314962
935.7553774625688,804.1415420398827,397.5,412.8690944881891
940.0284629177972,798.8647209615898,399.0,415.5957874015749
944.5648575353836,793.5532852918736,400.5,418.41082677165366
949.2387348208002,788.362418685914,402.0,421.3041732283466
954.046891532021,783.2956787043931,403.5,424.19751968503954
958.986032398609,778.3565378378051,405.0,427.0908661417325
964.0527723801299,773.5483811265843,406.5,429.9842125984254
969.2436389860895,768.8745038411677,408.0,432.87755905511835
974.5550746558057,764.3381092235813,409.5,435.7709055118113
979.9834391965826,759.9423062920982,411.0,438.66425196850423
985.5250122785169,755.6901077104724,412.5,441.55759842519717
991.1759959842259,751.5844277232095,414.0,444.4509448818901
996.9325174117507,747.6280801582895,415.5,447.34429133858305
1002.7906313288495,743.8237764987095,417.0,450.237637795276
1008.7463228768628,740.1741240241687,418.5,453.1309842519689
1014.7955103222971,736.6816240241687,420.0,456.02433070866186
1020.9340478542409,733.3486700837553,421.5,458.9176771653548
1027.1577284256966,730.1775464430746,423.0,461.81102362204774
1033.4622866368804,727.1704264318686,424.5,464.7043700787407
1039.843401658514,724.3293709799841,426.0,467.5977165354336
1046.2967001931054,721.656327204914,427.5,470.49106299212656
1052.8810510083842,719.3246862931661,430.5,473.3844094488195
1059.5784068564385,717.3408391104092,433.5,476.27775590551244
1066.3704107504163,715.7102232438757,436.5,479.1711023622054
1073.2384462797506,714.437308098313,439.5,482.0644488188983
1080.1636886364468,713.525582645656,442.5,484.95779527559125
1087.1271562125726,712.977545861997,445.5,484.95779527559125
1094.1097626275268,712.7946998780665,448.5,484.95779527559125
1101.092369042481,712.977545861997,451.5,484.95779527559125
1108.055836618607,713.525582645656,454.5,484.95779527559125
1114.981078975303,714.437308098313,457.5,484.95779527559125
1121.8491145046373,715.7102232438757,460.5,484.95779527559125
1128.6411183986152,717.3408391104092,463.5,484.95779527559125
1135.3384742466694,719.3246862931661,466.5,484.95779527559125
1141.9228250619483,721.656327204914,469.5,484.95779527559125
1148.3761235965396,724.3293709799841,472.5,484.95779527559125
1154.6806818077234,727.3364909911901,475.5,484.95779527559125
1160.2611704731269,730.3664491188387,478.5,487.8511417322842
1165.6754355167755,733.6843150047849,481.5,490.4894881889771
1170.9086368145252,737.2809946092576,484.5,493.12783464566996
1175.9464305253746,741.146629683463,487.5,495.76618110236285
1180.7750084069348,745.2706247903596,490.5,498.40452755905574
1185.3811356628628,749.641676346015,493.5,501.0428740157486
1189.7521872185182,754.247803601943,496.5,501.0428740157486
1193.876182325415,759.0763814835032,499.5,501.0428740157486
1197.7418173996202,764.1141751943525,502.5,501.0428740157486
1201.865812506517,768.9427530759126,499.5,501.0428740157486
1205.7314475807223,773.9805467867619,502.5,501.0428740157486
1209.855442687619,778.809124668322,499.5,501.0428740157486
1213.7210777618243,783.8469183791714,502.5,501.0428740157486
1217.845072868721,788.6754962607315,499.5,501.0428740157486
1221.7107079429263,793.7132899715808,502.5,501.0428740157486
1225.834703049823,798.541867853141,499.5,501.0428740157486
1229.7003381240283,803.5796615639903,502.5,501.0428740157486
1233.824333230925,808.4082394455504,499.5,501.0428740157486
1237.6899683051304,813.4460331563997,502.5,501.0428740157486
1241.813963412027,818.2746110379599,499.5,501.0428740157486
1245.6795984862324,823.3124047488092,502.5,501.0428740157486
1249.803593593129,828.1409826303693,499.5,501.0428740157486
1253.6692286673344,833.1787763412186,502.5,501.0428740157486
1257.7932237742311,838.0073542227788,499.5,501.0428740157486
1261.6588588484365,843.0451479336281,502.5,501.0428740157486
1265.7828539553332,847.8737258151882,499.5,501.0428740157486
1269.6484890295385,852.9115195260375,502.5,501.0428740157486
1273.7724841364352,857.7400974075977,499.5,501.0428740157486
1277.6381192106405,862.777891118447,502.5,501.0428740157486
1281.7621143175372,867.6064690000071,499.5,501.0428740157486
1285.6277493917426,872.6442627108564,502.5,501.0428740157486
1289.7517444986393,877.4728405924166,499.5,501.0428740157486
1293.6173795728446,882.5106343032659,502.5,501.0428740157486
1297.7413746797413,887.339212184826,499.5,501.0428740157486
1301.6070097539466,892.3770058956753,502.5,501.0428740157486
1305.7310048608433,897.2055837772355,499.5,501.0428740157486
1309.5966399350486,902.2433774880848,502.5,501.0428740157486
1313.7206350419453,907.0719553696449,499.5,501.0428740157486
1317.5862701161507,912.1097490804942,502.5,501.0428740157486
1321.7102652230474,916.9383269620544,499.5,501.0428740157486
1325.5759002972527,921.9761206729037,502.5,501.0428740157486
1329.6998954041494,926.8046985544638,499.5,501.0428740157486
1333.5655304783547,931.8424922653131,502.5,501.0428740157486
1337.6895255852514,936.6710701468733,499.5,501.0428740157486
1341.5551606594568,941.7088638577226,502.5,501.0428740157486
1345.6791557663535,946.5374417392827,499.5,501.0428740157486
1349.5447908405588,951.575235450132,502.5,501.0428740157486
1353.6687859474555,956.4038133316922,499.5,501.0428740157486
1357.5344210216608,961.4416070425415,502.5,501.0428740157486
1361.6584161285575,966.2701849241016,499.5,501.0428740157486
1365.5240512027628,971.3079786349509,502.5,501.0428740157486
1369.6480463096595,976.1365565165111,499.5,501.0428740157486
1373.5136813838649,981.1743502273604,502.5,501.0428740157486
1377.6376764907616,986.0029281089205,499.5,501.0428740157486
1381.503311564967,991.0407218197698,502.5,501.0428740157486
1385.6273066718636,995.86929970133,499.5,498.40452755905574
1389.998358227519,1000.475426957258,496.5,495.76618110236285
1394.604485483447,1004.8464785129133,493.5,493.12783464566996
1399.4330633650072,1008.97047361981,490.5,490.4894881889771
1404.4708570758567,1012.8361086940154,487.5,487.8511417322842
1409.7040583736064,1016.432788298488,484.5,485.2127952755913
1414.7418520844558,1020.2984233726934,487.5,485.2127952755913
1419.9750533822055,1023.8951029771661,484.5,485.2127952755913
1425.012847093055,1027.7607380513714,487.5,485.2127952755913
1430.2460483908046,1031.357417655844,484.5,485.2127952755913
1435.283842101654,1035.2230527300494,487.5,485.2127952755913
1440.5170433994037,1038.819732334522,484.5,485.2127952755913
1445.5548371102532,1042.6853674087274,487.5,485.2127952755913
1450.7880384080029,1046.2820470132,484.5,485.2127952755913
1455.8258321188523,1050.1476820874054,487.5,485.2127952755913
1461.059033416602,1053.744361691878,484.5,485.2127952755913
1466.0968271274514,1057.6099967660834,487.5,485.2127952755913
1471.3300284252011,1061.2066763705561,484.5,485.2127952755913
1476.3678221360506,1065.0723114447615,487.5,485.2127952755913
1481.6010234338003,1068.6689910492341,484.5,485.2127952755913
1486.6388171446497,1072.5346261234395,487.5,485.2127952755913
1491.8720184423994,1076.1313057279121,484.5,485.2127952755913
1496.9098121532488,1079.9969408021175,487.5,485.2127952755913
1502.1430134509985,1083.5936204065902,484.5,485.2127952755913
1507.180807161848,1087.4592554807955,487.5,485.2127952755913
1512.4140084595977,1091.0559350852682,484.5,485.2127952755913
1517.451802170447,1094.9215701594735,487.5,485.2127952755913
1522.6850034681968,1098.5182497639462,484.5,485.2127952755913
1527.7227971790462,1102.3838848381515,487.5,485.2127952755913
1532.955998476796,1105.9805644426242,484.5,485.2127952755913
1537.9937921876453,1109.8461995168295,487.5,485.2127952755913
1543.226993485395,1113.4428791213022,484.5,485.2127952755913
1548.2647871962445,1117.3085141955075,487.5,485.2127952755913
1553.4979884939942,1120.9051937999802,484.5,485.2127952755913
1558.5357822048436,1124.7708288741856,487.5,485.2127952755913
1563.7689835025933,1128.3675084786582,484.5,485.2127952755913
1568.8067772134427,1132.2331435528636,487.5,485.2127952755913
1574.0399785111924,1135.8298231573363,484.5,485.2127952755913
1579.0777722220419,1139.6954582315416,487.5,485.2127952755913
1584.3109735197916,1143.2921378360143,484.5,485.2127952755913
1589.348767230641,1147.1577729102196,487.5,485.2127952755913
1594.5819685283907,1150.7544525146923,484.5,485.2127952755913
1599.6197622392401,1154.6200875888976,487.5,485.2127952755913
1604.8529635369898,1158.2167671933703,484.5,485.2127952755913
1609.8907572478392,1162.0824022675756,487.5,485.2127952755913
1615.123958545589,1165.6790818720483,484.5,485.2127952755913
1620.1617522564384,1169.5447169462536,487.5,485.2127952755913
1625.394953554188,1173.1413965507263,484.5,482.5744488188984
1630.8092185978367,1176.4592624366726,481.5,479.93610236220553
1636.38970726324,1179.4892205643212,478.5,477.29775590551264
1642.1211238188616,1182.2229660290539,475.5,474.65940944881976
1647.9877588503084,1184.6530058245721,472.5,472.0210629921269
1653.9735323187438,1186.7726793807064,469.5,469.382716535434
1660.0620376351567,1188.5761768195764,466.5,466.7443700787411
1666.2365866296818,1190.0585548800614,463.5,464.1060236220482
1672.3250919460947,1191.8620523189313,466.5,464.1060236220482
1678.4996409406199,1193.3444303794163,463.5,464.1060236220482
1684.5881462570328,1195.1479278182862,466.5,464.1060236220482
1690.762695251558,1196.6303058787712,463.5,464.1060236220482
1696.8512005679709,1198.4338033176411,466.5,464.1060236220482
1703.025749562496,1199.916181378126,463.5,464.1060236220482
1709.114254878909,1201.719678816996,466.5,464.1060236220482
1715.288803873434,1203.202056877481,463.5,464.1060236220482
1721.377309189847,1205.005554316351,466.5,464.1060236220482
1727.5518581843721,1206.487932376836,463.5,464.1060236220482
1733.640363500785,1208.291429815706,466.5,464.1060236220482
1739.8149124953102,1209.7738078761909,463.5,464.1060236220482
1745.903417811723,1211.5773053150608,466.5,464.1060236220482
1752.0779668062482,1213.0596833755458,463.5,464.1060236220482
1758.1664721226612,1214.8631808144157,466.5,464.1060236220482
1764.3410211171863,1216.3455588749007,463.5,464.1060236220482
1770.4295264335992,1218.1490563137706,466.5,464.1060236220482
1776.6040754281244,1219.6314343742556,463.5,464.1060236220482
1782.6925807445373,1221.4349318131256,466.5,464.1060236220482
1788.8671297390624,1222.9173098736105,463.5,464.1060236220482
1794.9556350554753,1224.7208073124805,466.5,464.1060236220482
1801.1301840500005,1226.2031853729654,463.5,464.1060236220482
1807.2186893664134,1228.0066828118354,466.5,464.1060236220482
1813.3932383609385,1229.4890608723204,463.5,464.1060236220482
1819.4817436773515,1231.2925583111903,466.5,464.1060236220482
1825.6562926718766,1232.7749363716753,463.5,464.1060236220482
1831.7447979882895,1234.5784338105452,466.5,464.1060236220482
1837.9193469828147,1236.0608118710302,463.5,464.1060236220482
1844.0078522992276,1237.8643093099001,466.5,464.1060236220482
1850.1824012937527,1239.346687370385,463.5,464.1060236220482
1856.2709066101656,1241.150184809255,466.5,464.1060236220482
1862.4454556046908,1242.63256286974,463.5,464.1060236220482
1868.5339609211037,1244.43606030861,466.5,464.1060236220482
1874.7085099156288,1245.918438369095,463.5,464.1060236220482
1880.7970152320418,1247.7219358079649,466.5,464.1060236220482
1886.971564226567,1249.2043138684498,463.5,464.1060236220482
1893.0600695429798,1251.0078113073198,466.5,464.1060236220482
1899.234618537505,1252.4901893678048,463.5,464.1060236220482
1905.3231238539179,1254.2936868066747,466.5,464.1060236220482
1911.497672848443,1255.7760648671597,463.5,464.1060236220482
1917.586178164856,1257.5795623060296,466.5,464.1060236220482
1923.760727159381,1259.0619403665146,463.5,464.1060236220482
1929.849232475794,1260.8654378053845,466.5,464.1060236220482
1936.0237814703191,1262.3478158658695,463.5,464.1060236220482
1942.112286786732,1264.1513133047395,466.5,464.1060236220482
1948.2868357812572,1265.6336913652244,463.5,464.1060236220482
1954.3753410976701,1267.4371888040944,466.5,464.1060236220482
1960.5498900921953,1268.9195668645793,463.5,464.1060236220482
1966.6383954086082,1270.7230643034493,466.5,464.1060236220482
1972.8129444031333,1272.2054423639343,463.5,464.1060236220482
1979.0566130661643,1273.3626379508094,460.5,461.4676771653553
1985.352287935888,1274.1914792714067,457.5,458.82933070866244
1991.6827130050933,1274.6896945292785,454.5,456.19098425196955
1998.0305370186882,1274.8559181510336,451.5,453.55263779527667
2004.378361032283,1274.6896945292785,448.5,450.9142913385838
2010.7087861014884,1274.1914792714067,445.5,448.2759448818909
2017.0566101150832,1274.0252556496516,448.5,445.637598425198
2023.3870351842886,1273.5270403917798,445.5,442.9992519685051
2029.6827100540122,1272.6981990711824,442.5,440.36090551181223
2035.9263787170432,1271.5410034843073,439.5,440.36090551181223
2042.2220535867668,1270.71216216371,442.5,440.36090551181223
2048.465722249798,1269.5549665768349,439.5,440.36090551181223
2054.761397119522,1268.7261252562375,442.5,440.36090551181223
2061.005065782553,1267.5689296693624,439.5,440.36090551181223
2067.300740652277,1266.740088348765,442.5,440.36090551181223
2073.5444093153083,1265.58289276189,439.5,440.36090551181223
2079.840084185032,1264.7540514412926,442.5,440.36090551181223
2086.0837528480633,1263.5968558544175,439.5,440.36090551181223
2092.379427717787,1262.7680145338202,442.5,440.36090551181223
2098.6230963808184,1261.610818946945,439.5,440.36090551181223
2104.9187712505422,1260.7819776263477,442.5,440.36090551181223
2111.1624399135735,1259.6247820394726,439.5,440.36090551181223
2117.4581147832973,1258.7959407188753,442.5,440.36090551181223
2123.7017834463286,1257.6387451320002,439.5,440.36090551181223
2129.9974583160524,1256.8099038114028,442.5,440.36090551181223
2136.2411269790837,1255.6527082245277,439.5,440.36090551181223
2142.5368018488075,1254.8238669039304,442.5,440.36090551181223
2148.7804705118388,1253.6666713170553,439.5,440.36090551181223
2155.0761453815626,1252.837829996458,442.5,440.36090551181223
2161.319814044594,1251.6806344095828,439.5,440.36090551181223
2167.6154889143177,1250.8517930889855,442.5,440.36090551181223
2173.859157577349,1249.6945975021104,439.5,440.36090551181223
2180.1548324470727,1248.865756181513,442.5,440.36090551181223
2186.398501110104,1247.708560594638,439.5,440.36090551181223
2192.694175979828,1246.8797192740406,442.5,440.36090551181223
2198.937844642859,1245.7225236871654,439.5,440.36090551181223
2205.233519512583,1244.893682366568,442.5,440.36090551181223
2211.477188175614,1243.736486779693,439.5,440.36090551181223
2217.772863045338,1242.9076454590956,442.5,440.36090551181223
2224.0165317083693,1241.7504498722205,439.5,440.36090551181223
2230.312206578093,1240.9216085516232,442.5,440.36090551181223
2236.5558752411243,1239.764412964748,439.5,440.36090551181223
2242.851550110848,1238.9355716441507,442.5,440.36090551181223
2249.0952187738794,1237.7783760572756,439.5,440.36090551181223
2255.3908936436032,1236.9495347366783,442.5,440.36090551181223
2261.6345623066345,1235.7923391498032,439.5,440.36090551181223
2267.9302371763583,1234.9634978292058,442.5,440.36090551181223
2274.1739058393896,1233.8063022423307,439.5,440.36090551181223
2280.4695807091134,1232.9774609217334,442.5,440.36090551181223
2286.7132493721447,1231.8202653348583,439.5,440.36090551181223
2293.0089242418685,1230.991424014261,442.5,440.36090551181223
2299.2525929048998,1229.8342284273858,439.5,440.36090551181223
2305.427141899425,1228.3518503669009,436.5,437.72255905511935
2311.515647215838,1226.548352928031,433.5,435.08421259842646
2317.501420684273,1224.4286793718964,430.5,432.4458661417336
2323.3680557157195,1221.998639576378,427.5,429.8075196850407
2329.0994722713413,1219.2648941116454,424.5,427.1691732283478
2334.966107302788,1216.8348543161271,427.5,424.5308267716549
2340.7671209588184,1214.2520766325958,426.0,421.89248031496203
2346.49853751444,1211.5183311678632,424.5,419.25413385826914
2352.156428943036,1208.635491494517,423.0,416.61578740157626
2357.6556902570674,1205.460491494517,420.0,413.97744094488337
2362.981248363521,1202.0020336221717,417.0,413.97744094488337
2368.1185062778018,1198.2695972701144,414.0,413.97744094488337
2373.0533831330536,1194.273412786948,411.0,413.97744094488337
2378.1906410473343,1190.5409764348908,414.0,413.97744094488337
2383.125517902586,1186.5447919517244,411.0,413.97744094488337
2388.262775816867,1182.8123555996672,414.0,413.97744094488337
2393.1976526721187,1178.8161711165008,411.0,413.97744094488337
2398.3349105863995,1175.0837347644435,414.0,413.97744094488337
2403.2697874416513,1171.0875502812771,411.0,413.97744094488337
2408.407045355932,1167.35511392922,414.0,411.3390944881905
2413.341922211184,1163.3589294460535,411.0,408.7007480314976
2418.060891852965,1159.1099500956748,408.0,406.0624015748047
2422.5510199134997,1154.6198220351403,405.0,403.4240551181118
2426.7999992638784,1149.9008523933587,402.0,400.78570866141894
2430.796183747045,1144.965975538107,399.0,398.14736220472605
2434.5286200991018,1139.828717623826,396.0,395.50901574803316
2437.987077971447,1134.5031595173725,393.0,392.8706692913403
2441.162077971447,1129.0038982033414,390.0,390.2323228346474
2444.0449176447933,1123.3460067747453,387.0,387.5939763779545
2447.2199176447934,1117.8467454607141,390.0,387.5939763779545
2450.1027573181395,1112.1888540321181,387.0,387.5939763779545
2453.2777573181397,1106.689592718087,390.0,387.5939763779545
2456.160596991486,1101.031701289491,387.0,387.5939763779545
2459.335596991486,1095.5324399754597,390.0,387.5939763779545
2462.218436664832,1089.8745485468637,387.0,387.5939763779545
2465.3934366648323,1084.3752872328325,390.0,387.5939763779545
2468.2762763381784,1078.7173958042365,387.0,387.5939763779545
2471.4512763381786,1073.2181344902053,390.0,387.5939763779545
2474.3341160115247,1067.5602430616093,387.0,387.5939763779545
2477.509116011525,1062.0609817475781,390.0,387.5939763779545
2480.391955684871,1056.403090318982,387.0,387.5939763779545
2483.566955684871,1050.903829004951,390.0,387.5939763779545
2486.449795358217,1045.245937576355,387.0,387.5939763779545
2489.6247953582174,1039.7466762623237,390.0,387.5939763779545
2492.5076350315635,1034.0887848337277,387.0,387.5939763779545
2495.6826350315637,1028.5895235196965,390.0,387.5939763779545
2498.56547470491,1022.9316320911004,387.0,387.5939763779545
2501.74047470491,1017.4323707770692,390.0,387.5939763779545
2504.623314378256,1011.774479348473,387.0,387.5939763779545
2507.7983143782562,1006.2752180344419,390.0,387.5939763779545
2510.6811540516023,1000.6173266058457,387.0,387.5939763779545
2513.8561540516025,995.1180652918146,390.0,387.5939763779545
2516.7389937249486,989.4601738632184,387.0,387.5939763779545
2519.913993724949,983.9609125491872,390.0,387.5939763779545
2522.796833398295,978.3030211205911,387.0,387.5939763779545
2525.971833398295,972.8037598065599,390.0,387.5939763779545
2528.854673071641,967.1458683779638,387.0,387.5939763779545
2532.0296730716414,961.6466070639326,390.0,387.5939763779545
2534.9125127449875,955.9887156353365,387.0,384.9556299212616
2537.4952904285187,950.187701979306,384.0,382.31728346456873
2539.7709269081315,944.2594662710487,381.0,379.67893700787585
2541.7331848224126,938.2202573925745,378.0,377.04059055118296
2543.3766857588134,932.0866283956389,375.0,374.4022440944901
2544.6969249955064,925.8753911309792,372.0,371.7638976377972
2545.6902838485116,919.6035701682001,369.0,371.7638976377972
2547.0105230852046,913.3923329035405,372.0,371.7638976377972
2548.00388193821,907.1205119407614,369.0,371.7638976377972
875.0,1275.0,0,0
875.0115139103734,1274.780301502354,3.0,0
875.0115139103734,1274.340301502354,0.0,0.17669291338582677
875.0460556414938,1273.681206009416,3.0,0.44173228346456694
875.0460556414938,1272.8012060094159,0.0,0.7951181102362205
875.103625193361,1271.7027135211858,3.0,1.2368503937007875
875.103625193361,1270.382713521186,0.0,1.7669291338582678
875.1842225659751,1268.8448240376638,3.0,2.3853543307086618
875.3681926613261,1267.0944655018156,6.0,3.092125984251969
875.4718178546872,1265.1171790230017,3.0,3.8872440944881896
875.701780473876,1262.9292308531915,6.0,4.7707086614173235
875.828433487984,1260.5125473790854,3.0,5.742519685039371
876.1043886310106,1257.8870095753132,6.0,6.802677165354332
876.5517912010256,1255.062220921211,9.0,7.951181102362206
877.1921592087443,1252.049526310951,12.0,9.188031496062994
877.7083929433771,1248.7901547869872,9.0,10.513228346456696
878.4402420950556,1245.3470752324042,12.0,11.92677165354331
879.4082253237391,1241.734512642083,15.0,13.42866141732284
880.6319326214639,1237.9683288375543,18.0,15.01889763779528
881.7137962299925,1233.930758883666,15.0,16.697480314960636
883.0734710052423,1229.7461102119673,18.0,18.464409448818905
884.7291309321415,1225.4329686415504,21.0,20.319685039370086
886.6977362846284,1221.01140862656,24.0,22.26330708661418
888.9949282133105,1216.502915614167,27.0,24.29527559055119
891.1424976887507,1211.6793955978142,24.0,26.41559055118111
893.6394454373183,1206.778859714778,27.0,28.624251968503945
896.4994454373183,1201.825194405131,30.0,28.624251968503945
899.1961490057712,1196.532615651452,27.0,28.624251968503945
902.2761490057712,1191.19789916414,30.0,28.624251968503945
905.1589886791173,1185.540007735544,27.0,28.624251968503945
907.7417663626486,1179.7389940795133,24.0,25.985905511811033
910.0174028422613,1173.810758371256,21.0,23.34755905511812
911.9796607565422,1167.7715494927818,18.0,20.709212598425204
914.2552972361549,1161.8433137845245,21.0,18.07086614173229
916.2175551504358,1155.8041049060503,18.0,15.432519685039376
917.8610560868368,1149.6704759091147,15.0,12.794173228346462
919.1812953235296,1143.459238644455,12.0,10.15582677165355
920.1746541765351,1137.1874176816757,9.0,7.517480314960636
920.8384099182847,1130.8722036460872,6.0,4.879133858267723
921.1707432404274,1124.5309061003957,3.0,2.24078740157481
921.1707432404274,1118.1809061003958,0.0,-0.3975590551181032
920.8384099182847,1111.8396085547042,-3.0,-3.0359055118110163
920.1746541765351,1105.5243945191157,-6.0,-5.674251968503929
919.1812953235296,1099.2525735563365,-9.0,-8.312598425196843
917.8610560868368,1093.0413362916768,-12.0,-10.950944881889756
916.2175551504358,1086.9077072947412,-15.0,-13.589291338582669
914.2552972361549,1080.868498416267,-18.0,-16.227637795275584
911.9796607565422,1074.9402627080096,-21.0,-18.8659842519685
910.0174028422613,1068.9010538295354,-18.0,-18.8659842519685
907.7417663626486,1062.9728181212781,-21.0,-18.8659842519685
905.7795084483677,1056.9336092428039,-18.0,-18.8659842519685
903.503871968755,1051.0053735345466,-21.0,-18.8659842519685
901.541614054474,1044.9661646560724,-18.0,-18.8659842519685
899.2659775748614,1039.037928947815,-21.0,-18.8659842519685
897.3037196605804,1032.9987200693408,-18.0,-18.8659842519685
895.0280831809678,1027.0704843610836,-21.0,-18.8659842519685
893.0658252666868,1021.0312754826093,-18.0,-18.8659842519685
891.4223243302858,1014.8976464856737,-15.0,-16.227637795275584
890.102085093593,1008.6864092210141,-12.0,-13.58929133858267
889.1087262405875,1002.414588258235,-9.0,-10.950944881889757
888.444970498838,996.0993742226465,-6.0,-8.312598425196844
888.1126371766952,989.7580766769549,-3.0,-5.674251968503931
887.4488814349456,983.4428626413664,-6.0,-3.035905511811018
887.1165481128029,977.1015650956749,-3.0,-0.39755905511810496
887.1165481128029,970.7515650956749,0.0,2.240787401574808
887.4488814349456,964.4102675499834,3.0,4.879133858267721
888.1126371766952,958.0950535143949,6.0,7.517480314960634
889.1059960297007,951.8232325516158,9.0,10.155826771653548
890.4262352663935,945.6119952869561,12.0,12.79417322834646
892.0697362027945,939.4783662900205,15.0,12.79417322834646
893.3899754394873,933.2671290253609,12.0,12.79417322834646
895.0334763758883,927.1335000284253,15.0,12.79417322834646
896.3537156125811,920.9222627637656,12.0,12.79417322834646
897.9972165489821,914.78863376683,15.0,12.79417322834646
899.317455785675,908.5773965021704,12.0,12.79417322834646
900.9609567220759,902.4437675052347,15.0,12.79417322834646
902.2811959587688,896.2325302405751,12.0,12.79417322834646
903.9246968951697,890.0989012436395,15.0,15.432519685039374
905.8869548094507,884.0596923651652,18.0,18.07086614173229
908.0066283655851,878.0739188967299,19.5,20.709212598425204
910.2822648451978,872.1456831884726,21.0,23.34755905511812
912.7123046407161,866.279048157026,22.5,25.985905511811033
915.2950823242473,860.4780345009955,24.0,28.62425196850395
918.02882778898,854.7466179453738,25.5,31.262598425196863
920.9116674623261,849.0887265167777,27.0,33.90094488188978
923.9416255899747,843.5082378513742,28.5,36.53929133858269
927.1166255899747,838.0089765373431,30.0,39.17763779527561
930.4344914759209,832.5947114936946,31.5,41.81598425196852
933.8929493482664,827.2691533872412,33.0,44.45433070866144
937.489628952739,822.0359520894914,34.5,47.09267716535435
941.2220653047963,816.8986941752105,36.0,49.73102362204727
945.2216278933836,811.6863627294971,37.5,52.36937007874018
949.494713348612,806.4095416512042,39.0,55.09606299212601
954.0311079661983,801.0981059814881,40.5,57.911102362204744
958.704985251615,795.9072393755284,42.0,60.804448818897654
963.644126118203,790.9680985089404,45.0,63.697795275590565
968.8349927241626,786.2942212235238,48.0,66.59114173228348
974.2633572649395,781.8984182920407,51.0,69.48448818897639
979.9143409706485,777.7927383047778,54.0,72.3778346456693
985.7724548877472,773.9884346451978,57.0,75.2711811023622
991.8216423331816,770.4959346451978,60.0,78.16452755905512
998.0453229046373,767.3248110045171,63.0,81.05787401574803
1004.4264379262709,764.4837555526326,66.0,83.95122047244094
1010.7421095115244,762.0593963739586,69.0,86.84456692913385
1016.9667744106762,760.0368801457746,72.0,89.64956692913385
1023.0762552619545,758.3998496855012,75.0,92.36622047244094
1029.0478463644345,757.1305488130588,78.0,94.99452755905511
1035.2949751186986,756.1411008216793,81.0,97.53448818897637
1041.804120923884,755.4569620295925,84.0,100.16279527559054
1048.5598497264987,755.102909285609,87.0,102.87944881889763
1055.5448497264986,755.102909285609,90.0,105.68444881889764
1062.5202770267592,755.468475939966,93.0,108.57779527559055
1069.4670124659067,756.1986072558906,96.0,111.47114173228346
1076.3660155249638,757.2913019941966,99.0,114.36448818897637
1083.1983765160894,758.7435651545586,102.0,117.25783464566928
1089.9453684127186,760.5514161845997,105.0,117.25783464566928
1096.5884981790402,762.7098998903087,108.0,117.25783464566928
1102.5167338872975,764.9855363699214,111.0,120.15118110236219
1108.317747543328,767.5683140534527,114.0,122.7895275590551
1113.9756389719241,770.4511537267988,117.0,125.42787401574802
1119.4749002859553,773.6261537267987,120.0,128.06622047244093
1124.8004583924087,777.0846115991442,123.0,130.70456692913385
1129.9377163066897,780.8170479512014,126.0,130.70456692913385
1134.8725931619415,784.8132324343678,129.0,130.70456692913385
1139.591562803723,789.0622117847465,132.0,130.70456692913385
1144.5264396589748,793.0583962679129,129.0,130.70456692913385
1149.2454093007564,797.3073756182916,132.0,130.70456692913385
1154.1802861560082,801.3035601014581,129.0,130.70456692913385
1158.8992557977897,805.5525394518368,132.0,130.70456692913385
1163.8341326530415,809.5487239350032,129.0,130.70456692913385
1168.553102294823,813.7977032853819,132.0,130.70456692913385
1173.4879791500748,817.7938877685483,129.0,130.70456692913385
1178.2069487918563,822.042867118927,132.0,130.70456692913385
1183.1418256471081,826.0390516020934,129.0,130.70456692913385
1187.8607952888897,830.2880309524721,132.0,130.70456692913385
1192.7956721441415,834.2842154356385,129.0,130.70456692913385
1197.514641785923,838.5331947860172,132.0,130.70456692913385
1202.4495186411748,842.5293792691837,129.0,130.70456692913385
1207.1684882829563,846.7783586195624,132.0,130.70456692913385
1212.1033651382081,850.7745431027288,129.0,130.70456692913385
1216.8223347799897,855.0235224531075,132.0,130.70456692913385
1221.7572116352414,859.0197069362739,129.0,130.70456692913385
1226.476181277023,863.2686862866526,132.0,130.70456692913385
1231.4110581322748,867.264870769819,129.0,130.70456692913385
1236.1300277740563,871.5138501201977,132.0,130.70456692913385
1241.064904629308,875.5100346033641,129.0,130.70456692913385
1245.7838742710896,879.7590139537429,132.0,130.70456692913385
1250.7187511263414,883.7551984369093,129.0,130.70456692913385
1255.437720768123,888.004177787288,132.0,130.70456692913385
1260.3725976233748,892.0003622704544,129.0,130.70456692913385
1265.0915672651563,896.2493416208331,132.0,130.70456692913385
1270.026444120408,900.2455261039995,129.0,130.70456692913385
1274.7454137621896,904.4945054543782,132.0,130.70456692913385
1279.6802906174414,908.4906899375446,129.0,130.70456692913385
1284.399260259223,912.7396692879233,132.0,130.70456692913385
1289.3341371144747,916.7358537710898,129.0,130.70456692913385
1294.0531067562563,920.9848331214685,132.0,130.70456692913385
1298.987983611508,924.9810176046349,129.0,130.70456692913385
1303.7069532532896,929.2299969550136,132.0,130.70456692913385
1308.6418301085414,933.22618143818,129.0,130.70456692913385
1313.360799750323,937.4751607885587,132.0,130.70456692913385
1318.2956766055747,941.4713452717251,129.0,130.70456692913385
1323.0146462473563,945.7203246221038,132.0,130.70456692913385
1327.949523102608,949.7165091052702,129.0,130.70456692913385
1332.6684927443896,953.9654884556489,132.0,130.70456692913385
1337.6033695996414,957.9616729388154,129.0,130.70456692913385
1342.322339241423,962.2106522891941,132.0,130.70456692913385
1347.2572160966747,966.2068367723605,129.0,130.70456692913385
1351.9761857384563,970.4558161227392,132.0,130.70456692913385
1356.911062593708,974.4520006059056,129.0,130.70456692913385
1361.6300322354896,978.7009799562843,132.0,130.70456692913385
1366.5649090907414,982.6971644394507,129.0,130.70456692913385
1371.283878732523,986.9461437898294,132.0,130.70456692913385
1376.2187555877747,990.9423282729958,129.0,130.70456692913385
1380.9377252295562,995.1913076233745,132.0,130.70456692913385
1385.872602084808,999.187492106541,129.0,130.70456692913385
1390.5915717265896,1003.4364714569197,132.0,130.70456692913385
1395.5264485818414,1007.4326559400861,129.0,130.70456692913385
1400.245418223623,1011.6816352904648,132.0,130.70456692913385
1405.1802950788747,1015.6778197736312,129.0,130.70456692913385
1409.8992647206562,1019.9267991240099,132.0,130.70456692913385
1414.834141575908,1023.9229836071763,129.0,130.70456692913385
1419.5531112176895,1028.171962957555,132.0,130.70456692913385
1424.4879880729413,1032.1681474407214,129.0,130.70456692913385
1429.2069577147229,1036.4171267911001,132.0,130.70456692913385
1434.1418345699747,1040.4133112742666,129.0,130.70456692913385
1438.8608042117562,1044.6622906246453,132.0,130.70456692913385
1443.795681067008,1048.6584751078117,129.0,130.70456692913385
1448.5146507087895,1052.9074544581904,132.0,130.70456692913385
1453.4495275640413,1056.9036389413568,129.0,130.70456692913385
1458.1684972058229,1061.1526182917355,132.0,130.70456692913385
1463.1033740610746,1065.148802774902,129.0,130.70456692913385
1467.8223437028562,1069.3977821252806,132.0,130.70456692913385
1472.757220558108,1073.393966608447,129.0,130.70456692913385
1477.4761901998895,1077.6429459588257,132.0,130.70456692913385
1482.4110670551413,1081.6391304419922,129.0,130.70456692913385
1487.1300366969228,1085.8881097923709,132.0,130.70456692913385
1492.0649135521746,1089.8842942755373,129.0,130.70456692913385
1496.7838831939562,1094.133273625916,132.0,130.70456692913385
1501.718760049208,1098.1294581090824,129.0,130.70456692913385
1506.4377296909895,1102.378437459461,132.0,130.70456692913385
1511.3726065462413,1106.3746219426275,129.0,130.70456692913385
1516.0915761880228,1110.6236012930062,132.0,130.70456692913385
1521.0264530432746,1114.6197857761726,129.0,130.70456692913385
1525.7454226850562,1118.8687651265514,132.0,130.70456692913385
1530.680299540308,1122.8649496097178,129.0,130.70456692913385
1535.3992691820895,1127.1139289600965,132.0,130.70456692913385
1540.3341460373413,1131.110113443263,129.0,130.70456692913385
1545.0531156791228,1135.3590927936416,132.0,130.70456692913385
1549.9879925343746,1139.355277276808,129.0,130.70456692913385
1554.7069621761561,1143.6042566271867,132.0,130.70456692913385
1559.641839031408,1147.6004411103531,129.0,130.70456692913385
1564.3608086731895,1151.8494204607318,132.0,130.70456692913385
1569.2956855284413,1155.8456049438983,129.0,130.70456692913385
1574.0146551702228,1160.094584294277,132.0,130.70456692913385
1578.9495320254746,1164.0907687774434,129.0,130.70456692913385
1583.6685016672561,1168.339748127822,132.0,130.70456692913385
1588.603378522508,1172.3359326109885,129.0,130.70456692913385
1593.3223481642895,1176.5849119613672,132.0,130.70456692913385
1598.2572250195412,1180.5810964445336,129.0,130.70456692913385
1602.9761946613228,1184.8300757949123,132.0,130.70456692913385
1607.9110715165746,1188.8262602780787,129.0,130.70456692913385
1612.630041158356,1193.0752396284574,132.0,130.70456692913385
1617.564918013608,1197.0714241116239,129.0,130.70456692913385
1622.2838876553894,1201.3204034620026,132.0,130.70456692913385
1627.2187645106412,1205.316587945169,129.0,130.70456692913385
1631.9377341524228,1209.5655672955477,132.0,130.70456692913385
1636.8726110076745,1213.561751778714,129.0,130.70456692913385
1641.591580649456,1217.8107311290928,132.0,130.70456692913385
1646.5264575047079,1221.8069156122592,129.0,130.70456692913385
1651.2454271464894,1226.055894962638,132.0,130.70456692913385
1656.1803040017412,1230.0520794458043,129.0,130.70456692913385
1660.8992736435227,1234.301058796183,132.0,130.70456692913385
1665.8341504987745,1238.2972432793495,129.0,130.70456692913385
1670.553120140556,1242.5462226297282,132.0,130.70456692913385
1675.4879969958079,1246.5424071128946,129.0,128.06622047244093
1680.6252549100889,1250.2748434649518,126.0,125.42787401574802
1685.9508130165423,1253.7333013372972,123.0,122.7895275590551
1691.4500743305734,1256.9083013372972,120.0,120.15118110236219
1697.1079657591695,1259.7911410106433,117.0,117.51283464566927
1702.9089794152,1262.3739186941746,114.0,114.87448818897636
1708.8372151234573,1264.6495551737871,111.0,112.23614173228344
1714.8764240019316,1266.611813088068,108.0,109.59779527559053
1721.0100529988672,1268.255314024469,105.0,106.95944881889761
1727.221290263527,1269.5755532611618,102.0,104.3211023622047
1733.3549192604626,1271.2190541975629,105.0,104.3211023622047
1739.5661565251223,1272.5392934342556,102.0,104.3211023622047
1745.699785522058,1274.1827943706567,105.0,104.3211023622047
1751.9110227867177,1275.5030336073494,102.0,104.3211023622047
1758.0446517836533,1277.1465345437505,105.0,104.3211023622047
1764.255889048313,1278.4667737804432,102.0,104.3211023622047
1770.3895180452487,1280.1102747168443,105.0,104.3211023622047
1776.6007553099084,1281.430513953537,102.0,104.3211023622047
1782.734384306844,1283.074014889938,105.0,104.3211023622047
1788.9456215715038,1284.3942541266308,102.0,104.3211023622047
1795.0792505684394,1286.037755063032,105.0,104.3211023622047
1801.2904878330992,1287.3579942997246,102.0,104.3211023622047
1807.4241168300348,1289.0014952361257,105.0,104.3211023622047
1813.6353540946945,1290.3217344728184,102.0,104.3211023622047
1819.7689830916302,1291.9652354092195,105.0,104.3211023622047
1825.98022035629,1293.2854746459122,102.0,104.3211023622047
1832.2520413190691,1294.2788334989177,99.0,101.68275590551178
1838.4632785837289,1295.5990727356104,102.0,99.04440944881887
1844.735099546508,1296.592431588616,99.0,96.40606299212595
1851.0503135820966,1297.2561873303655,96.0,93.76771653543304
1857.391611127788,1297.5885206525081,93.0,91.12937007874012
1863.741611127788,1297.5885206525081,90.0,88.49102362204721
1870.0829086734796,1297.2561873303655,87.0,85.8526771653543
1876.398122709068,1296.592431588616,84.0,83.21433070866138
1882.6699436718472,1295.5990727356104,81.0,80.57598425196846
1888.881180936507,1294.2788334989177,78.0,80.57598425196846
1895.1530018992862,1293.2854746459122,81.0,80.57598425196846
1901.364239163946,1291.9652354092195,78.0,80.57598425196846
1907.6360601267252,1290.971876556214,81.0,80.57598425196846
1913.847297391385,1289.6516373195213,78.0,80.57598425196846
1920.1191183541641,1288.6582784665159,81.0,80.57598425196846
1926.330355618824,1287.3380392298232,78.0,80.57598425196846
1932.602176581603,1286.3446803768177,81.0,80.57598425196846
1938.8134138462628,1285.024441140125,78.0,80.57598425196846
1945.085234809042,1284.0310822871195,81.0,80.57598425196846
1951.2964720737018,1282.7108430504268,78.0,80.57598425196846
1957.568293036481,1281.7174841974213,81.0,80.57598425196846
1963.7795303011408,1280.3972449607286,78.0,80.57598425196846
1970.05135126392,1279.403886107723,81.0,80.57598425196846
1976.2625885285797,1278.0836468710304,78.0,80.57598425196846
1982.534409491359,1277.090288018025,81.0,80.57598425196846
1988.7456467560187,1275.7700487813322,78.0,80.57598425196846
1995.017467718798,1274.7766899283267,81.0,80.57598425196846
2001.2287049834576,1273.456450691634,78.0,80.57598425196846
2007.5005259462368,1272.4630918386285,81.0,80.57598425196846
2013.7117632108966,1271.1428526019358,78.0,80.57598425196846
2019.9835841736758,1270.1494937489304,81.0,80.57598425196846
2026.1948214383356,1268.8292545122376,78.0,80.57598425196846
2032.4666424011148,1267.8358956592322,81.0,80.57598425196846
2038.6778796657745,1266.5156564225395,78.0,80.57598425196846
2044.9497006285537,1265.522297569534,81.0,80.57598425196846
2051.1609378932135,1264.2020583328413,78.0,80.57598425196846
2057.4327588559927,1263.2086994798358,81.0,80.57598425196846
2063.6439961206524,1261.888460243143,78.0,80.57598425196846
2069.9158170834316,1260.8951013901376,81.0,80.57598425196846
2076.1270543480914,1259.5748621534449,78.0,80.57598425196846
2082.3988753108706,1258.5815033004394,81.0,80.57598425196846
2088.6101125755304,1257.2612640637467,78.0,80.57598425196846
2094.8819335383096,1256.2679052107412,81.0,80.57598425196846
2101.0931708029693,1254.9476659740485,78.0,77.93763779527555
2107.2267997999047,1253.3041650376474,75.0,75.29929133858263
2113.266008678379,1251.3419071233666,72.0,72.66094488188972
2119.194244386636,1249.066270643754,69.0,70.0225984251968
2124.9952580426666,1246.4834929602227,66.0,67.38425196850389
2130.6531494712626,1243.6006532868766,63.0,64.74590551181097
2136.152410785294,1240.4256532868767,60.0,62.10755905511806
2141.4779688917474,1236.9671954145313,57.0,59.469212598425145
2146.9772302057786,1233.7921954145313,60.0,59.469212598425145
2152.302788312232,1230.3337375421859,57.0,59.469212598425145
2157.8020496262634,1227.158737542186,60.0,59.469212598425145
2163.127607732717,1223.7002796698405,57.0,59.469212598425145
2168.626869046748,1220.5252796698405,60.0,59.469212598425145
2173.952427153202,1217.066821797495,57.0,59.469212598425145
2179.451688467233,1213.8918217974951,60.0,59.469212598425145
2184.7772465736866,1210.4333639251497,57.0,59.469212598425145
2190.276507887718,1207.2583639251498,60.0,59.469212598425145
2195.6020659941714,1203.7999060528043,57.0,59.469212598425145
2201.1013273082026,1200.6249060528044,60.0,59.469212598425145
2206.242377889708,1197.2862687681622,57.0,59.469212598425145
2211.3605880260743,1194.3312687681623,60.0,59.469212598425145
2216.132623557684,1191.2322726589268,57.0,59.469212598425145
2220.869782516385,1188.497272658927,60.0,59.469212598425145
2225.2728029980985,1185.637917725098,57.0,59.469212598425145
2229.6289107791345,1183.122917725098,60.0,59.469212598425145
2233.662916210952,1180.5032039666758,57.0,59.469212598425145
2237.6379728143224,1178.2082039666757,60.0,59.469212598425145
2241.302963196244,1175.82813138366,57.0,59.469212598425145
2244.8969686219493,1173.75313138366,60.0,59.469212598425145
2248.192943953975,1171.612699976051,57.0,59.469212598425145
2251.405898202015,1169.757699976051,60.0,59.469212598425145
2254.3328584841447,1167.8569097438485,57.0,59.469212598425145
2257.16476155452,1166.2219097438485,60.0,59.469212598425145
2259.8275406077464,1164.492680807676,57.0,59.469212598425145
2262.577171264762,1162.9051808076758,60.0,59.469212598425145
2265.2399503179886,1161.1759518715032,57.0,59.469212598425145
2267.989580975004,1159.5884518715031,60.0,59.469212598425145
2270.6523600282308,1157.8592229353305,57.0,59.469212598425145
2273.4019906852463,1156.2717229353304,60.0,59.469212598425145
2276.064769738473,1154.5424939991578,57.0,59.469212598425145
2278.8144003954885,1152.9549939991578,60.0,59.469212598425145
2281.477179448715,1151.2257650629851,57.0,59.469212598425145
2284.2268101057307,1149.638265062985,60.0,59.469212598425145
2286.8895891589573,1147.9090361268125,57.0,59.469212598425145
2289.639219815973,1146.3215361268124,60.0,59.469212598425145
2292.3019988691995,1144.5923071906398,57.0,59.469212598425145
2295.051629526215,1143.0048071906397,60.0,59.469212598425145
2297.7144085794416,1141.275578254467,57.0,59.469212598425145
2300.464039236457,1139.688078254467,60.0,59.469212598425145
2303.126818289684,1137.9588493182944,57.0,59.469212598425145
2305.8764489466994,1136.3713493182943,60.0,59.469212598425145
2308.539227999926,1134.6421203821217,57.0,59.469212598425145
2311.2888586569416,1133.0546203821216,60.0,59.469212598425145
2313.951637710168,1131.325391445949,57.0,59.469212598425145
2316.7012683671837,1129.737891445949,60.0,59.469212598425145
2319.3640474204103,1128.0086625097763,57.0,59.469212598425145
2322.113678077426,1126.4211625097762,60.0,59.469212598425145
2324.7764571306525,1124.6919335736036,57.0,59.469212598425145
2327.526087787668,1123.1044335736035,60.0,58.10586614173223
2330.1888668408947,1121.375204637431,57.0,56.74251968503931
2332.757495798035,1119.5089864614024,54.0,55.379173228346396
2335.4202748512616,1117.7797575252298,57.0,54.01582677165348
2337.988903808402,1115.9135393492013,54.0,52.65248031496056
2340.456342236028,1113.915447107618,51.0,51.28913385826765
2342.815827056919,1111.7909574324287,48.0,49.92578740157473
2345.2832654845447,1109.7928651908455,51.0,48.562440944881814
2347.6427503054356,1107.6683755156562,48.0,47.1990944881889
2349.887814335703,1105.423311485389,45.0,45.83574803149598
2352.0123040108924,1103.0638266644983,42.0,44.472401574803065
2354.2573680411597,1100.818762634231,45.0,43.10905511811015
2356.3818577163493,1098.4592778133403,42.0,41.74570866141723
2358.3799499579327,1095.9918393857145,39.0,40.382362204724316
2360.5044396331223,1093.6323545648238,42.0,40.382362204724316
2362.5025318747057,1091.164916137198,39.0,40.382362204724316
2364.6270215498953,1088.8054313163072,42.0,40.382362204724316
2366.6251137914787,1086.3379928886814,39.0,40.382362204724316
2368.7496034666683,1083.9785080677907,42.0,40.382362204724316
2370.7476957082517,1081.5110696401648,39.0,40.382362204724316
2372.8721853834413,1079.1515848192741,42.0,40.382362204724316
2374.8702776250248,1076.6841463916483,39.0,40.382362204724316
2376.9947673002143,1074.3246615707576,42.0,40.382362204724316
2378.9928595417978,1071.8572231431317,39.0,40.382362204724316
2381.1173492169873,1069.497738322241,42.0,40.382362204724316
2383.115441458571,1067.0302998946152,39.0,40.382362204724316
2385.2399311337604,1064.6708150737245,42.0,40.382362204724316
2387.238023375344,1062.2033766460986,39.0,40.382362204724316
2389.3625130505334,1059.843891825208,42.0,40.382362204724316
2391.360605292117,1057.376453397582,39.0,40.382362204724316
2393.4850949673064,1055.0169685766914,42.0,40.382362204724316
2395.48318720889,1052.5495301490655,39.0,40.382362204724316
2397.6076768840794,1050.1900453281748,42.0,40.382362204724316
2399.605769125663,1047.722606900549,39.0,40.382362204724316
2401.7302588008524,1045.3631220796583,42.0,40.382362204724316
2403.728351042436,1042.8956836520324,39.0,40.382362204724316
2405.8528407176254,1040.5361988311417,42.0,40.382362204724316
2407.850932959209,1038.0687604035159,39.0,40.382362204724316
2409.9754226343985,1035.7092755826252,42.0,40.382362204724316
2411.973514875982,1033.2418371549993,39.0,40.382362204724316
2414.0980045511715,1030.8823523341086,42.0,40.382362204724316
2416.096096792755,1028.4149139064828,39.0,40.382362204724316
2418.2205864679445,1026.055429085592,42.0,40.382362204724316
2420.218678709528,1023.5879906579662,39.0,40.382362204724316
2422.3431683847175,1021.2285058370754,42.0,40.382362204724316
2424.341260626301,1018.7610674094495,39.0,40.382362204724316
2426.4657503014905,1016.4015825885588,42.0,40.382362204724316
2428.463842543074,1013.9341441609329,39.0,40.382362204724316
2430.5883322182635,1011.5746593400421,42.0,40.382362204724316
2432.586424459847,1009.1072209124162,39.0,40.382362204724316
2434.7109141350365,1006.7477360915254,42.0,40.382362204724316
2436.70900637662,1004.2802976638995,39.0,40.382362204724316
2438.8334960518096,1001.9208128430088,42.0,40.382362204724316
2440.831588293393,999.4533744153829,39.0,40.382362204724316
2442.9560779685826,997.0938895944921,42.0,40.382362204724316
2444.954170210166,994.6264511668662,39.0,40.382362204724316
2447.0786598853556,992.2669663459754,42.0,40.382362204724316
2449.076752126939,989.7995279183496,39.0,40.382362204724316
2451.2012418021286,987.4400430974588,42.0,40.382362204724316
2453.199334043712,984.9726046698329,39.0,40.382362204724316
2455.3238237189016,982.6131198489421,42.0,40.382362204724316
2457.321915960485,980.1456814213162,39.0,40.382362204724316
2459.4464056356746,977.7861966004255,42.0,40.382362204724316
2461.444497877258,975.3187581727996,39.0,40.382362204724316
2463.5689875524477,972.9592733519088,42.0,40.382362204724316
2465.705530280062,970.3208628127624,39.0,40.382362204724316
2468.124437422049,967.6343942686616,42.0,40.382362204724316
2470.537881121725,964.6540395064741,39.0,40.382362204724316
2473.2512057305103,961.6405872391632,42.0,40.382362204724316
2475.941550402248,958.3182882539346,39.0,40.382362204724316
2478.949292477831,954.9778522634138,42.0,40.382362204724316
2481.916538121631,951.3136090551442,39.0,40.382362204724316
2485.2186976640123,947.6461893414132,42.0,40.382362204724316
2488.4628442798744,943.6400019101026,39.0,40.382362204724316
2492.0594212890533,939.6455984731616,42.0,40.382362204724316
2495.580468876977,935.2974668188099,39.0,40.382362204724316
2499.471463352954,930.9760796586588,42.0,40.382362204724316
2503.2694119129396,926.286003781266,39.0,40.382362204724316
2507.4548238557145,921.637632897905,42.0,40.382362204724316
2511.451008338881,916.7027560426532,39.0,40.382362204724316
2515.6999876892596,911.9837864008717,42.0,40.382362204724316
2519.696172172426,907.04890954562,39.0,40.382362204724316
2523.9451515228047,902.3299399038385,42.0,40.382362204724316
2527.941336005971,897.3950630485867,39.0,40.382362204724316
2532.19031535635,892.6760934068053,42.0,40.382362204724316
2536.1864998395163,887.7412165515535,39.0,40.382362204724316
2540.435479189895,883.0222469097721,42.0,40.382362204724316
2544.4316636730614,878.0873700545203,39.0,40.382362204724316
2548.68064302344,873.3684004127389,42.0,40.382362204724316
2552.6768275066065,868.4335235574871,39.0,40.382362204724316
2556.925806856985,863.7145539157057,42.0,40.382362204724316
2560.9219913401516,858.7796770604539,39.0,40.382362204724316
2565.1709706905303,854.0607074186725,42.0,40.382362204724316
2569.1671551736968,849.1258305634207,39.0,40.382362204724316
2573.4161345240755,844.4068609216392,42.0,40.382362204724316
2577.412319007242,839.4719840663874,39.0,40.382362204724316
2581.6612983576206,834.753014424606,42.0,40.382362204724316
2585.657482840787,829.8181375693542,39.0,40.382362204724316
2589.9064621911657,825.0991679275728,42.0,40.382362204724316
2593.902646674332,820.164291072321,39.0,40.382362204724316
2598.151626024711,815.4453214305396,42.0,43.02070866141723
2602.6417540852453,810.955193370005,45.0,45.659055118110146
2607.3607237270267,806.7062140196263,48.0,48.29740157480306
2612.2956005822784,802.7100295364598,51.0,50.935748031495976
2617.432858496559,798.9775931844026,54.0,53.57409448818889
2622.367735351811,794.9814087012362,51.0,53.57409448818889
2627.504993266092,791.248972349179,54.0,53.57409448818889
2632.4398701213436,787.2527878660126,51.0,53.57409448818889
2637.5771280356244,783.5203515139553,54.0,53.57409448818889
2642.512004890876,779.5241670307889,51.0,53.57409448818889
2647.649262805157,775.7917306787317,54.0,53.57409448818889
2652.5841396604087,771.7955461955653,51.0,53.57409448818889
2657.7213975746895,768.0631098435081,54.0,53.57409448818889
2662.6562744299413,764.0669253603417,51.0,53.57409448818889
2667.793532344222,760.3344890082844,54.0,53.57409448818889
2673.1190904506757,756.876031135939,57.0,56.212440944881806
2678.618351764707,753.701031135939,60.0,58.85078740157472
2684.276243193303,750.818191462593,63.0,61.489133858267635
2690.0772568493335,748.2354137790617,66.0,64.12748031496055
2696.0054925575905,745.959777299449,69.0,66.76582677165347
2702.0447014360648,743.9975193851681,72.0,69.40417322834638
2708.178330433,742.3540184487671,75.0,72.0425196850393
2714.2175393114744,740.3917605344861,72.0,74.68086614173221
2720.35116830841,738.7482595980852,75.0,77.31921259842512
2726.5624055730696,737.4280203613923,78.0,79.95755905511804
2732.8342265358488,736.4346615083869,81.0,82.59590551181095
2739.1494405714375,735.7709057666373,84.0,85.23425196850387
2745.4907381171292,735.4385724444945,87.0,87.87259842519678
2751.840738117129,735.4385724444945,90.0,90.5109448818897
2758.182035662821,735.7709057666373,93.0,93.14929133858261
2764.4972496984096,736.4346615083869,96.0,95.78763779527553
2770.769070661189,737.4280203613923,99.0,98.42598425196844
2776.9803079258486,738.7482595980852,102.0,101.06433070866136
2783.113936922784,740.3917605344861,105.0,103.70267716535427
2789.1531458012582,742.3540184487671,108.0,106.34102362204719
2795.0813815095153,744.6296549283798,111.0,108.9793700787401
2800.882395165546,747.212432611911,114.0,111.61771653543302
2806.540286594142,750.0952722852571,117.0,114.25606299212593
2812.3413002501725,752.6780499687884,114.0,116.89440944881885
2817.9991916787685,755.5608896421345,117.0,119.53275590551176
2823.4984529927997,758.7358896421345,120.0,122.17110236220468
2828.8240110992533,762.1943475144799,123.0,124.8094488188976
2833.961269013534,765.9267838665371,126.0,127.44779527559051
2838.896145868786,769.9229683497035,129.0,130.0861417322834
2843.615115510567,774.1719477000822,132.0,132.72448818897632
2848.1052435711017,778.6620757606169,135.0,135.36283464566924
2852.3542229214804,783.3810454023983,138.0,138.00118110236215
2856.350407404647,788.3159222576501,141.0,140.63952755905507
2860.082843756704,793.453180171931,144.0,143.27787401574798
2863.541301629049,798.7787382783844,147.0,145.9162204724409
2866.716301629049,804.2779995924155,150.0,148.5545669291338
2869.5991413023953,809.9358910210117,153.0,151.19291338582673
2872.7741413023955,815.4351523350429,150.0,151.19291338582673
2875.6569809757416,821.093043763639,153.0,151.19291338582673
2878.8319809757418,826.5923050776702,150.0,151.19291338582673
2881.714820649088,832.2501965062663,153.0,151.19291338582673
2884.889820649088,837.7494578202975,150.0,151.19291338582673
2887.772660322434,843.4073492488936,153.0,151.19291338582673
2890.9476603224343,848.9066105629248,150.0,151.19291338582673
2893.8304999957804,854.564501991521,153.0,151.19291338582673
2897.0054999957806,860.0637633055521,150.0,151.19291338582673
2899.8883396691267,865.7216547341483,153.0,151.19291338582673
2903.063339669127,871.2209160481794,150.0,151.19291338582673
2905.946179342473,876.8788074767756,153.0,151.19291338582673
2909.121179342473,882.3780687908068,150.0,151.19291338582673
2912.0040190158193,888.0359602194029,153.0,151.19291338582673
2915.1790190158194,893.5352215334341,150.0,151.19291338582673
2918.0618586891655,899.1931129620302,153.0,151.19291338582673
2921.2368586891657,904.6923742760614,150.0,151.19291338582673
2924.119698362512,910.3502657046575,153.0,151.19291338582673
2927.294698362512,915.8495270186887,150.0,151.19291338582673
2930.177538035858,921.5074184472849,153.0,151.19291338582673
2933.3525380358583,927.006679761316,150.0,151.19291338582673
2936.2353777092044,932.6645711899122,153.0,151.19291338582673
2939.4103777092046,938.1638325039434,150.0,151.19291338582673
2942.2932173825507,943.8217239325395,153.0,151.19291338582673
2945.468217382551,949.3209852465707,150.0,151.19291338582673
2948.351057055897,954.9788766751668,153.0,151.19291338582673
2951.526057055897,960.478137989198,150.0,151.19291338582673
2954.408896729243,966.1360294177941,153.0,151.19291338582673
2957.5838967292434,971.6352907318253,150.0,151.19291338582673
2960.4667364025895,977.2931821604215,153.0,151.19291338582673
2963.6417364025897,982.7924434744526,150.0,151.19291338582673
2966.524576075936,988.4503349030488,153.0,151.19291338582673
2969.699576075936,993.9495962170799,150.0,151.19291338582673
2972.582415749282,999.6074876456761,153.0,151.19291338582673
2975.7574157492822,1005.1067489597073,150.0,151.19291338582673
2979.2158736216275,1010.4323070661607,147.0,148.5545669291338
2982.9483099736844,1015.5695649804416,144.0,145.9162204724409
2986.944494456851,1020.5044418356933,141.0,143.27787401574798
2991.1934738072296,1025.2234114774749,138.0,140.63952755905507
2995.189658290396,1030.1582883327267,141.0,138.00118110236215
2999.4386376407747,1034.8772579745082,138.0,135.36283464566924
3003.928765701309,1039.3673860350427,135.0,135.36283464566924
3008.177745051688,1044.0863556768243,138.0,135.36283464566924
3012.6678731122224,1048.5764837373588,135.0,135.36283464566924
3016.916852462601,1053.2954533791403,138.0,135.36283464566924
3021.4069805231356,1057.7855814396748,135.0,135.36283464566924
3025.6559598735143,1062.5045510814564,138.0,135.36283464566924
3030.146087934049,1066.994679141991,135.0,135.36283464566924
3034.3950672844276,1071.7136487837724,138.0,135.36283464566924
3038.885195344962,1076.203776844307,135.0,135.36283464566924
3043.134174695341,1080.9227464860885,138.0,135.36283464566924
3047.6243027558753,1085.412874546623,135.0,135.36283464566924
3051.873282106254,1090.1318441884046,138.0,135.36283464566924
3056.3634101667885,1094.621972248939,135.0,135.36283464566924
3060.6123895171672,1099.3409418907206,138.0,135.36283464566924
3065.1025175777017,1103.8310699512551,135.0,135.36283464566924
3069.3514969280805,1108.5500395930367,138.0,135.36283464566924
3073.841624988615,1113.0401676535712,135.0,135.36283464566924
3078.0906043389937,1117.7591372953527,138.0,135.36283464566924
3082.580732399528,1122.2492653558872,135.0,135.36283464566924
3086.829711749907,1126.9682349976688,138.0,135.36283464566924
3091.3198398104414,1131.4583630582033,135.0,135.36283464566924
3095.56881916082,1136.1773326999848,138.0,135.36283464566924
3100.0589472213546,1140.6674607605194,135.0,135.36283464566924
3104.3079265717333,1145.386430402301,138.0,135.36283464566924
3108.798054632268,1149.8765584628354,135.0,135.36283464566924
3113.0470339826466,1154.595528104617,138.0,135.36283464566924
3117.537162043181,1159.0856561651515,135.0,135.36283464566924
3121.78614139356,1163.804625806933,138.0,135.36283464566924
3126.2762694540943,1168.2947538674675,135.0,135.36283464566924
3130.525248804473,1173.013723509249,138.0,135.36283464566924
3135.0153768650075,1177.5038515697836,135.0,135.36283464566924
3139.264356215386,1182.2228212115651,138.0,135.36283464566924
3143.7544842759207,1186.7129492720996,135.0,135.36283464566924
3148.0034636262994,1191.4319189138812,138.0,135.36283464566924
3152.493591686834,1195.9220469744157,135.0,135.36283464566924
3156.7425710372127,1200.6410166161972,138.0,135.36283464566924
3161.232699097747,1205.1311446767318,135.0,135.36283464566924
3165.481678448126,1209.8501143185133,138.0,135.36283464566924
3169.9718065086604,1214.3402423790478,135.0,135.36283464566924
3174.220785859039,1219.0592120208294,138.0,135.36283464566924
3178.7109139195736,1223.5493400813639,135.0,135.36283464566924
3182.9598932699523,1228.2683097231454,138.0,135.36283464566924
3187.450021330487,1232.75843778368,135.0,135.36283464566924
3191.6990006808655,1237.4774074254615,138.0,135.36283464566924
3196.1891287414,1241.967535485996,135.0,135.36283464566924
3200.4381080917788,1246.6865051277775,138.0,135.36283464566924
3204.9282361523133,1251.176633188312,135.0,135.36283464566924
3209.177215502692,1255.8956028300936,138.0,135.36283464566924
3213.6673435632265,1260.385730890628,135.0,135.36283464566924
3217.916322913605,1265.1047005324097,138.0,135.36283464566924
3222.4064509741397,1269.5948285929442,135.0,135.36283464566924
3227.125420615921,1273.8438079433229,132.0,132.72448818897632
3231.9539984974813,1277.9678030502196,130.5,130.0861417322834
3236.888875352733,1281.963987533386,129.0,127.4477952755905
3241.9266690635823,1285.8296226075913,127.5,124.80944881889758
3247.063926977863,1289.5620589596485,126.0,122.17110236220466
3252.297128275613,1293.1587385641212,124.5,119.53275590551175
3257.6226863820666,1296.6171964364667,123.0,116.89440944881883
3263.036951425715,1299.935062322413,121.5,114.25606299212592
3268.536212739746,1303.110062322413,120.0,111.617716535433
3274.11670140515,1306.1400204500615,118.5,108.97937007874009
3279.774592833746,1309.0228601234076,117.0,106.34102362204717
3285.5060093893676,1311.7566055881402,115.5,103.70267716535426
3291.307023045398,1314.3393832716715,114.0,101.06433070866134
3297.1736580768447,1316.7694230671898,112.5,98.42598425196843
3303.307281478931,1319.1239004957024,111.0,95.78763779527551
3309.707817203447,1321.3904490698997,109.5,93.06094488188968
3316.3509469697688,1323.5489327756086,108.0,90.24590551181095
3323.0483028178232,1325.5327799583654,106.5,87.35255905511804
3329.795294714452,1327.3406309884065,105.0,84.45921259842513
3336.58729860843,1328.9712468549399,103.5,81.56586614173222
3343.419659599556,1330.4235100153019,102.0,78.6725196850393
3350.28769512889,1331.6964251608645,100.5,75.7791732283464
3357.186698187947,1332.7891198991704,99.0,72.88582677165348
3364.111940544643,1333.7008453518274,97.5,69.99248031496057
3371.05867598379,1334.430976667752,96.0,67.09913385826766
3378.022143559916,1334.979013451411,94.5,64.20578740157475
3384.997570860177,1335.344580105768,93.0,61.31244094488184
3391.980177275131,1335.5274260896986,91.5,58.41909448818893
3398.9651772751313,1335.5274260896986,90.0,55.52574803149602
3405.9477836900855,1335.344580105768,88.5,52.63240157480311
3412.9232109903464,1334.979013451411,87.0,49.7390551181102
3419.8866785664723,1334.430976667752,85.5,46.84570866141729
3426.8334140056195,1333.7008453518274,84.0,43.95236220472438
3433.7586563623154,1332.7891198991704,82.5,41.05901574803147
3440.6576594213725,1331.6964251608645,81.0,38.16566929133856
3447.5256949507066,1330.4235100153019,79.5,35.27232283464565
3454.3580559418324,1328.9712468549399,78.0,32.37897637795274
3461.15005983581,1327.3406309884065,76.5,29.485629921259825
3467.897051732439,1325.5327799583654,75.0,26.59228346456691
3474.3900993053076,1323.6339492085444,73.698937007874,23.698937007873997
3480.5745632740523,1321.4916536128574,70.893937007874,20.893937007873998
3486.446304378934,1319.1404238501082,68.17728346456691,18.177283464566912
3492.0037800044674,1316.6134712048051,65.54897637795274,15.548976377952739
3497.6398480420107,1313.7428681190088,63.00901574803148,13.009015748031478
3503.329603541124,1310.5081026931532,60.38070866141731,10.380708661417305
3509.0455308905834,1306.8896224132977,57.66405511811022,7.664055118110219
3514.7574349876422,1302.8691278434715,54.85905511811022,4.859055118110218
3520.259115343201,1298.5654389298463,51.9657086614173,1.9657086614173047
3525.5365451549083,1293.989528137173,49.07236220472439,-0.9276377952756087
3530.57626935811,1289.153061973158,46.179015748031475,-3.820984251968522
3535.3654389301923,1284.0683712441323,43.285669291338564,-6.714330708661436
3539.891843649792,1278.74841961706,40.392322834645654,-9.60767716535435
3544.1439432273496,1273.2067705680374,37.49897637795274,-12.501023622047263
3548.1108967276427,1267.4575528015484,34.605629921259826,-15.394370078740177
3551.7825902092773,1261.5154242286444,31.71228346456691,-18.28771653543309
3555.1496625106747,1255.3955345958846,28.818937007874,-21.181062992126005
3558.2035291168104,1249.1134868603185,25.92559055118108,-24.07440944881892
3560.9364040458527,1242.6852974089868,23.03224409448817,-26.967755905511833
3563.341319699904,1236.1273552243606,20.138897637795253,-29.861102362204747
3565.4121446292306,1229.456380099832,17.245551181102343,-32.75444881889766
3567.143599164693,1222.689380011785,14.352204724409432,-35.64779527559057
3568.5312688785207,1215.8436077569313,11.458858267716522,-38.54114173228348
3569.5716158391097,1208.9365169654625,8.565511811023612,-41.43448818897639
3570.2490478389172,1201.9844445488634,5.565511811023612,-41.43448818897639
3570.56170808392,1195.0064456543955,2.5655118110236117,-41.43448818897639
3570.5087395941196,1188.0216464919938,-0.4344881889763883,-41.43448818897639
3570.090287552464,1181.0491919106548,-3.4344881889763883,-41.43448818897639
3569.3074989069137,1174.1081929237369,-6.434488188976388,-41.43448818897639
3568.1625192267347,1167.217674327,-9.434488188976388,-41.43448818897639
3566.658486821644,1160.3965225529637,-12.434488188976388,-41.43448818897639
3564.7995241399203,1153.6634339045083,-15.434488188976388,-41.43448818897639
3562.590726469059,1147.036863309608,-18.43448818897639,-41.43448818897639
3560.0381479699445,1140.534973737656,-21.43448818897639,-41.43448818897639
3557.148785082815,1134.1755864160282,-24.43448818897639,-41.43448818897639
3553.930557350507,1127.9761319833378,-27.43448818897639,-41.43448818897639
3550.392285711539,1121.953602713266,-30.43448818897639,-41.43448818897639
3546.893542630622,1116.6544238284068,-33.43448818897639,-41.43448818897639
3543.122256861259,1111.545617348827,-36.43448818897639,-41.43448818897639
3539.088765235604,1106.641186157978,-39.43448818897639,-41.43448818897639
3534.804123273839,1101.954572960851,-42.43448818897639,-41.43448818897639
3530.7706316481845,1097.050141770002,-39.43448818897639,-41.43448818897639
3526.4859896864195,1092.363528572875,-42.43448818897639,-41.43448818897639
3522.452498060765,1087.4590973820261,-39.43448818897639,-41.43448818897639
3518.167856099,1082.7724841848992,-42.43448818897639,-41.43448818897639
3514.134364473345,1077.8680529940502,-39.43448818897639,-41.43448818897639
3509.8497225115802,1073.1814397969233,-42.43448818897639,-41.43448818897639
3505.8162308859255,1068.2770086060743,-39.43448818897639,-41.43448818897639
3501.5315889241606,1063.5903954089474,-42.43448818897639,-41.43448818897639
3497.498097298506,1058.6859642180984,-39.43448818897639,-41.43448818897639
3493.213455336741,1053.9993510209715,-42.43448818897639,-41.43448818897639
3489.179963711086,1049.0949198301225,-39.43448818897639,-41.43448818897639
3484.8953217493213,1044.4083066329956,-42.43448818897639,-41.43448818897639
3480.8618301236666,1039.5038754421466,-39.43448818897639,-38.79614173228347
3477.0905443543033,1034.3950689625667,-36.43448818897639,-36.15779527559056
3473.5918012733864,1029.0958900777077,-33.43448818897639,-33.519448818897644
3470.3751906925063,1023.6208634685514,-30.43448818897639,-30.88110236220473
3467.449529117681,1017.9849958024693,-27.43448818897639,-28.242755905511814
3464.2329185368008,1012.5099691933129,-30.43448818897639,-28.242755905511814
3461.3072569619753,1006.8741015272308,-27.43448818897639,-28.242755905511814
3458.090646381095,1001.3990749180745,-30.43448818897639,-28.242755905511814
3455.16498480627,995.7632072519923,-27.43448818897639,-28.242755905511814
3451.9483742253897,990.288180642836,-30.43448818897639,-28.242755905511814
3449.0227126505642,984.6523129767538,-27.43448818897639,-28.242755905511814
3445.806102069684,979.1772863675975,-30.43448818897639,-28.242755905511814
3442.8804404948587,973.5414187015153,-27.43448818897639,-28.242755905511814
3439.6638299139786,968.066392092359,-30.43448818897639,-28.242755905511814
3436.738168339153,962.4305244262769,-27.43448818897639,-28.242755905511814
3433.521557758273,956.9554978171205,-30.43448818897639,-28.242755905511814
3430.5958961834476,951.3196301510384,-27.43448818897639,-28.242755905511814
3427.3792856025675,945.8446035418821,-30.43448818897639,-28.242755905511814
3424.453624027742,940.2087358757999,-27.43448818897639,-28.242755905511814
3421.237013446862,934.7337092666436,-30.43448818897639,-30.88110236220473
3417.738270365945,929.4345303817845,-33.43448818897639,-33.519448818897644
3413.966984596582,924.3257239022046,-36.43448818897639,-36.15779527559056
3409.933492970927,919.4212927113556,-39.43448818897639,-38.79614173228347
3405.648851009162,914.7346795142288,-42.43448818897639,-41.43448818897639
3401.1248026170824,910.278729991835,-45.43448818897639,-44.0728346456693
3396.8401606553175,905.5921167947082,-42.43448818897639,-44.0728346456693
3392.3161122632378,901.1361672723144,-45.43448818897639,-44.0728346456693
3388.031470301473,896.4495540751876,-42.43448818897639,-44.0728346456693
3383.507421909393,891.9936045527938,-45.43448818897639,-44.0728346456693
3379.222779947628,887.306991355667,-42.43448818897639,-44.0728346456693
3374.6987315555484,882.8510418332733,-45.43448818897639,-44.0728346456693
3370.4140895937835,878.1644286361465,-42.43448818897639,-44.0728346456693
3365.8900412017038,873.7084791137527,-45.43448818897639,-44.0728346456693
3361.605399239939,869.0218659166259,-42.43448818897639,-44.0728346456693
3357.571907614284,864.1174347257769,-39.43448818897639,-41.43448818897639
3353.800621844921,859.008628246197,-36.43448818897639,-38.79614173228347
3350.301878764004,853.7094493613379,-33.43448818897639,-36.15779527559056
3346.5305929946408,848.600642881758,-36.43448818897639,-33.519448818897644
3342.8943325138516,843.3948663099244,-34.93448818897639,-30.88110236220473
3339.3955894329347,838.0956874250653,-33.43448818897639,-28.242755905511814
3336.036761615632,832.7067380196884,-31.93448818897639,-25.6044094488189
3332.8201510347517,827.2317114105321,-30.43448818897639,-22.966062992125984
3329.747962194513,821.6743599073507,-28.93448818897639,-20.32771653543307
3326.8223006196877,816.0384922412685,-27.43448818897639,-17.689370078740154
3324.045171412579,810.3279709544661,-25.93448818897639,-15.051023622047241
3321.418477878825,804.5467097529864,-24.43448818897639,-12.412677165354328
3318.944020222967,798.6986708244765,-22.93448818897639,-9.774330708661415
3316.623494314681,792.787862122702,-21.43448818897639,-7.135984251968502
3314.383482521252,786.6115163450355,-19.93448818897639,-4.497637795275589
3312.2363477774943,780.169939489005,-18.43448818897639,-1.7709448818897626
3310.20177040235,773.4878200718924,-16.93448818897639,1.044094488188977
3308.3428077206263,766.7547314234371,-15.434488188976388,3.9374409448818906
3306.660733772488,759.9752880662732,-13.934488188976388,6.8307874015748045
3305.335773699128,753.1171027520663,-10.934488188976388,9.724133858267718
3304.37155912401,746.1989732900563,-7.934488188976388,12.617480314960632
3303.770732892264,739.2398617922252,-4.934488188976388,15.510826771653546
3303.5349418268265,732.2588426994665,-1.9344881889763883,18.40417322834646
3303.6648322146193,725.275050499869,1.0655118110236117,21.297519685039372
3304.160048035118,718.3076272824143,4.065511811023612,24.190866141732286
3305.0192319361804,711.3756702698416,7.065511811023612,27.0842125984252
3306.2400289544553,704.4981794744882,10.065511811023612,29.977559055118114
3307.8190929701714,697.6940056205755,13.065511811023612,32.870905511811024
3309.7520958786217,690.9817984756846,16.06551181102361,35.764251968503935
3312.0337394531953,684.3799557330401,19.06551181102361,38.657598425196845
3314.657769867449,677.9065725847111,22.06551181102361,41.550944881889755
3317.6169948364122,671.5793921239476,25.06551181102361,44.444291338582666
3320.9033033301375,665.4157567125959,28.06551181102361,47.337637795275576
3324.5076878054724,659.4325604468894,31.06551181102361,50.230984251968486
3328.4202688951077,653.6462028519054,34.06551181102361,53.1243307086614
3332.6303224862368,648.0725439316071,37.06551181102361,56.01767716535431
3337.126309114604,642.7268606976747,40.06551181102361,58.91102362204722
3341.8959055933724,637.6238052962785,43.06551181102361,61.80437007874013
3346.926038790125,632.7773648475649,46.06551181102361,64.69771653543305
3352.2029214594095,628.2008231079316,49.06551181102361,67.59106299212596
3357.712090032621,623.9067240601755,52.06551181102361,70.48440944881887
3363.438444261638,619.9068375313074,55.06551181102361,73.37775590551178
3369.3662886075526,616.2121269322741,58.06551181102361,76.27110236220469
3375.479375261052,612.8327192080116,61.06551181102361,76.27110236220469
3381.760948676535,609.7778770801921,64.06551181102361,76.27110236220469
3388.1937914978957,607.0559736587486,67.06551181102361,76.27110236220469
3394.163318999902,604.890969870579,70.06551181102361,76.27110236220469
3400.237973015459,603.0413540749935,73.06551181102361,76.27110236220469
3406.4011033401534,601.5121959403223,76.06551181102361,76.27110236220469
3412.6358172621594,600.3076867827222,79.06551181102361,76.27110236220469
3418.798947586854,598.778528648051,76.06551181102361,76.27110236220469
3425.03366150886,597.5740194904508,79.06551181102361,76.27110236220469
3431.1967918335545,596.0448613557796,76.06551181102361,76.27110236220469
3437.4315057555605,594.8403521981795,79.06551181102361,76.27110236220469
3443.594636080255,593.3111940635083,76.06551181102361,76.27110236220469
3449.829350002261,592.1066849059082,79.06551181102361,76.27110236220469
3455.9924803269555,590.577526771237,76.06551181102361,76.27110236220469
3462.2271942489615,589.3730176136369,79.06551181102361,76.27110236220469
3468.390324573656,587.8438594789657,76.06551181102361,76.27110236220469
3474.625038495662,586.6393503213656,79.06551181102361,76.27110236220469
3480.7881688203565,585.1101921866943,76.06551181102361,76.27110236220469
3487.0228827423625,583.9056830290942,79.06551181102361,76.27110236220469
3493.186013067057,582.376524894423,76.06551181102361,76.27110236220469
3499.420726989063,581.1720157368229,79.06551181102361,76.27110236220469
3505.5838573137576,579.6428576021517,76.06551181102361,76.27110236220469
3511.8185712357636,578.4383484445516,79.06551181102361,76.27110236220469
3517.981701560458,576.9091903098804,76.06551181102361,76.27110236220469
3524.216415482464,575.7046811522803,79.06551181102361,76.27110236220469
3530.3795458071586,574.1755230176091,76.06551181102361,76.27110236220469
3536.6142597291646,572.971013860009,79.06551181102361,76.27110236220469
3542.777390053859,571.4418557253377,76.06551181102361,76.27110236220469
3549.012103975865,570.2373465677376,79.06551181102361,76.27110236220469
3555.1752343005596,568.7081884330664,76.06551181102361,76.27110236220469
3561.4099482225656,567.5036792754663,79.06551181102361,76.27110236220469
3567.57307854726,565.9745211407951,76.06551181102361,76.27110236220469
3573.807792469266,564.770011983195,79.06551181102361,76.27110236220469
3579.9709227939607,563.2408538485238,76.06551181102361,76.27110236220469
3586.2056367159666,562.0363446909237,79.06551181102361,76.27110236220469
3592.368767040661,560.5071865562525,76.06551181102361,76.27110236220469
3598.603480962667,559.3026773986523,79.06551181102361,76.27110236220469
3604.7666112873617,557.7735192639811,76.06551181102361,76.27110236220469
3611.0013252093677,556.569010106381,79.06551181102361,76.27110236220469
3617.164455534062,555.0398519717098,76.06551181102361,76.27110236220469
3623.399169456068,553.8353428141097,79.06551181102361,76.27110236220469
3629.5622997807627,552.3061846794385,76.06551181102361,76.27110236220469
3635.7970137027687,551.1016755218384,79.06551181102361,76.27110236220469
3641.9601440274632,549.5725173871672,76.06551181102361,76.27110236220469
3648.194857949469,548.3680082295671,79.06551181102361,76.27110236220469
3654.3579882741637,546.8388500948959,76.06551181102361,76.27110236220469
3660.5927021961697,545.6343409372957,79.06551181102361,76.27110236220469
3666.7558325208643,544.1051828026245,76.06551181102361,76.27110236220469
3672.9905464428703,542.9006736450244,79.06551181102361,76.27110236220469
3679.153676767565,541.3715155103532,76.06551181102361,76.27110236220469
3685.3883906895708,540.1670063527531,79.06551181102361,76.27110236220469
3691.5515210142653,538.6378482180819,76.06551181102361,76.27110236220469
3697.7862349362713,537.4333390604818,79.06551181102361,76.27110236220469
3703.949365260966,535.9041809258106,76.06551181102361,76.27110236220469
3710.184079182972,534.6996717682105,79.06551181102361,76.27110236220469
3716.3472095076663,533.1705136335393,76.06551181102361,76.27110236220469
3722.5819234296723,531.9660044759391,79.06551181102361,78.9094488188976
3728.8711320314997,531.0894457712867,82.06551181102361,81.54779527559052
3735.197597029528,530.5432401060626,85.06551181102361,84.18614173228343
3741.543978022945,530.3288845920289,88.06551181102361,86.82448818897635
3747.89379544331,530.2807314194829,89.56551181102361,89.46283464566926
3754.242697442944,530.3988135902038,91.06551181102361,92.10118110236218
3760.586332801551,530.6830501765701,92.56551181102361,94.73952755905509
3766.9203539083283,531.1332463770235,94.06551181102361,97.377874015748
3773.2404197416,531.749093649576,95.56551181102361,100.01622047244092
3779.542198843939,532.5301699232692,97.06551181102361,102.65456692913384
3785.821372290729,533.4759398874409,98.56551181102361,105.29291338582675
3792.073636650141,534.5857553585997,100.06551181102361,107.93125984251967
3798.2947069324914,535.8588557246584,101.56551181102361,110.56960629921258
3804.4803195269574,537.2943684662187,103.06551181102361,113.2079527559055
3810.6262351236455,538.891309754553,104.56551181102361,115.84629921259841
3816.728241619001,540.6485851258715,106.06551181102361,118.48464566929133
3822.7821570025735,542.5649902314123,107.56551181102361,121.12299212598424
3828.991764278046,544.711074452593,109.06551181102361,123.76133858267715
3835.3490453937034,547.0962530237925,110.56551181102361,126.48803149606299
3841.8224285420324,549.7202834380464,112.06551181102361,129.30307086614172
3848.2249043151205,552.5128680786648,113.56551181102361,132.19641732283463
3854.552084775884,555.4720930476278,115.06551181102361,135.08976377952754
3860.7996335908842,558.5959302399582,116.56551181102361,137.98311023622045
3866.963269002236,561.8822387336835,118.06551181102361,140.87645669291337
3873.0387667621085,565.328766257117,119.56551181102361,143.76980314960628
3879.021963027815,568.9331507324518,121.06551181102361,146.66314960629919
3884.9087572155026,572.6929218946118,122.56551181102361,149.5564960629921
3890.6951148104868,576.6055029842471,124.06551181102361,152.449842519685
3896.3770701323065,580.6682125137166,125.56551181102361,155.34318897637792
3901.950729052605,584.8782661048458,127.06551181102361,158.23653543307083
3907.412271663968,589.2327783972,128.5655118110236,161.12988188976374
3912.7579548979006,593.728765025567,130.0655118110236,164.02322834645665
3917.9841150901366,598.3631446652911,131.5655118110236,166.91657480314956
3923.0871704915326,603.1327411440597,133.0655118110236,169.80992125984247
3928.06362372282,608.0342856186928,134.5655118110236,172.70326771653538
3932.9100641715336,613.0644188154453,136.0655118110236,175.5966141732283
3937.6231703294748,618.2196933322848,137.5655118110236,178.4899606299212
3942.199712069108,623.4965760015692,139.0655118110236,181.3833070866141
3946.6365528573283,628.8914503115031,140.5655118110236,184.27665354330702
3950.9306519050842,634.4006188847145,142.0655118110236,187.16999999999993
3954.9305384339523,640.1269731137313,145.0655118110236,190.06334645669284
3958.6252490329857,646.0548174596458,148.0655118110236,192.95669291338575
3962.0046567572485,652.1679041131454,151.0655118110236,195.85003937007866
3965.059498885068,658.4494775286281,154.0655118110236,198.74338582677157
3967.6956730648913,664.679711127269,157.0655118110236,201.63673228346448
3970.0771772318776,671.246191379476,160.0655118110236,204.4417322834645
3972.111754607022,677.9283107965886,163.0655118110236,207.3350787401574
3973.79382855516,684.7077541537525,166.0655118110236,207.3350787401574
3975.11878862852,691.5659394679593,169.0655118110236,207.3350787401574
3976.083003203638,698.4840689299693,172.0655118110236,207.3350787401574
3976.6838294353843,705.4431804278005,175.0655118110236,207.3350787401574
3976.9196205008216,712.4241995205591,178.0655118110236,207.3350787401574
3976.789730113029,719.4079917201566,181.0655118110236,207.3350787401574
3976.29451429253,726.3754149376114,184.0655118110236,207.3350787401574
3975.4353303914677,733.307371950184,187.0655118110236,207.3350787401574
3974.214533373193,740.1848627455374,190.0655118110236,207.3350787401574
3972.6354693574767,746.9890365994502,193.0655118110236,207.3350787401574
3970.7024664490264,753.701243744341,196.0655118110236,207.3350787401574
3968.628245017596,759.7029189649269,199.0655118110236,207.3350787401574
3966.2427628228197,765.5878127361351,202.0655118110236,207.3350787401574
3963.5525583055805,771.3397949731927,205.0655118110236,207.3350787401574
3960.5650051294665,776.9430998926034,208.0655118110236,207.3350787401574
3957.8748006122273,782.695082129661,205.0655118110236,207.3350787401574
3954.8872474361133,788.2983870490717,208.0655118110236,207.3350787401574
3952.197042918874,794.0503692861294,205.0655118110236,207.3350787401574
3949.20948974276,799.65367420554,208.0655118110236,207.3350787401574
3946.519285225521,805.4056564425977,205.0655118110236,207.3350787401574
3943.531732049407,811.0089613620083,208.0655118110236,207.3350787401574
3940.8415275321677,816.760943599066,205.0655118110236,207.3350787401574
3937.8539743560536,822.3642485184766,208.0655118110236,207.3350787401574
3935.1637698388145,828.1162307555343,205.0655118110236,207.3350787401574
3932.1762166627004,833.719535674945,208.0655118110236,207.3350787401574
3929.4860121454612,839.4715179120026,205.0655118110236,207.3350787401574
3926.498458969347,845.0748228314133,208.0655118110236,207.3350787401574
3923.808254452108,850.8268050684709,205.0655118110236,207.3350787401574
3920.820701275994,856.4301099878816,208.0655118110236,207.3350787401574
3918.130496758755,862.1820922249392,205.0655118110236,207.3350787401574
3915.142943582641,867.7853971443499,208.0655118110236,207.3350787401574
3912.4527390654016,873.5373793814075,205.0655118110236,207.3350787401574
3909.4651858892876,879.1406843008182,208.0655118110236,207.3350787401574
3906.7749813720484,884.8926665378758,205.0655118110236,204.69673228346448
3904.3894991772722,890.777560309084,202.0655118110236,202.05838582677157
3902.3152777458417,896.7792355296699,199.0655118110236,199.42003937007865
3900.5580023745233,902.8812420250251,196.0655118110236,196.78169291338574
3899.122489632963,909.0668546194913,193.0655118110236,194.14334645669283
3898.012674161804,915.3191189789036,190.0655118110236,191.5049999999999
3897.231597888111,921.6208980812423,187.0655118110236,188.866653543307
3896.7814016876578,927.9549191880194,184.0655118110236,186.22830708661408
3896.663319516937,934.3038211876535,181.0655118110236,183.58996062992117
3896.8776750309707,940.6502021810704,178.0655118110236,180.95161417322825
3896.75959286025,946.9991041807045,181.0655118110236,178.31326771653534
3896.9739483742837,953.3454851741214,178.0655118110236,175.67492125984242
3897.520154039508,959.6719501721498,175.0655118110236,173.0365748031495
3898.39671274416,965.961158773977,172.0655118110236,170.3982283464566
3899.6012219017603,972.1958726959832,169.0655118110236,167.75988188976368
3901.1303800364312,978.3590030206777,166.0655118110236,167.75988188976368
3902.3348891940313,984.593716942684,169.0655118110236,167.75988188976368
3903.8640473287023,990.7568472673785,166.0655118110236,167.75988188976368
3905.0685564863024,996.9915611893847,169.0655118110236,167.75988188976368
3906.5977146209734,1003.1546915140792,166.0655118110236,167.75988188976368
3907.8022237785735,1009.3894054360854,169.0655118110236,167.75988188976368
3909.3313819132445,1015.55253576078,166.0655118110236,167.75988188976368
3910.5358910708446,1021.7872496827862,169.0655118110236,167.75988188976368
3912.0650492055156,1027.9503800074806,166.0655118110236,167.75988188976368
3913.2695583631157,1034.1850939294868,169.0655118110236,167.75988188976368
3914.7987164977867,1040.3482242541813,166.0655118110236,167.75988188976368
3916.003225655387,1046.5829381761876,169.0655118110236,167.75988188976368
3917.532383790058,1052.746068500882,166.0655118110236,167.75988188976368
3918.736892947658,1058.9807824228883,169.0655118110236,167.75988188976368
3920.266051082329,1065.1439127475828,166.0655118110236,167.75988188976368
3921.470560239929,1071.378626669589,169.0655118110236,167.75988188976368
3922.9997183746,1077.5417569942836,166.0655118110236,167.75988188976368
3924.2042275322,1083.7764709162898,169.0655118110236,167.75988188976368
3925.733385666871,1089.9396012409843,166.0655118110236,167.75988188976368
3926.937894824471,1096.1743151629905,169.0655118110236,167.75988188976368
3928.467052959142,1102.337445487685,166.0655118110236,167.75988188976368
3930.3166687547277,1108.4120995032417,163.0655118110236,165.12153543307076
3932.4816725428973,1114.3816270052482,160.0655118110236,162.48318897637785
3934.956130198755,1120.229665933758,157.0655118110236,159.84484251968493
3937.1211339869246,1126.1991934357645,160.0655118110236,157.20649606299202
3939.5955916427824,1132.0472323642744,157.0655118110236,154.5681496062991
3942.3727208498913,1137.7577536510769,154.0655118110236,151.9298031496062
3945.44490969013,1143.3151051542584,151.0655118110236,149.29145669291327
3948.8037375074327,1148.7040545596353,148.0655118110236,146.65311023622036
3952.439997988222,1153.9098311314688,145.0655118110236,146.65311023622036
3955.7988258055248,1159.2987805368457,148.0655118110236,146.65311023622036
3959.435086286314,1164.5045571086791,145.0655118110236,146.65311023622036
3962.7939141036168,1169.893506514056,148.0655118110236,146.65311023622036
3966.430174584406,1175.0992830858895,145.0655118110236,146.65311023622036
3969.789002401709,1180.4882324912664,148.0655118110236,146.65311023622036
3973.425262882498,1185.6940090630999,145.0655118110236,146.65311023622036
3976.784090699801,1191.0829584684768,148.0655118110236,146.65311023622036
3980.42035118059,1196.2887350403103,145.0655118110236,146.65311023622036
3983.779178997893,1201.6776844456872,148.0655118110236,146.65311023622036
3987.415439478682,1206.8834610175206,145.0655118110236,146.65311023622036
3990.774267295985,1212.2724104228976,148.0655118110236,146.65311023622036
3994.410527776774,1217.478186994731,145.0655118110236,146.65311023622036
3997.769355594077,1222.867136400108,148.0655118110236,146.65311023622036
4001.405616074866,1228.0729129719414,145.0655118110236,146.65311023622036
4004.764443892169,1233.4618623773183,148.0655118110236,146.65311023622036
4008.400704372958,1238.6676389491518,145.0655118110236,146.65311023622036
4011.759532190261,1244.0565883545287,148.0655118110236,146.65311023622036
4015.39579267105,1249.2623649263621,145.0655118110236,146.65311023622036
4018.754620488353,1254.651314331739,148.0655118110236,146.65311023622036
4022.390880969142,1259.8570909035725,145.0655118110236,146.65311023622036
4025.749708786445,1265.2460403089494,148.0655118110236,146.65311023622036
4029.385969267234,1270.4518168807829,145.0655118110236,146.65311023622036
4032.744797084537,1275.8407662861598,148.0655118110236,146.65311023622036
4036.381057565326,1281.0465428579932,145.0655118110236,146.65311023622036
4039.739885382629,1286.4354922633702,148.0655118110236,146.65311023622036
4043.376145863418,1291.6412688352036,145.0655118110236,146.65311023622036
4046.734973680721,1297.0302182405806,148.0655118110236,149.29145669291327
4049.8071625209595,1302.587569743762,151.0655118110236,151.9298031496062
4052.5842917280684,1308.2980910305646,154.0655118110236,154.5681496062991
4055.058749383926,1314.1461299590744,157.0655118110236,157.20649606299202
4057.2237531720957,1320.115657461081,160.0655118110236,159.84484251968493
4059.0733689676813,1326.1903114766376,163.0655118110236,162.48318897637785
4060.6025271023523,1332.353441801332,166.0655118110236,165.12153543307076
4061.8070362599524,1338.5881557233383,169.0655118110236,167.75988188976368
4062.6835949646047,1344.8773643251657,172.0655118110236,170.3982283464566
4063.888104122205,1351.112078247172,169.0655118110236,170.3982283464566
4064.764662826857,1357.4012868489992,172.0655118110236,170.3982283464566
4065.9691719844573,1363.6360007710055,169.0655118110236,170.3982283464566
4066.8457306891096,1369.9252093728328,172.0655118110236,170.3982283464566
4068.0502398467097,1376.159923294839,169.0655118110236,170.3982283464566
4068.926798551362,1382.4491318966664,172.0655118110236,170.3982283464566
4070.131307708962,1388.6838458186726,169.0655118110236,170.3982283464566
4071.0078664136145,1394.9730544205,172.0655118110236,173.0365748031495
4071.5540720788385,1401.2995194185282,175.0655118110236,175.67492125984242
4071.7684275928723,1407.6459004119451,178.0655118110236,178.31326771653534
4071.6503454221515,1413.9948024115793,181.0655118110236,180.95161417322825
4071.200149221698,1420.3288235183563,184.0655118110236,183.58996062992117
4071.0820670509775,1426.6777255179904,181.0655118110236,183.58996062992117
4070.631870850524,1433.0117466247675,184.0655118110236,183.58996062992117
4070.5137886798034,1439.3606486244016,181.0655118110236,183.58996062992117
4070.06359247935,1445.6946697311787,184.0655118110236,183.58996062992117
4069.9455103086293,1452.0435717308128,181.0655118110236,183.58996062992117
4069.495314108176,1458.3775928375899,184.0655118110236,183.58996062992117
4069.3772319374552,1464.726494837224,181.0655118110236,183.58996062992117
4068.927035737002,1471.060515944001,184.0655118110236,183.58996062992117
4068.145959463309,1477.3622950463398,187.0655118110236,186.22830708661408
4067.03614399215,1483.614559405752,190.0655118110236,188.866653543307
4065.6006312505897,1489.8001720002183,193.0655118110236,191.5049999999999
4063.8433558792713,1495.9021784955735,196.0655118110236,194.14334645669283
4061.7691344478408,1501.9038537161593,199.0655118110236,196.78169291338574
4059.3836522530646,1507.7887474873676,202.0655118110236,199.42003937007865
4057.309430821634,1513.7904227079534,199.0655118110236,202.05838582677157
4054.923948626858,1519.6753164791617,202.0655118110236,204.69673228346448
4052.233744109619,1525.4272987162192,205.0655118110236,204.69673228346448
4049.8482619148426,1531.3121924874274,202.0655118110236,204.69673228346448
4047.1580573976034,1537.064174724485,205.0655118110236,204.69673228346448
4044.7725752028273,1542.9490684956932,202.0655118110236,204.69673228346448
4042.082370685588,1548.7010507327507,205.0655118110236,204.69673228346448
4039.696888490812,1554.585944503959,202.0655118110236,204.69673228346448
4037.0066839735728,1560.3379267410164,205.0655118110236,204.69673228346448
4034.6212017787966,1566.2228205122246,202.0655118110236,204.69673228346448
4031.9309972615574,1571.9748027492822,205.0655118110236,204.69673228346448
4029.5455150667813,1577.8596965204904,202.0655118110236,204.69673228346448
4026.855310549542,1583.611678757548,205.0655118110236,204.69673228346448
4024.469828354766,1589.4965725287561,202.0655118110236,204.69673228346448
4021.7796238375267,1595.2485547658137,205.0655118110236,204.69673228346448
4019.3941416427506,1601.1334485370219,202.0655118110236,204.69673228346448
4016.7039371255114,1606.8854307740794,205.0655118110236,204.69673228346448
4014.3184549307352,1612.7703245452876,202.0655118110236,204.69673228346448
4011.628250413496,1618.5223067823451,205.0655118110236,204.69673228346448
4009.24276821872,1624.4072005535534,202.0655118110236,204.69673228346448
4006.5525637014807,1630.1591827906109,205.0655118110236,204.69673228346448
4004.1670815067046,1636.044076561819,202.0655118110236,204.69673228346448
4001.4768769894654,1641.7960587988766,205.0655118110236,204.69673228346448
3999.091394794689,1647.6809525700849,202.0655118110236,204.69673228346448
3996.40119027745,1653.4329348071424,205.0655118110236,204.69673228346448
3994.015708082674,1659.3178285783506,202.0655118110236,204.69673228346448
3991.3255035654347,1665.0698108154081,205.0655118110236,204.69673228346448
3988.9400213706585,1670.9547045866163,202.0655118110236,204.69673228346448
3986.2498168534194,1676.7066868236739,205.0655118110236,204.69673228346448
3983.864334658643,1682.591580594882,202.0655118110236,204.69673228346448
3981.174130141404,1688.3435628319396,205.0655118110236,204.69673228346448
3978.788647946628,1694.2284566031478,202.0655118110236,204.69673228346448
3976.0984434293887,1699.9804388402054,205.0655118110236,204.69673228346448
3973.7129612346125,1705.8653326114136,202.0655118110236,204.69673228346448
3971.0227567173733,1711.617314848471,205.0655118110236,204.69673228346448
3968.637274522597,1717.5022086196793,202.0655118110236,204.69673228346448
3965.947070005358,1723.2541908567368,205.0655118110236,204.69673228346448
3963.561587810582,1729.139084627945,202.0655118110236,204.69673228346448
3960.8713832933427,1734.8910668650026,205.0655118110236,204.69673228346448
3958.4859010985665,1740.7759606362108,202.0655118110236,204.69673228346448
3955.7956965813273,1746.5279428732683,205.0655118110236,204.69673228346448
3952.8081434052133,1752.131247792679,208.0655118110236,207.3350787401574
3949.531430245818,1757.5705171251395,211.0655118110236,209.97342519685031
3945.9745383461495,1762.8308422114885,214.0655118110236,212.61177165354323
3942.1472168996684,1767.8978048663053,217.0655118110236,215.25011811023614
3938.059956328426,1772.757516897153,220.0655118110236,217.88846456692906
3933.7239595295455,1777.3966581711495,223.0655118110236,220.52681102362197
3929.1511111688615,1781.8025131245256,226.0655118110236,223.1651574803149
3924.815114369981,1786.4416543985221,223.0655118110236,225.8035039370078
3920.242266009297,1790.8475093518982,226.0655118110236,228.44185039370072
3915.445099946311,1795.008001842474,229.0655118110236,231.08019685039363
3910.436764879755,1798.911728249525,232.0655118110236,233.71854330708655
3905.2309883079215,1802.547988730314,235.0655118110236,236.35688976377946
3899.8420389025446,1805.906816547617,238.0655118110236,238.99523622047238
3894.284687399363,1808.9790053878558,241.0655118110236,241.6335826771653
3888.5741661125608,1811.7561345949644,244.0655118110236,244.2719291338582
3882.7261271840507,1814.2305922508222,247.0655118110236,246.91027559055112
3876.7565996820445,1816.3955960389917,250.0655118110236,249.54862204724404
3870.6819456664875,1818.2452118345773,253.0655118110236,252.18696850393695
3864.518815341793,1819.7743699692485,256.0655118110236,254.82531496062987
3858.284101419787,1820.9788791268486,259.0655118110236,257.4636614173228
3852.1209710950925,1822.5080372615198,256.0655118110236,257.4636614173228
3845.8862571730865,1823.71254641912,259.0655118110236,257.4636614173228
3839.723126848392,1825.2417045537911,256.0655118110236,257.4636614173228
3833.488412926386,1826.4462137113912,259.0655118110236,257.4636614173228
3827.3252826016915,1827.9753718460624,256.0655118110236,257.4636614173228
3821.0905686796855,1829.1798810036626,259.0655118110236,257.4636614173228
3814.927438354991,1830.7090391383338,256.0655118110236,257.4636614173228
3808.692724432985,1831.9135482959339,259.0655118110236,257.4636614173228
3802.5295941082904,1833.442706430605,256.0655118110236,257.4636614173228
3796.2948801862844,1834.6472155882052,259.0655118110236,260.10200787401567
3790.005671584457,1835.5237742928575,262.0655118110236,262.74035433070856
3783.679206586429,1836.0699799580816,265.0655118110236,265.37870078740144
3777.332825593012,1836.2843354721153,268.0655118110236,268.01704724409433
3770.9839235933778,1836.1662533013944,271.0655118110236,270.6553937007872
3764.6499024866007,1835.716057100941,274.0655118110236,273.2937401574801
3758.3481233842617,1834.9349808272477,277.0655118110236,275.932086614173
3752.0958590248497,1833.825165356089,280.0655118110236,278.5704330708659
3745.9102464303837,1832.3896526145286,283.0655118110236,281.20877952755876
3739.8082399350283,1830.6323772432102,286.0655118110236,283.84712598425165
3733.806564714442,1828.5581558117797,289.0655118110236,286.48547244094453
3727.921670943234,1826.1726736170035,292.0655118110236,289.1238188976374
3721.919995722648,1824.098452185573,289.0655118110236,291.7621653543303
3716.0351019514396,1821.7129699907969,292.0655118110236,294.4005118110232
3710.283119714382,1819.0227654735577,295.0655118110236,297.0388582677161
3704.679814794971,1816.0352122974436,298.0655118110236,299.67720472440897
3699.240545462511,1812.7584991380484,301.0655118110236,302.31555118110185
3693.980220376162,1809.20160723838,304.0655118110236,304.95389763779474
3688.9132577213454,1805.374285791899,307.0655118110236,307.5922440944876
3684.0535456904977,1801.2870252206562,310.0655118110236,310.2305905511805
3679.4144044165014,1796.9510284217756,313.0655118110236,312.8689370078734
3675.0085494631253,1792.3781800610916,316.0655118110236,315.5072834645663
3670.369408189129,1788.042183262211,313.0655118110236,315.5072834645663
3665.963553235753,1783.469334901527,316.0655118110236,315.5072834645663
3661.3244119617566,1779.1333381026463,313.0655118110236,315.5072834645663
3656.9185570083805,1774.5604897419623,316.0655118110236,315.5072834645663
3652.279415734384,1770.2244929430817,313.0655118110236,315.5072834645663
3647.873560781008,1765.6516445823977,316.0655118110236,315.5072834645663
3643.234419507012,1761.315647783517,313.0655118110236,315.5072834645663
3638.8285645536357,1756.742799422833,316.0655118110236,315.5072834645663
3634.1894232796394,1752.4068026239524,313.0655118110236,315.5072834645663
3629.7835683262633,1747.8339542632684,316.0655118110236,315.5072834645663
3625.144427052267,1743.4979574643878,313.0655118110236,315.5072834645663
3620.738572098891,1738.9251091037038,316.0655118110236,315.5072834645663
3616.0994308248946,1734.5891123048232,313.0655118110236,315.5072834645663
3611.6935758715185,1730.0162639441392,316.0655118110236,315.5072834645663
3607.0544345975222,1725.6802671452585,313.0655118110236,315.5072834645663
3602.1947225666745,1721.5930065740158,310.0655118110236,312.8689370078734
3597.555581292678,1717.2570097751352,313.0655118110236,310.2305905511805
3592.6958692618305,1713.1697492038925,310.0655118110236,307.5922440944876
3587.628906607014,1709.3424277574115,307.0655118110236,304.95389763779474
3582.368581520665,1705.785535857743,304.0655118110236,302.31555118110185
3576.9293121882047,1702.5088226983478,301.0655118110236,302.31555118110185
3571.6689871018557,1698.9519307986793,304.0655118110236,302.31555118110185
3566.2297177693954,1695.675217639284,301.0655118110236,302.31555118110185
3560.9693926830464,1692.1183257396156,304.0655118110236,302.31555118110185
3555.530123350586,1688.8416125802203,301.0655118110236,302.31555118110185
3550.269798264237,1685.2847206805518,304.0655118110236,302.31555118110185
3544.830528931777,1682.0080075211565,301.0655118110236,302.31555118110185
3539.570203845428,1678.451115621488,304.0655118110236,302.31555118110185
3534.1309345129675,1675.1744024620928,301.0655118110236,302.31555118110185
3528.8706094266186,1671.6175105624243,304.0655118110236,302.31555118110185
3523.4313400941583,1668.340797403029,301.0655118110236,302.31555118110185
3518.1710150078093,1664.7839055033605,304.0655118110236,302.31555118110185
3512.731745675349,1661.5071923439652,301.0655118110236,302.31555118110185
3507.471420589,1657.9503004442968,304.0655118110236,302.31555118110185
3502.0321512565397,1654.6735872849015,301.0655118110236,302.31555118110185
3496.7718261701907,1651.116695385233,304.0655118110236,302.31555118110185
3491.3325568377304,1647.8399822258377,301.0655118110236,302.31555118110185
3486.0722317513814,1644.2830903261693,304.0655118110236,302.31555118110185
3480.632962418921,1641.006377166774,301.0655118110236,302.31555118110185
3475.372637332572,1637.4494852671055,304.0655118110236,302.31555118110185
3469.933368000112,1634.1727721077102,301.0655118110236,302.31555118110185
3464.673042913763,1630.6158802080417,304.0655118110236,302.31555118110185
3459.2337735813026,1627.3391670486465,301.0655118110236,299.67720472440897
3453.630468661892,1624.3516138725324,298.0655118110236,297.0388582677161
3447.878486424834,1621.6614093552932,295.0655118110236,294.4005118110232
3441.993592653626,1619.275927160517,292.0655118110236,291.7621653543303
3435.99191743304,1617.2017057290866,289.0655118110236,289.1238188976374
3429.9380020494673,1615.2853006235457,287.5655118110236,286.48547244094453
3423.835995554112,1613.5280252522273,286.0655118110236,283.84712598425165
3417.6900799574237,1611.931083963893,284.5655118110236,281.20877952755876
3411.5044673629577,1610.4955712223325,283.0655118110236,278.5704330708659
3405.2833970806073,1609.222470856274,281.5655118110236,275.932086614173
3399.0311327211953,1608.1126553851152,280.0655118110236,273.2937401574801
3392.751959274405,1607.1668854209436,278.5655118110236,270.6553937007872
3386.450180172066,1606.3858091472503,277.0655118110236,268.01704724409433
3380.1301143387946,1605.7699618746979,275.5655118110236,265.37870078740144
3373.7960932320175,1605.3197656742445,274.0655118110236,262.74035433070856
3367.4524578734104,1605.035529087878,272.5655118110236,260.10200787401567
3361.1035558737763,1604.9174469171571,271.0655118110236,257.4636614173228
3354.533744779005,1604.9672683885944,269.5655118110236,254.82531496062987
3347.7476145513983,1605.196476883128,268.0655118110236,252.09862204724405
3340.7751599700596,1605.6149289247835,266.5655118110236,249.2835826771653
3333.8160484722284,1606.2157551565301,265.0655118110236,249.2835826771653
3326.8750494853102,1606.9985438020803,263.5655118110236,249.2835826771653
3319.9569200233004,1607.962758377198,262.0655118110236,249.2835826771653
3313.692812208085,1609.0036489955423,260.5655118110236,249.2835826771653
3307.458098286079,1610.2081581531424,259.0655118110236,249.2835826771653
3301.257051218773,1611.5754603395883,257.5655118110236,249.2835826771653
3295.3074466691073,1613.0516397672316,256.0655118110236,249.2835826771653
3289.6105885571,1614.6245058300785,254.5655118110236,249.2835826771653
3284.16731590379,1616.2818780941545,253.0655118110236,249.2835826771653
3278.978004357032,1618.0116022544423,251.5655118110236,249.2835826771653
3274.042568233326,1619.8015660163148,250.0655118110236,249.2835826771653
3269.3604630727077,1621.639714885398,248.5655118110236,249.2835826771653
3264.797284180586,1623.160733753951,251.5655118110236,249.2835826771653
3260.5247468670195,1624.8380902766335,248.5655118110236,249.2835826771653
3256.3789897446554,1626.2199722840298,251.5655118110236,249.2835826771653
3252.5160202781412,1627.7365364603113,248.5655118110236,247.4403543307086
3248.938011377068,1629.362190883564,245.5655118110236,245.6854724409448
3245.6452445989316,1631.071514417832,242.5655118110236,244.01893700787394
3242.636135486183,1632.8393838551979,239.5655118110236,242.44074803149599
3239.7338855227044,1634.3459843827063,242.5655118110236,240.95090551181096
3236.9963722181265,1635.9542896731464,239.5655118110236,239.54940944881884
3234.3467827756967,1637.7036612136048,236.5655118110236,238.18606299212593
3231.6092694711188,1639.311966504045,239.5655118110236,236.82271653543302
3228.959680028689,1641.0613380445034,236.5655118110236,235.4593700787401
3226.4052767888993,1642.946980929185,233.5655118110236,234.0960236220472
3223.9530611934747,1644.9637267420123,230.5655118110236,232.7326771653543
3221.398657953685,1646.849369626694,233.5655118110236,231.36933070866138
3218.9464423582604,1648.8661154395213,230.5655118110236,230.00598425196847
3216.603135759697,1651.0084364204038,227.5655118110236,228.64263779527556
3214.1509201642725,1653.0251822332311,230.5655118110236,228.64263779527556
3211.8076135657093,1655.1675032141136,227.5655118110236,228.64263779527556
3209.3553979702847,1657.184249026941,230.5655118110236,228.64263779527556
3207.0120913717215,1659.3265700078234,227.5655118110236,228.64263779527556
3204.559875776297,1661.3433158206508,230.5655118110236,228.64263779527556
3202.2165691777336,1663.4856368015332,227.5655118110236,228.64263779527556
3199.764353582309,1665.5023826143606,230.5655118110236,228.64263779527556
3197.421046983746,1667.644703595243,227.5655118110236,228.64263779527556
3194.968831388321,1669.6614494080704,230.5655118110236,228.64263779527556
3192.625524789758,1671.803770388953,227.5655118110236,228.64263779527556
3190.1733091943333,1673.8205162017803,230.5655118110236,228.64263779527556
3187.83000259577,1675.9628371826627,227.5655118110236,228.64263779527556
3185.3777870003455,1677.97958299549,230.5655118110236,228.64263779527556
3183.0344804017823,1680.1219039763726,227.5655118110236,228.64263779527556
3180.5822648063577,1682.1386497892,230.5655118110236,228.64263779527556
3178.2389582077944,1684.2809707700824,227.5655118110236,228.64263779527556
3176.0109834465975,1686.5429949661223,224.5655118110236,227.27929133858265
3173.6676768480343,1688.6853159470047,227.5655118110236,225.91594488188974
3171.4397020868373,1690.9473401430446,224.5655118110236,224.55259842519683
3169.333165886963,1693.3228675031519,221.5655118110236,223.18925196850392
3167.105191125766,1695.5848916991918,224.5655118110236,221.82590551181102
3164.9986549258915,1697.960419059299,221.5655118110236,220.4625590551181
3163.0193311566395,1700.4429384281004,218.5655118110236,219.0992125984252
3161.1726450068804,1703.025645392564,215.5655118110236,217.7358661417323
3159.1933212376284,1705.5081647613654,218.5655118110236,216.37251968503938
3157.3466350878693,1708.090871725829,215.5655118110236,215.00917322834647
3155.6376481959783,1710.7666872656869,212.5655118110236,213.64582677165356
3153.6630026909606,1713.5283534528849,215.5655118110236,213.64582677165356
3151.717179820351,1716.574990673857,212.5655118110236,213.64582677165356
3149.486615604815,1719.694575306524,215.5655118110236,213.64582677165356
3147.303956755487,1723.1120342086103,212.5655118110236,213.64582677165356
3144.8174738294338,1726.5895372867465,215.5655118110236,213.64582677165356
3142.397979001387,1730.377817869947,212.5655118110236,213.64582677165356
3139.6555773648156,1734.213239393552,215.5655118110236,213.64582677165356
3136.99924655805,1738.3723416578664,212.5655118110236,213.64582677165356
3134.000926210961,1742.5656816269404,215.5655118110236,213.64582677165356
3131.1077594254766,1747.095605572369,212.5655118110236,213.64582677165356
3127.8535203678703,1751.646863986912,215.5655118110236,213.64582677165356
3124.723517603667,1756.5476096134548,212.5655118110236,213.64582677165356
3121.2133598355426,1761.4567864734668,215.5655118110236,213.64582677165356
3117.8465210926206,1766.7283537811238,212.5655118110236,213.64582677165356
3114.153148793103,1771.893767710051,215.5655118110236,213.64582677165356
3110.735175009321,1777.2453987897668,212.5655118110236,213.64582677165356
3107.0418027098035,1782.410812718694,215.5655118110236,213.64582677165356
3103.623828926022,1787.7624437984098,212.5655118110236,213.64582677165356
3099.930456626504,1792.927857727337,215.5655118110236,213.64582677165356
3096.5124828427224,1798.2794888070528,212.5655118110236,213.64582677165356
3092.8191105432047,1803.44490273598,215.5655118110236,213.64582677165356
3089.401136759423,1808.7965338156957,212.5655118110236,213.64582677165356
3085.7077644599053,1813.9619477446229,215.5655118110236,213.64582677165356
3082.2897906761236,1819.3135788243387,212.5655118110236,213.64582677165356
3078.596418376606,1824.4789927532659,215.5655118110236,213.64582677165356
3075.1784445928242,1829.8306238329817,212.5655118110236,213.64582677165356
3071.4850722933065,1834.9960377619088,215.5655118110236,213.64582677165356
3068.067098509525,1840.3476688416247,212.5655118110236,213.64582677165356
3064.373726210007,1845.5130827705518,215.5655118110236,213.64582677165356
3060.9557524262254,1850.8647138502677,212.5655118110236,213.64582677165356
3057.2623801267077,1856.0301277791948,215.5655118110236,213.64582677165356
3053.844406342926,1861.3817588589106,212.5655118110236,213.64582677165356
3050.1510340434083,1866.5471727878378,215.5655118110236,213.64582677165356
3046.7330602596267,1871.8988038675536,212.5655118110236,213.64582677165356
3043.039687960109,1877.0642177964808,215.5655118110236,216.28417322834648
3039.081040421605,1882.0292565340837,218.5655118110236,218.9225196850394
3034.8679680218556,1886.780311254298,221.5655118110236,221.5608661417323
3030.4120184994617,1891.3043596463779,224.5655118110236,224.19921259842522
3025.8391701387777,1895.710214599754,226.0655118110236,226.83755905511813
3021.152556941651,1899.9948565615189,227.5655118110236,229.47590551181105
3016.355390878665,1904.1553490520946,229.0655118110236,232.11425196850396
3011.4509596878156,1908.1888406777493,230.5655118110236,234.75259842519688
3006.4426246212597,1912.0925670848003,232.0655118110236,237.3909448818898
3001.33381814168,1915.8638528541635,233.5655118110236,240.0292913385827
2996.128041569846,1919.5001133349526,235.0655118110236,242.66763779527562
2990.828862684987,1922.9988564158696,236.5655118110236,245.30598425196854
2985.43991327961,1926.3576842331724,238.0655118110236,247.94433070866145
2979.964886670454,1929.5742948140528,239.5655118110236,250.58267716535437
2974.4075351672723,1932.6464836542916,241.0655118110236,253.22102362204728
2968.77166750119,1935.572145229117,242.5655118110236,255.8593700787402
2963.061146214388,1938.3492744362256,244.0655118110236,258.4977165354331
2957.079589349235,1941.0669715254799,245.5655118110236,261.13606299212597
2950.826331975285,1943.7128876645781,247.0655118110236,263.8627559055118
2944.3244424033333,1946.2654661636927,248.5655118110236,266.67779527559054
2937.7579621511263,1948.6469703306793,250.0655118110236,269.5711417322835
2931.131391556226,1950.8557680015406,251.5655118110236,272.4644881889764
2924.4492721391134,1952.8903453766848,253.0655118110236,275.35783464566936
2917.928249274861,1954.6907580526847,254.5655118110236,278.2511811023623
2911.5758574677548,1956.266874586767,256.0655118110236,281.0561811023623
2905.3992239715803,1957.6287936937385,257.5655118110236,281.0561811023623
2899.3768022059285,1958.629523965391,260.5655118110236,281.0561811023623
2893.5288739256116,1959.2890388084925,263.5655118110236,281.0561811023623
2887.874048556494,1959.628413298969,266.5655118110236,281.0561811023623
2882.429205114937,1959.6697036965302,269.5655118110236,281.0561811023623
2877.209442162382,1959.435823985701,272.5655118110236,281.0561811023623
2872.228035942614,1958.9504199543428,275.5655118110236,281.0561811023623
2867.4964068177496,1958.2377413277977,278.5655118110236,281.0561811023623
2863.0240940872095,1957.322512481962,281.5655118110236,281.0561811023623
2858.727557295666,1956.6753675222255,278.5655118110236,281.0561811023623
2854.686310852407,1955.848353504904,281.5655118110236,281.0561811023623
2850.8248663941845,1955.2667422119764,278.5655118110236,281.0561811023623
2847.2146862382065,1954.5279430231692,281.5655118110236,281.0561811023623
2843.7883341133047,1954.0118653970503,278.5655118110236,281.0561811023623
2840.6092202446075,1953.3612810367574,281.5655118110236,281.0561811023623
2837.4696335212125,1952.8883960546716,278.5655118110236,281.0561811023623
2834.3590983800373,1952.2518458716422,281.5655118110236,281.0561811023623
2831.219511656642,1951.7789608895564,278.5655118110236,281.0561811023623
2828.108976515467,1951.142410706527,281.5655118110236,281.0561811023623
2824.7518436254118,1950.6367588910368,278.5655118110236,281.0561811023623
2821.2102421969557,1949.9119938794931,281.5655118110236,281.0561811023623
2817.4180169735796,1949.3408083971942,278.5655118110236,281.0561811023623
2813.4453492578427,1948.5278285571362,281.5655118110236,281.0561811023623
2809.2180317011457,1947.8911094080286,278.5655118110236,281.0561811023623
2804.8142976981276,1946.9899147394565,281.5655118110236,281.0561811023623
2800.1518878081097,1946.28766192354,278.5655118110236,281.0561811023623
2795.3170875178107,1945.2982524264537,281.5655118110236,281.0561811023623
2790.219585294472,1944.5304659437286,278.5655118110236,281.0561811023623
2784.953718716892,1943.4528416181279,281.5655118110236,281.0561811023623
2779.4211241602325,1942.619521468594,278.5655118110236,281.0561811023623
2773.7241912953714,1941.453682314479,281.5655118110236,281.0561811023623
2767.756504405391,1940.5548284981364,278.5655118110236,281.0561811023623
2761.628505253249,1939.300774515507,281.5655118110236,281.0561811023623
2755.349331806459,1938.3550045513355,278.5655118110236,281.0561811023623
2749.1282615241084,1937.081904185277,281.5655118110236,281.0561811023623
2742.8490880773184,1936.1361342211053,278.5655118110236,281.0561811023623
2736.628017794968,1934.8630338550468,281.5655118110236,281.0561811023623
2730.348844348178,1933.9172638908751,278.5655118110236,281.0561811023623
2724.1277740658275,1932.6441635248166,281.5655118110236,281.0561811023623
2717.8486006190374,1931.698393560645,278.5655118110236,281.0561811023623
2711.627530336687,1930.4252931945864,281.5655118110236,283.6945275590552
2705.481614739999,1928.828351906252,284.5655118110236,286.3328740157481
2699.4276993564263,1926.9119468007111,287.5655118110236,288.97122047244096
2693.4823775472328,1924.6813306111505,290.5655118110236,291.60956692913385
2687.6619450262433,1922.1426173014975,293.5655118110236,294.24791338582673
2681.9823551944246,1919.3027653084698,296.5655118110236,294.24791338582673
2676.161922673435,1916.7640519988167,293.5655118110236,294.24791338582673
2670.4823328416164,1913.924200005789,296.5655118110236,294.24791338582673
2664.661900320627,1911.385486696136,293.5655118110236,294.24791338582673
2658.9823104888083,1908.5456347031084,296.5655118110236,294.24791338582673
2653.161877967819,1906.0069213934553,293.5655118110236,294.24791338582673
2647.482288136,1903.1670694004276,296.5655118110236,294.24791338582673
2641.6618556150106,1900.6283560907746,293.5655118110236,294.24791338582673
2635.982265783192,1897.788504097747,296.5655118110236,294.24791338582673
2630.1618332622024,1895.2497907880938,293.5655118110236,294.24791338582673
2624.4822434303837,1892.4099387950662,296.5655118110236,294.24791338582673
2618.6618109093943,1889.871225485413,293.5655118110236,294.24791338582673
2612.9822210775756,1887.0313734923855,296.5655118110236,294.24791338582673
2607.161788556586,1884.4926601827324,293.5655118110236,294.24791338582673
2601.4821987247674,1881.6528081897047,296.5655118110236,294.24791338582673
2595.661766203778,1879.1140948800517,293.5655118110236,294.24791338582673
2589.7164443945844,1876.883478690491,290.5655118110236,291.60956692913385
2583.662529011012,1874.9670735849502,287.5655118110236,288.97122047244096
2577.5605225156564,1873.2097982136318,286.0655118110236,286.3328740157481
2571.4146069189683,1871.6128569252974,284.5655118110236,283.6945275590552
2565.2289943245023,1870.177344183737,283.0655118110236,281.0561811023623
2559.007924042152,1868.9042438176784,281.5655118110236,278.4178346456694
2552.75565968274,1867.7944283465197,280.0655118110236,275.77948818897653
2546.47648623595,1866.848658382348,278.5655118110236,273.14114173228364
2540.174707133611,1866.0675821086547,277.0655118110236,270.50279527559076
2533.854641300339,1865.4517348361023,275.5655118110236,267.86444881889787
2527.520620193562,1865.001538635649,274.0655118110236,265.226102362205
2521.176984834955,1864.7173020492826,272.5655118110236,262.5877559055121
2514.828082835321,1864.5992198785616,271.0655118110236,259.9494094488192
2508.478265414956,1864.6473730511077,269.5655118110236,257.3110629921263
2502.131884421539,1864.8617285651414,268.0655118110236,254.6727165354334
2495.7932893475945,1865.242139512101,266.5655118110236,252.0343700787405
2489.2476397354612,1865.8072688381674,265.0655118110236,249.39602362204758
2482.5004123738045,1866.5682044005564,263.5655118110236,246.66933070866176
2475.6098937770676,1867.7131840807351,260.5655118110236,243.854291338583
2468.788742003031,1869.2172164858255,257.5655118110236,240.9609448818901
2462.0556533545755,1871.076179167549,254.5655118110236,238.0675984251972
2455.429082759675,1873.2849768384103,251.5655118110236,235.17425196850428
2448.9271931877233,1875.837555337525,248.5655118110236,232.28090551181137
2442.5678058660956,1878.7269182246544,245.5655118110236,229.38755905511846
2436.368351433405,1881.9451459569623,242.5655118110236,226.49421259842555
2430.345822163333,1885.4834175959306,239.5655118110236,226.49421259842555
2424.516725389988,1889.3320349849391,236.5655118110236,226.49421259842555
2419.407918910408,1893.1033207543023,233.5655118110236,226.49421259842555
2414.503487719559,1897.136812379957,230.5655118110236,226.49421259842555
2409.816874522432,1901.421454341722,227.5655118110236,226.49421259842555
2405.360925000038,1905.9455027338017,224.5655118110236,226.49421259842555
2400.6743118029112,1910.2301446955667,227.5655118110236,226.49421259842555
2396.2183622805173,1914.7541930876464,224.5655118110236,226.49421259842555
2391.5317490833904,1919.0388350494113,227.5655118110236,226.49421259842555
2387.0757995609965,1923.562883441491,224.5655118110236,226.49421259842555
2382.3891863638696,1927.847525403256,227.5655118110236,226.49421259842555
2377.9332368414757,1932.3715737953357,224.5655118110236,226.49421259842555
2373.246623644349,1936.6562157571007,227.5655118110236,226.49421259842555
2368.790674121955,1941.1802641491804,224.5655118110236,223.85586614173263
2364.5776017222056,1945.9313188693948,221.5655118110236,221.21751968503972
2360.6189541837016,1950.8963576069978,218.5655118110236,218.5791732283468
2356.925581884184,1956.061771535925,215.5655118110236,215.9408267716539
2353.507608100402,1961.4134026156407,212.5655118110236,213.30248031496097
2350.3744012609172,1966.936582397343,209.5655118110236,210.66413385826806
2347.53454926789,1972.6161722291615,206.5655118110236,208.02578740157514
2344.9958359582365,1978.4366047501508,203.5655118110236,205.38744094488223
2342.7652197686757,1984.381926559344,200.5655118110236,202.74909448818931
2340.2265064590224,1990.2023590803333,203.5655118110236,202.74909448818931
2337.9958902694616,1996.1476808895266,200.5655118110236,202.74909448818931
2335.4571769598083,2001.9681134105158,203.5655118110236,202.74909448818931
2333.2265607702475,2007.913435219709,200.5655118110236,202.74909448818931
2330.687847460594,2013.7338677406983,203.5655118110236,202.74909448818931
2328.4572312710334,2019.6791895498916,200.5655118110236,202.74909448818931
2325.91851796138,2025.4996220708808,203.5655118110236,202.74909448818931
2323.6879017718193,2031.444943880074,200.5655118110236,202.74909448818931
2321.149188462166,2037.2653764010633,203.5655118110236,202.74909448818931
2318.918572272605,2043.2106982102566,200.5655118110236,202.74909448818931
2316.379858962952,2049.031130731246,203.5655118110236,202.74909448818931
2314.149242773391,2054.9764525404394,200.5655118110236,202.74909448818931
2311.6105294637377,2060.796885061429,203.5655118110236,202.74909448818931
2309.379913274177,2066.7422068706223,200.5655118110236,202.74909448818931
2306.8411999645236,2072.562639391612,203.5655118110236,202.74909448818931
2304.610583774963,2078.5079612008053,200.5655118110236,202.74909448818931
2302.0718704653095,2084.328393721795,203.5655118110236,202.74909448818931
2299.8412542757487,2090.2737155309883,200.5655118110236,202.74909448818931
2297.3025409660954,2096.0941480519778,203.5655118110236,202.74909448818931
2295.0719247765346,2102.0394698611713,200.5655118110236,202.74909448818931
2292.5332114668813,2107.8599023821607,203.5655118110236,202.74909448818931
2290.3025952773205,2113.8052241913542,200.5655118110236,202.74909448818931
2287.763881967667,2119.6256567123437,203.5655118110236,205.38744094488223
2284.92402997464,2125.3052465441624,206.5655118110236,208.02578740157514
2281.9364767985257,2130.908551463573,208.0655118110236,210.66413385826806
2278.803269959041,2136.4317312452754,209.5655118110236,213.30248031496097
2275.5265567996453,2141.8710005777357,211.0655118110236,215.9408267716539
2272.1085830158636,2147.2226316574515,212.5655118110236,218.5791732283468
2268.5516911161953,2152.4829567438005,214.0655118110236,221.21751968503972
2264.8583188166776,2157.6483706727277,215.5655118110236,223.85586614173263
2261.0309973701965,2162.715333327544,217.0655118110236,226.49421259842555
2257.0723498316925,2167.680372065147,218.5655118110236,229.13255905511846
2252.98508926045,2172.5400840959946,220.0655118110236,231.77090551181138
2248.7720168607007,2177.2911388162092,221.5655118110236,234.4092519685043
2244.4360200618203,2181.9302800902055,223.0655118110236,237.0475984251972
2239.825691185895,2186.611067166735,224.5655118110236,239.68594488189012
2234.9359840411635,2191.3222097074317,226.0655118110236,242.41263779527594
2229.780709524324,2196.035315865373,227.5655118110236,245.2276771653547
2224.5038268550393,2200.611857605006,229.0655118110236,248.1210236220476
2219.1089525451052,2205.0486983932265,230.5655118110236,251.0143700787405
2213.4892654175674,2209.197112739526,233.5655118110236,253.90771653543342
2207.6601686442223,2213.0457301285346,236.5655118110236,256.80106299212633
2201.6376393741502,2216.5840017675027,239.5655118110236,259.6944094488193
2195.43818494146,2219.8022294998104,242.5655118110236,262.5877559055122
2189.078797619832,2222.69159238694,245.5655118110236,265.48110236220515
2182.5769080478804,2225.2441708860547,248.5655118110236,268.3744488188981
2175.95033745298,2227.452968556916,251.5655118110236,271.267795275591
2169.2172488045244,2229.3119312386398,254.5655118110236,274.16114173228397
2162.396097030488,2230.8159636437304,257.5655118110236,277.0544881889769
2155.505578433751,2231.9609433239093,260.5655118110236,279.94783464566984
2148.564579446833,2232.7437319694595,263.5655118110236,282.8411811023628
2141.592124865494,2233.162184011115,266.5655118110236,285.7345275590557
2134.607325703092,2233.215152500916,269.5655118110236,288.62787401574866
2127.6293268086242,2232.902492255913,272.5655118110236,291.5212204724416
2120.677254392025,2232.2250602561053,275.5655118110236,294.41456692913454
2113.7701636005563,2231.1847132955163,278.5655118110236,297.3079133858275
2106.926986289971,2229.784302892852,281.5655118110236,300.2012598425204
2100.1664791336143,2228.027667475684,284.5655118110236,303.09460629921335
2093.5071722116845,2225.9196218595894,287.5655118110236,305.9879527559063
2086.967318221572,2223.4659440510727,290.5655118110236,308.88129921259923
2080.564842448484,2220.6733594104544,293.5655118110236,311.77464566929217
2074.3172936334836,2217.549522218124,296.5655118110236,314.6679921259851
2068.241795873611,2214.1029946946906,299.5655118110236,317.56133858267805
2062.3550016859235,2210.3432235325304,302.5655118110236,317.56133858267805
2056.673046364104,2206.280514003061,305.5655118110236,317.56133858267805
2051.708007626501,2202.321866464557,308.5655118110236,317.56133858267805
2046.9569529062867,2198.1087940648076,311.5655118110236,317.56133858267805
2042.432904514207,2193.6528445424137,314.5655118110236,317.56133858267805
2038.148262552442,2188.966231345287,317.5655118110236,317.56133858267805
2033.6242141603623,2184.510281822893,314.5655118110236,317.56133858267805
2029.3395721985974,2179.823668625766,317.5655118110236,317.56133858267805
2024.8155238065176,2175.367719103372,314.5655118110236,317.56133858267805
2020.5308818447527,2170.681105906245,317.5655118110236,317.56133858267805
2016.006833452673,2166.2251563838513,314.5655118110236,317.56133858267805
2011.722191490908,2161.5385431867244,317.5655118110236,317.56133858267805
2007.1981430988283,2157.0825936643305,314.5655118110236,317.56133858267805
2002.9135011370633,2152.3959804672036,317.5655118110236,317.56133858267805
1998.3894527449836,2147.9400309448097,314.5655118110236,317.56133858267805
1994.1048107832187,2143.2534177476828,317.5655118110236,317.56133858267805
1989.580762391139,2138.797468225289,314.5655118110236,317.56133858267805
1985.296120429374,2134.110855028162,317.5655118110236,317.56133858267805
1980.7720720372943,2129.654905505768,314.5655118110236,317.56133858267805
1976.4874300755293,2124.968292308641,317.5655118110236,317.56133858267805
1971.9633816834496,2120.5123427862472,314.5655118110236,317.56133858267805
1967.6787397216847,2115.8257295891203,317.5655118110236,314.92299212598516
1963.154691329605,2111.3697800667264,314.5655118110236,312.2846456692923
1958.4036366093906,2107.156707666977,311.5655118110236,309.6462992125994
1953.4385978717876,2103.198060128473,308.5655118110236,307.0079527559065
1948.2731839428604,2099.5046878289554,305.5655118110236,304.3696062992136
1942.9215528631446,2096.0867140451737,302.5655118110236,301.7312598425207
1937.3983730814423,2092.9535072056888,299.5655118110236,299.09291338582784
1931.7187832496238,2090.1136552126613,296.5655118110236,296.45456692913496
1925.8983507286346,2087.574941903008,293.5655118110236,296.45456692913496
1920.218760896816,2084.7350899099806,296.5655118110236,296.45456692913496
1914.3983283758268,2082.1963766003273,293.5655118110236,296.45456692913496
1908.7187385440084,2079.3565246073,296.5655118110236,296.45456692913496
1902.8983060230191,2076.8178112976466,293.5655118110236,296.45456692913496
1897.2187161912007,2073.977959304619,296.5655118110236,296.45456692913496
1891.3982836702114,2071.439245994966,293.5655118110236,296.45456692913496
1885.718693838393,2068.5993940019384,296.5655118110236,296.45456692913496
1879.8982613174037,2066.060680692285,293.5655118110236,296.45456692913496
1874.2186714855852,2063.2208286992577,296.5655118110236,296.45456692913496
1868.398238964596,2060.6821153896044,293.5655118110236,296.45456692913496
1862.7186491327775,2057.842263396577,296.5655118110236,296.45456692913496
1856.8982166117883,2055.3035500869237,293.5655118110236,296.45456692913496
1851.2186267799698,2052.4636980938963,296.5655118110236,296.45456692913496
1845.3981942589805,2049.924984784243,293.5655118110236,296.45456692913496
1839.718604427162,2047.0851327912153,296.5655118110236,296.45456692913496
1833.8981719061728,2044.5464194815622,293.5655118110236,296.45456692913496
1828.2185820743543,2041.7065674885346,296.5655118110236,296.45456692913496
1822.398149553365,2039.1678541788815,293.5655118110236,296.45456692913496
1816.7185597215466,2036.3280021858538,296.5655118110236,296.45456692913496
1810.8981272005574,2033.7892888762008,293.5655118110236,296.45456692913496
1805.218537368739,2030.9494368831731,296.5655118110236,296.45456692913496
1799.3981048477497,2028.41072357352,293.5655118110236,296.45456692913496
1793.7185150159312,2025.5708715804924,296.5655118110236,299.09291338582784
1788.1953352342289,2022.4376647410074,299.5655118110236,301.7312598425207
1782.843704154513,2019.0196909572257,302.5655118110236,304.3696062992136
1777.678290225586,2015.326318657708,305.5655118110236,307.0079527559065
1772.713251487983,2011.3676711192043,308.5655118110236,309.6462992125994
1767.9621967677685,2007.1545987194552,311.5655118110236,309.6462992125994
1762.9971580301656,2003.1959511809514,308.5655118110236,309.6462992125994
1758.2461033099512,1998.9828787812023,311.5655118110236,309.6462992125994
1753.2810645723482,1995.0242312426985,308.5655118110236,309.6462992125994
1748.5300098521338,1990.8111588429495,311.5655118110236,309.6462992125994
1743.5649711145309,1986.8525113044457,308.5655118110236,309.6462992125994
1738.8139163943165,1982.6394389046966,311.5655118110236,309.6462992125994
1733.8488776567135,1978.6807913661928,308.5655118110236,309.6462992125994
1729.0978229364991,1974.4677189664437,311.5655118110236,309.6462992125994
1724.1327841988962,1970.50907142794,308.5655118110236,309.6462992125994
1719.3817294786818,1966.2959990281909,311.5655118110236,309.6462992125994
1714.4166907410788,1962.337351489687,308.5655118110236,309.6462992125994
1709.6656360208644,1958.124279089938,311.5655118110236,309.6462992125994
1704.7005972832615,1954.1656315514342,308.5655118110236,309.6462992125994
1699.949542563047,1949.9525591516851,311.5655118110236,309.6462992125994
1694.984503825444,1945.9939116131814,308.5655118110236,309.6462992125994
1690.2334491052297,1941.7808392134323,311.5655118110236,309.6462992125994
1685.2684103676268,1937.8221916749285,308.5655118110236,309.6462992125994
1680.5173556474124,1933.6091192751794,311.5655118110236,309.6462992125994
1675.5523169098094,1929.6504717366756,308.5655118110236,309.6462992125994
1670.801262189595,1925.4373993369265,311.5655118110236,309.6462992125994
1665.836223451992,1921.4787517984228,308.5655118110236,309.6462992125994
1661.0851687317777,1917.2656793986737,311.5655118110236,309.6462992125994
1656.1201299941747,1913.30703186017,308.5655118110236,309.6462992125994
1651.3690752739603,1909.0939594604208,311.5655118110236,309.6462992125994
1646.4040365363574,1905.135311921917,308.5655118110236,309.6462992125994
1641.652981816143,1900.922239522168,311.5655118110236,309.6462992125994
1636.68794307854,1896.9635919836642,308.5655118110236,309.6462992125994
1631.9368883583256,1892.750519583915,311.5655118110236,309.6462992125994
1626.9718496207227,1888.7918720454113,308.5655118110236,307.0079527559065
1621.8064356917955,1885.0984997458936,305.5655118110236,304.3696062992136
1616.4548046120797,1881.680525962112,302.5655118110236,301.7312598425207
1610.9316248303774,1878.547319122627,299.5655118110236,299.09291338582784
1605.2520349985589,1875.7074671295993,296.5655118110236,296.45456692913496
1599.4316024775696,1873.1687538199462,293.5655118110236,293.81622047244207
1593.7520126457512,1870.3289018269186,296.5655118110236,293.81622047244207
1587.931580124762,1867.7901885172655,293.5655118110236,293.81622047244207
1582.2519902929434,1864.9503365242379,296.5655118110236,293.81622047244207
1576.4315577719542,1862.4116232145848,293.5655118110236,293.81622047244207
1570.7519679401357,1859.5717712215571,296.5655118110236,293.81622047244207
1564.9315354191465,1857.033057911904,293.5655118110236,293.81622047244207
1559.251945587328,1854.1932059188764,296.5655118110236,293.81622047244207
1553.4315130663388,1851.6544926092233,293.5655118110236,293.81622047244207
1547.7519232345203,1848.8146406161957,296.5655118110236,293.81622047244207
1541.931490713531,1846.2759273065426,293.5655118110236,293.81622047244207
1536.2519008817126,1843.436075313515,296.5655118110236,293.81622047244207
1530.4314683607233,1840.8973620038619,293.5655118110236,293.81622047244207
1524.7518785289049,1838.0575100108342,296.5655118110236,293.81622047244207
1518.9314460079156,1835.5187967011811,293.5655118110236,293.81622047244207
1513.2518561760971,1832.6789447081535,296.5655118110236,293.81622047244207
1507.431423655108,1830.1402313985004,293.5655118110236,293.81622047244207
1501.7518338232894,1827.3003794054728,296.5655118110236,293.81622047244207
1495.9314013023002,1824.7616660958197,293.5655118110236,293.81622047244207
1490.2518114704817,1821.921814102792,296.5655118110236,293.81622047244207
1484.4313789494925,1819.383100793139,293.5655118110236,293.81622047244207
1478.751789117674,1816.5432488001113,296.5655118110236,293.81622047244207
1472.9313565966847,1814.0045354904582,293.5655118110236,293.81622047244207
1467.2517667648663,1811.1646834974306,296.5655118110236,293.81622047244207
1461.431334243877,1808.6259701877775,293.5655118110236,293.81622047244207
1455.7517444120585,1805.7861181947499,296.5655118110236,293.81622047244207
1449.9313118910693,1803.2474048850968,293.5655118110236,293.81622047244207
1444.2517220592508,1800.4075528920691,296.5655118110236,293.81622047244207
1438.4312895382616,1797.868839582416,293.5655118110236,293.81622047244207
1432.751699706443,1795.0289875893884,296.5655118110236,293.81622047244207
1426.9312671854539,1792.4902742797353,293.5655118110236,293.81622047244207
1421.2516773536354,1789.6504222867077,296.5655118110236,293.81622047244207
1415.4312448326461,1787.1117089770546,293.5655118110236,293.81622047244207
1409.7516550008277,1784.271856984027,296.5655118110236,293.81622047244207
1403.9312224798384,1781.7331436743739,293.5655118110236,293.81622047244207
1398.25163264802,1778.8932916813462,296.5655118110236,293.81622047244207
1392.4312001270307,1776.3545783716932,293.5655118110236,293.81622047244207
1386.7516102952122,1773.5147263786655,296.5655118110236,293.81622047244207
1380.931177774223,1770.9760130690124,293.5655118110236,293.81622047244207
1375.2515879424045,1768.1361610759848,296.5655118110236,293.81622047244207
1369.4311554214153,1765.5974477663317,293.5655118110236,293.81622047244207
1363.7515655895968,1762.757595773304,296.5655118110236,293.81622047244207
1357.9311330686076,1760.218882463651,293.5655118110236,293.81622047244207
1352.251543236789,1757.3790304706233,296.5655118110236,293.81622047244207
1346.4311107157998,1754.8403171609702,293.5655118110236,293.81622047244207
1340.7515208839814,1752.0004651679426,296.5655118110236,293.81622047244207
1334.931088362992,1749.4617518582895,293.5655118110236,293.81622047244207
1329.2514985311736,1746.6218998652619,296.5655118110236,293.81622047244207
1323.4310660101844,1744.0831865556088,293.5655118110236,293.81622047244207
1317.751476178366,1741.2433345625811,296.5655118110236,293.81622047244207
1311.9310436573767,1738.704621252928,293.5655118110236,293.81622047244207
1306.2514538255582,1735.8647692599004,296.5655118110236,293.81622047244207
1300.431021304569,1733.3260559502473,293.5655118110236,293.81622047244207
1294.7514314727505,1730.4862039572197,296.5655118110236,293.81622047244207
1288.9309989517612,1727.9474906475666,293.5655118110236,293.81622047244207
1283.2514091199428,1725.107638654539,296.5655118110236,293.81622047244207
1277.4309765989535,1722.5689253448859,293.5655118110236,293.81622047244207
1271.751386767135,1719.7290733518582,296.5655118110236,293.81622047244207
1265.9309542461458,1717.1903600422052,293.5655118110236,293.81622047244207
1260.2513644143273,1714.3505080491775,296.5655118110236,293.81622047244207
1254.430931893338,1711.8117947395244,293.5655118110236,293.81622047244207
1248.7513420615196,1708.9719427464968,296.5655118110236,293.81622047244207
1242.9309095405304,1706.4332294368437,293.5655118110236,293.81622047244207
1237.251319708712,1703.593377443816,296.5655118110236,293.81622047244207
1231.4308871877226,1701.054664134163,293.5655118110236,293.81622047244207
1225.7512973559042,1698.2148121411353,296.5655118110236,293.81622047244207
1219.930864834915,1695.6760988314822,293.5655118110236,293.81622047244207
1214.2512750030965,1692.8362468384546,296.5655118110236,293.81622047244207
1208.4308424821072,1690.2975335288015,293.5655118110236,293.81622047244207
1202.7512526502887,1687.4576815357739,296.5655118110236,293.81622047244207
1196.9308201292995,1684.9189682261208,293.5655118110236,293.81622047244207
1191.251230297481,1682.0791162330931,296.5655118110236,293.81622047244207
1185.4307977764918,1679.54040292344,293.5655118110236,293.81622047244207
1179.7512079446733,1676.7005509304124,296.5655118110236,293.81622047244207
1173.930775423684,1674.1618376207593,293.5655118110236,293.81622047244207
1168.2511855918656,1671.3219856277317,296.5655118110236,293.81622047244207
1162.4307530708763,1668.7832723180786,293.5655118110236,293.81622047244207
1156.7511632390579,1665.943420325051,296.5655118110236,293.81622047244207
1150.9307307180686,1663.404707015398,293.5655118110236,293.81622047244207
1145.2511408862501,1660.5648550223702,296.5655118110236,293.81622047244207
1139.430708365261,1658.0261417127172,293.5655118110236,293.81622047244207
1133.7511185334424,1655.1862897196895,296.5655118110236,293.81622047244207
1127.9306860124532,1652.6475764100364,293.5655118110236,293.81622047244207
1122.2510961806347,1649.8077244170088,296.5655118110236,293.81622047244207
1116.4306636596455,1647.2690111073557,293.5655118110236,293.81622047244207
1110.751073827827,1644.429159114328,296.5655118110236,293.81622047244207
1104.9306413068377,1641.890445804675,293.5655118110236,293.81622047244207
1099.2510514750193,1639.0505938116473,296.5655118110236,293.81622047244207
1093.43061895403,1636.5118805019943,293.5655118110236,293.81622047244207
1087.7510291222115,1633.6720285089666,296.5655118110236,293.81622047244207
1081.9305966012223,1631.1333151993135,293.5655118110236,293.81622047244207
1076.2510067694038,1628.2934632062859,296.5655118110236,293.81622047244207
1070.4305742484146,1625.7547498966328,293.5655118110236,293.81622047244207
1064.750984416596,1622.9148979036052,296.5655118110236,293.81622047244207
1058.9305518956069,1620.376184593952,293.5655118110236,293.81622047244207
1053.2509620637884,1617.5363326009244,296.5655118110236,293.81622047244207
1047.4305295427991,1614.9976192912713,293.5655118110236,293.81622047244207
1041.7509397109807,1612.1577672982437,296.5655118110236,293.81622047244207
1035.9305071899914,1609.6190539885906,293.5655118110236,293.81622047244207
1030.250917358173,1606.779201995563,296.5655118110236,293.81622047244207
1024.4304848371837,1604.24048868591,293.5655118110236,293.81622047244207
1018.7508950053651,1601.4006366928822,296.5655118110236,293.81622047244207
1012.9304624843758,1598.8619233832292,293.5655118110236,293.81622047244207
1007.2508726525572,1596.0220713902015,296.5655118110236,293.81622047244207
1001.4304401315678,1593.4833580805484,293.5655118110236,293.81622047244207
995.7508502997492,1590.6435060875208,296.5655118110236,293.81622047244207
989.9304177787599,1588.1047927778677,293.5655118110236,293.81622047244207
984.2508279469413,1585.26494078484,296.5655118110236,293.81622047244207
978.4303954259519,1582.726227475187,293.5655118110236,293.81622047244207
972.7508055941333,1579.8863754821593,296.5655118110236,293.81622047244207
966.930373073144,1577.3476621725063,293.5655118110236,293.81622047244207
961.2507832413254,1574.5078101794786,296.5655118110236,293.81622047244207
955.430350720336,1571.9690968698255,293.5655118110236,293.81622047244207
949.7507608885174,1569.1292448767979,296.5655118110236,293.81622047244207
943.9303283675281,1566.5905315671448,293.5655118110236,293.81622047244207
938.2507385357095,1563.7506795741172,296.5655118110236,293.81622047244207
932.4303060147201,1561.211966264464,293.5655118110236,296.45456692913496
926.7507161829016,1558.3721142714364,296.5655118110236,299.09291338582784
921.2275364011992,1555.2389074319515,299.5655118110236,301.7312598425207
915.8759053214834,1551.8209336481698,302.5655118110236,304.3696062992136
910.7104913925562,1548.127561348652,305.5655118110236,307.0079527559065
905.7454526549533,1544.1689138101483,308.5655118110236,309.6462992125994
900.9943979347388,1539.9558414103992,311.5655118110236,312.2846456692923
896.4703495426592,1535.4998918880053,314.5655118110236,314.92299212598516
892.1857075808942,1530.8132786908784,317.5655118110236,317.56133858267805
888.1522159552395,1525.9088475000294,320.5655118110236,320.19968503937093
884.3809301858762,1520.8000410204495,323.5655118110236,322.8380314960638
880.8821871049594,1515.5008621355905,326.5655118110236,325.4763779527567
877.6655765240791,1510.0258355264343,329.5655118110236,328.1147244094496
874.7399149492538,1504.389967860352,332.5655118110236,330.7530708661425
872.1132214154998,1498.6087066588723,335.5655118110236,333.39141732283537
869.7926955072138,1492.6978979570977,338.5655118110236,336.02976377952825
867.7846976246127,1486.6737428708245,341.5655118110236,338.66811023622114
865.4641717163267,1480.76293416905,338.5655118110236,341.306456692914
863.4561738337256,1474.7387790827768,341.5655118110236,343.9448031496069
861.7662077594314,1468.6177894023629,344.5655118110236,346.5831496062998
860.3989055729855,1462.4167423350573,347.5655118110236,349.2214960629927
859.3580149546412,1456.152634519842,350.5655118110236,351.85984251968557
858.6463889132318,1449.8426354408255,353.5655118110236,354.49818897637846
858.2659779662723,1443.5040403668809,356.5655118110236,354.49818897637846
857.5543519248629,1437.1940412878644,353.5655118110236,354.49818897637846
857.1739409779034,1430.8554462139198,356.5655118110236,354.49818897637846
856.462314936494,1424.5454471349033,353.5655118110236,354.49818897637846
856.0819039895345,1418.2068520609587,356.5655118110236,354.49818897637846
855.370277948125,1411.8968529819422,353.5655118110236,354.49818897637846
854.9898670011655,1405.5582579079976,356.5655118110236,354.49818897637846
854.2782409597561,1399.248258828981,353.5655118110236,354.49818897637846
853.8978300127966,1392.9096637550365,356.5655118110236,354.49818897637846
853.1862039713872,1386.59966467602,353.5655118110236,354.49818897637846
852.8057930244277,1380.2610696020754,356.5655118110236,354.49818897637846
852.0941669830182,1373.951070523059,353.5655118110236,354.49818897637846
851.7137560360587,1367.6124754491143,356.5655118110236,354.49818897637846
851.0021299946493,1361.3024763700978,353.5655118110236,354.49818897637846
850.6217190476898,1354.9638812961532,356.5655118110236,354.49818897637846
849.9100930062804,1348.6538822171367,353.5655118110236,354.49818897637846
849.5296820593209,1342.315287143192,356.5655118110236,354.49818897637846
848.8180560179114,1336.0052880641756,353.5655118110236,354.49818897637846
848.4376450709519,1329.666692990231,356.5655118110236,357.13653543307134
848.3894918984059,1323.3168755698657,359.5655118110236,359.77488188976423
848.6737284847723,1316.9732402112586,362.5655118110236,362.4132283464571
849.2895757573248,1310.6531743779867,365.5655118110236,365.05157480315
850.2353457214964,1304.3740009311969,368.5655118110236,367.6899212598429
851.5084460875551,1298.1529306488467,371.5655118110236,370.3282677165358
853.1053873758894,1292.0070150521587,374.5655118110236,372.96661417322866
854.3784877419481,1285.7859447698086,371.5655118110236,372.96661417322866
855.9754290302825,1279.6400291731206,374.5655118110236,372.96661417322866
857.2485293963412,1273.4189588907705,371.5655118110236,372.96661417322866
858.8454706846755,1267.2730432940825,374.5655118110236,372.96661417322866
860.1185710507342,1261.0519730117323,371.5655118110236,372.96661417322866
861.7155123390686,1254.9060574150444,374.5655118110236,372.96661417322866
862.9886127051273,1248.6849871326942,371.5655118110236,372.96661417322866
864.5855539934616,1242.5390715360063,374.5655118110236,372.96661417322866
865.8586543595203,1236.3180012536561,371.5655118110236,372.96661417322866
867.4555956478547,1230.1720856569682,374.5655118110236,372.96661417322866
868.7286960139133,1223.951015374618,371.5655118110236,372.96661417322866
870.3256373022477,1217.80509977793,374.5655118110236,372.96661417322866
871.5987376683064,1211.58402949558,371.5655118110236,372.96661417322866
873.1956789566408,1205.438113898892,374.5655118110236,372.96661417322866
874.4687793226994,1199.2170436165418,371.5655118110236,372.96661417322866
876.0657206110338,1193.0711280198539,374.5655118110236,372.96661417322866
877.3388209770925,1186.8500577375037,371.5655118110236,372.96661417322866
878.9357622654269,1180.7041421408157,374.5655118110236,372.96661417322866
880.2088626314855,1174.4830718584656,371.5655118110236,372.96661417322866
881.8058039198199,1168.3371562617776,374.5655118110236,372.96661417322866
883.0789042858786,1162.1160859794275,371.5655118110236,372.96661417322866
884.675845574213,1155.9701703827395,374.5655118110236,372.96661417322866
885.9489459402716,1149.7491001003893,371.5655118110236,372.96661417322866
887.545887228606,1143.6031845037014,374.5655118110236,372.96661417322866
888.8189875946647,1137.3821142213512,371.5655118110236,372.96661417322866
890.4159288829991,1131.2361986246633,374.5655118110236,372.96661417322866
891.6890292490577,1125.0151283423131,371.5655118110236,372.96661417322866
893.2859705373921,1118.8692127456252,374.5655118110236,372.96661417322866
894.5590709034508,1112.648142463275,371.5655118110236,372.96661417322866
896.1560121917852,1106.502226866587,374.5655118110236,372.96661417322866
897.4291125578438,1100.281156584237,371.5655118110236,372.96661417322866
899.0260538461782,1094.135240987549,374.5655118110236,372.96661417322866
900.2991542122369,1087.9141707051988,371.5655118110236,372.96661417322866
901.8960955005713,1081.7682551085109,374.5655118110236,372.96661417322866
903.1691958666299,1075.5471848261607,371.5655118110236,370.3282677165358
904.1149658308016,1069.2680113793708,368.5655118110236,367.6899212598429
904.7308131033541,1062.947945546099,365.5655118110236,365.05157480315
905.0150496897204,1056.6043101874918,362.5655118110236,362.4132283464571
904.9668965171744,1050.2544927671265,359.5655118110236,362.4132283464571
905.2511331035407,1043.9108574085194,362.5655118110236,362.4132283464571
905.2029799309947,1037.561039988154,359.5655118110236,362.4132283464571
905.487216517361,1031.217404629547,362.5655118110236,362.4132283464571
905.439063344815,1024.8675872091817,359.5655118110236,362.4132283464571
905.7232999311814,1018.5239518505746,362.5655118110236,362.4132283464571
905.6751467586354,1012.1741344302094,359.5655118110236,362.4132283464571
905.9593833450017,1005.8304990716023,362.5655118110236,362.4132283464571
905.9112301724557,999.4806816512371,359.5655118110236,362.4132283464571
906.195466758822,993.13704629263,362.5655118110236,362.4132283464571
906.147313586276,986.7872288722648,359.5655118110236,362.4132283464571
906.4315501726423,980.4435935136577,362.5655118110236,362.4132283464571
906.3833970000964,974.0937760932925,359.5655118110236,362.4132283464571
906.6676335864627,967.7501407346854,362.5655118110236,362.4132283464571
906.6194804139167,961.4003233143202,359.5655118110236,362.4132283464571
906.903717000283,955.0566879557131,362.5655118110236,362.4132283464571
906.855563827737,948.7068705353479,359.5655118110236,362.4132283464571
907.1398004141033,942.3632351767408,362.5655118110236,362.4132283464571
907.0916472415573,936.0134177563756,359.5655118110236,362.4132283464571
907.3758838279236,929.6697823977685,362.5655118110236,362.4132283464571
907.3277306553776,923.3199649774033,359.5655118110236,362.4132283464571
907.611967241744,916.9763296187962,362.5655118110236,362.4132283464571
907.563814069198,910.626512198431,359.5655118110236,362.4132283464571
907.8480506555643,904.2828768398239,362.5655118110236,362.4132283464571
908.4638979281168,897.9628110065521,365.5655118110236,365.05157480315
909.4096678922884,891.6836375597622,368.5655118110236,367.6899212598429
910.6827682583471,885.462567277412,371.5655118110236,370.3282677165358
912.1182809999074,879.2769546829458,373.0655118110236,372.96661417322866
913.7152222882418,873.1310390862577,374.5655118110236,375.60496062992155
915.4724976595602,867.0290325909025,376.0655118110236,378.24330708661444
917.388902765101,860.9751172073298,377.5655118110236,380.8816535433073
919.4631241965313,854.973441986744,379.0655118110236,383.5200000000002
921.6937403860919,849.0281201775506,380.5655118110236,386.1583464566931
924.0792225808682,843.1432264063424,382.0655118110236,388.796692913386
926.6179358905213,837.322793885353,383.5655118110236,391.43503937007887
929.3081404077603,831.5708116482954,385.0655118110236,394.07338582677176
932.147992400788,825.8912218164768,386.5655118110236,396.71173228346464
935.1355455769019,820.2879168970661,388.0655118110236,399.3500787401575
938.2687524163869,814.7647371153638,389.5655118110236,401.9884251968504
941.5454655757823,809.3254677829033,391.0655118110236,404.6267716535433
945.0818573489234,803.7884258626303,392.5655118110236,407.2651181102362
948.8852110495138,798.1636058096681,394.0655118110236,409.991811023622
952.9479205789834,792.4816504878481,395.5655118110236,412.80685039370076
957.1579741701125,786.9079915675499,397.0655118110236,415.7001968503937
961.5124864624668,781.4464489561867,398.5655118110236,418.59354330708663
966.0084730908337,776.1007657222543,400.0655118110236,421.4868897637796
970.6428527305578,770.8746055300185,401.5655118110236,424.3802362204725
975.4124492093264,765.7715501286223,403.0655118110236,427.27358267716545
980.3139936839596,760.7950968973347,404.5655118110236,430.1669291338584
985.344126880712,755.948656448621,406.0655118110236,433.0602755905513
990.4994013975515,751.2355502906796,407.5655118110236,435.95362204724427
995.776284066836,746.6590085510463,409.0655118110236,438.8469685039372
1001.1711583767699,742.2221677628261,410.5655118110236,441.74031496063014
1006.6803269499812,737.92806871507,412.0655118110236,444.6336614173231
1012.3000140775191,733.7796543687704,413.5655118110236,447.527007874016
1018.1291108508641,729.9310369797619,416.5655118110236,450.42035433070896
1024.151640120936,726.3927653407936,419.5655118110236,453.3137007874019
1030.3510945536264,723.1745376084857,422.5655118110236,456.20704724409484
1036.7104818752541,720.2851747213563,425.5655118110236,459.1003937007878
1043.2123714472061,717.7325962222417,428.5655118110236,461.9937401574807
1049.8389420421065,715.5237985513804,431.5655118110236,464.88708661417365
1056.5720306905619,713.6648358696568,434.5655118110236,467.7804330708666
1063.393182464598,712.1608034645665,437.5655118110236,470.67377952755953
1070.283701061335,711.0158237843877,440.5655118110236,473.56712598425247
1077.224700048253,710.2330351388374,443.5655118110236,476.4604724409454
1084.197154629592,709.814583097182,446.5655118110236,479.35381889763835
1091.1819537919937,709.7616146073814,449.5655118110236,482.2471653543313
1098.1599526864616,710.0742748523844,452.5655118110236,485.1405118110242
1105.1120251030607,710.7517068521921,455.5655118110236,488.03385826771716
1112.0191158945295,711.7920538127809,458.5655118110236,490.9272047244101
1118.8622932051148,713.1924642154453,461.5655118110236,493.82055118110304
1125.6228003614717,714.9490996326131,464.5655118110236,496.713897637796
1132.2821072834015,717.0571452487079,467.5655118110236,496.713897637796
1138.8219612735143,719.5108230572246,470.5655118110236,496.713897637796
1145.2244370466026,722.303407697843,473.5655118110236,496.713897637796
1151.4719858616031,725.4272448901734,476.5655118110236,496.713897637796
1157.5474836214755,728.8737724136068,479.5655118110236,496.713897637796
1163.434277809163,732.6335435757668,482.5655118110236,496.713897637796
1169.116233130983,736.6962531052363,485.5655118110236,496.713897637796
1174.0812718685859,740.6549006437402,488.5655118110236,496.713897637796
1178.8323265888002,744.8679730434894,491.5655118110236,496.713897637796
1183.35637498088,749.3239225658832,494.5655118110236,496.713897637796
1187.641016942645,754.01053576301,497.5655118110236,496.713897637796
1192.1650653347247,758.4664852854038,494.5655118110236,496.713897637796
1196.4497072964896,763.1530984825306,497.5655118110236,496.713897637796
1200.9737556885693,767.6090480049244,494.5655118110236,496.713897637796
1205.2583976503342,772.2956612020512,497.5655118110236,496.713897637796
1209.782446042414,776.751610724445,494.5655118110236,496.713897637796
1214.067088004179,781.4382239215718,497.5655118110236,496.713897637796
1218.5911363962587,785.8941734439655,494.5655118110236,496.713897637796
1222.8757783580236,790.5807866410923,497.5655118110236,496.713897637796
1227.3998267501033,795.0367361634861,494.5655118110236,496.713897637796
1231.6844687118682,799.7233493606129,497.5655118110236,496.713897637796
1236.208517103948,804.1792988830067,494.5655118110236,496.713897637796
1240.493159065713,808.8659120801335,497.5655118110236,496.713897637796
1245.0172074577927,813.3218616025273,494.5655118110236,496.713897637796
1249.3018494195576,818.0084747996541,497.5655118110236,496.713897637796
1253.8258978116373,822.4644243220479,494.5655118110236,496.713897637796
1258.1105397734023,827.1510375191747,497.5655118110236,496.713897637796
1262.634588165482,831.6069870415685,494.5655118110236,496.713897637796
1266.919230127247,836.2936002386953,497.5655118110236,496.713897637796
1271.4432785193267,840.749549761089,494.5655118110236,496.713897637796
1275.7279204810916,845.4361629582158,497.5655118110236,496.713897637796
1280.2519688731713,849.8921124806096,494.5655118110236,496.713897637796
1284.5366108349363,854.5787256777364,497.5655118110236,496.713897637796
1289.060659227016,859.0346752001302,494.5655118110236,496.713897637796
1293.345301188781,863.721288397257,497.5655118110236,496.713897637796
1297.8693495808607,868.1772379196508,494.5655118110236,496.713897637796
1302.1539915426256,872.8638511167776,497.5655118110236,496.713897637796
1306.6780399347053,877.3198006391714,494.5655118110236,496.713897637796
1310.9626818964703,882.0064138362982,497.5655118110236,496.713897637796
1315.48673028855,886.462363358692,494.5655118110236,496.713897637796
1319.771372250315,891.1489765558188,497.5655118110236,496.713897637796
1324.2954206423947,895.6049260782125,494.5655118110236,496.713897637796
1328.5800626041596,900.2915392753393,497.5655118110236,496.713897637796
1333.1041109962393,904.7474887977331,494.5655118110236,496.713897637796
1337.3887529580043,909.4341019948599,497.5655118110236,496.713897637796
1341.912801350084,913.8900515172537,494.5655118110236,496.713897637796
1346.197443311849,918.5766647143805,497.5655118110236,496.713897637796
1350.7214917039287,923.0326142367743,494.5655118110236,496.713897637796
1355.0061336656936,927.7192274339011,497.5655118110236,496.713897637796
1359.5301820577733,932.1751769562949,494.5655118110236,496.713897637796
1363.8148240195383,936.8617901534217,497.5655118110236,496.713897637796
1368.338872411618,941.3177396758155,494.5655118110236,496.713897637796
1372.623514373383,946.0043528729423,497.5655118110236,496.713897637796
1377.1475627654627,950.460302395336,494.5655118110236,496.713897637796
1381.4322047272276,955.1469155924628,497.5655118110236,496.713897637796
1385.9562531193073,959.6028651148566,494.5655118110236,496.713897637796
1390.2408950810723,964.2894783119834,497.5655118110236,496.713897637796
1394.764943473152,968.7454278343772,494.5655118110236,496.713897637796
1399.049585434917,973.432041031504,497.5655118110236,496.713897637796
1403.5736338269967,977.8879905538978,494.5655118110236,496.713897637796
1407.8582757887616,982.5746037510246,497.5655118110236,496.713897637796
1412.3823241808414,987.0305532734184,494.5655118110236,496.713897637796
1416.6669661426063,991.7171664705452,497.5655118110236,496.713897637796
1421.191014534686,996.173115992939,494.5655118110236,496.713897637796
1425.475656496451,1000.8597291900658,497.5655118110236,496.713897637796
1429.9997048885307,1005.3156787124595,494.5655118110236,496.713897637796
1434.2843468502956,1010.0022919095863,497.5655118110236,496.713897637796
1438.8083952423754,1014.4582414319801,494.5655118110236,496.713897637796
1443.0930372041403,1019.1448546291069,497.5655118110236,496.713897637796
1447.61708559622,1023.6008041515007,494.5655118110236,496.713897637796
1451.901727557985,1028.2874173486275,497.5655118110236,496.713897637796
1456.4257759500647,1032.7433668710214,494.5655118110236,496.713897637796
1460.7104179118296,1037.4299800681483,497.5655118110236,496.713897637796
1465.2344663039094,1041.8859295905422,494.5655118110236,496.713897637796
1469.5191082656743,1046.5725427876691,497.5655118110236,496.713897637796
1474.043156657754,1051.028492310063,494.5655118110236,496.713897637796
1478.327798619519,1055.71510550719,497.5655118110236,496.713897637796
1482.8518470115987,1060.1710550295838,494.5655118110236,496.713897637796
1487.1364889733636,1064.8576682267108,497.5655118110236,496.713897637796
1491.6605373654434,1069.3136177491047,494.5655118110236,496.713897637796
1495.9451793272083,1074.0002309462316,497.5655118110236,496.713897637796
1500.469227719288,1078.4561804686255,494.5655118110236,496.713897637796
1504.753869681053,1083.1427936657524,497.5655118110236,496.713897637796
1509.2779180731327,1087.5987431881463,494.5655118110236,496.713897637796
1513.5625600348976,1092.2853563852732,497.5655118110236,496.713897637796
1518.0866084269774,1096.741305907667,494.5655118110236,496.713897637796
1522.3712503887423,1101.427919104794,497.5655118110236,496.713897637796
1526.895298780822,1105.883868627188,494.5655118110236,494.0755511811031
1531.6463535010364,1110.096941026937,491.5655118110236,491.4372047244102
1536.6113922386394,1114.0555885654408,488.5655118110236,488.7988582677173
1541.7768061675665,1117.7489608649585,485.5655118110236,486.16051181102443
1547.1284372472824,1121.1669346487402,482.5655118110236,483.52216535433155
1552.6516170289847,1124.300141488225,479.5655118110236,480.88381889763866
1558.0032481087005,1127.7181152720068,482.5655118110236,480.88381889763866
1563.5264278904028,1130.8513221114918,479.5655118110236,480.88381889763866
1568.8780589701187,1134.2692958952734,482.5655118110236,480.88381889763866
1574.401238751821,1137.4025027347584,479.5655118110236,480.88381889763866
1579.7528698315368,1140.82047651854,482.5655118110236,480.88381889763866
1585.2760496132391,1143.953683358025,479.5655118110236,480.88381889763866
1590.627680692955,1147.3716571418067,482.5655118110236,480.88381889763866
1596.1508604746573,1150.5048639812917,479.5655118110236,480.88381889763866
1601.5024915543731,1153.9228377650734,482.5655118110236,480.88381889763866
1607.0256713360754,1157.0560446045583,479.5655118110236,480.88381889763866
1612.3773024157913,1160.47401838834,482.5655118110236,480.88381889763866
1617.9004821974936,1163.607225227825,479.5655118110236,480.88381889763866
1623.2521132772094,1167.0251990116067,482.5655118110236,480.88381889763866
1628.7752930589118,1170.1584058510916,479.5655118110236,480.88381889763866
1634.1269241386276,1173.5763796348733,482.5655118110236,480.88381889763866
1639.65010392033,1176.7095864743583,479.5655118110236,480.88381889763866
1645.0017350000458,1180.12756025814,482.5655118110236,480.88381889763866
1650.524914781748,1183.260767097625,479.5655118110236,480.88381889763866
1655.876545861464,1186.6787408814066,482.5655118110236,480.88381889763866
1661.3997256431662,1189.8119477208916,479.5655118110236,480.88381889763866
1666.751356722882,1193.2299215046733,482.5655118110236,480.88381889763866
1672.2745365045844,1196.3631283441582,479.5655118110236,480.88381889763866
1677.6261675843002,1199.78110212794,482.5655118110236,480.88381889763866
1683.1493473660025,1202.9143089674249,479.5655118110236,480.88381889763866
1688.5009784457184,1206.3322827512065,482.5655118110236,480.88381889763866
1694.0241582274207,1209.4654895906915,479.5655118110236,480.88381889763866
1699.3757893071365,1212.8834633744732,482.5655118110236,480.88381889763866
1704.8989690888388,1216.0166702139582,479.5655118110236,480.88381889763866
1710.2506001685547,1219.4346439977398,482.5655118110236,480.88381889763866
1715.773779950257,1222.5678508372248,479.5655118110236,480.88381889763866
1721.1254110299728,1225.9858246210065,482.5655118110236,480.88381889763866
1726.6485908116751,1229.1190314604914,479.5655118110236,480.88381889763866
1732.000221891391,1232.5370052442731,482.5655118110236,480.88381889763866
1737.5234016730933,1235.670212083758,479.5655118110236,478.2454724409458
1743.2029915049118,1238.5100640767857,476.5655118110236,475.6071259842529
1749.023424025901,1241.0487773864388,473.5655118110236,472.96877952756
1754.9687458350943,1243.2793935759994,470.5655118110236,470.3304330708671
1761.0226612186668,1245.1957986815403,467.5655118110236,467.69208661417423
1767.1685768153548,1246.7927399698747,464.5655118110236,465.05374015748134
1773.389647097705,1248.0658403359332,461.5655118110236,462.41539370078846
1779.5355626943929,1249.6627816242676,464.5655118110236,462.41539370078846
1785.756632976743,1250.9358819903262,461.5655118110236,462.41539370078846
1791.902548573431,1252.5328232786605,464.5655118110236,462.41539370078846
1798.1236188557812,1253.805923644719,461.5655118110236,462.41539370078846
1804.269534452469,1255.4028649330535,464.5655118110236,462.41539370078846
1810.4906047348193,1256.675965299112,461.5655118110236,462.41539370078846
1816.6365203315072,1258.2729065874464,464.5655118110236,462.41539370078846
1822.8575906138574,1259.546006953505,461.5655118110236,462.41539370078846
1829.0035062105453,1261.1429482418393,464.5655118110236,462.41539370078846
1835.2245764928955,1262.416048607898,461.5655118110236,462.41539370078846
1841.3704920895834,1264.0129898962323,464.5655118110236,462.41539370078846
1847.5915623719336,1265.2860902622908,461.5655118110236,462.41539370078846
1853.7374779686215,1266.8830315506252,464.5655118110236,462.41539370078846
1859.9585482509717,1268.1561319166838,461.5655118110236,462.41539370078846
1866.1044638476596,1269.7530732050182,464.5655118110236,462.41539370078846
1872.3255341300098,1271.0261735710767,461.5655118110236,462.41539370078846
1878.4714497266978,1272.623114859411,464.5655118110236,462.41539370078846
1884.692520009048,1273.8962152254696,461.5655118110236,462.41539370078846
1890.8384356057359,1275.493156513804,464.5655118110236,462.41539370078846
1897.059505888086,1276.7662568798626,461.5655118110236,462.41539370078846
1903.205421484774,1278.363198168197,464.5655118110236,462.41539370078846
1909.4264917671242,1279.6362985342555,461.5655118110236,462.41539370078846
1915.572407363812,1281.23323982259,464.5655118110236,462.41539370078846
1921.7934776461623,1282.5063401886484,461.5655118110236,462.41539370078846
1927.9393932428502,1284.1032814769828,464.5655118110236,462.41539370078846
1934.1604635252004,1285.3763818430414,461.5655118110236,462.41539370078846
1940.3063791218883,1286.9733231313758,464.5655118110236,462.41539370078846
1946.5274494042385,1288.2464234974343,461.5655118110236,459.77704724409557
1952.8066228510284,1289.192193461606,458.5655118110236,457.1387007874027
1959.1266886843002,1289.8080407341583,455.5655118110236,454.5003543307098
1965.4703240429074,1290.0922773205248,452.5655118110236,451.8620078740169
1971.8201414632726,1290.0441241479787,449.5655118110236,449.223661417324
1978.1587365372172,1289.6637132010192,446.5655118110236,446.58531496063114
1984.5085539575825,1289.615560028473,449.5655118110236,446.58531496063114
1990.8471490315271,1289.2351490815136,446.5655118110236,446.58531496063114
1997.1969664518924,1289.1869959089674,449.5655118110236,446.58531496063114
2003.535561525837,1288.806584962008,446.5655118110236,446.58531496063114
2009.8853789462023,1288.7584317894618,449.5655118110236,446.58531496063114
2016.223974020147,1288.3780208425023,446.5655118110236,446.58531496063114
2022.5737914405122,1288.3298676699562,449.5655118110236,446.58531496063114
2028.9123865144568,1287.9494567229967,446.5655118110236,446.58531496063114
2035.262203934822,1287.9013035504506,449.5655118110236,446.58531496063114
2041.6007990087667,1287.5208926034911,446.5655118110236,446.58531496063114
2047.950616429132,1287.472739430945,449.5655118110236,446.58531496063114
2054.2892115030763,1287.0923284839855,446.5655118110236,446.58531496063114
2060.6390289234414,1287.0441753114394,449.5655118110236,446.58531496063114
2066.9776239973858,1286.66376436448,446.5655118110236,446.58531496063114
2073.327441417751,1286.6156111919338,449.5655118110236,446.58531496063114
2079.666036491695,1286.2352002449743,446.5655118110236,443.94696850393825
2085.9760355707117,1285.523574203565,443.5655118110236,441.30862204724536
2092.2401433859272,1284.4826835852207,440.5655118110236,438.6702755905525
2098.441190453233,1283.1153813987748,437.5655118110236,436.0319291338596
2104.562180133647,1281.4254153244806,434.5655118110236,436.0319291338596
2110.7632272009528,1280.0581131380347,437.5655118110236,436.0319291338596
2116.8842168813667,1278.3681470637405,434.5655118110236,436.0319291338596
2123.0852639486725,1277.0008448772946,437.5655118110236,436.0319291338596
2129.2062536290864,1275.3108788030004,434.5655118110236,436.0319291338596
2135.407300696392,1273.9435766165545,437.5655118110236,436.0319291338596
2141.528290376806,1272.2536105422603,434.5655118110236,436.0319291338596
2147.729337444112,1270.8863083558144,437.5655118110236,436.0319291338596
2153.850327124526,1269.1963422815202,434.5655118110236,436.0319291338596
2160.0513741918317,1267.8290400950743,437.5655118110236,436.0319291338596
2166.1723638722456,1266.13907402078,434.5655118110236,436.0319291338596
2172.3734109395514,1264.7717718343342,437.5655118110236,436.0319291338596
2178.4944006199653,1263.08180576004,434.5655118110236,436.0319291338596
2184.695447687271,1261.7145035735941,437.5655118110236,436.0319291338596
2190.816437367685,1260.0245374992999,434.5655118110236,436.0319291338596
2197.017484434991,1258.657235312854,437.5655118110236,436.0319291338596
2203.1384741154047,1256.9672692385598,434.5655118110236,436.0319291338596
2209.3395211827105,1255.599967052114,437.5655118110236,436.0319291338596
2215.4605108631245,1253.9100009778197,434.5655118110236,436.0319291338596
2221.6615579304303,1252.5426987913738,437.5655118110236,436.0319291338596
2227.782547610844,1250.8527327170796,434.5655118110236,436.0319291338596
2233.98359467815,1249.4854305306337,437.5655118110236,436.0319291338596
2240.104584358564,1247.7954644563395,434.5655118110236,436.0319291338596
2246.3056314258697,1246.4281622698936,437.5655118110236,436.0319291338596
2252.4266211062836,1244.7381961955994,434.5655118110236,436.0319291338596
2258.6276681735894,1243.3708940091535,437.5655118110236,436.0319291338596
2264.7486578540033,1241.6809279348593,434.5655118110236,436.0319291338596
2270.949704921309,1240.3136257484134,437.5655118110236,436.0319291338596
2277.070694601723,1238.6236596741192,434.5655118110236,436.0319291338596
2283.271741669029,1237.2563574876733,437.5655118110236,436.0319291338596
2289.392731349443,1235.566391413379,434.5655118110236,436.0319291338596
2295.5937784167486,1234.1990892269332,437.5655118110236,436.0319291338596
2301.7147680971625,1232.509123152639,434.5655118110236,436.0319291338596
2307.9158151644683,1231.141820966193,437.5655118110236,436.0319291338596
2314.036804844882,1229.4518548918988,434.5655118110236,436.0319291338596
2320.237851912188,1228.084552705453,437.5655118110236,436.0319291338596
2326.358841592602,1226.3945866311587,434.5655118110236,433.3935826771667
2332.382996678875,1224.3865887485576,431.5655118110236,430.7552362204738
2338.2938053806492,1222.0660628402716,428.5655118110236,428.11688976378093
2344.075066582129,1219.4393693065174,425.5655118110236,425.47854330708805
2349.710934248211,1216.513707731692,422.5655118110236,422.84019685039516
2355.1859608573673,1213.2970971508116,419.5655118110236,420.2018503937023
2360.4851397422262,1209.7983540698947,416.5655118110236,417.5635039370094
2365.593946221806,1206.0270683005315,413.5655118110236,414.9251574803165
2370.4983774126554,1201.9935766748767,410.5655118110236,412.2868110236236
2375.1849906097823,1197.7089347131118,407.5655118110236,409.6484645669307
2379.640940132176,1193.184886321032,404.5655118110236,407.01011811023784
2383.8540125319255,1188.4338316008177,401.5655118110236,404.37177165354495
2388.3099620543194,1183.909783208738,404.5655118110236,401.73342519685207
2392.5230344540687,1179.1587284885236,401.5655118110236,399.0950787401592
2396.4816819925727,1174.1936897509206,398.5655118110236,396.4567322834663
2400.1750542920904,1169.0282758219935,395.5655118110236,393.8183858267734
2403.593028075872,1163.6766447422776,392.5655118110236,391.1800393700805
2406.726234915357,1158.1534649605753,389.5655118110236,388.54169291338764
2409.5660869083845,1152.4738751287568,386.5655118110236,388.54169291338764
2412.6992937478694,1146.9506953470545,389.5655118110236,388.54169291338764
2415.539145740897,1141.271105515236,386.5655118110236,388.54169291338764
2418.672352580382,1135.7479257335337,389.5655118110236,388.54169291338764
2421.5122045734092,1130.0683359017153,386.5655118110236,388.54169291338764
2424.645411412894,1124.545156120013,389.5655118110236,388.54169291338764
2427.4852634059216,1118.8655662881945,386.5655118110236,388.54169291338764
2430.6184702454066,1113.3423865064922,389.5655118110236,388.54169291338764
2433.458322238434,1107.6627966746737,386.5655118110236,388.54169291338764
2436.591529077919,1102.1396168929714,389.5655118110236,388.54169291338764
2439.4313810709464,1096.460027061153,386.5655118110236,388.54169291338764
2442.5645879104313,1090.9368472794506,389.5655118110236,388.54169291338764
2445.4044399034588,1085.2572574476321,386.5655118110236,388.54169291338764
2448.5376467429437,1079.7340776659298,389.5655118110236,388.54169291338764
2451.377498735971,1074.0544878341113,386.5655118110236,388.54169291338764
2454.510705575456,1068.531308052409,389.5655118110236,388.54169291338764
2457.3505575684835,1062.8517182205906,386.5655118110236,388.54169291338764
2460.4837644079685,1057.3285384388882,389.5655118110236,388.54169291338764
2463.323616400996,1051.6489486070698,386.5655118110236,388.54169291338764
2466.456823240481,1046.1257688253675,389.5655118110236,388.54169291338764
2469.2966752335083,1040.446178993549,386.5655118110236,388.54169291338764
2472.429882072993,1034.9229992118467,389.5655118110236,388.54169291338764
2475.171345493034,1029.4401825710518,386.5655118110236,388.54169291338764
2478.304552332519,1023.9170027893495,389.5655118110236,388.54169291338764
2481.1444043255465,1018.2374129575309,386.5655118110236,388.54169291338764
2484.2776111650314,1012.7142331758286,389.5655118110236,388.54169291338764
2487.117463158059,1007.03464334401,386.5655118110236,388.54169291338764
2490.250669997544,1001.5114635623077,389.5655118110236,388.54169291338764
2493.0905219905712,995.8318737304891,386.5655118110236,388.54169291338764
2496.223728830056,990.3086939487868,389.5655118110236,388.54169291338764
2499.0635808230836,984.6291041169682,386.5655118110236,388.54169291338764
2502.1967876625686,979.1059243352659,389.5655118110236,388.54169291338764
2505.036639655596,973.4263345034473,386.5655118110236,388.54169291338764
2508.169846495081,967.903154721745,389.5655118110236,388.54169291338764
2511.0096984881084,962.2235648899264,386.5655118110236,388.54169291338764
2514.1429053275933,956.700385108224,389.5655118110236,388.54169291338764
2516.9827573206207,951.0207952764055,386.5655118110236,388.54169291338764
2520.1159641601057,945.4976154947032,389.5655118110236,388.54169291338764
2522.955816153133,939.8180256628846,386.5655118110236,388.54169291338764
2526.089022992618,934.2948458811823,389.5655118110236,388.54169291338764
2528.9288749856455,928.6152560493637,386.5655118110236,388.54169291338764
2532.0620818251305,923.0920762676614,389.5655118110236,388.54169291338764
2534.901933818158,917.4124864358428,386.5655118110236,388.54169291338764
2538.035140657643,911.8893066541405,389.5655118110236,388.54169291338764
2540.8749926506703,906.2097168223219,386.5655118110236,388.54169291338764
2544.008199490155,900.6865370406196,389.5655118110236,388.54169291338764
2546.8480514831826,895.006947208801,386.5655118110236,388.54169291338764
2549.9812583226676,889.4837674270987,389.5655118110236,391.1800393700805
2553.3992321064493,884.1321363473828,392.5655118110236,393.8183858267734
2557.092604405967,878.9667224184557,395.5655118110236,396.4567322834663
2561.051251944471,874.0016836808528,398.5655118110236,399.0950787401592
2565.2643243442203,869.2506289606383,401.5655118110236,401.73342519685207
2569.720273866614,864.7265805685587,404.5655118110236,404.37177165354495
2574.406887063741,860.4419386067938,407.5655118110236,407.01011811023784
2578.862836586135,855.9178902147141,404.5655118110236,407.01011811023784
2583.549449783262,851.6332482529492,407.5655118110236,407.01011811023784
2588.005399305656,847.1091998608696,404.5655118110236,407.01011811023784
2592.6920125027827,842.8245578991047,407.5655118110236,407.01011811023784
2597.1479620251766,838.300509507025,404.5655118110236,407.01011811023784
2601.8345752223036,834.0158675452601,407.5655118110236,407.01011811023784
2606.2905247446974,829.4918191531805,404.5655118110236,407.01011811023784
2610.9771379418244,825.2071771914156,407.5655118110236,407.01011811023784
2615.4330874642183,820.6831287993359,404.5655118110236,407.01011811023784
2620.119700661345,816.398486837571,407.5655118110236,407.01011811023784
2624.575650183739,811.8744384454914,404.5655118110236,407.01011811023784
2629.262263380866,807.5897964837264,407.5655118110236,407.01011811023784
2633.71821290326,803.0657480916468,404.5655118110236,407.01011811023784
2638.404826100387,798.7811061298819,407.5655118110236,407.01011811023784
2642.8607756227807,794.2570577378023,404.5655118110236,407.01011811023784
2647.5473888199076,789.9724157760373,407.5655118110236,407.01011811023784
2652.451820010757,785.9389241503826,410.5655118110236,409.6484645669307
2657.5606264903367,782.1676383810193,413.5655118110236,412.2868110236236
2662.8598053751957,778.6688953001025,416.5655118110236,414.9251574803165
2668.334831984352,775.4522847192222,419.5655118110236,417.5635039370094
2673.970699650434,772.5266231443969,422.5655118110236,420.2018503937023
2679.7519608519137,769.8999296106429,425.5655118110236,422.84019685039516
2685.387828517996,766.9742680358175,422.5655118110236,425.47854330708805
2691.1690897194753,764.3475745020635,425.5655118110236,428.11688976378093
2697.0798984212497,762.0270485937775,428.5655118110236,430.7552362204738
2703.1040535075226,760.0190507111764,431.5655118110236,433.3935826771667
2709.2250431879365,758.3290846368822,434.5655118110236,436.0319291338596
2715.4260902552423,756.9617824504363,437.5655118110236,438.6702755905525
2721.690198070458,755.920891832092,440.5655118110236,441.30862204724536
2728.0001971494744,755.2092657906826,443.5655118110236,443.94696850393825
2734.3387922234187,754.8288548437231,446.5655118110236,446.58531496063114
2740.688609643784,754.7807016711771,449.5655118110236,449.223661417324
2747.032245002391,755.0649382575434,452.5655118110236,451.8620078740169
2753.3523108356626,755.6807855300959,455.5655118110236,454.5003543307098
2759.6314842824527,756.6265554942676,458.5655118110236,457.1387007874027
2765.852554564803,757.8996558603262,461.5655118110236,459.77704724409557
2771.9984701614912,759.4965971486606,464.5655118110236,462.41539370078846
2778.0523855450638,761.4130022542014,467.5655118110236,465.05374015748134
2783.9977073542573,763.643618443762,470.5655118110236,467.69208661417423
2790.05162273783,765.5600235493027,467.5655118110236,470.3304330708671
2795.9969445470233,767.7906397388633,470.5655118110236,472.96877952756
2801.817377068013,770.3293530485164,473.5655118110236,475.6071259842529
2807.4969668998315,773.169205041544,476.5655118110236,478.2454724409458
2813.020146681534,776.302411881029,479.5655118110236,480.88381889763866
2818.3717777612496,779.7203856648108,482.5655118110236,483.52216535433155
2823.5371916901768,783.4137579643285,485.5655118110236,486.16051181102443
2828.5022304277795,787.3724055028324,488.5655118110236,488.7988582677173
2833.253285147994,791.5854779025816,491.5655118110236,491.4372047244102
2837.777333540074,796.0414274249754,494.5655118110236,494.0755511811031
2842.061975501839,800.7280406221022,497.5655118110236,496.713897637796
2846.0954671274935,805.6324718129512,500.5655118110236,499.35224409448887
2849.8667528968567,810.7412782925311,503.5655118110236,501.99059055118175
2853.3654959777737,816.0404571773902,506.5655118110236,504.62893700787464
2856.582106558654,821.5154837865465,509.5655118110236,507.2672834645675
2859.507768133479,827.1513514526287,512.5655118110236,509.9056299212604
2862.7243787143593,832.626378061785,509.5655118110236,512.5439763779533
2865.6500402891847,838.2622457278671,512.5655118110236,512.5439763779533
2868.866650870065,843.7372723370235,509.5655118110236,512.5439763779533
2871.7923124448903,849.3731400031056,512.5655118110236,512.5439763779533
2875.0089230257704,854.8481666122619,509.5655118110236,512.5439763779533
2877.934584600596,860.4840342783441,512.5655118110236,512.5439763779533
2881.151195181476,865.9590608875004,509.5655118110236,512.5439763779533
2884.0768567563014,871.5949285535826,512.5655118110236,512.5439763779533
2887.2934673371815,877.0699551627389,509.5655118110236,512.5439763779533
2890.219128912007,882.705822828821,512.5655118110236,512.5439763779533
2893.435739492887,888.1808494379774,509.5655118110236,512.5439763779533
2896.3614010677124,893.8167171040595,512.5655118110236,512.5439763779533
2899.5780116485926,899.2917437132159,509.5655118110236,512.5439763779533
2902.503673223418,904.927611379298,512.5655118110236,512.5439763779533
2905.720283804298,910.4026379884543,509.5655118110236,512.5439763779533
2908.6459453791235,916.0385056545365,512.5655118110236,512.5439763779533
2911.8625559600036,921.5135322636928,509.5655118110236,512.5439763779533
2914.788217534829,927.149399929775,512.5655118110236,512.5439763779533
2918.004828115709,932.6244265389313,509.5655118110236,512.5439763779533
2920.9304896905346,938.2602942050135,512.5655118110236,512.5439763779533
2924.1471002714147,943.7353208141698,509.5655118110236,512.5439763779533
2927.07276184624,949.3711884802519,512.5655118110236,512.5439763779533
2930.2893724271203,954.8462150894082,509.5655118110236,512.5439763779533
2933.2150340019457,960.4820827554904,512.5655118110236,512.5439763779533
2936.431644582826,965.9571093646467,509.5655118110236,512.5439763779533
2939.3573061576512,971.5929770307289,512.5655118110236,512.5439763779533
2942.5739167385314,977.0680036398852,509.5655118110236,512.5439763779533
2945.499578313357,982.7038713059674,512.5655118110236,512.5439763779533
2948.716188894237,988.1788979151237,509.5655118110236,512.5439763779533
2951.6418504690623,993.8147655812058,512.5655118110236,512.5439763779533
2954.8584610499424,999.2897921903622,509.5655118110236,512.5439763779533
2957.784122624768,1004.9256598564443,512.5655118110236,512.5439763779533
2961.000733205648,1010.4006864656006,509.5655118110236,512.5439763779533
2963.9263947804734,1016.0365541316828,512.5655118110236,509.9056299212604
2967.1430053613535,1021.5115807408391,509.5655118110236,507.2672834645675
2970.6417484422705,1026.8107596256982,506.5655118110236,504.62893700787464
2974.4130342116337,1031.9195661052781,503.5655118110236,501.99059055118175
2978.4465258372884,1036.8239972961271,500.5655118110236,499.35224409448887
2982.7311677990533,1041.510610493254,497.5655118110236,496.713897637796
2987.255216191133,1045.966560015648,494.5655118110236,496.713897637796
2991.539858152898,1050.6531732127748,497.5655118110236,496.713897637796
2996.0639065449777,1055.1091227351687,494.5655118110236,496.713897637796
3000.3485485067426,1059.7957359322957,497.5655118110236,496.713897637796
3004.8725968988224,1064.2516854546896,494.5655118110236,496.713897637796
3009.1572388605873,1068.9382986518165,497.5655118110236,496.713897637796
3013.681287252667,1073.3942481742104,494.5655118110236,496.713897637796
3017.965929214432,1078.0808613713373,497.5655118110236,496.713897637796
3022.4899776065117,1082.5368108937312,494.5655118110236,496.713897637796
3026.7746195682766,1087.223424090858,497.5655118110236,496.713897637796
3031.2986679603564,1091.679373613252,494.5655118110236,496.713897637796
3035.5833099221213,1096.365986810379,497.5655118110236,496.713897637796
3040.107358314201,1100.8219363327728,494.5655118110236,496.713897637796
3044.392000275966,1105.5085495298997,497.5655118110236,496.713897637796
3048.9160486680457,1109.9644990522936,494.5655118110236,496.713897637796
3053.2006906298107,1114.6511122494205,497.5655118110236,496.713897637796
3057.7247390218904,1119.1070617718144,494.5655118110236,496.713897637796
3062.0093809836553,1123.7936749689413,497.5655118110236,496.713897637796
3066.533429375735,1128.2496244913352,494.5655118110236,496.713897637796
3070.8180713375,1132.9362376884621,497.5655118110236,496.713897637796
3075.3421197295797,1137.392187210856,494.5655118110236,496.713897637796
3079.6267616913447,1142.078800407983,497.5655118110236,496.713897637796
3084.1508100834244,1146.5347499303768,494.5655118110236,496.713897637796
3088.4354520451893,1151.2213631275038,497.5655118110236,496.713897637796
3092.959500437269,1155.6773126498977,494.5655118110236,496.713897637796
3097.244142399034,1160.3639258470246,497.5655118110236,496.713897637796
3101.7681907911137,1164.8198753694185,494.5655118110236,496.713897637796
3106.0528327528787,1169.5064885665454,497.5655118110236,496.713897637796
3110.5768811449584,1173.9624380889393,494.5655118110236,496.713897637796
3114.8615231067233,1178.6490512860662,497.5655118110236,496.713897637796
3119.385571498803,1183.10500080846,494.5655118110236,496.713897637796
3123.670213460568,1187.791614005587,497.5655118110236,496.713897637796
3128.1942618526477,1192.247563527981,494.5655118110236,496.713897637796
3132.4789038144127,1196.9341767251078,497.5655118110236,496.713897637796
3137.0029522064924,1201.3901262475017,494.5655118110236,496.713897637796
3141.2875941682573,1206.0767394446286,497.5655118110236,496.713897637796
3145.811642560337,1210.5326889670225,494.5655118110236,496.713897637796
3150.096284522102,1215.2193021641494,497.5655118110236,496.713897637796
3154.6203329141817,1219.6752516865433,494.5655118110236,496.713897637796
3158.9049748759467,1224.3618648836703,497.5655118110236,496.713897637796
3163.4290232680264,1228.8178144060641,494.5655118110236,496.713897637796
3167.7136652297913,1233.504427603191,497.5655118110236,496.713897637796
3172.237713621871,1237.960377125585,494.5655118110236,496.713897637796
3176.9887683420857,1242.173449525334,491.5655118110236,494.0755511811031
3181.9538070796884,1246.1320970638378,488.5655118110236,491.4372047244102
3186.704861799903,1250.345169463587,491.5655118110236,488.7988582677173
3191.669900537506,1254.3038170020907,488.5655118110236,486.16051181102443
3196.835314466433,1257.9971893016084,485.5655118110236,483.52216535433155
3202.1869455461488,1261.41516308539,482.5655118110236,483.52216535433155
3207.352359475076,1265.1085353849078,485.5655118110236,483.52216535433155
3212.7039905547917,1268.5265091686895,482.5655118110236,483.52216535433155
3217.869404483719,1272.2198814682072,485.5655118110236,483.52216535433155
3223.2210355634347,1275.6378552519889,482.5655118110236,483.52216535433155
3228.386449492362,1279.3312275515066,485.5655118110236,483.52216535433155
3233.7380805720777,1282.7492013352883,482.5655118110236,483.52216535433155
3238.903494501005,1286.442573634806,485.5655118110236,483.52216535433155
3244.2551255807207,1289.8605474185877,482.5655118110236,483.52216535433155
3249.420539509648,1293.5539197181054,485.5655118110236,483.52216535433155
3254.7721705893637,1296.971893501887,482.5655118110236,480.88381889763866
3260.295350371066,1300.105100341372,479.5655118110236,478.2454724409458
3265.9749402028847,1302.9449523343997,476.5655118110236,475.6071259842529
3271.795372723874,1305.4836656440527,473.5655118110236,472.96877952756
3277.7406945330677,1307.7142818336133,470.5655118110236,470.3304330708671
3283.79460991664,1309.6306869391542,467.5655118110236,467.69208661417423
3289.9405255133283,1311.2276282274886,464.5655118110236,465.05374015748134
3296.1615957956787,1312.5007285935471,461.5655118110236,462.41539370078846
3302.440769242469,1313.4464985577188,458.5655118110236,459.77704724409557
3308.7608350757405,1314.0623458302712,455.5655118110236,457.1387007874027
3315.1044704343476,1314.3465824166376,452.5655118110236,454.5003543307098
3321.4245362676193,1314.96242968919,455.5655118110236,454.5003543307098
3327.7681716262264,1315.2466662755564,452.5655118110236,454.5003543307098
3334.088237459498,1315.8625135481088,455.5655118110236,454.5003543307098
3340.431872818105,1316.1467501344753,452.5655118110236,454.5003543307098
3346.751938651377,1316.7625974070277,455.5655118110236,454.5003543307098
3353.095574009984,1317.046833993394,452.5655118110236,454.5003543307098
3359.4156398432556,1317.6626812659465,455.5655118110236,454.5003543307098
3365.7592752018627,1317.946917852313,452.5655118110236,454.5003543307098
3372.1090926222278,1317.8987646797668,449.5655118110236,451.8620078740169
3378.447687696172,1317.5183537328073,446.5655118110236,449.223661417324
3384.797505116537,1317.4702005602612,449.5655118110236,446.58531496063114
3391.1361001904816,1317.0897896133017,446.5655118110236,443.94696850393825
3397.446099269498,1316.3781635718924,443.5655118110236,441.30862204724536
3403.7102070847136,1315.337272953548,440.5655118110236,438.6702755905525
3409.9112541520194,1313.9699707671023,437.5655118110236,436.0319291338596
3416.074384476714,1312.440812632431,436.0655118110236,433.3935826771667
3421.9833083729245,1310.8093965638604,434.5655118110236,430.7552362204738
3427.637041480317,1309.0879431226147,433.0655118110236,428.2052362204738
3433.035063911954,1307.2886505317485,431.5655118110236,425.7435826771667
3438.17731831132,1305.4236787646166,430.0655118110236,423.3702755905526
3443.0123111262296,1303.3778673168601,427.0655118110236,421.0853149606313
3447.53576342113,1301.1780311102843,424.0655118110236,418.88870078740297
3451.7453477881068,1298.8509085399617,421.0655118110236,416.78043307086756
3455.640667122072,1296.4230314247773,418.0655118110236,414.760511811025
3459.2232251722944,1293.9205970466594,415.0655118110236,412.8289370078754
3462.496389034689,1291.369342780634,412.0655118110236,410.98570866141876
3465.4653437791826,1288.7944238061518,409.0655118110236,409.23082677165496
3468.137039435582,1286.220294376699,406.0655118110236,407.5642913385841
3470.5201305896126,1283.6705931095735,403.0655118110236,405.98610236220617
3472.874967461965,1281.401751267441,406.0655118110236,404.4962598425211
3475.0429658614053,1279.082180630443,403.0655118110236,403.094763779529
3477.0865961470267,1276.652324615019,400.0655118110236,401.7314173228361
3479.254594546467,1274.332753978021,403.0655118110236,400.36807086614317
3481.2982248320886,1271.902897962597,400.0655118110236,399.00472440945026
3483.211885555329,1269.3694166351888,397.0655118110236,397.64137795275735
3484.9903315051633,1266.7392540920143,394.0655118110236,396.27803149606444
3486.9039922284037,1264.205772764606,397.0655118110236,394.91468503937153
3488.682438178238,1261.5756102214316,394.0655118110236,393.5513385826786
3490.320794757936,1258.8559755552014,391.0655118110236,392.1879921259857
3491.8145713459926,1256.054323095496,388.0655118110236,390.8246456692928
3493.4529279256903,1253.334688429266,391.0655118110236,389.4612992125999
3494.946704513747,1250.5330359695606,388.0655118110236,388.097952755907
3496.2918067723667,1247.6570448510317,385.0655118110236,386.7346062992141
3497.7855833604235,1244.8553923913264,388.0655118110236,385.37125984252117
3499.130685619043,1241.9794012727975,385.0655118110236,385.37125984252117
3500.6244622071,1239.1777488130922,388.0655118110236,385.37125984252117
3501.9695644657195,1236.3017576945633,385.0655118110236,385.37125984252117
3503.4633410537763,1233.500105234858,388.0655118110236,385.37125984252117
3504.808443312396,1230.624114116329,385.0655118110236,385.37125984252117
3506.3022199004527,1227.8224616566238,388.0655118110236,385.37125984252117
3507.7405260951027,1224.7471892637402,385.0655118110236,385.37125984252117
3509.44131424182,1221.557276305682,388.0655118110236,385.37125984252117
3511.0660283085303,1218.083441364089,385.0655118110236,385.37125984252117
3512.973828013907,1214.5052679076778,388.0655118110236,385.37125984252117
3514.7849499526783,1210.6328704173752,385.0655118110236,385.37125984252117
3516.47357081339,1206.4671070312995,382.0655118110236,383.5661811023637
3518.0137210573575,1202.0107450368014,379.0655118110236,381.6727559055133
3519.8676351725103,1197.4372094839018,382.0655118110236,379.69098425197
3521.551510995979,1192.5649833796308,379.0655118110236,377.6208661417338
3523.038968495323,1187.3998991414364,376.0655118110236,375.4624015748047
3524.3038021628868,1181.949741272769,373.0655118110236,373.21559055118263
3525.3201134959245,1176.2242424932442,370.0655118110236,370.8804330708677
3526.0624434662773,1170.2350713306278,367.0655118110236,368.45692913385983
3526.5059044479835,1163.9958111695425,364.0655118110236,365.94507874015903
3526.6239866187043,1157.6469091699084,361.0655118110236,363.34488188976536
3526.4096311046706,1151.3005281764915,358.0655118110236,360.7065354330725
3526.5277132753913,1144.9516261768574,361.0655118110236,358.0681889763796
3526.3133577613576,1138.6052451834405,358.0655118110236,355.4298425196867
3525.7671520961335,1132.2787801854122,355.0655118110236,352.7914960629938
3524.890593391481,1125.9895715835848,352.0655118110236,350.15314960630093
3523.686084233881,1119.7548576615786,349.0655118110236,347.51480314960804
3522.15692609921,1113.591727336884,346.0655118110236,344.87645669291516
3520.3073103036245,1107.5170733213274,343.0655118110236,342.23811023622227
3518.142306515455,1101.547545819321,340.0655118110236,339.5997637795294
3515.667848859597,1095.699506890811,337.0655118110236,336.9614173228365
3512.8907196524883,1089.9889856040086,334.0655118110236,334.3230708661436
3509.8185308122497,1084.431634100827,331.0655118110236,331.6847244094507
3507.041401605141,1078.7211128140245,334.0655118110236,331.6847244094507
3503.9692127649023,1073.163761310843,331.0655118110236,331.6847244094507
3501.1920835577935,1067.4532400240405,334.0655118110236,331.6847244094507
3498.119894717555,1061.895888520859,331.0655118110236,331.6847244094507
3495.342765510446,1056.1853672340565,334.0655118110236,331.6847244094507
3492.2705766702074,1050.628015730875,331.0655118110236,331.6847244094507
3489.4934474630986,1044.9174944440724,334.0655118110236,331.6847244094507
3486.42125862286,1039.360142940891,331.0655118110236,331.6847244094507
3483.644129415751,1033.6496216540884,334.0655118110236,331.6847244094507
3480.5719405755126,1028.0922701509069,331.0655118110236,331.6847244094507
3477.7948113684038,1022.3817488641045,334.0655118110236,331.6847244094507
3474.722622528165,1016.8243973609231,331.0655118110236,331.6847244094507
3471.9454933210563,1011.1138760741206,334.0655118110236,331.6847244094507
3468.8733044808178,1005.5565245709392,331.0655118110236,331.6847244094507
3466.096175273709,999.8460032841368,334.0655118110236,331.6847244094507
3463.0239864334703,994.2886517809554,331.0655118110236,331.6847244094507
3460.2468572263615,988.578130494153,334.0655118110236,331.6847244094507
3457.174668386123,983.0207789909716,331.0655118110236,331.6847244094507
3454.397539179014,977.3102577041692,334.0655118110236,331.6847244094507
3451.3253503387755,971.7529062009878,331.0655118110236,331.6847244094507
3448.5482211316667,966.0423849141854,334.0655118110236,331.6847244094507
3445.476032291428,960.485033411004,331.0655118110236,331.6847244094507
3442.698903084319,954.7745121242016,334.0655118110236,331.6847244094507
3439.6267142440806,949.2171606210202,331.0655118110236,331.6847244094507
3436.2678864267777,943.8282112156433,328.0655118110236,329.04637795275784
3432.6316259459886,938.6224346438097,325.0655118110236,326.40803149606495
3428.7278995389374,933.6140995772539,322.0655118110236,323.76968503937206
3424.5674070483615,928.816933514268,319.0655118110236,321.1313385826792
3420.1615520949854,924.2440851535839,316.0655118110236,318.4929921259863
3415.522410820989,919.9080883547034,313.0655118110236,315.8546456692934
3411.116555867613,915.3352399940193,316.0655118110236,313.2162992126005
3406.4774145936167,910.9992431951388,313.0655118110236,313.2162992126005
3402.0715596402406,906.4263948344546,316.0655118110236,313.2162992126005
3397.4324183662443,902.0903980355741,313.0655118110236,313.2162992126005
3393.026563412868,897.51754967489,316.0655118110236,313.2162992126005
3388.387422138872,893.1815528760095,313.0655118110236,313.2162992126005
3383.981567185496,888.6087045153254,316.0655118110236,313.2162992126005
3379.3424259114995,884.2727077164449,313.0655118110236,313.2162992126005
3374.9365709581234,879.6998593557607,316.0655118110236,313.2162992126005
3370.297429684127,875.3638625568802,313.0655118110236,313.2162992126005
3365.891574730751,870.7910141961961,316.0655118110236,315.8546456692934
3361.731082240175,865.9938481332102,319.0655118110236,318.4929921259863
3357.827355833124,860.9855130666544,322.0655118110236,321.1313385826792
3354.1910953523347,855.7797364948209,325.0655118110236,323.76968503937206
3350.692352271418,850.4805576099618,326.5655118110236,326.40803149606495
3347.333524454115,845.0916082045849,328.0655118110236,329.04637795275784
3344.116913873235,839.6165815954286,329.5655118110236,331.6847244094507
3341.044725032996,834.0592300922472,331.0655118110236,334.3230708661436
3338.119063458171,828.423362426165,332.5655118110236,336.9614173228365
3335.341934251062,822.7128411393626,334.0655118110236,339.5997637795294
3332.715240717308,816.9315799378829,335.5655118110236,342.23811023622227
3330.24078306145,811.083541009373,337.0655118110236,344.87645669291516
3327.920257153164,805.1727323075985,338.5655118110236,347.51480314960804
3325.7552533649946,799.203204805592,340.0655118110236,350.15314960630093
3323.7472554823935,793.179049719319,341.5655118110236,352.7914960629938
3321.897639686808,787.1043957037622,343.0655118110236,355.4298425196867
3320.368481552137,780.9412653790677,346.0655118110236,358.0681889763796
3319.122241368604,774.4905456203935,349.0655118110236,360.7065354330725
3318.245682663952,768.2013370185663,352.0655118110236,363.4332283464583
3317.6994769987277,761.874872020538,355.0655118110236,366.0715748031512
3317.485121484694,755.528491027121,358.0655118110236,368.70992125984407
3317.6032036554147,749.1795890274869,361.0655118110236,371.34826771653695
3318.053399855868,742.8455679207099,364.0655118110236,373.98661417322984
3318.834476129561,736.5437888183711,367.0655118110236,376.6249606299227
3319.94429160072,730.2915244589589,370.0655118110236,379.2633070866156
3321.3798043422803,724.1059118644927,373.0655118110236,381.9016535433085
3323.1370797135987,718.0039053691374,376.0655118110236,384.5400000000014
3325.211301145029,712.0022301485516,379.0655118110236,387.17834645669427
3327.5967833398054,706.1173363773433,382.0655118110236,389.81669291338716
3330.2869878570446,700.3653541402857,385.0655118110236,392.45503937008004
3333.2745410331586,694.762049220875,388.0655118110236,395.09338582677293
3336.551254192554,689.3227798884145,391.0655118110236,397.7317322834658
3340.1081460922223,684.0624548020654,394.0655118110236,400.3700787401587
3343.9354675387035,678.9954921472488,397.0655118110236,403.0084251968516
3348.022728109946,674.1357801164012,400.0655118110236,405.6467716535445
3352.3587249088264,669.4966388424046,403.0655118110236,408.28511811023736
3356.9315732695104,665.0907838890286,406.0655118110236,410.92346456693025
3361.7287393324964,660.9302913984528,409.0655118110236,413.56181102362314
3366.7370743990523,657.0265649914019,412.0655118110236,416.200157480316
3371.942850970886,653.3903045106126,415.0655118110236,418.8385039370089
3377.331800376263,650.0314766933096,418.0655118110236,421.4768503937018
3382.8891518794444,646.9592878530709,421.0655118110236,421.4768503937018
3388.5996731662467,644.1821586459623,424.0655118110236,421.4768503937018
3394.157024669428,641.1099698057236,421.0655118110236,421.4768503937018
3399.8675459562305,638.332840598615,424.0655118110236,421.4768503937018
3405.424897459412,635.2606517583763,421.0655118110236,421.4768503937018
3411.1354187462143,632.4835225512677,424.0655118110236,421.4768503937018
3416.692770249396,629.411333711029,421.0655118110236,421.4768503937018
3422.403291536198,626.6342045039204,424.0655118110236,421.4768503937018
3427.9606430393796,623.5620156636817,421.0655118110236,421.4768503937018
3433.671164326182,620.7848864565731,424.0655118110236,421.4768503937018
3439.2285158293635,617.7126976163344,421.0655118110236,421.4768503937018
3444.9390371161658,614.9355684092258,424.0655118110236,421.4768503937018
3450.4963886193473,611.863379568987,421.0655118110236,421.4768503937018
3456.2069099061496,609.0862503618785,424.0655118110236,421.4768503937018
3461.764261409331,606.0140615216397,421.0655118110236,421.4768503937018
3467.4747826961334,603.2369323145311,424.0655118110236,421.4768503937018
3473.032134199315,600.1647434742924,421.0655118110236,421.4768503937018
3478.742655486117,597.3876142671838,424.0655118110236,421.4768503937018
3484.3000069892987,594.3154254269451,421.0655118110236,421.4768503937018
3490.010528276101,591.5382962198365,424.0655118110236,421.4768503937018
3495.5678797792825,588.4661073795978,421.0655118110236,421.4768503937018
3501.278401066085,585.6889781724892,424.0655118110236,421.4768503937018
3507.126439994595,583.2145205166315,427.0655118110236,424.1151968503947
3512.836961281397,580.4373913095229,424.0655118110236,426.75354330708757
3518.6850002099072,577.9629336536652,427.0655118110236,429.39188976378045
3524.6545277119135,575.7979298654957,430.0655118110236,432.03023622047334
3530.7291817274704,573.9483140699101,433.0655118110236,434.6685826771662
3536.892312052165,572.4191559352389,436.0655118110236,434.6685826771662
3542.966966067722,570.5695401396533,433.0655118110236,434.6685826771662
3549.1300963924164,569.0403820049821,436.0655118110236,434.6685826771662
3555.2047504079733,567.1907662093965,433.0655118110236,434.6685826771662
3561.367880732668,565.6616080747253,436.0655118110236,434.6685826771662
3567.4425347482247,563.8119922791398,433.0655118110236,434.6685826771662
3573.6056650729192,562.2828341444686,436.0655118110236,434.6685826771662
3579.680319088476,560.433218348883,433.0655118110236,434.6685826771662
3585.8434494131707,558.9040602142118,436.0655118110236,434.6685826771662
3591.9181034287276,557.0544444186262,433.0655118110236,434.6685826771662
3598.081233753422,555.525286283955,436.0655118110236,434.6685826771662
3604.155887768979,553.6756704883694,433.0655118110236,434.6685826771662
3610.3190180936735,552.1465123536982,436.0655118110236,434.6685826771662
3616.3936721092305,550.2968965581126,433.0655118110236,434.6685826771662
3622.556802433925,548.7677384234414,436.0655118110236,434.6685826771662
3628.631456449482,546.9181226278558,433.0655118110236,434.6685826771662
3634.7945867741764,545.3889644931846,436.0655118110236,437.3069291338591
3641.0293006961824,544.1844553355845,439.0655118110236,439.945275590552
3647.3185092980098,543.3078966309321,442.0655118110236,442.5836220472449
3653.644974296038,542.761690965708,445.0655118110236,445.2219685039378
3659.991355289455,542.5473354516743,448.0655118110236,447.86031496063066
3666.340257289089,542.6654176223951,451.0655118110236,450.49866141732355
3672.674278395866,543.1156138228486,454.0655118110236,453.13700787401643
3679.0231803955003,543.2336959935694,451.0655118110236,453.13700787401643
3685.3572015022773,543.6838921940229,454.0655118110236,453.13700787401643
3691.7061035019115,543.8019743647437,451.0655118110236,453.13700787401643
3698.0401246086885,544.2521705651972,454.0655118110236,453.13700787401643
3704.3890266083226,544.370252735918,451.0655118110236,453.13700787401643
3710.7230477150997,544.8204489363715,454.0655118110236,453.13700787401643
3717.071949714734,544.9385311070923,451.0655118110236,453.13700787401643
3723.405970821511,545.3887273075458,454.0655118110236,453.13700787401643
3729.754872821145,545.5068094782666,451.0655118110236,453.13700787401643
3736.088893927922,545.9570056787201,454.0655118110236,453.13700787401643
3742.437795927556,546.0750878494409,451.0655118110236,453.13700787401643
3748.7718170343333,546.5252840498944,454.0655118110236,453.13700787401643
3755.1207190339674,546.6433662206152,451.0655118110236,453.13700787401643
3761.4547401407444,547.0935624210687,454.0655118110236,453.13700787401643
3767.8036421403785,547.2116445917895,451.0655118110236,453.13700787401643
3774.1376632471556,547.661840792243,454.0655118110236,453.13700787401643
3780.4865652467897,547.7799229629638,451.0655118110236,453.13700787401643
3786.820586353567,548.2301191634173,454.0655118110236,453.13700787401643
3793.169488353201,548.3482013341381,451.0655118110236,453.13700787401643
3799.503509459978,548.7983975345916,454.0655118110236,453.13700787401643
3805.852411459612,548.9164797053124,451.0655118110236,453.13700787401643
3812.186432566389,549.3666759057659,454.0655118110236,453.13700787401643
3818.488211668728,550.1477521794591,457.0655118110236,455.7753543307093
3824.74047602814,551.257567650618,460.0655118110236,458.4137007874022
3830.926088622606,552.6930803921782,463.0655118110236,461.0520472440951
3837.0280951179616,554.4503557634966,466.0655118110236,463.690393700788
3843.082010501534,556.3667608690374,467.5655118110236,466.32874015748087
3849.08368572212,558.4409823004678,469.0655118110236,468.96708661417375
3855.0290075313137,560.6715984900284,470.5655118110236,471.60543307086664
3860.913901302522,563.0570806848046,472.0655118110236,474.2437795275595
3866.7343338235114,565.5957939944577,473.5655118110236,476.8821259842524
3872.486316060569,568.2859985116968,475.0655118110236,479.5204724409453
3878.165905892388,571.1258505047244,476.5655118110236,482.1588188976382
3883.7692108117985,574.1134036808384,478.0655118110236,484.79716535433107
3889.292390593501,577.2466105203233,479.5655118110236,487.43551181102396
3894.731659925961,580.5233236797187,481.0655118110236,490.07385826771684
3900.083291005677,583.9412974635005,482.5655118110236,492.71220472440973
3905.343616092026,587.498189363169,484.0655118110236,495.3505511811026
3910.509030020953,591.1915616626867,485.5655118110236,497.9888976377955
3915.5759926757696,595.0188831091677,487.0655118110236,500.6272440944884
3920.713048503494,599.1146806411316,488.5655118110236,503.2655905511813
3925.9094964860856,603.4851529684919,490.0655118110236,505.9922834645671
3931.1356566783215,608.119532608216,491.5655118110236,508.80732283464584
3936.2387120797175,612.8891290869846,493.0655118110236,511.7006692913388
3941.215165311005,617.7906735616177,494.5655118110236,514.5940157480317
3946.0616057597185,622.8208067583702,496.0655118110236,517.4873622047246
3950.7747119176597,627.9760812752097,497.5655118110236,520.3807086614175
3955.351253657293,633.2529639444941,499.0655118110236,523.2740551181105
3959.7880944455133,638.647838254428,500.5655118110236,526.1674015748034
3964.082193493269,644.1570068276394,502.0655118110236,529.0607480314964
3968.0820800221372,649.8833610566562,505.0655118110236,531.9540944881893
3971.7767906211707,655.8112054025707,508.0655118110236,534.8474409448822
3975.1561983454335,661.9242920560703,511.0655118110236,537.7407874015752
3978.211040473253,668.205865471553,514.0655118110236,540.6341338582681
3980.9329438946966,674.6387082929139,517.0655118110236,543.527480314961
3983.314448061683,681.2051885451209,520.0655118110236,543.527480314961
3985.349025436827,687.8873079622334,523.0655118110236,546.420826771654
3987.0310993849653,694.6667513193973,526.0655118110236,549.3141732283469
3988.3560594583255,701.5249366336042,529.0655118110236,552.2075196850399
3989.320274033443,708.4430660956142,532.0655118110236,555.1008661417328
3989.9211002651896,715.4021775934453,535.0655118110236,557.9942125984257
3990.156891330627,722.383196686204,538.0655118110236,560.8875590551187
3990.027000942834,729.3669888858014,541.0655118110236,563.7809055118116
3989.5317851223354,736.3344121032562,544.0655118110236,566.6742519685046
3988.672601221273,743.2663691158289,547.0655118110236,569.5675984251975
3987.451804202998,750.1438599111823,550.0655118110236,572.4609448818904
3985.872740187282,756.948033765095,553.0655118110236,575.3542913385834
3983.9397372788317,763.6602409099859,556.0655118110236,578.2476377952763
3981.658093704258,770.2620836526304,559.0655118110236,581.1409842519693
3979.0340632900043,776.7354668009594,562.0655118110236,581.1409842519693
3976.074838321041,783.0626472617229,565.0655118110236,581.1409842519693
3972.788529827316,789.2262826730746,568.0655118110236,581.1409842519693
3969.184145351981,795.2094789387811,571.0655118110236,581.1409842519693
3965.6272534523127,800.4698040251302,574.0655118110236,581.1409842519693
3961.7999320058316,805.5367666799468,577.0655118110236,581.1409842519693
3957.712671434589,810.3964787107944,580.0655118110236,581.1409842519693
3953.3766746357087,815.035619984791,583.0655118110236,581.1409842519693
3949.289414064466,819.8953320156386,580.0655118110236,581.1409842519693
3944.953417265586,824.5344732896351,583.0655118110236,581.1409842519693
3940.8661566943433,829.3941853204827,580.0655118110236,581.1409842519693
3937.038835247862,834.4611479752994,577.0655118110236,578.5026377952763
3933.481943348194,839.7214730616485,574.0655118110236,575.8642913385834
3930.2052301887984,845.160742394109,571.0655118110236,573.2259448818904
3927.2176770126844,850.7640473135197,568.0655118110236,570.5875984251975
3924.527472495445,856.5160295505773,565.0655118110236,567.9492519685045
3921.539919319331,862.119334469988,568.0655118110236,565.3109055118116
3918.849714802092,867.8713167070456,565.0655118110236,562.6725590551187
3916.464232607316,873.7562104782538,562.0655118110236,560.0342125984257
3914.3900111758853,879.7578856988397,559.0655118110236,557.3958661417328
3912.632735804567,885.8598921941949,556.0655118110236,554.7575196850398
3911.1972230630067,892.0455047886611,553.0655118110236,552.1191732283469
3910.0874075918478,898.2977691480734,550.0655118110236,549.4808267716539
3909.3063313181547,904.5995482504121,547.0655118110236,546.842480314961
3908.8561351177013,910.9335693571892,544.0655118110236,544.204133858268
3908.7380529469806,917.2824713568233,541.0655118110236,541.5657874015751
3908.9524084610143,923.6288523502402,538.0655118110236,538.9274409448822
3909.4986141262384,929.9553173482685,535.0655118110236,536.2890944881892
3909.712969640272,936.3016983416854,538.0655118110236,536.2890944881892
3910.2591753054962,942.6281633397138,535.0655118110236,536.2890944881892
3910.47353081953,948.9745443331307,538.0655118110236,536.2890944881892
3911.019736484754,955.301009331159,535.0655118110236,536.2890944881892
3911.234091998788,961.6473903245759,538.0655118110236,536.2890944881892
3911.780297664012,967.9738553226042,535.0655118110236,536.2890944881892
3911.9946531780456,974.3202363160211,538.0655118110236,536.2890944881892
3912.5408588432697,980.6467013140494,535.0655118110236,536.2890944881892
3912.7552143573034,986.9930823074664,538.0655118110236,536.2890944881892
3913.3014200225275,993.3195473054947,535.0655118110236,533.6507480314963
3914.17797872718,999.6087559073219,532.0655118110236,531.0124015748033
3915.38248788478,1005.8434698293281,529.0655118110236,528.3740551181104
3916.911646019451,1012.0066001540226,526.0655118110236,525.7357086614174
3918.7612618150365,1018.0812541695794,523.0655118110236,523.0973622047245
3920.926265603206,1024.0507816715858,520.0655118110236,520.4590157480316
3923.400723259064,1029.8988206000956,517.0655118110236,517.8206692913386
3926.1778524661727,1035.6093418868982,514.0655118110236,515.1823228346457
3929.2500413064113,1041.1666933900797,511.0655118110236,512.5439763779527
3932.02717051352,1046.8772146768822,514.0655118110236,512.5439763779527
3935.0993593537587,1052.4345661800637,511.0655118110236,512.5439763779527
3937.8764885608675,1058.1450874668662,514.0655118110236,512.5439763779527
3940.948677401106,1063.7024389700478,511.0655118110236,512.5439763779527
3943.725806608215,1069.4129602568503,514.0655118110236,512.5439763779527
3946.7979954484535,1074.9703117600318,511.0655118110236,512.5439763779527
3949.5751246555624,1080.6808330468343,514.0655118110236,512.5439763779527
3952.647313495801,1086.2381845500158,511.0655118110236,512.5439763779527
3955.42444270291,1091.9487058368184,514.0655118110236,512.5439763779527
3958.4966315431484,1097.5060573399999,511.0655118110236,512.5439763779527
3961.273760750257,1103.2165786268024,514.0655118110236,512.5439763779527
3964.345949590496,1108.773930129984,511.0655118110236,512.5439763779527
3967.1230787976046,1114.4844514167864,514.0655118110236,512.5439763779527
3970.1952676378432,1120.041802919968,511.0655118110236,512.5439763779527
3972.972396844952,1125.7523242067705,514.0655118110236,512.5439763779527
3976.0445856851907,1131.309675709952,511.0655118110236,512.5439763779527
3978.8217148922995,1137.0201969967545,514.0655118110236,512.5439763779527
3981.893903732538,1142.577548499936,511.0655118110236,512.5439763779527
3984.671032939647,1148.2880697867386,514.0655118110236,512.5439763779527
3987.7432217798855,1153.84542128992,511.0655118110236,512.5439763779527
3990.5203509869943,1159.5559425767226,514.0655118110236,512.5439763779527
3993.592539827233,1165.113294079904,511.0655118110236,512.5439763779527
3996.3696690343418,1170.8238153667066,514.0655118110236,512.5439763779527
3999.4418578745804,1176.3811668698881,511.0655118110236,512.5439763779527
4002.218987081689,1182.0916881566907,514.0655118110236,512.5439763779527
4005.291175921928,1187.6490396598722,511.0655118110236,512.5439763779527
4008.0683051290366,1193.3595609466747,514.0655118110236,512.5439763779527
4011.140493969275,1198.9169124498562,511.0655118110236,512.5439763779527
4013.917623176384,1204.6274337366588,514.0655118110236,512.5439763779527
4016.9898120166226,1210.1847852398403,511.0655118110236,512.5439763779527
4019.7669412237315,1215.8953065266428,514.0655118110236,512.5439763779527
4022.83913006397,1221.4526580298243,511.0655118110236,512.5439763779527
4025.616259271079,1227.1631793166268,514.0655118110236,512.5439763779527
4028.6884481113175,1232.7205308198083,511.0655118110236,512.5439763779527
4031.4655773184263,1238.4310521066109,514.0655118110236,512.5439763779527
4034.537766158665,1243.9884036097924,511.0655118110236,512.5439763779527
4037.3148953657737,1249.698924896595,514.0655118110236,512.5439763779527
4040.3870842060123,1255.2562763997764,511.0655118110236,512.5439763779527
4043.164213413121,1260.966797686579,514.0655118110236,512.5439763779527
4046.2364022533598,1266.5241491897605,511.0655118110236,512.5439763779527
4049.0135314604686,1272.234670476563,514.0655118110236,512.5439763779527
4052.085720300707,1277.7920219797445,511.0655118110236,512.5439763779527
4054.862849507816,1283.502543266547,514.0655118110236,515.1823228346457
4057.337307163674,1289.3505821950569,517.0655118110236,517.8206692913386
4059.5023109518434,1295.3201096970633,520.0655118110236,520.4590157480316
4061.351926747429,1301.39476371262,523.0655118110236,523.0973622047245
4062.8810848821,1307.5578940373146,526.0655118110236,525.7357086614174
4064.0855940397,1313.7926079593208,529.0655118110236,528.3740551181104
4064.9621527443524,1320.0818165611481,532.0655118110236,531.0124015748033
4065.5083584095764,1326.4082815591764,535.0655118110236,533.6507480314963
4065.72271392361,1332.7546625525933,538.0655118110236,536.2890944881892
4065.6046317528894,1339.1035645522275,541.0655118110236,538.9274409448822
4065.818987266923,1345.4499455456444,538.0655118110236,538.9274409448822
4065.7009050962024,1351.7988475452785,541.0655118110236,538.9274409448822
4065.915260610236,1358.1452285386954,538.0655118110236,538.9274409448822
4065.7971784395154,1364.4941305383295,541.0655118110236,538.9274409448822
4066.011533953549,1370.8405115317464,538.0655118110236,538.9274409448822
4065.8934517828284,1377.1894135313805,541.0655118110236,538.9274409448822
4066.107807296862,1383.5357945247974,538.0655118110236,538.9274409448822
4065.9897251261414,1389.8846965244315,541.0655118110236,538.9274409448822
4066.204080640175,1396.2310775178485,538.0655118110236,538.9274409448822
4066.0859984694544,1402.5799795174826,541.0655118110236,538.9274409448822
4066.300353983488,1408.9263605108995,538.0655118110236,538.9274409448822
4066.1822718127673,1415.2752625105336,541.0655118110236,538.9274409448822
4066.396627326801,1421.6216435039505,538.0655118110236,538.9274409448822
4066.2785451560803,1427.9705455035846,541.0655118110236,538.9274409448822
4066.492900670114,1434.3169264970015,538.0655118110236,538.9274409448822
4066.3748184993933,1440.6658284966356,541.0655118110236,538.9274409448822
4066.589174013427,1447.0122094900526,538.0655118110236,538.9274409448822
4066.4710918427063,1453.3611114896867,541.0655118110236,538.9274409448822
4066.68544735674,1459.7074924831036,538.0655118110236,538.9274409448822
4066.5673651860193,1466.0563944827377,541.0655118110236,541.5657874015751
4066.117168985566,1472.3904155895148,544.0655118110236,544.204133858268
4065.336092711873,1478.6921946918535,547.0655118110236,546.842480314961
4064.226277240714,1484.9444590512658,550.0655118110236,549.4808267716539
4062.7907644991537,1491.130071645732,553.0655118110236,552.1191732283469
4061.0334891278353,1497.2320781410872,556.0655118110236,554.7575196850398
4058.959267696405,1503.233753361673,559.0655118110236,557.3958661417328
4056.5737855016287,1509.1186471328813,562.0655118110236,560.0342125984257
4053.8835809843895,1514.8706293699388,565.0655118110236,562.6725590551187
4051.4980987896133,1520.755523141147,562.0655118110236,562.6725590551187
4048.807894272374,1526.5075053782045,565.0655118110236,562.6725590551187
4046.422412077598,1532.3923991494128,562.0655118110236,562.6725590551187
4043.732207560359,1538.1443813864703,565.0655118110236,562.6725590551187
4041.3467253655826,1544.0292751576785,562.0655118110236,562.6725590551187
4038.6565208483435,1549.781257394736,565.0655118110236,562.6725590551187
4036.2710386535673,1555.6661511659443,562.0655118110236,562.6725590551187
4033.580834136328,1561.4181334030018,565.0655118110236,562.6725590551187
4031.195351941552,1567.30302717421,562.0655118110236,562.6725590551187
4028.505147424313,1573.0550094112675,565.0655118110236,562.6725590551187
4026.1196652295366,1578.9399031824757,562.0655118110236,562.6725590551187
4023.4294607122974,1584.6918854195333,565.0655118110236,562.6725590551187
4021.0439785175213,1590.5767791907415,562.0655118110236,562.6725590551187
4018.353774000282,1596.328761427799,565.0655118110236,562.6725590551187
4015.968291805506,1602.2136551990072,562.0655118110236,562.6725590551187
4013.2780872882668,1607.9656374360648,565.0655118110236,562.6725590551187
4010.8926050934906,1613.850531207273,562.0655118110236,562.6725590551187
4008.2024005762514,1619.6025134443305,565.0655118110236,562.6725590551187
4005.8169183814753,1625.4874072155387,562.0655118110236,562.6725590551187
4003.126713864236,1631.2393894525962,565.0655118110236,562.6725590551187
4000.74123166946,1637.1242832238045,562.0655118110236,562.6725590551187
3998.0510271522207,1642.876265460862,565.0655118110236,562.6725590551187
3995.6655449574446,1648.7611592320702,562.0655118110236,562.6725590551187
3992.9753404402054,1654.5131414691277,565.0655118110236,562.6725590551187
3990.5898582454292,1660.398035240336,562.0655118110236,562.6725590551187
3987.89965372819,1666.1500174773935,565.0655118110236,562.6725590551187
3985.514171533414,1672.0349112486017,562.0655118110236,562.6725590551187
3982.8239670161747,1677.7868934856592,565.0655118110236,562.6725590551187
3980.4384848213986,1683.6717872568674,562.0655118110236,562.6725590551187
3977.7482803041594,1689.423769493925,565.0655118110236,562.6725590551187
3975.362798109383,1695.3086632651332,562.0655118110236,562.6725590551187
3972.672593592144,1701.0606455021907,565.0655118110236,562.6725590551187
3970.287111397368,1706.945539273399,562.0655118110236,562.6725590551187
3967.5969068801287,1712.6975215104565,565.0655118110236,562.6725590551187
3965.2114246853525,1718.5824152816647,562.0655118110236,562.6725590551187
3962.5212201681134,1724.3343975187222,565.0655118110236,562.6725590551187
3960.135737973337,1730.2192912899304,562.0655118110236,562.6725590551187
3957.445533456098,1735.971273526988,565.0655118110236,562.6725590551187
3954.457980279984,1741.5745784463986,568.0655118110236,565.3109055118116
3951.767775762745,1747.3265606834561,565.0655118110236,567.9492519685045
3948.7802225866308,1752.9298656028668,568.0655118110236,570.5875984251975
3945.5035094272353,1758.3691349353273,571.0655118110236,573.2259448818904
3941.946617527567,1763.6294600216763,574.0655118110236,575.8642913385834
3938.119296081086,1768.696422676493,577.0655118110236,578.5026377952763
3934.0320355098434,1773.5561347073408,580.0655118110236,581.1409842519693
3929.696038710963,1778.1952759813373,583.0655118110236,583.7793307086622
3925.123190350279,1782.6011309347134,586.0655118110236,586.4176771653551
3920.326024287293,1786.7616234252891,589.0655118110236,589.0560236220481
3915.317689220737,1790.66534983234,592.0655118110236,591.694370078741
3910.520523157751,1794.8258423229158,589.0655118110236,591.694370078741
3905.512188091195,1798.7295687299668,592.0655118110236,591.694370078741
3900.715022028209,1802.8900612205425,589.0655118110236,591.694370078741
3895.7066869616533,1806.7937876275935,592.0655118110236,591.694370078741
3890.9095208986673,1810.9542801181692,589.0655118110236,591.694370078741
3885.9011858321114,1814.8580065252202,592.0655118110236,591.694370078741
3880.6954092602778,1818.4942670060093,595.0655118110236,594.332716535434
3875.306459854901,1821.8530948233122,598.0655118110236,596.9710629921269
3869.7491083517193,1824.925283663551,601.0655118110236,599.6094094488199
3864.038587064917,1827.7024128706596,604.0655118110236,602.2477559055128
3858.190548136407,1830.1768705265174,607.0655118110236,604.8861023622057
3852.2210206344007,1832.341874314687,610.0655118110236,607.5244488188987
3846.146366618844,1834.1914901102725,613.0655118110236,610.1627952755916
3840.1768391168375,1836.356493898442,610.0655118110236,612.8011417322846
3834.1021851012806,1838.2061096940276,613.0655118110236,615.4394881889775
3827.939054776586,1839.7352678286989,616.0655118110236,618.0778346456705
3821.70434085458,1840.939776986299,619.0655118110236,620.7161811023634
3815.4151322527528,1841.8163356909513,622.0655118110236,623.3545275590564
3809.0886672547244,1842.3625413561754,625.0655118110236,625.9928740157493
3802.7422862613075,1842.576896870209,628.0655118110236,628.6312204724422
3796.3933842616734,1842.4588146994881,631.0655118110236,631.2695669291352
3790.0593631548963,1842.0086184990348,634.0655118110236,633.9079133858281
3783.7575840525574,1841.2275422253415,637.0655118110236,636.5462598425211
3777.5053196931453,1840.1177267541827,640.0655118110236,639.184606299214
3771.3197070986794,1838.6822140126224,643.0655118110236,641.822952755907
3765.217700603324,1836.924938641304,646.0655118110236,644.4612992125999
3759.216025382738,1834.8507172098734,649.0655118110236,647.0996456692928
3753.3311316115296,1832.4652350150973,652.0655118110236,649.7379921259858
3747.579149374472,1829.775030497858,655.0655118110236,652.3763385826787
3741.6942556032636,1827.389548303082,652.0655118110236,655.0146850393717
3735.942273366206,1824.6993437858428,655.0655118110236,657.6530314960646
3730.338968446795,1821.7117906097287,658.0655118110236,660.2913779527576
3724.899699114335,1818.4350774503334,661.0655118110236,662.9297244094505
4075,1375,180,180
4074.9884860896263,1375.219698497646,183.0,180.0883464566929
4074.9884860896263,1375.659698497646,180.0,180.26503937007874
4074.953944358506,1376.318793990584,183.0,180.26503937007874
4074.953944358506,1377.1987939905841,180.0,180.26503937007874
4074.8963748066385,1378.2972864788142,183.0,180.26503937007874
4074.8963748066385,1379.617286478814,180.0,180.26503937007874
4074.8157774340243,1381.1551759623362,183.0,180.26503937007874
4074.8157774340243,1382.9151759623362,180.0,180.26503937007874
4074.7121522406633,1384.8924624411502,183.0,180.26503937007874
4074.7121522406633,1387.0924624411502,180.0,180.26503937007874
4074.5854992265554,1389.5091459152563,183.0,180.26503937007874
4074.5854992265554,1392.1491459152564,180.0,180.26503937007874
4074.4358183917006,1395.0052263846546,183.0,180.26503937007874
4074.4358183917006,1398.0852263846546,180.0,180.26503937007874
4074.263109736099,1401.3807038493446,183.0,180.26503937007874
4074.263109736099,1404.9007038493446,180.0,180.26503937007874
4074.0673732597506,1408.6355783093268,183.0,180.26503937007874
4074.0673732597506,1412.5955783093268,180.0,180.26503937007874
4073.848608962655,1416.7698497646008,183.0,180.26503937007874
4073.848608962655,1421.169849764601,180.0,180.26503937007874
4073.6068168448123,1425.783518215167,183.0,180.26503937007874
4073.6068168448123,1430.623518215167,180.0,180.26503937007874
4073.341996906223,1435.6765836610252,183.0,180.26503937007874
4073.341996906223,1440.9565836610252,180.0,180.26503937007874
4073.0541491468866,1446.4490461021753,183.0,180.26503937007874
4073.0541491468866,1452.1690461021753,180.0,180.26503937007874
4072.7432735668035,1458.1009055386176,183.0,180.26503937007874
4072.7432735668035,1464.2609055386176,180.0,180.26503937007874
4072.4109402446607,1470.6022030843092,183.0,180.26503937007874
4072.4109402446607,1476.952203084309,180.0,180.26503937007874
4072.078606922518,1483.2935006300006,183.0,180.26503937007874
4072.078606922518,1489.6435006300005,180.0,180.26503937007874
4071.746273600375,1495.984798175692,183.0,180.26503937007874
4071.746273600375,1502.334798175692,180.0,180.26503937007874
4071.413940278232,1508.6760957213835,183.0,182.90338582677165
4070.7501845364823,1514.991309756972,186.0,185.54173228346457
4069.756825683477,1521.2631307197512,189.0,188.18007874015748
4068.436586446784,1527.474367984411,192.0,190.8184251968504
4066.793085510383,1533.6079969813466,195.0,193.4567716535433
4064.830827596102,1539.6472058598208,198.0,196.09511811023623
4062.5551911164894,1545.575441568078,201.0,198.73346456692914
4059.972413432958,1551.3764552241087,204.0,201.37181102362206
4057.089573759612,1557.0343466527047,207.0,204.01015748031497
4054.5067960760807,1562.8353603087353,204.0,206.6485039370079
4051.6239564027346,1568.4932517373313,207.0,209.2868503937008
4048.4489564027344,1573.9925130513625,210.0,211.92519685039372
4044.9904985303892,1579.318071157816,213.0,214.56354330708663
4041.2580621783322,1584.455329072097,216.0,217.20188976377955
4037.261877695166,1589.3902059273487,219.0,217.20188976377955
4033.529441343109,1594.5274638416297,216.0,217.20188976377955
4029.5332568599424,1599.4623406968815,219.0,217.20188976377955
4025.8008205078854,1604.5995986111625,216.0,217.20188976377955
4021.804636024719,1609.5344754664143,219.0,217.20188976377955
4018.072199672662,1614.6717333806953,216.0,217.20188976377955
4014.0760151894956,1619.606610235947,219.0,217.20188976377955
4010.3435788374386,1624.743868150228,216.0,217.20188976377955
4006.347394354272,1629.6787450054799,219.0,217.20188976377955
4002.614958002215,1634.8160029197609,216.0,217.20188976377955
3998.618773519049,1639.7508797750127,219.0,217.20188976377955
3994.886337166992,1644.8881376892937,216.0,217.20188976377955
3990.8901526838254,1649.8230145445455,219.0,217.20188976377955
3987.1577163317684,1654.9602724588265,216.0,217.20188976377955
3983.161531848602,1659.8951493140783,219.0,217.20188976377955
3979.429095496545,1665.0324072283593,216.0,217.20188976377955
3975.4329110133785,1669.967284083611,219.0,217.20188976377955
3971.7004746613216,1675.104541997892,216.0,217.20188976377955
3967.704290178155,1680.0394188531438,219.0,217.20188976377955
3963.971853826098,1685.1766767674249,216.0,217.20188976377955
3959.9756693429317,1690.1115536226766,219.0,217.20188976377955
3956.2432329908747,1695.2488115369576,216.0,217.20188976377955
3952.2470485077083,1700.1836883922094,219.0,217.20188976377955
3948.5146121556513,1705.3209463064904,216.0,217.20188976377955
3944.518427672485,1710.2558231617422,219.0,217.20188976377955
3940.785991320428,1715.3930810760232,216.0,217.20188976377955
3936.7898068372615,1720.327957931275,219.0,217.20188976377955
3933.0573704852045,1725.465215845556,216.0,217.20188976377955
3929.061186002038,1730.4000927008078,219.0,217.20188976377955
3925.328749649981,1735.5373506150888,216.0,217.20188976377955
3921.3325651668147,1740.4722274703406,219.0,217.20188976377955
3917.6001288147577,1745.6094853846216,216.0,217.20188976377955
3913.6039443315913,1750.5443622398734,219.0,217.20188976377955
3909.8715079795343,1755.6816201541544,216.0,217.20188976377955
3905.875323496368,1760.6164970094062,219.0,217.20188976377955
3902.142887144311,1765.7537549236872,216.0,217.20188976377955
3898.1467026611444,1770.688631778939,219.0,217.20188976377955
3893.8977233107657,1775.4076014207205,222.0,219.84023622047246
3889.407595250231,1779.897729481255,225.0,222.47858267716538
3884.68862560845,1784.1467088316338,228.0,225.1169291338583
3880.1984975479154,1788.6368368921683,225.0,227.7552755905512
3875.479527906134,1792.885816242547,228.0,230.39362204724412
3870.5446510508823,1796.8820007257134,231.0,233.03196850393704
3865.4073931366015,1800.6144370777706,234.0,235.67031496062995
3860.081835030148,1804.072894950116,237.0,238.30866141732287
4075,1375,180,180
4074.9884860896263,1375.219698497646,183.0,180.0883464566929
4074.9884860896263,1375.659698497646,180.0,180.26503937007874
4074.953944358506,1376.318793990584,183.0,180.53007874015748
4074.953944358506,1377.1987939905841,180.0,180.88346456692912
4074.8963748066385,1378.2972864788142,183.0,181.3251968503937
4074.8963748066385,1379.617286478814,180.0,181.85527559055117
4074.8157774340243,1381.1551759623362,183.0,182.47370078740155
4074.6318073386733,1382.9055344981844,186.0,183.18047244094487
4074.5281821453123,1384.8828209769983,183.0,183.97559055118109
4074.2982195261234,1387.0707691468085,186.0,184.8590551181102
4074.1715665120155,1389.4874526209146,183.0,185.83086614173226
4073.8956113689887,1392.1129904246868,186.0,186.89102362204721
4073.4482087989736,1394.937779078789,189.0,186.89102362204721
4073.1262611321094,1398.0009065165232,186.0,186.89102362204721
4072.6100273974766,1401.260278040487,189.0,186.89102362204721
4072.2420872067746,1404.7609951121833,186.0,186.89102362204721
4071.657022307524,1408.4549495060091,189.0,186.89102362204721
4071.2430895929842,1412.3932562116674,186.0,186.89102362204721
4070.589193529116,1416.521793475355,189.0,186.89102362204721
4070.1292682907383,1420.8976898149754,186.0,186.89102362204721
4069.4065410622525,1425.460809948525,189.0,186.89102362204721
4068.900623300037,1430.2742959221073,186.0,186.89102362204721
4068.1090649069333,1435.2719989255186,189.0,186.89102362204721
4067.5571546208803,1440.523074533063,186.0,186.89102362204721
4066.696765063159,1445.9553604063362,189.0,186.89102362204721
4066.098862253268,1451.6440256478427,186.0,186.89102362204721
4065.1696415309293,1457.510894390978,189.0,186.89102362204721
4064.5257461972005,1463.6371492664464,186.0,186.89102362204721
4063.5323873441953,1469.9089702292256,189.0,186.89102362204721
4062.8686316024455,1476.224184264814,186.0,186.89102362204721
4061.8752727494402,1482.4960052275933,189.0,186.89102362204721
4061.2115170076904,1488.8112192631818,186.0,186.89102362204721
4060.218158154685,1495.083040225961,189.0,186.89102362204721
4059.5544024129354,1501.3982542615495,186.0,186.89102362204721
4058.56104355993,1507.6700752243287,189.0,186.89102362204721
4057.8972878181803,1513.9852892599172,186.0,186.89102362204721
4056.903928965175,1520.2571102226964,189.0,186.89102362204721
4055.583689728482,1526.4683474873561,192.0,189.52937007874013
4053.9401887920812,1532.6019764842918,195.0,192.16771653543304
4052.6199495553883,1538.8132137489515,192.0,194.80606299212596
4050.9764486189874,1544.9468427458871,195.0,197.44440944881887
4049.0141907047064,1550.9860516243614,198.0,200.0827559055118
4046.7385542250936,1556.9142873326186,201.0,202.7211023622047
4044.1557765415623,1562.7153009886492,204.0,205.35944881889762
4041.272936868216,1568.3731924172453,207.0,207.99779527559053
4038.097936868216,1573.8724537312764,210.0,207.99779527559053
4035.21509719487,1579.5303451598725,207.0,207.99779527559053
4032.0400971948698,1585.0296064739036,210.0,207.99779527559053
4029.1572575215237,1590.6874979024997,207.0,207.99779527559053
4025.9822575215235,1596.1867592165308,210.0,207.99779527559053
4023.0994178481774,1601.8446506451269,207.0,207.99779527559053
4019.924417848177,1607.343911959158,210.0,207.99779527559053
4017.041578174831,1613.001803387754,207.0,207.99779527559053
4013.866578174831,1618.5010647017853,210.0,207.99779527559053
4010.983738501485,1624.1589561303813,207.0,207.99779527559053
4007.8087385014846,1629.6582174444125,210.0,207.99779527559053
4004.9258988281385,1635.3161088730085,207.0,207.99779527559053
4001.7508988281384,1640.8153701870397,210.0,207.99779527559053
3998.8680591547923,1646.4732616156357,207.0,207.99779527559053
3995.693059154792,1651.9725229296669,210.0,207.99779527559053
3992.810219481446,1657.630414358263,207.0,207.99779527559053
3989.635219481446,1663.129675672294,210.0,207.99779527559053
3986.7523798080997,1668.78756710089,207.0,207.99779527559053
3983.5773798080995,1674.2868284149213,210.0,207.99779527559053
3980.6945401347534,1679.9447198435173,207.0,207.99779527559053
3977.5195401347532,1685.4439811575485,210.0,207.99779527559053
3974.636700461407,1691.1018725861445,207.0,207.99779527559053
3971.461700461407,1696.6011339001757,210.0,207.99779527559053
3968.578860788061,1702.2590253287717,207.0,207.99779527559053
3965.4038607880607,1707.758286642803,210.0,207.99779527559053
3962.5210211147146,1713.416178071399,207.0,207.99779527559053
3959.3460211147144,1718.91543938543,210.0,207.99779527559053
3956.4631814413683,1724.5733308140261,207.0,207.99779527559053
3953.288181441368,1730.0725921280573,210.0,207.99779527559053
3950.405341768022,1735.7304835566533,207.0,207.99779527559053
3947.230341768022,1741.2297448706845,210.0,207.99779527559053
3944.3475020946757,1746.8876362992805,207.0,207.99779527559053
3941.1725020946756,1752.3868976133117,210.0,207.99779527559053
3937.7140442223304,1757.712455719765,213.0,210.63614173228345
3933.9816078702734,1762.849713634046,216.0,213.27448818897636
3930.523149997928,1768.1752717404995,213.0,215.91283464566928
3926.790713645871,1773.3125296547805,216.0,218.5511811023622
3922.7945291627047,1778.2474065100323,219.0,221.1895275590551
3918.545549812326,1782.9663761518138,222.0,223.82787401574802
3914.0554217517915,1787.4565042123484,225.0,226.46622047244094
3909.33645211001,1791.705483562727,228.0,229.10456692913385
3904.4015752547584,1795.7016680458935,231.0,231.74291338582677
3899.2643173404776,1799.4341043979507,234.0,231.74291338582677
3894.329440485226,1803.4302888811171,231.0,231.74291338582677
3889.192182570945,1807.1627252331743,234.0,231.74291338582677
3884.2573057156933,1811.1589097163408,231.0,231.74291338582677
3879.1200478014125,1814.891346068398,234.0,231.74291338582677
3874.1851709461607,1818.8875305515644,231.0,231.74291338582677
3869.04791303188,1822.6199669036216,234.0,234.38125984251968
3863.7223549254263,1826.078424775967,237.0,237.0196062992126
3858.223093611395,1829.253424775967,240.0,239.6579527559055
3852.565202182799,1832.136264449313,243.0,242.29629921259843
3846.7641885267685,1834.7190421328444,246.0,244.93464566929134
3840.8359528185115,1836.994678612457,249.0,247.57299212598426
3834.7967439400372,1838.9569365267378,252.0,250.21133858267717
3828.663114943102,1840.6004374631389,255.0,252.8496850393701
3822.451877678442,1841.9206766998316,258.0,255.488031496063
3816.180056715663,1842.914035552837,261.0,258.1263779527559
3809.968819451003,1844.2342747895298,258.0,260.7647244094488
3803.696998488224,1845.2276336425352,261.0,263.40307086614166
3797.381784452635,1845.8913893842848,264.0,266.04141732283455
3791.0404869069434,1846.2237227064275,267.0,268.67976377952743
3784.6904869069435,1846.2237227064275,270.0,271.3181102362203
3778.349189361252,1845.8913893842848,273.0,273.9564566929132
3772.033975325663,1845.2276336425352,276.0,276.5948031496061
3765.762154362884,1844.2342747895298,279.0,279.233149606299
3759.550917098224,1842.914035552837,282.0,281.87149606299187
3753.4172881012887,1841.270534616436,285.0,284.50984251968475
3747.3780792228144,1839.3082767021551,288.0,287.14818897637764
3741.244450225879,1837.664775765754,285.0,287.14818897637764
3735.205241347405,1835.7025178514732,288.0,287.14818897637764
3729.0716123504694,1834.059016915072,285.0,287.14818897637764
3723.032403471995,1832.0967590007913,288.0,287.14818897637764
3716.89877447506,1830.4532580643902,285.0,287.14818897637764
3710.8595655965855,1828.4910001501094,288.0,287.14818897637764
3704.9313298883285,1826.2153636704968,291.0,289.7865354330705
3699.130316232298,1823.6325859869655,294.0,292.4248818897634
3693.472424803702,1820.7497463136194,297.0,295.0632283464563
3687.9731634896707,1817.5747463136195,300.0,297.7015748031492
3682.647605383217,1814.116288441274,303.0,300.3399212598421
3677.148344069186,1810.941288441274,300.0,302.97826771653496
3671.8227859627323,1807.4828305689286,303.0,305.61661417322784
3666.6855280484515,1803.7503942168714,306.0,308.25496062992073
3661.7506511931997,1799.754209733705,309.0,310.8933070866136
3657.0316815514184,1795.5052303833263,312.0,313.5316535433065
3652.541553490884,1791.0151023227918,315.0,316.1699999999994
3648.292574140505,1786.2961326810102,318.0,318.8083464566923
3644.2963896573388,1781.3612558257585,321.0,321.44669291338516
3640.5639533052818,1776.2239979114775,324.0,324.08503937007805
3637.1054954329366,1770.898439805024,327.0,326.72338582677094
3633.9304954329364,1765.3991784909929,330.0,329.3617322834638
3631.0476557595903,1759.7412870623969,333.0,332.0000787401567
3627.87265575959,1754.2420257483657,330.0,332.0000787401567
3624.989816086244,1748.5841343197696,333.0,332.0000787401567
3621.814816086244,1743.0848730057385,330.0,332.0000787401567
3618.3563582138986,1737.759314899285,327.0,329.3617322834638
3614.6239218618416,1732.622056985004,324.0,326.72338582677094
3611.1654639894964,1727.2964988785507,327.0,324.08503937007805
3607.4330276374394,1722.1592409642697,324.0,321.44669291338516
3603.436843154273,1717.2243641090179,321.0,318.8083464566923
3599.1878638038943,1712.5053944672363,318.0,316.1699999999994
3594.6977357433598,1708.0152664067018,315.0,313.5316535433065
3589.9787661015785,1703.766287056323,312.0,310.8933070866136
3585.0438892463267,1699.7701025731567,309.0,308.25496062992073
3579.906631332046,1696.0376662210995,306.0,308.25496062992073
3574.971754476794,1692.041481737933,309.0,308.25496062992073
3569.8344965625133,1688.3090453858758,306.0,308.25496062992073
3564.8996197072615,1684.3128609027094,309.0,308.25496062992073
3559.7623617929808,1680.5804245506522,306.0,308.25496062992073
3554.827484937729,1676.5842400674858,309.0,308.25496062992073
3549.690227023448,1672.8518037154286,306.0,308.25496062992073
3544.7553501681964,1668.8556192322621,309.0,308.25496062992073
3539.6180922539156,1665.123182880205,306.0,308.25496062992073
3534.683215398664,1661.1269983970385,309.0,308.25496062992073
3529.545957484383,1657.3945620449813,306.0,308.25496062992073
3524.6110806291313,1653.3983775618149,309.0,308.25496062992073
3519.4738227148505,1649.6659412097576,306.0,308.25496062992073
3514.5389458595987,1645.6697567265912,309.0,308.25496062992073
3509.401687945318,1641.937320374534,306.0,305.61661417322784
3504.0761298388643,1638.4788625021886,303.0,302.97826771653496
3498.576868524833,1635.3038625021886,300.0,300.3399212598421
3492.918977096237,1632.4210228288425,297.0,297.7015748031492
3487.1179634402065,1629.8382451453112,294.0,295.0632283464563
3481.1897277319495,1627.5626086656987,291.0,292.4248818897634
3475.150518853475,1625.6003507514179,288.0,289.7865354330705
3469.01688985654,1623.9568498150168,285.0,287.14818897637764
3462.80565259188,1622.636610578324,282.0,284.50984251968475
3456.533831629101,1621.6432517253186,279.0,281.87149606299187
3450.322594364441,1620.3230124886259,282.0,281.87149606299187
3444.050773401662,1619.3296536356204,279.0,281.87149606299187
3437.839536137002,1618.0094143989277,282.0,281.87149606299187
3431.567715174223,1617.0160555459222,279.0,281.87149606299187
3425.356477909563,1615.6958163092295,282.0,281.87149606299187
3419.084656946784,1614.702457456224,279.0,281.87149606299187
3412.873419682124,1613.3822182195313,282.0,281.87149606299187
3406.601598719345,1612.3888593665258,279.0,281.87149606299187
3400.3903614546853,1611.068620129833,282.0,281.87149606299187
3394.118540491906,1610.0752612768276,279.0,281.87149606299187
3387.9073032272463,1608.755022040135,282.0,281.87149606299187
3381.635482264467,1607.7616631871294,279.0,281.87149606299187
3375.4242449998073,1606.4414239504367,282.0,281.87149606299187
3369.152424037028,1605.4480650974313,279.0,281.87149606299187
3362.9411867723684,1604.1278258607385,282.0,281.87149606299187
3356.669365809589,1603.134467007733,279.0,281.87149606299187
3350.4581285449294,1601.8142277710404,282.0,281.87149606299187
3344.18630758215,1600.8208689180349,279.0,281.87149606299187
3337.9750703174905,1599.5006296813422,282.0,281.87149606299187
3331.7032493547113,1598.5072708283367,279.0,281.87149606299187
3325.4920120900515,1597.187031591644,282.0,281.87149606299187
3319.2201911272723,1596.1936727386385,279.0,281.87149606299187
3313.0089538626125,1594.8734335019458,282.0,281.87149606299187
3306.7371328998333,1593.8800746489403,279.0,281.87149606299187
3300.5258956351736,1592.5598354122476,282.0,279.233149606299
3294.2540746723944,1591.5664765592421,279.0,276.5948031496061
3287.9388606368057,1590.9027208174925,276.0,273.9564566929132
3281.597563091114,1590.57038749535,273.0,271.3181102362203
3275.247563091114,1590.57038749535,270.0,268.67976377952743
3268.9062655454222,1590.9027208174925,267.0,266.04141732283455
3262.5910515098335,1591.5664765592421,264.0,263.40307086614166
3256.3192305470543,1592.5598354122476,261.0,260.7647244094488
3250.1079932823945,1593.8800746489403,258.0,258.1263779527559
3243.974364285459,1595.5235755853414,255.0,255.48803149606297
3237.935155406985,1597.4858334996222,252.0,252.84968503937006
3232.006919698728,1599.7614699792348,249.0,250.21133858267714
3226.2059060426973,1602.344247662766,246.0,247.57299212598423
3220.5480146141012,1605.2270873361122,243.0,244.9346456692913
3215.04875330007,1608.4020873361121,240.0,242.2962992125984
3209.7231951936164,1611.8605452084576,237.0,239.65795275590548
3204.2239338795853,1615.0355452084575,240.0,237.01960629921257
3198.8983757731316,1618.494003080803,237.0,234.38125984251965
3193.761117858851,1622.2264394328602,234.0,231.74291338582674
3188.826241003599,1626.2226239160266,231.0,229.10456692913382
3184.1072713618178,1630.4716032664053,228.0,226.4662204724409
3179.6171433012832,1634.9617313269398,225.0,223.827874015748
3175.3681639509045,1639.6807009687213,222.0,221.18952755905508
3171.371979467738,1644.6155778239731,219.0,218.55118110236216
3167.639543115681,1649.7528357382541,216.0,215.91283464566925
3164.181085243336,1655.0783938447075,213.0,213.27448818897633
3161.0060852433357,1660.5776551587387,210.0,210.63614173228342
3158.1232455699896,1666.2355465873347,207.0,207.9977952755905
3155.5404678864584,1672.0365602433653,204.0,205.3594488188976
3153.2648314068456,1677.9647959516226,201.0,202.72110236220468
3151.3025734925645,1684.0040048300968,198.0,200.08275590551176
3149.0269370129517,1689.932240538354,201.0,200.08275590551176
3147.0646790986707,1695.9714494168284,198.0,200.08275590551176
3144.789042619058,1701.8996851250856,201.0,200.08275590551176
3142.826784704777,1707.9388940035599,198.0,200.08275590551176
3140.551148225164,1713.8671297118171,201.0,200.08275590551176
3138.588890310883,1719.9063385902914,198.0,200.08275590551176
3136.3132538312702,1725.8345742985487,201.0,200.08275590551176
3134.350995916989,1731.873783177023,198.0,200.08275590551176
3132.0753594373764,1737.8020188852802,201.0,200.08275590551176
3130.1131015230953,1743.8412277637544,198.0,200.08275590551176
3127.8374650434826,1749.7694634720117,201.0,200.08275590551176
3125.8752071292015,1755.808672350486,198.0,200.08275590551176
3123.5995706495887,1761.7369080587432,201.0,200.08275590551176
3121.6373127353077,1767.7761169372175,198.0,200.08275590551176
3119.361676255695,1773.7043526454747,201.0,200.08275590551176
3117.399418341414,1779.743561523949,198.0,200.08275590551176
3115.123781861801,1785.6717972322062,201.0,200.08275590551176
3113.16152394752,1791.7110061106805,198.0,200.08275590551176
3110.885887467907,1797.6392418189378,201.0,200.08275590551176
3108.923629553626,1803.678450697412,198.0,200.08275590551176
3106.6479930740134,1809.6066864056693,201.0,200.08275590551176
3104.6857351597323,1815.6458952841435,198.0,200.08275590551176
3102.4100986801195,1821.5741309924008,201.0,200.08275590551176
3100.4478407658385,1827.613339870875,198.0,200.08275590551176
3098.1722042862257,1833.5415755791323,201.0,200.08275590551176
3096.2099463719446,1839.5807844576066,198.0,200.08275590551176
3093.934309892332,1845.5090201658638,201.0,200.08275590551176
3091.972051978051,1851.548229044338,198.0,200.08275590551176
3089.696415498438,1857.4764647525953,201.0,200.08275590551176
3087.734157584157,1863.5156736310696,198.0,200.08275590551176
3085.458521104544,1869.4439093393269,201.0,200.08275590551176
3083.496263190263,1875.4831182178011,198.0,200.08275590551176
3081.2206267106503,1881.4113539260584,201.0,200.08275590551176
3078.637849027119,1887.212367582089,204.0,202.72110236220468
3075.755009353773,1892.870259010685,207.0,205.3594488188976
3072.5800093537728,1898.3695203247162,210.0,207.9977952755905
3069.2621434678267,1903.7837853683648,211.5,210.63614173228342
3065.8036855954815,1909.1093434748182,213.0,213.27448818897633
3062.207005991009,1914.3425447725679,214.5,215.91283464566925
3058.474569638952,1919.4798026868489,216.0,218.55118110236216
3054.6089345647465,1924.5175963976983,217.5,221.18952755905508
3050.61275008158,1929.45247325295,219.0,223.827874015748
3046.4887549746836,1934.2810511345103,220.5,226.4662204724409
3042.239775624305,1939.0000207762919,222.0,229.10456692913382
3037.8687240686495,1943.6061480322198,223.5,231.74291338582674
3033.378596008115,1948.0962760927544,225.0,234.38125984251965
3028.772468752187,1952.4673276484098,226.5,237.01960629921257
3024.0534991104055,1956.7163069987885,228.0,239.65795275590548
3019.2249212288452,1960.8403021056852,229.5,242.2962992125984
3014.2900443735934,1964.8364865888516,231.0,244.9346456692913
3009.07771292788,1968.8360491774388,232.5,247.57299212598423
3003.584487536074,1972.8271110405046,234.0,250.29968503937005
2997.8279661085494,1976.7834586054246,235.5,253.1147244094488
2991.872274560536,1980.4331110799656,238.5,256.00807086614174
2985.7337370285923,1983.7660650203788,241.5,258.9014173228347
2979.4291788174087,1986.7731850315847,244.5,261.7947637795276
2972.9758802828173,1989.446228806655,247.5,264.68811023622055
2966.3915294675385,1991.7778697184028,250.5,267.5814566929135
2959.694173619484,1993.7617169011596,253.5,270.47480314960643
2952.902169725506,1995.392332767693,256.5,273.36814960629937
2946.034134196172,1996.6652479132556,259.5,276.2614960629923
2939.108891839476,1997.5769733659126,262.5,279.15484251968525
2932.1454242633504,1998.1250101495716,265.5,282.0481889763782
2925.162817848396,1998.3078561335021,268.5,284.9415354330711
2918.180211433442,1998.1250101495716,271.5,287.83488188976406
2911.216743857316,1997.5769733659126,274.5,287.83488188976406
2904.29150150062,1996.6652479132556,277.5,287.83488188976406
2898.047832837589,1995.5080523263805,280.5,287.83488188976406
2891.8732838430637,1994.0256742658955,283.5,287.83488188976406
2885.784778526651,1992.2221768270256,286.5,287.83488188976406
2879.7990050582157,1990.102503270891,289.5,287.83488188976406
2873.710499741803,1988.299005832021,286.5,287.83488188976406
2867.7247262733677,1986.1793322758865,289.5,287.83488188976406
2861.6362209569547,1984.3758348370166,286.5,287.83488188976406
2855.6504474885196,1982.256161280882,289.5,287.83488188976406
2849.5619421721067,1980.452663842012,286.5,287.83488188976406
2843.5761687036716,1978.3329902858775,289.5,287.83488188976406
2837.4876633872586,1976.5294928470075,286.5,287.83488188976406
2831.5018899188235,1974.409819290873,289.5,287.83488188976406
2825.4133846024106,1972.606321852003,286.5,287.83488188976406
2819.4276111339755,1970.4866482958685,289.5,287.83488188976406
2813.3391058175625,1968.6831508569985,286.5,287.83488188976406
2807.3533323491274,1966.563477300864,289.5,287.83488188976406
2801.2648270327145,1964.759979861994,286.5,287.83488188976406
2795.2790535642794,1962.6403063058594,289.5,287.83488188976406
2789.1905482478664,1960.8368088669895,286.5,287.83488188976406
2783.2047747794313,1958.717135310855,289.5,287.83488188976406
2777.1162694630184,1956.913637871985,286.5,287.83488188976406
2771.1304959945833,1954.7939643158504,289.5,287.83488188976406
2765.0419906781704,1952.9904668769805,286.5,287.83488188976406
2759.056217209735,1950.870793320846,289.5,287.83488188976406
2752.9677118933223,1949.067295881976,286.5,287.83488188976406
2746.981938424887,1946.9476223258414,289.5,287.83488188976406
2740.8934331084743,1945.1441248869714,286.5,287.83488188976406
2734.907659640039,1943.0244513308369,289.5,287.83488188976406
2728.819154323626,1941.220953891967,286.5,287.83488188976406
2722.833380855191,1939.1012803358324,289.5,287.83488188976406
2716.744875538778,1937.2977828969624,286.5,287.83488188976406
2710.759102070343,1935.1781093408279,289.5,287.83488188976406
2704.67059675393,1933.374611901958,286.5,287.83488188976406
2698.684823285495,1931.2549383458233,289.5,287.83488188976406
2692.596317969082,1929.4514409069534,286.5,287.83488188976406
2686.610544500647,1927.3317673508188,289.5,287.83488188976406
2680.522039184234,1925.5282699119489,286.5,287.83488188976406
2674.536265715799,1923.4085963558143,289.5,287.83488188976406
2668.447760399386,1921.6050989169444,286.5,287.83488188976406
2662.461986930951,1919.4854253608098,289.5,287.83488188976406
2656.373481614538,1917.6819279219399,286.5,287.83488188976406
2650.387708146103,1915.5622543658053,289.5,287.83488188976406
2644.29920282969,1913.7587569269353,286.5,287.83488188976406
2638.3134293612547,1911.6390833708008,289.5,287.83488188976406
2632.224924044842,1909.8355859319308,286.5,287.83488188976406
2626.2391505764067,1907.7159123757963,289.5,287.83488188976406
2620.150645259994,1905.9124149369263,286.5,287.83488188976406
2614.1648717915587,1903.7927413807918,289.5,287.83488188976406
2608.0763664751457,1901.9892439419218,286.5,287.83488188976406
2602.0905930067106,1899.8695703857873,289.5,287.83488188976406
2596.0020876902977,1898.0660729469173,286.5,287.83488188976406
2590.0163142218626,1895.9463993907827,289.5,287.83488188976406
2583.9278089054496,1894.1429019519128,286.5,287.83488188976406
2577.9420354370145,1892.0232283957782,289.5,287.83488188976406
2571.8535301206016,1890.2197309569083,286.5,287.83488188976406
2565.719901123666,1888.5762300205072,285.0,285.1965354330712
2559.545352129141,1887.0938519600222,283.5,282.5581889763783
2553.3341148644813,1885.7736127233295,282.0,279.9198425196854
2547.09044620145,1884.6164171364544,280.5,277.2814960629925
2540.818625238671,1883.623058283449,279.0,274.64314960629963
2534.522950368947,1882.7942169628516,277.5,272.00480314960674
2528.2077363333583,1882.130461221102,276.0,269.36645669291386
2521.877311264153,1881.6322459632302,274.5,266.72811023622097
2515.536013718461,1881.2999126410875,273.0,264.0897637795281
2509.1881897048665,1881.1336890193325,271.5,261.4514173228352
2502.840365691272,1881.2999126410875,268.5,258.8130708661423
2496.5099406220666,1881.7981278989594,265.5,256.1747244094494
2490.2142657523427,1882.6269692195567,262.5,253.5363779527565
2483.9705970893115,1883.7841648064318,259.5,250.8980314960636
2477.7960480947863,1885.2665428669168,256.5,248.25968503937068
2471.7075427783734,1887.0700403057867,253.5,245.62133858267777
2465.7217693099383,1889.1897138619213,250.5,242.98299212598485
2459.8551342784917,1891.6197536574396,247.5,240.34464566929194
2454.12371772287,1894.3534991221723,244.5,237.70629921259902
2448.5432290574663,1897.3834572498208,241.5,235.0679527559061
2443.128964013818,1900.701323135767,238.5,232.4296062992132
2437.895762716068,1904.2980027402398,235.5,229.79125984252028
2432.857969005219,1908.163637814445,232.5,227.15291338582736
2428.0293911236586,1912.2876329213418,229.5,224.51456692913445
2423.4232638677304,1916.6586844769972,226.5,221.87622047244153
2419.052212312075,1921.2648117329252,223.5,219.23787401574862
2414.9282172051785,1926.0933896144854,220.5,216.5995275590557
2411.062582130973,1931.1311833253349,217.5,213.9611811023628
2407.4659025265005,1936.3643846230846,214.5,211.32283464566987
2404.1480366405544,1941.7786496667331,211.5,208.68448818897696
2401.118078512906,1947.3591383321366,208.5,208.68448818897696
2397.915162311197,1952.585822539627,211.5,208.68448818897696
2395.095154038063,1957.7796316754593,208.5,208.68448818897696
2392.122137204829,1962.6311542106341,211.5,208.68448818897696
2389.512078786209,1967.4382838168951,208.5,208.68448818897696
2386.76896132145,1971.914644679754,211.5,208.68448818897696
2384.3688527573445,1976.3350947564436,208.5,208.68448818897696
2381.855634661061,1980.4362939469868,211.5,208.68448818897696
2379.665475951469,1984.4700644941051,208.5,208.68448818897696
2377.38215722366,1988.1961020123326,211.5,208.68448818897696
2375.401948368583,1991.8431930298798,208.5,208.68448818897696
2373.3485290092494,1995.1940688757913,211.5,208.68448818897696
2371.578270008686,1998.4544803637673,208.5,208.68448818897696
2369.7547500178275,2001.4301945373631,211.5,208.68448818897696
2368.1944408717786,2004.3039264957679,208.5,208.68448818897696
2366.5355079288056,2007.011059017592,211.5,208.68448818897696
2365.0205288649813,2009.801303350294,208.5,208.68448818897696
2363.3615959220083,2012.508435872118,211.5,208.68448818897696
2361.846616858184,2015.29868020482,208.5,208.68448818897696
2360.187683915211,2018.005812726644,211.5,208.68448818897696
2358.6727048513867,2020.796057059346,208.5,208.68448818897696
2357.0137719084137,2023.50318958117,211.5,208.68448818897696
2355.4987928445894,2026.293433913872,208.5,208.68448818897696
2353.8398599016164,2029.000566435696,211.5,208.68448818897696
2352.324880837792,2031.790810768398,208.5,208.68448818897696
2350.665947894819,2034.497943290222,211.5,208.68448818897696
2349.1509688309948,2037.288187622924,208.5,210.04783464566987
2347.4920358880217,2039.9953201447481,211.5,211.41118110236278
2345.693696085785,2042.611920793623,214.5,212.77452755905568
2344.034763142812,2045.3190533154473,211.5,214.1378740157486
2342.2364233405756,2047.9356539643222,214.5,215.5012204724415
2340.3036058034727,2050.454550819747,217.5,216.8645669291344
2338.2416082500245,2052.868839760527,220.5,218.22791338582732
2336.3087907129216,2055.387736615952,217.5,219.59125984252023
2334.2467931594733,2057.8020255567317,220.5,220.95460629921314
2332.061267381646,2060.1050891846958,223.5,222.31795275590605
2329.7582037536818,2062.2906149625233,226.5,223.68129921259896
2327.4212399692015,2064.75326095211,223.5,225.04464566929187
2324.799011617992,2067.241662743243,226.5,226.49633858267768
2322.1591718202067,2070.0234734560754,223.5,226.49633858267768
2319.2177787457517,2072.8147512605137,226.5,226.49633858267768
2316.275062934661,2075.9157266965913,223.5,226.49633858267768
2313.014505136961,2079.009880514335,226.5,226.49633858267768
2309.768913312565,2082.4300206736575,223.5,226.49633858267768
2306.1891907916192,2085.827050504706,226.5,226.49633858267768
2302.640722953918,2089.5663553872746,223.5,226.49633858267768
2298.741835709727,2093.2662612316285,226.5,226.49633858267768
2294.8904918587205,2097.324730837442,223.5,226.49633858267768
2290.672439891284,2101.327512695101,226.5,226.49633858267768
2286.518220026972,2105.7051470241604,223.5,226.49633858267768
2281.98100333629,2110.0108048951247,226.5,226.49633858267768
2277.6099517806347,2114.616932151053,223.5,226.49633858267768
2273.0038245247065,2118.9879837067083,226.5,226.49633858267768
2268.632772969051,2123.5941109626365,223.5,226.49633858267768
2264.026645713123,2127.965162518292,226.5,226.49633858267768
2259.6555941574675,2132.57128977422,223.5,226.49633858267768
2255.0494669015393,2136.9423413298755,226.5,226.49633858267768
2250.678415345884,2141.5484685858037,223.5,226.49633858267768
2246.0722880899557,2145.919520141459,226.5,226.49633858267768
2241.7012365343003,2150.5256473973873,223.5,226.49633858267768
2237.095109278372,2154.8966989530427,226.5,226.49633858267768
2232.7240577227167,2159.502826208971,223.5,226.49633858267768
2228.1179304667885,2163.8738777646263,226.5,226.49633858267768
2223.746878911133,2168.4800050205545,223.5,226.49633858267768
2219.140751655205,2172.85105657621,226.5,226.49633858267768
2214.3121737736446,2176.9750516831064,229.5,229.1346850393706
2209.2743800627954,2180.8406867573117,232.5,231.7730314960635
2204.0411787650455,2184.4373663617844,235.5,234.41137795275642
2198.626913721397,2187.7552322477304,238.5,237.04972440944934
2193.0464250559935,2190.785190375379,241.5,239.68807086614225
2187.3150085003717,2193.5189358401117,244.5,242.32641732283517
2181.448373468925,2195.94897563563,247.5,244.96476377952808
2175.46260000049,2198.0686491917645,250.5,247.603110236221
2169.5959649690435,2200.498688987283,247.5,250.2414566929139
2163.6101915006084,2202.6183625434173,250.5,252.87980314960683
2157.5216861841955,2204.421859982287,253.5,255.51814960629974
2151.3471371896703,2205.9042380427722,256.5,258.15649606299263
2145.103468526639,2207.0614336296476,259.5,260.7948425196855
2138.8077936569152,2207.890274950245,262.5,263.4331889763784
2132.47736858771,2208.3884902081168,265.5,266.0715354330713
2126.1295445741152,2208.5547138298716,268.5,268.7098818897642
2119.7817205605206,2208.3884902081168,271.5,271.34822834645706
2113.4512954913152,2207.890274950245,274.5,273.98657480314995
2107.1556206215914,2207.0614336296476,277.5,276.62492125984284
2100.91195195856,2205.9042380427722,280.5,279.2632677165357
2094.737402964035,2204.421859982287,283.5,281.9016141732286
2088.648897647622,2202.6183625434173,286.5,284.5399606299215
2082.663124179187,2200.498688987283,289.5,287.1783070866144
2076.7964891477404,2198.0686491917645,292.5,289.81665354330727
2070.8107156793053,2195.94897563563,289.5,292.45500000000015
2064.9440806478588,2193.5189358401117,292.5,295.09334645669304
2059.212664092237,2190.785190375379,295.5,297.7316929133859
2053.6321754268333,2187.7552322477304,298.5,300.3700393700788
2048.217910383185,2184.437366361784,301.5,303.0083858267717
2042.9847090854353,2180.8406867573112,304.5,305.6467322834646
2037.9469153745858,2176.975051683106,307.5,308.2850787401575
2033.1183374930256,2172.8510565762094,310.5,310.92342519685036
2028.5122102370976,2168.480005020554,313.5,310.92342519685036
2023.6836323555374,2164.3560099136575,310.5,310.92342519685036
2019.0775050996094,2159.984958358002,313.5,310.92342519685036
2014.2489272180492,2155.8609632511057,310.5,310.92342519685036
2009.6427999621212,2151.4899116954502,313.5,310.92342519685036
2004.814222080561,2147.365916588554,310.5,310.92342519685036
2000.208094824633,2142.9948650328984,313.5,310.92342519685036
1995.3795169430728,2138.870869926002,310.5,310.92342519685036
1990.7733896871448,2134.4998183703465,313.5,310.92342519685036
1985.9448118055845,2130.37582326345,310.5,310.92342519685036
1981.3386845496566,2126.0047717077946,313.5,310.92342519685036
1976.5101066680963,2121.880776600898,310.5,310.92342519685036
1971.9039794121684,2117.5097250452427,313.5,310.92342519685036
1967.0754015306081,2113.3857299383462,310.5,310.92342519685036
1962.4692742746802,2109.014678382691,313.5,310.92342519685036
1957.64069639312,2104.8906832757943,310.5,310.92342519685036
1953.034569137192,2100.519631720139,313.5,310.92342519685036
1948.2059912556317,2096.3956366132425,310.5,310.92342519685036
1943.5998639997038,2092.024585057587,313.5,310.92342519685036
1938.7712861181435,2087.9005899506906,310.5,310.92342519685036
1934.1651588622155,2083.529538395035,313.5,310.92342519685036
1929.3365809806553,2079.4055432881387,310.5,310.92342519685036
1924.7304537247273,2075.0344917324833,313.5,310.92342519685036
1919.901875843167,2070.910496625587,310.5,310.92342519685036
1915.2957485872391,2066.5394450699314,313.5,310.92342519685036
1910.4671707056789,2062.415449963035,310.5,310.92342519685036
1905.861043449751,2058.0443984073795,313.5,310.92342519685036
1901.0324655681907,2053.920403300483,310.5,310.92342519685036
1896.4263383122627,2049.5493517448276,313.5,310.92342519685036
1891.5977604307025,2045.425356637931,310.5,310.92342519685036
1886.9916331747745,2041.0543050822755,313.5,310.92342519685036
1882.1630552932143,2036.9303099753788,310.5,310.92342519685036
1877.5569280372863,2032.5592584197234,313.5,310.92342519685036
1872.728350155726,2028.4352633128267,310.5,310.92342519685036
1868.122222899798,2024.0642117571713,313.5,310.92342519685036
1863.2936450182378,2019.9402166502746,310.5,310.92342519685036
1858.6875177623099,2015.5691650946192,313.5,310.92342519685036
1853.8589398807496,2011.4451699877225,310.5,310.92342519685036
1849.2528126248217,2007.074118432067,313.5,310.92342519685036
1844.4242347432614,2002.9501233251704,310.5,308.2850787401575
1839.386441032412,1999.084488250965,307.5,305.6467322834646
1834.1532397346623,1995.4878086464923,304.5,303.0083858267717
1828.7389746910137,1992.169942760546,301.5,300.3700393700788
1823.1584860256103,1989.1399846328975,298.5,297.7316929133859
1817.4270694699887,1986.4062391681648,295.5,295.09334645669304
1811.560434438542,1983.9761993726465,292.5,295.09334645669304
1805.8290178829204,1981.2424539079138,295.5,295.09334645669304
1799.9623828514736,1978.8124141123956,292.5,295.09334645669304
1794.230966295852,1976.0786686476629,295.5,295.09334645669304
1788.3643312644053,1973.6486288521446,292.5,295.09334645669304
1782.6329147087838,1970.914883387412,295.5,295.09334645669304
1776.766279677337,1968.4848435918937,292.5,295.09334645669304
1771.0348631217155,1965.751098127161,295.5,295.09334645669304
1765.1682280902687,1963.3210583316427,292.5,295.09334645669304
1759.4368115346472,1960.58731286691,295.5,295.09334645669304
1753.5701765032004,1958.1572730713917,292.5,295.09334645669304
1747.8387599475789,1955.423527606659,295.5,295.09334645669304
1741.972124916132,1952.9934878111408,292.5,295.09334645669304
1736.2407083605106,1950.259742346408,295.5,295.09334645669304
1730.3740733290638,1947.8297025508898,292.5,295.09334645669304
1724.6426567734422,1945.0959570861571,295.5,295.09334645669304
1718.7760217419955,1942.6659172906388,292.5,295.09334645669304
1713.044605186374,1939.9321718259062,295.5,295.09334645669304
1707.1779701549272,1937.5021320303879,292.5,295.09334645669304
1701.4465535993056,1934.7683865656552,295.5,295.09334645669304
1695.5799185678588,1932.338346770137,292.5,295.09334645669304
1689.8485020122373,1929.6046013054042,295.5,295.09334645669304
1683.9818669807905,1927.174561509886,292.5,295.09334645669304
1678.250450425169,1924.4408160451533,295.5,295.09334645669304
1672.3838153937222,1922.010776249635,292.5,295.09334645669304
1666.6523988381007,1919.2770307849023,295.5,295.09334645669304
1660.785763806654,1916.846990989384,292.5,295.09334645669304
1655.0543472510324,1914.1132455246513,295.5,295.09334645669304
1649.1877122195856,1911.683205729133,292.5,295.09334645669304
1643.456295663964,1908.9494602644004,295.5,295.09334645669304
1637.5896606325173,1906.5194204688821,292.5,295.09334645669304
1631.8582440768957,1903.7856750041494,295.5,295.09334645669304
1625.991609045449,1901.3556352086312,292.5,295.09334645669304
1620.2601924898274,1898.6218897438985,295.5,295.09334645669304
1614.3935574583807,1896.1918499483802,292.5,295.09334645669304
1608.6621409027591,1893.4581044836475,295.5,295.09334645669304
1602.7955058713123,1891.0280646881292,292.5,295.09334645669304
1597.0640893156908,1888.2943192233965,295.5,295.09334645669304
1591.197454284244,1885.8642794278783,292.5,295.09334645669304
1585.4660377286225,1883.1305339631456,295.5,295.09334645669304
1579.5994026971757,1880.7004941676273,292.5,295.09334645669304
1573.8679861415542,1877.9667487028946,295.5,295.09334645669304
1568.0013511101074,1875.5367089073764,292.5,295.09334645669304
1562.2699345544859,1872.8029634426437,295.5,295.09334645669304
1556.403299523039,1870.3729236471254,292.5,295.09334645669304
1550.6718829674176,1867.6391781823927,295.5,295.09334645669304
1544.8052479359708,1865.2091383868744,292.5,295.09334645669304
1539.0738313803492,1862.4753929221417,295.5,295.09334645669304
1533.2071963489025,1860.0453531266235,292.5,295.09334645669304
1527.475779793281,1857.3116076618908,295.5,295.09334645669304
1521.6091447618342,1854.8815678663725,292.5,295.09334645669304
1515.8777282062126,1852.1478224016398,295.5,295.09334645669304
1510.0110931747658,1849.7177826061215,292.5,295.09334645669304
1504.2796766191443,1846.9840371413889,295.5,295.09334645669304
1498.4130415876975,1844.5539973458706,292.5,295.09334645669304
1492.681625032076,1841.820251881138,295.5,295.09334645669304
1486.8149900006292,1839.3902120856196,292.5,295.09334645669304
1481.0835734450077,1836.656466620887,295.5,295.09334645669304
1475.216938413561,1834.2264268253687,292.5,295.09334645669304
1469.4855218579394,1831.492681360636,295.5,295.09334645669304
1463.6188868264926,1829.0626415651177,292.5,295.09334645669304
1457.887470270871,1826.328896100385,295.5,295.09334645669304
1452.0208352394243,1823.8988563048667,292.5,295.09334645669304
1446.2894186838028,1821.165110840134,295.5,295.09334645669304
1440.422783652356,1818.7350710446158,292.5,295.09334645669304
1434.6913670967344,1816.001325579883,295.5,295.09334645669304
1428.8247320652877,1813.5712857843648,292.5,295.09334645669304
1423.0933155096661,1810.8375403196321,295.5,295.09334645669304
1417.2266804782194,1808.4075005241139,292.5,295.09334645669304
1411.4952639225978,1805.6737550593812,295.5,295.09334645669304
1405.628628891151,1803.243715263863,292.5,295.09334645669304
1399.8972123355295,1800.5099697991302,295.5,295.09334645669304
1394.0305773040827,1798.079930003612,292.5,295.09334645669304
1388.2991607484612,1795.3461845388792,295.5,295.09334645669304
1382.4325257170144,1792.916144743361,292.5,295.09334645669304
1376.7011091613929,1790.1823992786283,295.5,295.09334645669304
1370.834474129946,1787.75235948311,292.5,295.09334645669304
1365.1030575743246,1785.0186140183773,295.5,295.09334645669304
1359.2364225428778,1782.588574222859,292.5,295.09334645669304
1353.5050059872563,1779.8548287581264,295.5,295.09334645669304
1347.6383709558095,1777.424788962608,292.5,295.09334645669304
1341.906954400188,1774.6910434978754,295.5,295.09334645669304
1336.0403193687412,1772.2610037023571,292.5,295.09334645669304
1330.3089028131196,1769.5272582376244,295.5,295.09334645669304
1324.4422677816729,1767.0972184421062,292.5,295.09334645669304
1318.7108512260513,1764.3634729773735,295.5,295.09334645669304
1312.8442161946045,1761.9334331818552,292.5,295.09334645669304
1307.112799638983,1759.1996877171225,295.5,295.09334645669304
1301.2461646075362,1756.7696479216042,292.5,295.09334645669304
1295.5147480519147,1754.0359024568716,295.5,295.09334645669304
1289.648113020468,1751.6058626613533,292.5,295.09334645669304
1283.9166964648464,1748.8721171966206,295.5,297.7316929133859
1278.336207799443,1745.842159068972,298.5,297.7316929133859
1272.6047912438214,1743.1084136042393,295.5,297.7316929133859
1267.024302578418,1740.0784554765908,298.5,297.7316929133859
1261.2928860227964,1737.344710011858,295.5,297.7316929133859
1255.712397357393,1734.3147518842095,298.5,297.7316929133859
1249.9809808017715,1731.5810064194768,295.5,297.7316929133859
1244.400492136368,1728.5510482918282,298.5,297.7316929133859
1238.6690755807465,1725.8173028270955,295.5,297.7316929133859
1233.088586915343,1722.787344699447,298.5,297.7316929133859
1227.3571703597215,1720.0535992347143,295.5,297.7316929133859
1221.776681694318,1717.0236411070657,298.5,297.7316929133859
1216.0452651386965,1714.289895642333,295.5,297.7316929133859
1210.464776473293,1711.2599375146845,298.5,297.7316929133859
1204.7333599176716,1708.5261920499518,295.5,297.7316929133859
1199.1528712522681,1705.4962339223032,298.5,297.7316929133859
1193.4214546966466,1702.7624884575705,295.5,297.7316929133859
1187.8409660312432,1699.732530329922,298.5,297.7316929133859
1182.1095494756216,1696.9987848651892,295.5,297.7316929133859
1176.5290608102182,1693.9688267375407,298.5,297.7316929133859
1170.7976442545967,1691.235081272808,295.5,297.7316929133859
1165.2171555891932,1688.2051231451594,298.5,297.7316929133859
1159.4857390335717,1685.4713776804267,295.5,297.7316929133859
1153.9052503681683,1682.4414195527781,298.5,297.7316929133859
1148.1738338125467,1679.7076740880455,295.5,297.7316929133859
1142.5933451471433,1676.6777159603969,298.5,297.7316929133859
1136.8619285915217,1673.9439704956642,295.5,297.7316929133859
1131.2814399261183,1670.9140123680156,298.5,297.7316929133859
1125.5500233704968,1668.180266903283,295.5,297.7316929133859
1119.9695347050933,1665.1503087756344,298.5,297.7316929133859
1114.2381181494718,1662.4165633109017,295.5,297.7316929133859
1108.6576294840684,1659.386605183253,298.5,297.7316929133859
1102.9262129284468,1656.6528597185204,295.5,297.7316929133859
1097.3457242630434,1653.6229015908718,298.5,297.7316929133859
1091.6143077074219,1650.8891561261391,295.5,297.7316929133859
1086.0338190420184,1647.8591979984906,298.5,297.7316929133859
1080.3024024863969,1645.1254525337579,295.5,297.7316929133859
1074.7219138209934,1642.0954944061093,298.5,297.7316929133859
1068.990497265372,1639.3617489413766,295.5,297.7316929133859
1063.4100085999685,1636.331790813728,298.5,297.7316929133859
1057.678592044347,1633.5980453489954,295.5,297.7316929133859
1052.0981033789435,1630.5680872213468,298.5,297.7316929133859
1046.366686823322,1627.834341756614,295.5,297.7316929133859
1040.7861981579185,1624.8043836289655,298.5,297.7316929133859
1035.054781602297,1622.0706381642328,295.5,297.7316929133859
1029.4742929368936,1619.0406800365843,298.5,297.7316929133859
1023.7428763812719,1616.3069345718516,295.5,297.7316929133859
1018.1623877158685,1613.276976444203,298.5,297.7316929133859
1012.4309711602468,1610.5432309794703,295.5,297.7316929133859
1006.8504824948434,1607.5132728518217,298.5,297.7316929133859
1001.1190659392217,1604.779527387089,295.5,297.7316929133859
995.5385772738183,1601.7495692594405,298.5,297.7316929133859
989.8071607181967,1599.0158237947078,295.5,297.7316929133859
984.2266720527932,1595.9858656670592,298.5,297.7316929133859
978.4952554971716,1593.2521202023265,295.5,297.7316929133859
972.9147668317681,1590.222162074678,298.5,297.7316929133859
967.1833502761465,1587.4884166099453,295.5,297.7316929133859
961.602861610743,1584.4584584822967,298.5,297.7316929133859
955.8714450551214,1581.724713017564,295.5,297.7316929133859
950.290956389718,1578.6947548899154,298.5,300.3700393700788
944.8766913460695,1575.3768890039692,301.5,303.0083858267717
939.6434900483197,1571.7802093994965,304.5,305.6467322834646
934.6056963374704,1567.9145743252911,307.5,308.2850787401575
929.7771184559101,1563.7905792183944,310.5,310.92342519685036
925.170991199982,1559.419527662739,313.5,313.56177165354325
920.7999396443267,1554.813400406811,316.5,316.20011811023613
916.67594453743,1549.9848225252508,319.5,318.838464566929
912.8103094632247,1544.9470288144014,322.5,321.4768110236219
909.213629858752,1539.7138275166517,325.5,324.1151574803148
905.8957639728058,1534.299562473003,328.5,326.7535039370077
902.8658058451572,1528.7190738075997,331.5,329.39185039370057
900.1320603804245,1522.9876572519781,334.5,332.03019685039345
897.7020205849062,1517.1210222205314,337.5,334.66854330708634
894.9682751201735,1511.3896056649098,334.5,337.3068897637792
892.5382353246553,1505.522970633463,337.5,339.9452362204721
890.4185617685208,1499.5371971650277,340.5,342.583582677165
888.6150643296509,1493.4486918486148,343.5,345.2219291338579
887.1326862691659,1487.2741428540896,346.5,347.86027559055077
885.9754906822908,1481.0304741910586,349.5,350.49862204724366
885.1466493616934,1474.734799321335,352.5,353.13696850393654
884.6484341038216,1468.4043742521296,355.5,355.77531496062943
884.4822104820666,1462.0565502385348,358.5,355.77531496062943
883.9839952241948,1455.7261251693294,355.5,355.77531496062943
883.8177716024398,1449.3783011557346,358.5,355.77531496062943
883.319556344568,1443.0478760865292,355.5,355.77531496062943
883.153332722813,1436.7000520729343,358.5,355.77531496062943
882.6551174649412,1430.369627003729,355.5,355.77531496062943
882.4888938431862,1424.0218029901341,358.5,355.77531496062943
881.9906785853144,1417.6913779209287,355.5,355.77531496062943
881.8244549635594,1411.343553907334,358.5,355.77531496062943
881.3262397056876,1405.0131288381285,355.5,355.77531496062943
881.1600160839326,1398.6653048245337,358.5,355.77531496062943
880.6618008260608,1392.3348797553283,355.5,355.77531496062943
880.4955772043058,1385.9870557417335,358.5,355.77531496062943
879.997361946434,1379.656630672528,355.5,355.77531496062943
879.831138324679,1373.3088066589332,358.5,355.77531496062943
879.3329230668072,1366.9783815897279,355.5,355.77531496062943
879.1666994450522,1360.630557576133,358.5,355.77531496062943
878.6684841871804,1354.3001325069276,355.5,355.77531496062943
878.5022605654254,1347.9523084933328,358.5,355.77531496062943
878.0040453075536,1341.6218834241274,355.5,355.77531496062943
877.8378216857986,1335.2740594105326,358.5,358.4136614173223
878.0040453075536,1328.9262353969377,361.5,361.0520078740152
878.5022605654254,1322.5958103277324,364.5,363.6903543307081
879.3311018860228,1316.3001354580088,367.5,366.328700787401
879.8293171438946,1309.9697103888034,364.5,366.328700787401
880.658158464492,1303.6740355190798,367.5,366.328700787401
881.1563737223638,1297.3436104498744,364.5,366.328700787401
881.9852150429612,1291.0479355801508,367.5,366.328700787401
882.483430300833,1284.7175105109454,364.5,366.328700787401
883.3122716214303,1278.4218356412218,367.5,366.328700787401
883.8104868793022,1272.0914105720165,364.5,366.328700787401
884.6393281998995,1265.7957357022929,367.5,366.328700787401
885.1375434577714,1259.4653106330875,364.5,366.328700787401
885.9663847783687,1253.1696357633639,367.5,366.328700787401
886.4646000362405,1246.8392106941585,364.5,366.328700787401
887.2934413568379,1240.543535824435,367.5,366.328700787401
887.7916566147097,1234.2131107552295,364.5,366.328700787401
888.6204979353071,1227.917435885506,367.5,366.328700787401
889.1187131931789,1221.5870108163006,364.5,366.328700787401
