2366.0115139103737,1043.780301502354,3.0,0
2366.0115139103737,1043.340301502354,0.0,0
2366.046055641494,1042.681206009416,3.0,0
2366.046055641494,1041.8012060094159,0.0,0
2366.1036251933615,1040.7027135211858,3.0,0
2366.1036251933615,1039.382713521186,0.0,0
2366.1842225659757,1037.8448240376638,3.0,0
2366.1842225659757,1036.0848240376638,0.0,0
2366.2878477593367,1034.1075375588498,3.0,0
2366.2878477593367,1031.9075375588498,0.0,0
2366.4145007734446,1029.4908540847437,3.0,0
2366.4145007734446,1026.8508540847436,0.0,0
2366.5641816082994,1023.9947736153455,3.0,0
2366.5641816082994,1020.9147736153454,0.0,0
2366.736890263901,1017.6192961506554,3.0,0
2366.736890263901,1014.0992961506554,0.0,0
2366.9326267402494,1010.3644216906733,3.0,0
2366.9326267402494,1006.4044216906733,0.0,0
2367.151391037345,1002.2301502353992,3.0,0
2367.151391037345,997.8301502353992,0.0,0
2367.3931831551877,993.216481784833,3.0,0
2367.3931831551877,988.376481784833,0.0,0
2367.658003093777,983.3234163389749,3.0,0
2367.658003093777,978.0434163389749,0.0,0
2367.9458508531134,972.5509538978248,3.0,0
2367.9458508531134,966.8309538978248,0.0,0
2368.2567264331965,960.8990944613826,3.0,0
2368.2567264331965,954.7390944613826,0.0,0
2368.5890597553393,948.3977969156911,3.0,0
2368.5890597553393,942.047796915691,0.0,0
2368.921393077482,935.7064993699995,3.0,0
2368.921393077482,929.3564993699995,0.0,0
2369.253726399625,923.015201824308,3.0,0
2369.253726399625,916.6652018243079,0.0,0
2368.921393077482,910.3239042786164,-3.0,-2.638346456692913
2368.2576373357324,904.0086902430279,-6.0,-5.276692913385826
2367.264278482727,897.7368692802488,-9.0,-7.915039370078739
2365.944039246034,891.5256320155892,-12.0,-10.553385826771652
2364.3005383096333,885.3920030186536,-15.0,-13.191732283464566
2362.3382803953523,879.3527941401793,-18.0,-15.830078740157479
2360.0626439157395,873.424558431922,-21.0,-18.46842519685039
2357.479866232208,867.6235447758916,-24.0,-21.106771653543305
2355.2042297525954,861.6953090676343,-21.0,-23.74511811023622
2352.621452069064,855.8942954116038,-24.0,-23.74511811023622
2350.3458155894514,849.9660597033466,-21.0,-23.74511811023622
2347.76303790592,844.1650460473161,-24.0,-23.74511811023622
2345.4874014263073,838.2368103390588,-21.0,-23.74511811023622
2342.904623742776,832.4357966830283,-24.0,-23.74511811023622
2340.6289872631633,826.5075609747711,-21.0,-23.74511811023622
2338.046209579632,820.7065473187406,-24.0,-23.74511811023622
2335.770573100019,814.7783116104833,-21.0,-23.74511811023622
2333.187795416488,808.9772979544529,-24.0,-23.74511811023622
2330.912158936875,803.0490622461956,-21.0,-23.74511811023622
2328.329381253344,797.2480485901651,-24.0,-23.74511811023622
2326.053744773731,791.3198128819079,-21.0,-23.74511811023622
2323.4709670902,785.5187992258774,-24.0,-23.74511811023622
2321.195330610587,779.5905635176201,-21.0,-23.74511811023622
2318.6125529270557,773.7895498615896,-24.0,-23.74511811023622
2316.336916447443,767.8613141533324,-21.0,-23.74511811023622
2313.7541387639117,762.0603004973019,-24.0,-23.74511811023622
2311.478502284299,756.1320647890446,-21.0,-23.74511811023622
2308.8957246007676,750.3310511330142,-24.0,-26.383464566929135
2306.0128849274215,744.673159704418,-27.0,-29.02181102362205
2302.8378849274213,739.1738983903869,-30.0,-31.660157480314965
2299.379427055076,733.8483402839335,-33.0,-34.29850393700788
2295.646990703019,728.7110823696526,-36.0,-36.936850393700794
2291.6508062198527,723.7762055144008,-39.0,-39.57519685039371
2287.401826869474,719.0572358726193,-42.0,-42.213543307086624
2282.9116988089395,714.5671078120847,-45.0,-44.85188976377954
2278.192729167158,710.318128461706,-48.0,-47.490236220472454
2273.2578523119064,706.3219439785396,-51.0,-50.12858267716537
2268.1205943976256,702.5895076264824,-54.0,-52.766929133858284
2262.795036291172,699.1310497541369,-57.0,-55.4052755905512
2257.295774977141,695.956049754137,-60.0,-58.043622047244114
2251.637883548545,693.0732100807909,-63.0,-60.68196850393703
2245.836869892514,690.4904323972596,-66.0,-63.32031496062994
2240.178978463918,687.6075927239135,-63.0,-65.95866141732286
2234.3779648078876,685.0248150403822,-66.0,-68.59700787401577
2228.4497290996305,682.7491785607696,-69.0,-71.23535433070869
2222.4105202211563,680.7869206464886,-72.0,-73.8737007874016
2216.276891224221,679.1434197100876,-75.0,-76.51204724409452
2210.065653959561,677.8231804733948,-78.0,-79.15039370078743
2203.793832996782,676.8298216203893,-81.0,-81.78874015748035
2197.478618961193,676.1660658786398,-84.0,-84.42708661417326
2191.1373214155014,675.833732556497,-87.0,-87.06543307086618
2184.7873214155015,675.833732556497,-90.0,-89.70377952755909
2178.44602386981,676.1660658786398,-93.0,-92.34212598425201
2172.130809834221,676.8298216203893,-96.0,-94.98047244094492
2165.858988871442,677.8231804733948,-99.0,-97.61881889763784
2159.647751606782,679.1434197100876,-102.0,-100.25716535433075
2153.5141226098467,680.7869206464886,-105.0,-102.89551181102367
2147.4749137313725,682.7491785607696,-108.0,-105.53385826771658
2141.5466780231154,685.0248150403822,-111.0,-108.1722047244095
2135.507469144641,686.9870729546632,-108.0,-110.81055118110241
2129.579233436384,689.2627094342758,-111.0,-113.44889763779533
2123.7782197803535,691.8454871178071,-114.0,-116.08724409448824
2118.1203283517575,694.7283267911532,-117.0,-118.72559055118116
2112.6210670377263,697.9033267911532,-120.0,-121.36393700787407
2107.2955089312727,701.3617846634986,-123.0,-124.00228346456699
2102.158251016992,705.0942210155558,-126.0,-126.6406299212599
2097.22337416174,709.0904054987222,-129.0,-129.2789763779528
2092.504404519959,713.339384849101,-132.0,-131.91732283464572
2088.0142764594243,717.8295129096356,-135.0,-134.55566929133863
2083.7652971090456,722.548482551417,-138.0,-137.19401574803155
2079.769112625879,727.4833594066688,-141.0,-139.83236220472446
2076.036676273822,732.6206173209497,-144.0,-142.47070866141738
2072.578218401477,737.9461754274031,-147.0,-145.1090551181103
2069.403218401477,743.4454367414343,-150.0,-147.7474015748032
2066.5203787281307,749.1033281700304,-153.0,-150.38574803149612
2063.9376010445994,754.9043418260609,-156.0,-153.02409448818904
2061.0547613712533,760.562233254657,-153.0,-155.66244094488195
2058.471983687722,766.3632469106875,-156.0,-155.66244094488195
2055.589144014376,772.0211383392837,-153.0,-155.66244094488195
2053.0063663308447,777.8221519953141,-156.0,-153.02409448818904
2050.1235266574986,783.4800434239103,-153.0,-150.38574803149612
2046.9485266574986,788.9793047379414,-150.0,-147.7474015748032
2043.4900687851532,794.3048628443948,-147.0,-145.1090551181103
2039.757632433096,799.4421207586757,-144.0,-142.47070866141738
2035.7614479499296,804.3769976139275,-141.0,-139.83236220472446
2031.5124685995509,809.095967255709,-138.0,-137.19401574803155
2027.0223405390163,813.5860953162436,-135.0,-134.55566929133863
2022.3033708972348,817.8350746666223,-132.0,-131.91732283464572
2017.368494041983,821.8312591497887,-129.0,-129.2789763779528
2012.4092198664646,825.4343827463416,-126.0,-126.64062992125989
2007.4526768099072,828.6531994432804,-123.0,-124.09062992125989
2002.5249922623736,831.4981994432804,-120.0,-121.6289763779528
1997.6511865750633,833.9815274768557,-117.0,-119.25566929133862
1992.8550729224396,836.1168948530037,-114.0,-116.97070866141736
1988.3733101057721,838.4004670666936,-117.0,-114.77409448818902
1983.9791564545112,840.3568703198882,-114.0,-112.66582677165358
1979.2832469092302,842.159461106101,-111.0,-110.64590551181107
1974.2902001986806,843.7818003265695,-108.0,-108.53763779527563
1969.0065859288795,845.1975405032803,-105.0,-106.34102362204729
1963.4409260807042,846.3805580240333,-102.0,-104.05606299212603
1957.603687987787,847.3050857124211,-99.0,-101.68275590551185
1951.6076431952888,848.579584377134,-102.0,-99.22110236220476
1945.3358222325096,849.5729432301395,-99.0,-96.67110236220476
1939.020608196921,850.236698971889,-96.0,-94.03275590551185
1932.6793106512296,850.5690322940318,-93.0,-91.39440944881893
1926.3293106512297,850.5690322940318,-90.0,-88.75606299212602
1919.9880131055381,850.236698971889,-87.0,-86.1177165354331
1913.6727990699496,849.5729432301395,-84.0,-83.47937007874019
1907.4009781071704,848.579584377134,-81.0,-80.84102362204727
1901.1897408425107,847.2593451404412,-78.0,-78.20267716535436
1895.056111845575,845.6158442040402,-75.0,-75.56433070866144
1889.0169029671008,843.6535862897592,-72.0,-72.92598425196853
1883.0886672588435,841.3779498101466,-69.0,-70.28763779527561
1877.0494583803693,839.4156918958656,-72.0,-70.28763779527561
1871.121222672112,837.140055416253,-69.0,-70.28763779527561
1865.0820137936378,835.177797501972,-72.0,-70.28763779527561
1859.1537780853805,832.9021610223593,-69.0,-70.28763779527561
1853.1145692069063,830.9399031080784,-72.0,-70.28763779527561
1847.186333498649,828.6642666284657,-69.0,-70.28763779527561
1841.1471246201747,826.7020087141848,-72.0,-70.28763779527561
1835.0134956232391,825.0585077777838,-75.0,-72.92598425196853
1828.8022583585794,823.738268541091,-78.0,-75.56433070866144
1822.5304373958002,822.7449096880855,-81.0,-78.20267716535436
1816.3192001311404,821.4246704513927,-78.0,-80.84102362204727
1810.0473791683612,820.4313115983872,-81.0,-83.47937007874019
1803.7321651327727,819.7675558566376,-84.0,-86.1177165354331
1797.3908675870812,819.4352225344949,-87.0,-88.75606299212602
1791.0408675870813,819.4352225344949,-90.0,-91.39440944881893
1784.6995700413897,819.7675558566376,-93.0,-94.03275590551185
1778.3843560058012,820.4313115983872,-96.0,-96.67110236220476
1772.112535043022,821.4246704513927,-99.0,-99.30944881889768
1765.9012977783623,822.7449096880855,-102.0,-101.9477952755906
1759.7676687814267,824.3884106244865,-105.0,-104.58614173228351
1753.7284599029524,826.3506685387674,-108.0,-107.22448818897642
1747.8002241946951,828.6263050183801,-111.0,-109.86283464566934
1741.9992105386646,831.2090827019114,-114.0,-112.50118110236225
1736.3413191100685,834.0919223752575,-117.0,-115.13952755905517
1730.8420577960374,837.2669223752574,-120.0,-117.77787401574808
1725.516499689584,840.7253802476029,-123.0,-120.416220472441
1720.379241775303,844.4578165996601,-126.0,-123.05456692913391
1715.0536836688495,847.9162744720055,-123.0,-125.69291338582683
1709.9164257545685,851.6487108240627,-126.0,-128.33125984251973
1704.9815488993167,855.6448953072291,-129.0,-130.96960629921264
1700.2625792575352,859.8938746576079,-132.0,-133.60795275590556
1695.7724511970007,864.3840027181425,-135.0,-136.24629921259847
1691.523471846622,869.1029723599239,-138.0,-138.8846456692914
1687.5272873634556,874.0378492151757,-141.0,-141.5229921259843
1683.7948510113984,879.1751071294566,-144.0,-141.5229921259843
1679.798666528232,884.1099839847084,-141.0,-141.5229921259843
1676.0662301761747,889.2472418989893,-144.0,-141.5229921259843
1672.0700456930083,894.1821187542411,-141.0,-141.5229921259843
1668.337609340951,899.319376668522,-144.0,-141.5229921259843
1664.3414248577847,904.2542535237737,-141.0,-141.5229921259843
1660.092445507406,908.9732231655552,-138.0,-138.8846456692914
1655.6023174468714,913.4633512260898,-135.0,-136.24629921259847
1650.88334780509,917.7123305764685,-132.0,-133.60795275590556
1645.948470949838,921.7085150596349,-129.0,-130.96960629921264
1640.811213035557,925.4409514116921,-126.0,-128.33125984251973
1635.4856549291037,928.8994092840376,-123.0,-125.69291338582681
1630.3483970148227,932.6318456360948,-126.0,-123.0545669291339
1625.0228389083693,936.0903035084402,-123.0,-120.41622047244098
1619.5235775943381,939.2653035084402,-120.0,-117.77787401574807
1613.865686165742,942.1481431817863,-117.0,-115.13952755905515
1608.0646725097115,944.7309208653176,-114.0,-112.50118110236224
1602.1364368014542,947.0065573449302,-111.0,-109.86283464566932
1596.09722792298,948.9688152592112,-108.0,-107.22448818897641
1589.9635989260444,950.6123161956122,-105.0,-104.5861417322835
1583.7523616613846,951.932555432305,-102.0,-101.94779527559058
1577.4805406986054,952.9259142853105,-99.0,-99.30944881889766
1571.165326663017,953.58967002706,-96.0,-96.67110236220475
1564.8240291173254,953.9220033492028,-93.0,-94.03275590551183
1558.4740291173255,953.9220033492028,-90.0,-91.39440944881892
1552.132731571634,953.58967002706,-87.0,-88.756062992126
1545.8175175360454,952.9259142853105,-84.0,-86.11771653543309
1539.5456965732662,951.932555432305,-81.0,-83.47937007874017
1533.3344593086065,950.6123161956122,-78.0,-80.84102362204726
1527.0626383458273,949.6189573426067,-81.0,-78.20267716535434
1520.8514010811675,948.2987181059138,-78.0,-75.56433070866143
1514.717772084232,946.6552171695129,-75.0,-72.92598425196852
1508.6785632057577,944.6929592552319,-72.0,-70.2876377952756
1502.7503274975004,942.4173227756193,-69.0,-67.64929133858269
1496.9493138414698,939.834545092088,-66.0,-65.01094488188977
1491.2914224128738,936.9517054187419,-63.0,-62.372598425196855
1485.7921610988426,933.7767054187419,-60.0,-59.73425196850394
1480.4666029923892,930.3182475463965,-57.0,-57.095905511811026
1475.3293450781082,926.5858111943393,-54.0,-54.45755905511811
1470.3944682228564,922.5896267111729,-51.0,-51.819212598425196
1465.6754985810749,918.3406473607942,-48.0,-49.18086614173228
1461.1853705205403,913.8505193002595,-45.0,-46.542519685039366
1456.9363911701616,909.1315496584781,-42.0,-43.90417322834645
1452.9402066869952,904.1966728032263,-39.0,-41.265826771653536
1449.3370830904423,899.2373986277079,-36.0,-38.62748031496062
1445.6177995793378,894.6444659954972,-39.0,-36.077480314960624
1442.2733014937935,890.0411592975037,-36.0,-33.61582677165354
1439.2941259722613,885.4536312908422,-33.0,-33.61582677165354
1436.208253397726,881.2062920703737,-36.0,-35.900787401574796
1433.0427718307453,877.2972478842452,-39.0,-38.09740157480314
1429.5298361473613,873.3957375504889,-42.0,-40.20566929133858
1425.6619620542708,869.5278634573984,-45.0,-42.40228346456693
1421.854608904089,865.299369400432,-42.0,-44.687244094488186
1417.6756078272765,861.1203683236196,-45.0,-47.06055118110236
1413.1201300471,857.0185977066398,-48.0,-49.52220472440945
1408.1852531918482,853.0224132234733,-51.0,-52.072204724409445
1403.0479952775672,849.2899768714161,-54.0,-54.71055118110236
1397.7224371711138,845.8315189990707,-57.0,-57.348897637795275
1392.2231758570827,842.6565189990707,-60.0,-59.98724409448819
1386.5652844284866,839.7736793257246,-63.0,-62.625590551181105
1380.764270772456,837.1909016421934,-66.0,-65.26393700787402
1374.8360350641988,834.9152651625807,-69.0,-67.90228346456693
1368.7968261857245,832.9530072482997,-72.0,-70.54062992125985
1362.663197188789,831.3095063118988,-75.0,-73.17897637795276
1356.4519599241291,829.9892670752059,-78.0,-75.81732283464568
1350.18013896135,828.9959082222005,-81.0,-78.4556692913386
1343.8649249257614,828.3321524804509,-84.0,-81.09401574803151
1337.5931039629822,827.3387936274454,-81.0,-83.73236220472442
1331.2778899273937,826.6750378856958,-84.0,-86.37070866141734
1324.9365923817022,826.3427045635531,-87.0,-89.00905511811025
1318.5865923817023,826.3427045635531,-90.0,-91.64740157480317
1312.2452948360108,826.6750378856958,-93.0,-94.28574803149608
1305.9300808004223,827.3387936274454,-96.0,-96.924094488189
1299.658259837643,828.3321524804509,-99.0,-99.56244094488191
1293.4470225729833,829.6523917171437,-102.0,-99.56244094488191
1287.175201610204,830.6457505701492,-99.0,-99.56244094488191
1280.9639643455444,831.965989806842,-102.0,-99.56244094488191
1274.6921433827652,832.9593486598475,-99.0,-99.56244094488191
1268.4809061181054,834.2795878965403,-102.0,-99.56244094488191
1262.2090851553262,835.2729467495458,-99.0,-99.56244094488191
1255.9978478906664,836.5931859862386,-102.0,-99.56244094488191
1249.7260269278872,837.5865448392441,-99.0,-99.56244094488191
1243.5147896632275,838.9067840759369,-102.0,-99.56244094488191
1237.2429687004483,839.9001429289424,-99.0,-99.56244094488191
1231.0317314357885,841.2203821656352,-102.0,-99.56244094488191
1224.7599104730093,842.2137410186407,-99.0,-99.56244094488191
1218.5486732083496,843.5339802553335,-102.0,-99.56244094488191
1212.2768522455704,844.527339108339,-99.0,-99.56244094488191
1206.0656149809106,845.8475783450318,-102.0,-102.20078740157483
1199.931985983975,847.4910792814328,-105.0,-104.83913385826774
1193.8927771055007,849.4533371957137,-108.0,-107.47748031496066
1187.9645413972435,851.7289736753264,-111.0,-110.11582677165357
1182.1635277412129,854.3117513588577,-114.0,-112.75417322834649
1176.5056363126168,857.1945910322038,-117.0,-115.3925196850394
1171.0063749985857,860.3695910322037,-120.0,-118.03086614173232
1165.6808168921323,863.8280489045492,-123.0,-120.66921259842523
1160.5435589778513,867.5604852566064,-126.0,-123.30755905511815
1155.2180008713979,871.0189431289518,-123.0,-125.94590551181106
1150.0807429571169,874.751379481009,-126.0,-128.58425196850396
1145.145866101865,878.7475639641755,-129.0,-131.22259842519688
1140.4268964600835,882.9965433145542,-132.0,-133.8609448818898
1135.936768399549,887.4866713750888,-135.0,-136.4992913385827
1131.6877890491703,892.2056410168702,-138.0,-139.13763779527562
1127.691604566004,897.140517872122,-141.0,-141.77598425196854
1123.9591682139467,902.2777757864029,-144.0,-144.41433070866145
1120.5007103416012,907.6033338928563,-147.0,-147.05267716535437
1117.3257103416013,913.1025952068875,-150.0,-149.69102362204728
1114.4428706682552,918.7604866354836,-153.0,-152.3293700787402
1111.860092984724,924.5615002915141,-156.0,-154.9677165354331
1109.5844565051113,930.4897359997714,-159.0,-157.60606299212603
1107.6221985908305,936.5289448782456,-162.0,-160.24440944881894
1105.9786976544294,942.6625738751812,-165.0,-162.88275590551186
1104.6584584177367,948.8738111398409,-168.0,-165.52110236220477
1103.6650995647312,955.14563210262,-171.0,-168.1594488188977
1102.3448603280385,961.3568693672796,-168.0,-168.1594488188977
1101.351501475033,967.6286903300587,-171.0,-168.1594488188977
1100.0312622383403,973.8399275947183,-168.0,-168.1594488188977
1099.0379033853349,980.1117485574974,-171.0,-168.1594488188977
1097.7176641486421,986.3229858221571,-168.0,-168.1594488188977
1096.7243052956367,992.5948067849362,-171.0,-168.1594488188977
1095.404066058944,998.8060440495958,-168.0,-168.1594488188977
1094.4107072059385,1005.0778650123749,-171.0,-168.1594488188977
1093.0904679692458,1011.2891022770345,-168.0,-170.7977952755906
1092.0971091162403,1017.5609232398136,-171.0,-173.43614173228352
1091.4333533744907,1023.8761372754021,-174.0,-176.07448818897643
1091.101020052348,1030.2174348210938,-177.0,-178.71283464566935
1091.101020052348,1036.5674348210937,-180.0,-181.35118110236226
1091.4333533744907,1042.9087323667852,-183.0,-183.98952755905518
1092.0971091162403,1049.2239464023737,-186.0,-186.6278740157481
1093.0904679692458,1055.495767365153,-189.0,-186.6278740157481
1093.7542237109953,1061.8109814007414,-186.0,-186.6278740157481
1094.7475825640008,1068.0828023635206,-189.0,-186.6278740157481
1095.4113383057504,1074.398016399109,-186.0,-186.6278740157481
1096.4046971587559,1080.6698373618883,-189.0,-186.6278740157481
1097.0684529005055,1086.9850513974768,-186.0,-186.6278740157481
1098.061811753511,1093.256872360256,-189.0,-186.6278740157481
1098.7255674952605,1099.5720863958445,-186.0,-186.6278740157481
1099.718926348266,1105.8439073586237,-189.0,-186.6278740157481
1100.3826820900156,1112.1591213942122,-186.0,-186.6278740157481
1101.376040943021,1118.4309423569914,-189.0,-186.6278740157481
1102.6962801797138,1124.6421796216512,-192.0,-189.266220472441
1103.6896390327192,1130.9140005844304,-189.0,-191.90456692913392
1105.009878269412,1137.1252378490901,-192.0,-194.54291338582684
1106.653379205813,1143.2588668460257,-195.0,-197.18125984251975
1108.6156371200939,1149.2980757245,-198.0,-199.81960629921267
1110.8912735997064,1155.2263114327573,-201.0,-202.45795275590558
1113.4740512832377,1161.0273250887878,-204.0,-205.0962992125985
1116.3568909565838,1166.6852165173839,-207.0,-207.7346456692914
1119.5318909565838,1172.184477831415,-210.0,-210.37299212598433
1122.9903488289292,1177.5100359378685,-213.0,-213.01133858267724
1126.7227851809864,1182.6472938521495,-216.0,-215.64968503937015
1130.7189696641528,1187.5821707074012,-219.0,-218.28803149606307
1134.8429647710495,1192.4107485889615,-220.5,-220.92637795275598
1139.0919441214282,1197.129718230743,-222.0,-223.5647244094489
1143.4629956770837,1201.735845486671,-223.5,-226.20307086614181
1147.9531237376182,1206.2259735472055,-225.0,-228.84141732283473
1152.5592509935461,1210.597025102861,-226.5,-231.47976377952764
1157.2782206353277,1214.8460044532396,-228.0,-234.11811023622056
1162.106798516888,1218.9699995601363,-229.5,-236.75645669291347
1167.0416753721397,1222.9661840433027,-231.0,-239.3948031496064
1172.0794690829891,1226.831819117508,-232.5,-242.0331496062993
1177.2167269972701,1230.5642554695653,-234.0,-244.67149606299222
1182.4499282950198,1234.160935074038,-235.5,-247.30984251968513
1187.7754864014732,1237.6193929463834,-237.0,-249.94818897637805
1193.1897514451218,1240.9372588323297,-238.5,-252.58653543307096
1198.8795383479855,1244.2222588323298,-240.0,-255.22488188976388
1204.8467065429602,1247.4621668144925,-241.5,-257.9515748031497
1211.070387114416,1250.6332904551732,-243.0,-260.76661417322845
1217.3749453255998,1253.640410466379,-244.5,-263.6599606299214
1223.7560603472334,1256.4814659182634,-246.0,-266.5533070866143
1230.2093588818248,1259.1545096933337,-247.5,-269.44665354330726
1236.7304181609077,1261.6577098209077,-249.0,-272.3400000000002
1243.3147689761865,1263.9893507326556,-250.5,-275.23334645669314
1249.9578987425082,1266.1478344383645,-252.0,-278.1266929133861
1256.6552545905624,1268.1316816211213,-253.5,-281.020039370079
1263.4472584845403,1269.7622974876547,-256.5,-283.91338582677196
1270.3152940138746,1271.0352126332173,-259.5,-286.8067322834649
1277.2405363705707,1271.9469380858743,-262.5,-289.70007874015783
1284.2040039466965,1272.4949748695333,-265.5,-292.5934251968508
1291.1866103616508,1272.6778208534638,-268.5,-295.4867716535437
1298.169216776605,1272.4949748695333,-271.5,-298.38011811023665
1305.1326843527308,1271.9469380858743,-274.5,-298.38011811023665
1312.057926709427,1271.0352126332173,-277.5,-298.38011811023665
1318.9259622387613,1269.7622974876547,-280.5,-298.38011811023665
1325.717966132739,1268.1316816211213,-283.5,-298.38011811023665
1332.2043816391224,1266.2103178141992,-286.5,-298.38011811023665
1338.3739701983206,1264.0255519205143,-289.5,-298.38011811023665
1344.2175082414544,1261.6050792108051,-292.5,-298.38011811023665
1349.7277914024103,1258.9768089647905,-295.5,-298.38011811023665
1354.899630110426,1256.1687296606626,-298.5,-298.38011811023665
1360.0127757462678,1253.7298842972436,-295.5,-298.38011811023665
1364.7979349247123,1251.13175484763,-298.5,-296.0168503937012
1369.5139430354404,1248.8823343668066,-295.5,-293.74192913385866
1374.1379600956595,1246.9670037878193,-292.5,-291.55535433070906
1378.6484996305355,1245.3697379663856,-289.5,-289.45712598425234
1383.025511720209,1244.0732079178122,-286.5,-287.44724409448855
1387.2504590243368,1243.0588878118583,-283.5,-285.5257086614177
1391.205590430668,1241.8873245149546,-286.5,-283.69251968503977
1395.002694969821,1240.9757203690972,-283.5,-281.9476771653547
1398.6259893041943,1240.3041824576587,-280.5,-280.2911811023626
1402.497581487859,1239.7944776770394,-277.5,-278.7230314960634
1406.6098654895081,1239.470833907162,-274.5,-277.0665354330713
1410.9176934121774,1238.9036976019659,-277.5,-275.32169291338624
1415.4686210406692,1238.5455318299682,-274.5,-273.4885039370083
1420.2519813406773,1238.420275132315,-271.5,-271.56696850393746
1425.25526625218,1238.551290758596,-268.5,-269.55708661417367
1430.4641593209356,1238.961239533774,-265.5,-267.45885826771695
1435.8625765911158,1239.671954650412,-262.5,-265.27228346456735
1441.510113286714,1240.1164254277103,-265.5,-262.9973622047248
1447.3447662958988,1240.8845720689253,-262.5,-260.63409448818936
1453.3475375065768,1241.9971199520548,-259.5,-258.182480314961
1459.4977772530922,1243.4736618784434,-256.5,-255.64251968503976
1465.586282569505,1245.2771593173134,-253.5,-253.0142125984256
1471.5720560379405,1247.396832873448,-250.5,-253.0142125984256
1477.6605613543534,1249.2003303123179,-253.5,-253.0142125984256
1483.6463348227887,1251.3200038684524,-250.5,-253.0142125984256
1489.7348401392017,1253.1235013073224,-253.5,-255.6525590551185
1495.9093891337268,1254.6058793678073,-256.5,-258.2909055118114
1502.1530577967578,1255.7630749546825,-259.5,-260.9292519685043
1508.4487326664814,1256.5919162752798,-262.5,-263.56759842519716
1514.7791577356868,1257.0901315331516,-265.5,-266.20594488189005
1521.1269817492816,1257.2563551549067,-268.5,-268.84429133858293
1527.4748057628765,1257.0901315331516,-271.5,-271.4826377952758
1533.8052308320819,1256.5919162752798,-274.5,-274.1209842519687
1540.1009057018055,1255.7630749546825,-277.5,-276.7593307086616
1546.3445743648365,1254.6058793678073,-280.5,-279.3976771653545
1552.5191233593616,1253.1235013073224,-283.5,-282.03602362204737
1558.6076286757745,1251.3200038684524,-286.5,-284.67437007874025
1564.3860210161697,1249.2737678213493,-289.5,-287.31271653543314
1569.8461490533114,1247.0121087360717,-292.5,-289.86271653543315
1575.209779137626,1245.1127477070315,-289.5,-292.32437007874023
1580.2634001804627,1243.0194693319945,-292.5,-294.6976771653544
1585.0019729232995,1240.759286073751,-295.5,-296.98263779527565
1589.422422999989,1238.3591775096452,-298.5,-299.179251968504
1593.5236221905323,1235.8459594133615,-301.5,-301.2875196850394
1597.3063613963072,1233.2461547858766,-304.5,-303.30744094488193
1601.0323989145347,1230.962836058068,-301.5,-303.30744094488193
1604.4525225973161,1228.61225017483,-304.5,-303.30744094488193
1607.8033984432277,1226.5588308154963,-301.5,-303.30744094488193
1610.8609066030153,1224.457463676505,-304.5,-303.30744094488193
1613.8366207766112,1222.6339436856465,-301.5,-303.30744094488193
1616.5315134134053,1220.7817952909022,-304.5,-303.30744094488193
1619.2386459352294,1219.122862347929,-301.5,-303.30744094488193
1621.8552465841044,1217.3245225456926,-304.5,-303.30744094488193
1624.5623791059286,1215.6655896027194,-301.5,-303.30744094488193
1627.1789797548035,1213.867249800483,-304.5,-303.30744094488193
1629.8861122766277,1212.2083168575098,-301.5,-301.944094488189
1632.6763566093296,1210.6933377936855,-298.5,-300.5807480314961
1635.3834891311537,1209.0344048507122,-301.5,-299.2174015748032
1638.1737334638556,1207.519425786888,-298.5,-297.8540551181103
1641.0394417416665,1206.1525530545216,-295.5,-296.4907086614174
1643.9727592573897,1204.9375331567624,-292.5,-295.1273622047245
1646.8384675352006,1203.570660424396,-295.5,-293.76401574803157
1649.7717850509239,1202.3556405266368,-292.5,-292.40066929133866
1652.7646717851414,1201.2958037485696,-289.5,-291.03732283464575
1655.6979893008647,1200.0807838508103,-292.5,-289.67397637795284
1658.6908760350823,1199.0209470727432,-289.5,-288.31062992125993
1661.7351286932887,1198.1191983533083,-286.5,-286.947283464567
1664.8224031905513,1197.3780093230657,-283.5,-285.5839370078741
1667.8666558487578,1196.4762606036309,-286.5,-284.2205905511812
1670.9539303460203,1195.7350715733883,-283.5,-282.8572440944883
1674.075764677536,1195.1564737799506,-280.5,-281.4938976377954
1677.2236021123979,1194.742053119652,-277.5,-280.1305511811025
1680.3454364439135,1194.1634553262143,-280.5,-278.76720472440957
1683.4932738787754,1193.7490346659156,-277.5,-280.1305511811025
1686.615108210291,1193.170436872478,-280.5,-281.4938976377954
1689.7023827075536,1192.4292478422353,-283.5,-282.8572440944883
1692.74663536576,1191.5274991228005,-286.5,-284.2205905511812
1695.8339098630227,1190.7863100925579,-283.5,-285.5839370078741
1698.8781625212291,1189.884561373123,-286.5,-286.947283464567
1701.8710492554467,1188.8247245950558,-289.5,-288.31062992125993
1704.80436677117,1187.6097046972966,-292.5,-289.67397637795284
1707.7972535053875,1186.5498679192294,-289.5,-291.03732283464575
1710.7305710211108,1185.3348480214702,-292.5,-292.40066929133866
1713.5962792989217,1183.9679752891038,-295.5,-293.76401574803157
1716.529596814645,1182.7529553913446,-292.5,-295.1273622047245
1719.3953050924558,1181.3860826589782,-295.5,-296.4907086614174
1722.1855494251577,1179.871103595154,-298.5,-297.8540551181103
1724.8926819469818,1178.2121706521807,-301.5,-299.2174015748032
1727.6829262796837,1176.6971915883564,-298.5,-300.5807480314961
1730.3900588015078,1175.0382586453832,-301.5,-301.944094488189
1733.0066594503828,1173.2399188431468,-304.5,-303.30744094488193
1735.713791972207,1171.5809859001736,-301.5,-303.30744094488193
1738.330392621082,1169.7826460979372,-304.5,-303.30744094488193
1741.0375251429061,1168.123713154964,-301.5,-303.30744094488193
1743.654125791781,1166.3253733527276,-304.5,-303.30744094488193
1746.3612583136053,1164.6664404097544,-301.5,-303.30744094488193
1748.9778589624802,1162.868100607518,-304.5,-303.30744094488193
1751.6849914843044,1161.2091676645448,-301.5,-303.30744094488193
1754.3015921331794,1159.4108278623085,-304.5,-303.30744094488193
1757.1963054911616,1157.6369452350978,-301.5,-303.30744094488193
1760.1755216630302,1155.5893866886145,-304.5,-303.30744094488193
1763.4453966933281,1153.5856046929289,-301.5,-303.30744094488193
1766.7872283881904,1151.2888274021986,-304.5,-303.30744094488193
1770.432265090804,1149.055146038038,-301.5,-303.30744094488193
1774.13671230866,1146.5091500030608,-304.5,-303.30744094488193
1778.1569106835896,1144.0455692704252,-301.5,-303.30744094488193
1782.2239734244392,1141.250354491201,-304.5,-303.30744094488193
1786.6193334716845,1138.5568743900903,-301.5,-303.30744094488193
1791.0490117355278,1135.5124408666193,-304.5,-303.30744094488193
1795.819533455089,1132.5890613970334,-301.5,-303.30744094488193
1800.611827241926,1129.2954091293157,-304.5,-303.30744094488193
1805.757510633803,1126.142130291255,-301.5,-303.30744094488193
1810.9124199436335,1122.5992592792902,-304.5,-303.30744094488193
1816.326684987282,1119.281393393344,-301.5,-303.30744094488193
1821.5598862850318,1115.6847137888712,-304.5,-303.30744094488193
1826.9741513286804,1112.366847902925,-301.5,-300.66909448818905
1832.5546399940838,1109.3368897752764,-298.5,-298.03074803149616
1838.2860565497053,1106.6031443105437,-295.5,-295.3924015748033
1844.152691581152,1104.1731045150254,-292.5,-292.7540551181104
1850.1384650495875,1102.0534309588909,-289.5,-290.1157086614175
1856.2269703660004,1100.249933520021,-286.5,-287.4773622047246
1862.4015193605255,1098.767555459536,-283.5,-284.8390157480317
1868.6451880235566,1097.6103598726609,-280.5,-282.20066929133884
1874.9408628932802,1096.7815185520635,-277.5,-279.56232283464595
1881.2712879624855,1096.2833032941917,-274.5,-276.92397637795307
1887.6191119760804,1096.1170796724366,-271.5,-274.2856299212602
1893.9495370452858,1095.6188644145648,-274.5,-271.6472834645673
1900.2973610588806,1095.4526407928097,-271.5,-269.0089370078744
1906.6451850724754,1095.6188644145648,-268.5,-269.0089370078744
1912.9930090860703,1095.4526407928097,-271.5,-269.0089370078744
1919.3408330996651,1095.6188644145648,-268.5,-269.0089370078744
1925.68865711326,1095.4526407928097,-271.5,-269.0089370078744
1932.0364811268548,1095.6188644145648,-268.5,-269.0089370078744
1938.3669061960602,1096.1170796724366,-265.5,-266.3705905511815
1944.6625810657838,1096.945920993034,-262.5,-263.73224409448864
1950.9062497288148,1098.103116579909,-259.5,-261.09389763779575
1957.08079872334,1099.585494640394,-256.5,-258.45555118110286
1963.169304039753,1101.388992079264,-253.5,-255.81720472440995
1969.1550775081882,1103.5086656353985,-250.5,-253.17885826771703
1975.2435828246012,1105.3121630742685,-253.5,-250.54051181102412
1981.2293562930365,1107.431836630403,-250.5,-247.9021653543312
1987.0959913244833,1109.8618764259213,-247.5,-245.2638188976383
1992.8274078801048,1112.595621890654,-244.5,-242.62547244094537
1998.4078965455083,1115.6255800183026,-241.5,-239.98712598425246
2003.8221615891568,1118.9434459042488,-238.5,-239.98712598425246
2009.4026502545603,1121.9734040318974,-241.5,-239.98712598425246
2014.8169152982089,1125.2912699178437,-238.5,-239.98712598425246
2020.3974039636123,1128.3212280454923,-241.5,-239.98712598425246
2025.811669007261,1131.6390939314385,-238.5,-239.98712598425246
2031.3921576726643,1134.669052059087,-241.5,-239.98712598425246
2036.806422716313,1137.9869179450334,-238.5,-239.98712598425246
2042.3869113817163,1141.016876072682,-241.5,-239.98712598425246
2047.801176425365,1144.3347419586282,-238.5,-239.98712598425246
2053.3816650907684,1147.3647000862768,-241.5,-239.98712598425246
2058.7959301344167,1150.682565972223,-238.5,-239.98712598425246
2064.3764187998204,1153.7125240998716,-241.5,-239.98712598425246
2069.7906838434687,1157.030389985818,-238.5,-239.98712598425246
2075.3711725088724,1160.0603481134665,-241.5,-242.62547244094537
2081.102589064494,1162.7940935781992,-244.5,-245.2638188976383
2086.9692240959407,1165.2241333737175,-247.5,-247.9021653543312
2092.954997564376,1167.343806929852,-250.5,-250.54051181102412
2099.0435028807888,1169.147304368722,-253.5,-253.17885826771703
2105.218051875314,1170.629682429207,-256.5,-255.81720472440995
2111.461720538345,1171.786878016082,-259.5,-258.45555118110286
2117.757395408069,1172.6157193366794,-262.5,-261.09389763779575
2124.0878204772744,1173.1139345945512,-265.5,-263.73224409448864
2130.435644490869,1173.2801582163063,-268.5,-266.3705905511815
2136.7834685044636,1173.1139345945512,-271.5,-269.0089370078744
2143.113893573669,1172.6157193366794,-274.5,-271.6472834645673
2149.4617175872636,1172.4494957149243,-271.5,-274.2856299212602
2155.792142656469,1171.9512804570525,-274.5,-276.92397637795307
2162.087817526193,1171.1224391364551,-277.5,-276.92397637795307
2168.418242595398,1170.6242238785833,-274.5,-276.92397637795307
2174.713917465122,1169.795382557986,-277.5,-276.92397637795307
2181.0443425343274,1169.297167300114,-274.5,-276.92397637795307
2187.340017404051,1168.4683259795167,-277.5,-276.92397637795307
2193.6704424732566,1167.970110721645,-274.5,-276.92397637795307
2199.9661173429804,1167.1412694010476,-277.5,-276.92397637795307
2206.2379383057596,1166.147910548042,-279.0,-279.56232283464595
2212.481606968791,1164.990714961167,-280.5,-282.20066929133884
2218.6928442334506,1163.6704757244743,-282.0,-284.8390157480317
2224.8673932279758,1162.1880976639893,-283.5,-287.4773622047246
2231.001022224911,1160.5445967275882,-285.0,-290.1157086614175
2237.089527541324,1158.7410992887183,-286.5,-292.7540551181104
2243.1287364197983,1156.7788413744374,-288.0,-295.3924015748033
2249.1145098882334,1154.6591678183029,-289.5,-298.03074803149616
2255.0427455964905,1152.3835313386903,-291.0,-300.66909448818905
2260.909380627937,1149.953491543172,-292.5,-303.30744094488193
2266.7103942839676,1147.3707138596408,-294.0,-305.9457874015748
2272.4418108395894,1144.636968394908,-295.5,-308.5841338582677
2278.0997022681854,1141.754128721562,-297.0,-311.2224803149606
2283.8735306983745,1138.6191956666564,-298.5,-313.8608267716535
2289.7538431900707,1135.2241956666564,-300.0,-316.5875196850393
2295.709534738084,1131.5745431921155,-301.5,-319.40255905511805
2301.567648655183,1127.7702395325355,-303.0,-322.295905511811
2307.3241700827075,1123.8138919676155,-304.5,-325.1892519685039
2312.9751537884167,1119.7082119803526,-306.0,-328.08259842519686
2318.516726870351,1115.4560133987268,-307.5,-330.9759448818898
2323.9450914111276,1111.0602104672437,-309.0,-333.86929133858274
2329.2565270808436,1106.5238158496572,-310.5,-336.7626377952757
2334.447393686803,1101.8499385642406,-312.0,-339.6559842519686
2339.5141336683237,1097.0417818530198,-313.5,-342.54933070866156
2344.4532745349115,1092.1026409864317,-315.0,-345.4426771653545
2349.2614312461324,1087.0359010049108,-316.5,-348.33602362204743
2353.935308531549,1081.8450343989512,-318.0,-351.2293700787404
2358.471703149135,1076.5335987292349,-319.5,-354.1227165354333
2362.867506080618,1071.1052341884579,-321.0,-357.01606299212625
2367.119704662244,1065.5636611065236,-322.5,-359.9094094488192
2371.2253846495073,1059.9126774008146,-324.0,-362.80275590551213
2375.1817322144275,1054.1561559732897,-325.5,-365.69610236220507
2378.9860358740075,1048.298042056191,-327.0,-368.589448818898
2382.6356883485482,1042.3423505081776,-328.5,-371.48279527559095
2386.128188348548,1036.2931630627434,-330.0,-374.3761417322839
2389.4611422889616,1030.1546255307994,-331.5,-377.2694881889768
2392.6322659296425,1023.9309449593437,-333.0,-380.16283464566976
2395.7972854466375,1017.704157950216,-333.0561811023627,-383.0561811023627
2398.6439609852564,1011.3255481190828,-335.94952755905564,-385.94952755905564
2401.1650348073977,1004.8113780427558,-338.8428740157486,-388.8428740157486
2403.354079312414,998.1782559155024,-341.7362204724415,-391.7362204724415
2405.205513424593,991.4430932056446,-344.62956692913446,-394.62956692913446
2406.714616822382,984.6230615389453,-347.5229133858274,-397.5229133858274
2407.8775419730787,977.7355489187116,-350.41625984252033,-400.41625984252033
2408.6913239423016,970.7981153942325,-353.30960629921327,-403.30960629921327
2409.1538879532372,963.8284482905763,-356.2029527559062,-406.2029527559062
2409.2640546763832,956.8443171138936,-359.09629921259915,-409.09629921259915
2409.0215432363066,949.8635282471944,-361.9896456692921,-411.9896456692921
2408.42697192775,942.9038795521063,-364.882992125985,-414.882992125985
2407.481856639258,935.9831149923588,-367.77633858267797,-417.77633858267797
2406.1758317672547,929.1212986122952,-370.77633858267797,-417.77633858267797
2404.5124770351345,922.3372381736542,-373.77633858267797,-417.77633858267797
2402.4963515825993,915.649528314544,-376.77633858267797,-417.77633858267797
2400.1329814693754,909.0764995828314,-379.77633858267797,-417.77633858267797
2397.428844528667,902.6361681933844,-382.77633858267797,-417.77633858267797
2394.3913526118668,896.3461866468795,-385.77633858267797,-417.77633858267797
2391.0288312731846,890.2237953455244,-388.77633858267797,-417.77633858267797
2387.3504969498845,884.285775338314,-391.77633858267797,-417.77633858267797
2383.3664317006683,878.5484023253413,-394.77633858267797,-417.77633858267797
2379.087555571455,873.0274020472349,-397.77633858267797,-417.77633858267797
2374.5255966642944,867.737907181997,-400.77633858267797,-417.77633858267797
2369.6930589914527,862.6944158673851,-403.77633858267797,-417.77633858267797
2364.6031882027855,857.9107519625237,-406.77633858267797,-417.77633858267797
2359.754776455101,853.8100930490182,-409.77633858267797,-417.77633858267797
2354.6983973817473,849.9688002111116,-412.77633858267797,-417.77633858267797
2349.4479101663005,846.3974021654676,-415.77633858267797,-417.77633858267797
2344.0177060292613,843.1056878658845,-418.77633858267797,-417.77633858267797
2338.7672188138145,839.5342898202406,-415.77633858267797,-417.77633858267797
2333.337014676775,836.2425755206575,-418.77633858267797,-417.77633858267797
2328.0865274613284,832.6711774750136,-415.77633858267797,-417.77633858267797
2322.656323324289,829.3794631754305,-418.77633858267797,-417.77633858267797
2317.4058361088423,825.8080651297865,-415.77633858267797,-417.77633858267797
2311.975631971803,822.5163508302035,-418.77633858267797,-417.77633858267797
2306.7251447563563,818.9449527845595,-415.77633858267797,-417.77633858267797
2301.294940619317,815.6532384849764,-418.77633858267797,-417.77633858267797
2296.04445340387,812.0818404393325,-415.77633858267797,-417.77633858267797
2290.614249266831,808.7901261397494,-418.77633858267797,-417.77633858267797
2285.363762051384,805.2187280941055,-415.77633858267797,-417.77633858267797
2279.933557914345,801.9270137945224,-418.77633858267797,-417.77633858267797
2274.683070698898,798.3556157488784,-415.77633858267797,-417.77633858267797
2269.252866561859,795.0639014492954,-418.77633858267797,-417.77633858267797
2264.002379346412,791.4925034036514,-415.77633858267797,-417.77633858267797
2258.5721752093727,788.2007891040683,-418.77633858267797,-417.77633858267797
2253.321687993926,784.6293910584244,-415.77633858267797,-417.77633858267797
2247.8914838568867,781.3376767588413,-418.77633858267797,-417.77633858267797
2242.8229032851245,777.8900121887945,-415.77633858267797,-417.77633858267797
2237.7689652615177,774.8263851792613,-418.77633858267797,-417.77633858267797
2233.0641979771253,771.6261875604087,-415.77633858267797,-417.77633858267797
2228.3865260669513,768.7906478409253,-418.77633858267797,-417.77633858267797
2224.0455720699283,765.8379171732669,-415.77633858267797,-417.77633858267797
2219.7441662731867,763.2304647438333,-418.77633858267797,-417.77633858267797
2215.7670255635335,760.5252010273691,-415.77633858267797,-417.77633858267797
2211.8418858802247,758.1458358879854,-418.77633858267797,-419.7962598425205
2207.991442924731,756.0791987532933,-421.77633858267797,-421.7278346456701
2204.237140687943,754.3106641297004,-424.77633858267797,-423.57106299212677
2200.5990828244167,752.8242473033581,-427.77633858267797,-425.32594488189056
2197.242827089842,751.2432199651582,-424.77633858267797,-426.9924803149614
2194.0120835927155,749.9232213076685,-427.77633858267797,-428.57066929133936
2190.9244172303993,748.8465521686002,-430.77633858267797,-430.0605118110244
2187.875850845521,747.9594963659641,-433.77633858267797,-431.46200787401654
2184.8778873285937,746.9141066055537,-430.77633858267797,-432.82535433070944
2181.8293209437156,746.0270508029176,-433.77633858267797,-434.18870078740235
2178.7385075994443,745.3007603163526,-436.77633858267797,-435.55204724409526
2175.613919000317,744.7372258575983,-439.77633858267797,-436.9153937007882
2172.5231056560456,744.0109353710333,-436.77633858267797,-438.2787401574811
2169.398517056918,743.447400912279,-439.77633858267797,-439.642086614174
2166.248717483097,743.0481670901163,-442.77633858267797,-441.0054330708669
2163.1241288839697,742.484632631362,-439.77633858267797,-442.3687795275598
2159.7560754814117,742.0577353632541,-442.77633858267797,-443.7321259842527
2156.150893289896,741.7914904271923,-445.77633858267797,-445.18381889763856
2152.316767863033,741.7095928626117,-448.77633858267797,-446.7238582677173
2148.272780646824,741.4109419039034,-445.77633858267797,-448.3522440944889
2143.99875556212,741.3196480085757,-448.77633858267797,-450.0689763779535
2139.5059156486404,741.4589839760936,-451.77633858267797,-451.87405511811096
2134.807289284464,741.8515846509099,-454.77633858267797,-453.76748031496135
2129.9176725196317,742.5193217946047,-457.77633858267797,-455.74925196850467
2124.853583265626,743.483181238438,-460.77633858267797,-457.81937007874086
2119.5280128277386,744.2104532034551,-457.77633858267797,-459.97783464567
2114.031683171839,745.2565819305642,-460.77633858267797,-462.22464566929204
2108.3839649970796,746.6413217683995,-463.77633858267797,-464.559803149607
2102.6058219763595,748.3832426139329,-466.77633858267797,-466.98330708661484
2096.7197382659997,750.4996177117449,-469.77633858267797,-469.49515748031564
2090.8648915483204,752.9579240214798,-472.77633858267797,-472.0953543307093
2085.1467265060433,755.7192803094802,-475.77633858267797,-474.7337007874022
2079.5809162320843,758.7761178901002,-478.77633858267797,-477.3720472440951
2074.1827162255295,762.1200581840095,-481.77633858267797,-480.010393700788
2068.9669225773723,765.7419356832969,-484.77633858267797,-482.64874015748086
2063.9478314154576,769.6318230734905,-487.77633858267797,-485.28708661417375
2059.139199719787,773.7790584436366,-490.77633858267797,-487.92543307086663
2054.1201085578723,777.6689458338302,-487.77633858267797,-490.5637795275595
2049.3114768622017,781.8161812039763,-490.77633858267797,-493.2021259842524
2044.726484758009,786.2093972701961,-493.77633858267797,-495.8404724409453
2040.3776993899532,790.8365525326207,-496.77633858267797,-495.8404724409453
2035.7927072857606,795.2297685988405,-493.77633858267797,-495.8404724409453
2031.4439219177048,799.856923861265,-496.77633858267797,-495.8404724409453
2026.858929813512,804.2501399274848,-493.77633858267797,-495.8404724409453
2022.0502981178413,808.3973752976309,-490.77633858267797,-493.2021259842524
2017.0312069559263,812.2872626878245,-487.77633858267797,-490.5637795275595
2012.3891735237275,816.2908143128632,-490.77633858267797,-487.92543307086663
2007.7178619068902,819.9111661988544,-487.77633858267797,-485.3754330708666
2003.044182244211,823.1565965879797,-484.77633858267797,-482.91377952755954
1998.3940792464384,826.0371246836779,-481.77633858267797,-480.5404724409454
1993.792425082929,828.5644313448204,-478.77633858267797,-478.2555118110241
1989.2629179706998,830.751773412323,-475.77633858267797,-476.0588976377958
1984.8279868349462,832.6138920500907,-472.77633858267797,-473.9506299212604
1980.5087023856174,834.1669155031614,-469.77633858267797,-471.93070866141784
1976.479461416128,835.8586948060813,-472.77633858267797,-469.99913385826824
1972.1601769667993,837.4117182591519,-469.77633858267797,-468.15590551181157
1967.5548964482139,838.8000594798671,-466.77633858267797,-466.22433070866197
1962.669595946229,839.9978653929043,-463.77633858267797,-464.20440944881943
1957.5121820599966,840.9794875228993,-460.77633858267797,-462.096141732284
1952.0924852608814,841.7196135970655,-457.77633858267797,-459.8995275590557
1946.4222447492878,842.1933989289223,-454.77633858267797,-457.6145669291344
1940.5665942771177,842.9930598244109,-457.77633858267797,-455.24125984252026
1934.457881740023,843.5034823348296,-454.77633858267797,-452.7796062992132
1928.1109332526823,843.700319574816,-451.77633858267797,-450.2296062992132
1921.7623813724792,843.5647134378963,-448.77633858267797,-447.5912598425203
1915.429627038835,843.097035611066,-445.77633858267797,-444.9529133858274
1909.1300278911935,842.2985679667404,-442.77633858267797,-442.3145669291345
1902.8808506929388,841.1714990492319,-439.77633858267797,-439.6762204724416
1896.6992240043962,839.7189180761018,-436.77633858267797,-437.03787401574874
1890.6020912346396,837.9448064708298,-433.77633858267797,-434.39952755905585
1884.6061642007844,835.8540269500089,-430.77633858267797,-431.76118110236297
1878.7278773220585,833.4523101949775,-427.77633858267797,-429.1228346456701
1872.9833425742017,830.7462391444196,-424.77633858267797,-426.4844881889772
1867.1050556954758,828.3445223893882,-427.77633858267797,-426.4844881889772
1861.360520947619,825.6384513388304,-424.77633858267797,-426.4844881889772
1855.4822340688931,823.2367345837989,-427.77633858267797,-429.1228346456701
1849.486307035038,821.145955062978,-430.77633858267797,-431.76118110236297
1843.3891742652813,819.3718434577061,-433.77633858267797,-434.39952755905585
1837.2075475767388,817.9192624845759,-436.77633858267797,-437.03787401574874
1830.958370378484,816.7921935670674,-439.77633858267797,-439.6762204724416
1824.6587712308426,815.9937259227419,-442.77633858267797,-442.3145669291345
1818.3260168971983,815.5260480959115,-445.77633858267797,-444.9529133858274
1811.9774650169952,815.3904419589918,-448.77633858267797,-447.5912598425203
1805.6305165296546,815.5872791989782,-451.77633858267797,-450.2296062992132
1799.3025679798095,816.1160202986778,-454.77633858267797,-452.86795275590606
1793.0109638345843,816.9752160154887,-457.77633858267797,-455.50629921259895
1786.7729489436174,818.1625113536733,-460.77633858267797,-458.14464566929183
1780.6056212721257,819.6746520192372,-463.77633858267797,-460.7829921259847
1774.3676063811588,820.8619473574217,-460.77633858267797,-463.4213385826776
1768.2002787096671,822.3740880229857,-463.77633858267797,-466.0596850393705
1762.1205424741124,824.2069293434723,-466.77633858267797,-468.6980314960634
1756.145061808919,826.3554476282214,-469.77633858267797,-471.33637795275627
1750.29021509124,828.8137539379563,-472.77633858267797,-473.97472440944915
1744.5720500489629,831.5751102259567,-475.77633858267797,-476.61307086614204
1739.0062397750037,834.6319478065767,-478.77633858267797,-479.2514173228349
1733.6080397684486,837.975888100486,-481.77633858267797,-481.8897637795278
1728.3922461202915,841.5977655997734,-484.77633858267797,-484.5281102362207
1723.3731549583765,845.487652989967,-487.77633858267797,-487.1664566929136
1718.5645232627057,849.6348883601131,-490.77633858267797,-489.80480314960647
1713.979531158513,854.0281044263329,-493.77633858267797,-492.44314960629936
1709.6307457904572,858.6552596887575,-496.77633858267797,-495.08149606299224
1705.5300868769518,863.5036714364422,-499.77633858267797,-497.71984251968513
1701.6887940390452,868.5600505097958,-502.77633858267797,-500.358188976378
1698.1173959934013,873.8105377252426,-505.77633858267797,-502.9965354330709
1694.2761031554946,878.8669167985962,-502.77633858267797,-505.6348818897638
1690.7047051098507,884.117404014043,-505.77633858267797,-508.2732283464567
1687.4129908102675,889.5476081510825,-508.77633858267797,-510.91157480314956
1684.4099826168363,895.1426453976238,-511.77633858267797,-510.91157480314956
1681.118268317253,900.5728495346633,-508.77633858267797,-510.91157480314956
1677.5468702716091,905.8233367501101,-505.77633858267797,-508.2732283464567
1673.7055774337025,910.8797158234637,-502.77633858267797,-505.6348818897638
1670.1341793880586,916.1302030389105,-505.77633858267797,-502.9965354330709
1666.292886550152,921.1865821122641,-502.77633858267797,-500.358188976378
1662.1922276366465,926.0349938599488,-499.77633858267797,-497.71984251968513
1657.8434422685907,930.6621491223734,-496.77633858267797,-495.08149606299224
1653.258450164398,935.0553651885932,-493.77633858267797,-492.44314960629936
1648.4498184687272,939.2026005587393,-490.77633858267797,-489.80480314960647
1643.4307273068123,943.0924879489329,-487.77633858267797,-487.1664566929136
1638.2149336586551,946.7143654482203,-484.77633858267797,-484.5281102362207
1632.8167336521,950.0583057421296,-481.77633858267797,-481.8897637795278
1627.250923378141,953.1151433227496,-478.77633858267797,-479.2514173228349
1621.5327583358637,955.87649961075,-475.77633858267797,-476.61307086614204
1615.6779116181847,958.3348059204849,-472.77633858267797,-473.97472440944915
1609.7024309529913,960.483324205234,-469.77633858267797,-471.33637795275627
1603.6226947174366,962.3161655257206,-466.77633858267797,-468.6980314960634
1597.455367045945,963.8283061912846,-463.77633858267797,-466.0596850393705
1591.217352154978,965.0156015294691,-460.77633858267797,-463.4213385826776
1585.0500244834864,966.527742195033,-463.77633858267797,-460.7829921259847
1578.8120095925194,967.7150375332176,-460.77633858267797,-458.14464566929183
1572.5204054472943,968.5742332500286,-457.77633858267797,-455.50629921259895
1566.1924568974491,969.1029743497281,-454.77633858267797,-452.86795275590606
1559.8455084101086,969.2998115897145,-451.77633858267797,-450.2296062992132
1553.4969565299054,969.1642054527948,-448.77633858267797,-447.5912598425203
1547.1642021962612,968.6965276259644,-445.77633858267797,-444.9529133858274
1540.8646030486198,967.8980599816389,-442.77633858267797,-442.3145669291345
1534.615425850365,966.7709910641304,-439.77633858267797,-439.6762204724416
1528.4337991618224,965.3184100910003,-436.77633858267797,-437.03787401574874
1522.3366663920658,963.5442984857283,-433.77633858267797,-434.39952755905585
1516.3407393582106,961.4535189649074,-430.77633858267797,-431.76118110236297
1510.4624524794847,959.051802209876,-427.77633858267797,-429.1228346456701
1504.717917731628,956.3457311593181,-424.77633858267797,-426.4844881889772
1499.1228804850866,953.3427229658869,-421.77633858267797,-423.8461417322843
1493.6926763480471,950.0510086663038,-418.77633858267797,-421.2077952755914
1488.4421891326003,946.4796106206599,-415.77633858267797,-418.56944881889854
1483.0119849955609,943.1878963210768,-418.77633858267797,-415.93110236220565
1477.761497780114,939.6164982754328,-415.77633858267797,-413.29275590551276
1472.7051187067605,935.7752054375262,-412.77633858267797,-410.6544094488199
1467.8567069590756,931.6745465240207,-409.77633858267797,-408.016062992127
1463.229551696651,927.3257611559649,-406.77633858267797,-405.3777165354341
1458.8363356304312,922.7407690517722,-403.77633858267797,-402.7393700787412
1454.8327840053926,918.0987356195735,-400.77633858267797,-400.10102362204833
1451.2124321194012,913.4274240027362,-397.77633858267797,-397.5510236220483
1447.967001730276,908.7537443400569,-394.77633858267797,-395.08937007874124
1445.0864736345777,904.1036413422843,-391.77633858267797,-392.7160629921271
1442.5591669734351,899.5019871787747,-388.77633858267797,-390.4311023622058
1440.3718249059325,894.9724800665457,-385.77633858267797,-388.2344881889775
1438.056330612581,890.756488347216,-388.77633858267797,-386.12622047244207
1436.0603266185776,886.623200545003,-385.77633858267797,-386.12622047244207
1433.956644693017,882.7928712698531,-388.77633858267797,-386.12622047244207
1432.1519787725128,879.0558027776561,-385.77633858267797,-387.96944881889874
1430.2601092147434,875.6111359466861,-388.77633858267797,-389.72433070866254
1428.3064055154673,872.4572269664784,-391.77633858267797,-391.3908661417334
1426.0648340867745,869.2291845984064,-394.77633858267797,-392.9690551181113
1423.8794242883928,865.7012271138075,-391.77633858267797,-394.6355905511822
1421.3868881195917,862.1117754220836,-394.77633858267797,-396.390472440946
1418.5751427462076,858.4838024404789,-397.77633858267797,-398.23370078740265
1415.4336935918134,854.8413585891126,-400.77633858267797,-400.16527559055226
1411.9537129913276,851.2094672057915,-403.77633858267797,-402.1851968503948
1408.1281121838113,847.6140147361391,-406.77633858267797,-404.2934645669302
1404.3437197614141,843.6644231125275,-403.77633858267797,-406.49007874015854
1400.1974971719344,839.7676374835137,-406.77633858267797,-408.7750393700798
1395.6850383642466,835.951118715196,-409.77633858267797,-411.14834645669396
1390.80384092808,832.2429100386028,-412.77633858267797,-413.61000000000104
1385.5533537126332,828.6715119929588,-415.77633858267797,-416.16000000000105
1380.1231495755937,825.3797976933757,-418.77633858267797,-418.79834645669393
1374.5281123290524,822.3767894999445,-421.77633858267797,-421.4366929133868
1368.7835775811957,819.6707184493866,-424.77633858267797,-424.0750393700797
1362.9052907024698,817.2690016943552,-427.77633858267797,-426.7133858267726
1356.9093636686146,815.1782221735343,-430.77633858267797,-429.3517322834655
1350.812230898858,813.4041105682624,-433.77633858267797,-431.99007874015837
1344.6306042103154,811.9515295951322,-436.77633858267797,-434.62842519685125
1338.3814270120606,810.8244606776237,-439.77633858267797,-437.26677165354414
1332.0818278644192,810.0259930332982,-442.77633858267797,-439.905118110237
1325.8326506661645,808.8989241157897,-439.77633858267797,-442.5434645669299
1319.533051518523,808.1004564714641,-442.77633858267797,-445.1818110236228
1313.2002971848788,807.6327786446337,-445.77633858267797,-447.8201574803157
1306.8517453046757,807.497172507714,-448.77633858267797,-450.4585039370086
1300.504796817335,807.6940097477004,-451.77633858267797,-453.09685039370146
1294.17684826749,808.2227508474,-454.77633858267797,-455.73519685039435
1287.8852441222648,809.081946564211,-457.77633858267797,-458.37354330708723
1281.6472292312978,810.2692419023955,-460.77633858267797,-461.0118897637801
1275.4799015598062,811.7813825679594,-463.77633858267797,-463.650236220473
1269.4001653242515,813.6142238884461,-466.77633858267797,-466.2885826771659
1263.4246846590581,815.7627421731952,-469.77633858267797,-468.9269291338588
1257.569837941379,818.2210484829301,-472.77633858267797,-471.56527559055166
1251.851672899102,820.9824047709304,-475.77633858267797,-474.20362204724455
1246.2858626251427,824.0392423515505,-478.77633858267797,-476.84196850393744
1240.8876626185877,827.3831826454598,-481.77633858267797,-479.4803149606303
1235.6718689704305,831.0050601447472,-484.77633858267797,-482.1186614173232
1230.2736689638755,834.3490004386565,-481.77633858267797,-484.7570078740161
1225.0578753157183,837.9708779379439,-484.77633858267797,-487.395354330709
1220.0387841538034,841.8607653281375,-487.77633858267797,-490.03370078740187
1215.2301524581326,846.0080006982836,-490.77633858267797,-492.67204724409476
1210.64516035394,850.4012167645034,-493.77633858267797,-495.31039370078764
1206.296374985884,855.028372026928,-496.77633858267797,-497.94874015748053
1202.1957160723787,859.8767837746127,-499.77633858267797,-500.5870866141734
1198.354423234472,864.9331628479663,-502.77633858267797,-503.2254330708663
1194.783025188828,870.1836500634131,-505.77633858267797,-505.8637795275592
1191.491310889245,875.6138542004526,-508.77633858267797,-508.5021259842521
1188.4883026958137,881.2088914469939,-511.77633858267797,-511.14047244094496
1185.782231645256,886.9534261948506,-514.7763385826779,-513.7788188976378
1182.7792234518247,892.548463441392,-511.7763385826779,-513.7788188976378
1180.073152401267,898.2929981892487,-514.7763385826779,-513.7788188976378
1177.0701442078357,903.88803543579,-511.7763385826779,-513.7788188976378
1174.364073157278,909.6325701836467,-514.7763385826779,-513.7788188976378
1171.3610649638467,915.2276074301881,-511.7763385826779,-513.7788188976378
1168.654993913289,920.9721421780448,-514.7763385826779,-513.7788188976378
1165.6519857198577,926.5671794245861,-511.7763385826779,-513.7788188976378
1162.9459146693,932.3117141724429,-514.7763385826779,-513.7788188976378
1159.9429064758688,937.9067514189842,-511.7763385826779,-513.7788188976378
1157.236835425311,943.6512861668409,-514.7763385826779,-513.7788188976378
1154.2338272318798,949.2463234133822,-511.7763385826779,-513.7788188976378
1151.527756181322,954.990858161239,-514.7763385826779,-516.4171653543308
1149.1260394262906,960.8691450399649,-517.7763385826779,-519.0555118110237
1147.0352599054697,966.8650720738201,-520.7763385826779,-521.6938582677167
1145.2611483001976,972.9622048435766,-523.7763385826779,-524.3322047244096
1143.8085673270675,979.1438315321191,-526.7763385826779,-526.9705511811026
1142.681498409559,985.3930087303737,-529.7763385826779,-529.6088976377955
1141.228917436429,991.5746354189162,-526.7763385826779,-529.6088976377955
1140.1018485189204,997.8238126171708,-529.7763385826779,-529.6088976377955
1138.6492675457903,1004.0054393057133,-526.7763385826779,-529.6088976377955
1137.5221986282818,1010.2546165039679,-529.7763385826779,-529.6088976377955
1136.0696176551517,1016.4362431925103,-526.7763385826779,-529.6088976377955
1134.9425487376432,1022.685420390765,-529.7763385826779,-529.6088976377955
1133.489967764513,1028.8670470793074,-526.7763385826779,-529.6088976377955
1132.3628988470045,1035.1162242775622,-529.7763385826779,-529.6088976377955
1130.9103178738744,1041.2978509661048,-526.7763385826779,-529.6088976377955
1129.783248956366,1047.5470281643595,-529.7763385826779,-529.6088976377955
1128.3306679832358,1053.728654852902,-526.7763385826779,-529.6088976377955
1127.2035990657273,1059.9778320511568,-529.7763385826779,-529.6088976377955
1125.7510180925972,1066.1594587396994,-526.7763385826779,-529.6088976377955
1124.6239491750887,1072.4086359379542,-529.7763385826779,-529.6088976377955
1123.1713682019586,1078.5902626264967,-526.7763385826779,-529.6088976377955
1122.04429928445,1084.8394398247515,-529.7763385826779,-529.6088976377955
1121.2458316401244,1091.1390389723929,-532.7763385826779,-532.2472440944885
1120.778153813294,1097.4717933060372,-535.7763385826779,-534.8855905511814
1120.6425476763743,1103.8203451862403,-538.7763385826779,-537.5239370078743
1120.8393849163606,1110.1672936735808,-541.7763385826779,-540.1622834645673
1121.3681260160602,1116.495242223426,-544.7763385826779,-542.8006299212602
1122.2273217328711,1122.7868463686511,-547.7763385826779,-545.4389763779532
1123.4146170710555,1129.024861259618,-550.7763385826779,-548.0773228346461
1124.2738127878665,1135.3164654048433,-547.7763385826779,-550.715669291339
1125.461108126051,1141.5544802958102,-550.7763385826779,-553.354015748032
1126.9732487916149,1147.7218079673019,-553.7763385826779,-555.9923622047249
1128.8060901121016,1153.8015442028566,-556.7763385826779,-558.6307086614179
1130.9546083968507,1159.77702486805,-559.7763385826779,-561.2690551181108
1133.4129147065855,1165.631871585729,-562.7763385826779,-563.9074015748038
1136.1742709945859,1171.3500366280061,-565.7763385826779,-566.5457480314967
1139.2311085752058,1176.9158469019653,-568.7763385826779,-569.1840944881897
1142.575048869115,1182.3140469085204,-571.7763385826779,-571.8224409448826
1146.1969263684025,1187.5298405566775,-574.7763385826779,-574.4607874015755
1150.086813758596,1192.5489317185925,-577.7763385826779,-577.0991338582685
1154.106752671431,1197.4644775821844,-579.2763385826779,-579.7374803149614
1158.253988041577,1202.2731092778552,-580.7763385826779,-582.3758267716544
1162.5256775610703,1206.971531209637,-582.2763385826779,-585.0141732283473
1166.9188936272901,1211.5565233138298,-583.7763385826779,-587.6525196850403
1171.4306253493905,1216.0249432658702,-585.2763385826779,-590.2908661417332
1176.0577806118151,1220.373728633926,-586.7763385826779,-592.9292125984261
1180.7971881934786,1224.5998989777324,-588.2763385826779,-595.5675590551191
1185.6455999411635,1228.7005578912378,-589.7763385826779,-598.205905511812
1190.5996929956411,1232.6728949876556,-591.2763385826779,-600.844251968505
1195.6560720689947,1236.5141878255622,-592.7763385826779,-603.4825984251979
1200.811271771579,1240.2218037747234,-594.2763385826779,-606.1209448818909
1206.0617589870258,1243.7932018203674,-595.7763385826779,-608.7592913385838
1211.4039352936654,1247.225934304669,-597.2763385826779,-611.3976377952768
1217.022272487421,1250.631692249277,-598.7763385826779,-614.0359842519697
1222.918890669824,1253.9982920192163,-600.2763385826779,-616.7626771653555
1229.0734316410194,1257.3016010319907,-601.7763385826779,-619.5777165354342
1235.3123341540095,1260.4426709824068,-603.2763385826779,-622.4710629921271
1241.6313223766517,1263.4193491380204,-604.7763385826779,-625.3644094488201
1248.026065590059,1266.2295954323122,-606.2763385826779,-628.257755905513
1254.4921811566576,1268.8714838628468,-607.7763385826779,-631.151102362206
1261.0252375238274,1271.3432038112594,-609.2763385826779,-634.0444488188989
1267.620757261068,1273.6430612841623,-610.7763385826779,-636.9377952755918
1274.2742201286053,1275.7694800741242,-612.2763385826779,-639.8311417322848
1280.9810661753374,1277.7210028399234,-613.7763385826779,-642.7244881889777
1287.7366988639985,1279.496292105337,-615.2763385826779,-645.6178346456707
1294.5364882213953,1281.0941311757801,-616.7763385826779,-648.5111811023636
1301.375774011559,1282.5134249721677,-618.2763385826779,-651.4045275590565
1308.2498689296392,1283.753200781427,-619.7763385826779,-654.2978740157495
1315.1794279920448,1284.6315151901852,-622.7763385826779,-657.1912204724424
1321.926055246707,1285.1297577883754,-625.7763385826779,-660.0845669291353
1328.4695626570895,1285.26952820824,-628.7763385826779,-657.2795669291354
1334.7915231582595,1285.0734659180173,-631.7763385826779,-654.5629133858283
1340.875322512087,1284.5651250654714,-634.7763385826779,-651.9346062992141
1346.7062028891971,1283.7688468302852,-637.7763385826779,-649.3946456692929
1352.2712980635795,1282.7096298081096,-640.7763385826779,-646.9430314960646
1357.5596601377956,1281.4129989539372,-643.7763385826779,-644.5797637795291
1362.6925149102842,1280.4360512150374,-640.7763385826779,-642.3048425196866
1367.6514879412846,1279.7588426224959,-637.7763385826779,-640.118267716537
1372.3521023118794,1278.864164166872,-640.7763385826779,-638.0200393700803
1376.8751216698247,1278.2464903956527,-637.7763385826779,-636.0101574803166
1381.205032921648,1277.8846982573543,-634.7763385826779,-634.0886220472457
1385.328050639802,1277.7568315463395,-631.7763385826779,-632.2554330708678
1389.2321601031394,1277.8402239817208,-628.7763385826779,-630.5105905511828
1392.9153892646907,1277.7259963865476,-631.7763385826779,-628.8540944881906
1396.3795990701874,1277.799992491182,-628.7763385826779,-627.2859448818914
1399.6157861273018,1278.0389869082,-625.7763385826779,-625.8061417322851
1402.7655857011225,1278.438220730363,-622.7763385826779,-624.4146850393718
1405.9319628679448,1278.672059643778,-625.7763385826779,-623.0513385826788
1409.0817624417655,1279.071293465941,-622.7763385826779,-621.6879921259858
1412.2063510408927,1279.6348279246952,-619.7763385826779,-621.6879921259858
1415.3561506147134,1280.034061746858,-622.7763385826779,-621.6879921259858
1418.6972461403946,1280.6366442625967,-619.7763385826779,-621.6879921259858
1422.2835533716895,1281.0912049766498,-622.7763385826779,-621.6879921259858
1426.057662750478,1281.7718836063577,-619.7763385826779,-621.6879921259858
1430.0804776392474,1282.281771212301,-622.7763385826779,-621.6879921259858
1434.2876008711432,1283.040545955978,-619.7763385826779,-621.6879921259858
1438.746923417387,1283.6057604538116,-622.7763385826779,-621.6879921259858
1443.3870605023903,1284.4426313114577,-619.7763385826779,-621.6879921259858
1448.2828907061084,1285.0631727011817,-622.7763385826779,-621.6879921259858
1453.3560416442192,1285.9781396727967,-619.7763385826779,-621.6879921259858
1458.6883795054118,1286.6540079544109,-622.7763385826779,-621.6879921259858
1464.1945442966298,1287.6470710399951,-619.7763385826779,-621.6879921259858
1469.9633898152968,1288.3782662134995,-622.7763385826779,-621.6879921259858
1475.9025684596222,1289.4494254130527,-619.7763385826779,-621.6879921259858
1482.1079216357634,1290.2359474784475,-622.7763385826779,-621.6879921259858
1488.3570988340182,1291.363016395956,-619.7763385826779,-621.6879921259858
1494.6566979816596,1292.1614840402817,-622.7763385826779,-621.6879921259858
1500.9058751799143,1293.2885529577902,-619.7763385826779,-621.6879921259858
1507.2054743275557,1294.087020602116,-622.7763385826779,-621.6879921259858
1513.4546515258105,1295.2140895196244,-619.7763385826779,-621.6879921259858
1519.754250673452,1296.01255716395,-622.7763385826779,-621.6879921259858
1526.0034278717067,1297.1396260814586,-619.7763385826779,-621.6879921259858
1532.303027019348,1297.9380937257843,-622.7763385826779,-621.6879921259858
1538.5522042176028,1299.0651626432928,-619.7763385826779,-621.6879921259858
1544.8518033652442,1299.8636302876184,-622.7763385826779,-621.6879921259858
1551.1845576988885,1300.3313081144488,-625.7763385826779,-624.3263385826788
1557.5331095790916,1300.4669142513685,-628.7763385826779,-626.9646850393717
1563.8800580664322,1300.2700770113822,-631.7763385826779,-629.6030314960647
1570.2080066162773,1299.7413359116827,-634.7763385826779,-632.2413779527576
1576.4996107615025,1298.8821401948717,-637.7763385826779,-634.8797244094505
1582.8275593113476,1298.353399095172,-634.7763385826779,-637.5180708661435
1589.1191634565728,1297.4942033783611,-637.7763385826779,-640.1564173228364
1595.3571783475397,1296.3069080401767,-640.7763385826779,-640.1564173228364
1601.648782492765,1295.4477123233657,-637.7763385826779,-640.1564173228364
1607.8867973837318,1294.2604169851813,-640.7763385826779,-640.1564173228364
1614.178401528957,1293.4012212683704,-637.7763385826779,-640.1564173228364
1620.416416419924,1292.213925930186,-640.7763385826779,-640.1564173228364
1626.7080205651491,1291.354730213375,-637.7763385826779,-640.1564173228364
1632.946035456116,1290.1674348751906,-640.7763385826779,-640.1564173228364
1639.2376396013412,1289.3082391583796,-637.7763385826779,-640.1564173228364
1645.4756544923082,1288.1209438201952,-640.7763385826779,-640.1564173228364
1651.7672586375334,1287.2617481033842,-637.7763385826779,-640.1564173228364
1658.0052735285003,1286.0744527651998,-640.7763385826779,-640.1564173228364
1664.2968776737255,1285.2152570483888,-637.7763385826779,-640.1564173228364
1670.5348925646924,1284.0279617102044,-640.7763385826779,-640.1564173228364
1676.8264967099176,1283.1687659933934,-637.7763385826779,-640.1564173228364
1683.0645116008845,1281.981470655209,-640.7763385826779,-640.1564173228364
1689.3561157461097,1281.122274938398,-637.7763385826779,-640.1564173228364
1695.5941306370767,1279.9349796002136,-640.7763385826779,-642.7947637795294
1701.7614583085683,1278.4228389346497,-643.7763385826779,-645.4331102362223
1707.841194544123,1276.589997614163,-646.7763385826779,-648.0714566929153
1713.8166752093164,1274.4414793294138,-649.7763385826779,-650.7098031496082
1719.6715219269954,1271.983173019679,-652.7763385826779,-653.3481496063011
1725.3896869692726,1269.2218167316787,-655.7763385826779,-655.9864960629941
1730.9554972432318,1266.1649791510588,-658.7763385826779,-658.624842519687
1736.3536972497868,1262.8210388571495,-661.7763385826779,-661.26318897638
1741.569490897944,1259.199161357862,-664.7763385826779,-663.9015354330729
1746.588582059859,1255.3092739676686,-667.7763385826779,-666.5398818897659
1751.3972137555297,1251.1620385975225,-670.7763385826779,-669.1782283464588
1755.9822058597224,1246.7688225313027,-673.7763385826779,-671.8165748031518
1760.3309912277782,1242.141667268878,-676.7763385826779,-674.4549212598447
1764.4316501412836,1237.2932555211933,-679.7763385826779,-677.0932677165376
1768.7804355093394,1232.6661002587687,-676.7763385826779,-679.7316141732306
1772.8810944228449,1227.8176885110838,-679.7763385826779,-682.3699606299235
1776.7223872607515,1222.7613094377302,-682.7763385826779,-685.0083070866165
1780.2937853063954,1217.5108222222834,-685.7763385826779,-687.6466535433094
1783.5854996059786,1212.080618085244,-688.7763385826779,-690.2850000000024
1786.5885077994099,1206.4855808387026,-691.7763385826779,-690.2850000000024
1789.880222098993,1201.0553767016631,-688.7763385826779,-690.2850000000024
1792.8832302924243,1195.4603394551218,-691.7763385826779,-690.2850000000024
1796.1749445920075,1190.0301353180823,-688.7763385826779,-690.2850000000024
1799.1779527854387,1184.435098071541,-691.7763385826779,-690.2850000000024
1802.469667085022,1179.0048939345015,-688.7763385826779,-690.2850000000024
1805.4726752784532,1173.4098566879602,-691.7763385826779,-690.2850000000024
1808.7643895780363,1167.9796525509207,-688.7763385826779,-690.2850000000024
1811.7673977714676,1162.3846153043794,-691.7763385826779,-690.2850000000024
1815.0591120710508,1156.95441116734,-688.7763385826779,-690.2850000000024
1818.062120264482,1151.3593739207986,-691.7763385826779,-690.2850000000024
1821.3538345640652,1145.929169783759,-688.7763385826779,-690.2850000000024
1824.3568427574965,1140.3341325372178,-691.7763385826779,-690.2850000000024
1827.6485570570796,1134.9039284001783,-688.7763385826779,-687.6466535433094
1831.2199551027236,1129.6534411847315,-685.7763385826779,-685.0083070866165
1835.0612479406302,1124.597062111378,-682.7763385826779,-682.3699606299235
1839.1619068541356,1119.748650363693,-679.7763385826779,-679.7316141732306
1843.5106922221914,1115.1214951012685,-676.7763385826779,-677.0932677165376
1848.0956843263841,1110.7282790350487,-673.7763385826779,-674.4549212598447
1852.904316022055,1106.5810436649026,-670.7763385826779,-671.8165748031518
1857.9234071839699,1102.691156274709,-667.7763385826779,-669.1782283464588
1863.139200832127,1099.0692787754217,-664.7763385826779,-666.5398818897659
1868.537400838682,1095.7253384815124,-661.7763385826779,-663.9015354330729
1874.1032111126412,1092.6685009008925,-658.7763385826779,-661.26318897638
1879.8213761549184,1089.9071446128921,-655.7763385826779,-658.624842519687
1885.3871864288776,1086.8503070322722,-658.7763385826779,-655.9864960629941
1891.1053514711548,1084.0889507442719,-655.7763385826779,-653.3481496063011
1896.9601981888338,1081.630644434537,-652.7763385826779,-650.7098031496082
1902.9356788540272,1079.482126149788,-649.7763385826779,-648.0714566929153
1909.015415089582,1077.6492848293012,-646.7763385826779,-645.4331102362223
1915.1827427610735,1076.1371441637373,-643.7763385826779,-642.7947637795294
1921.4207576520405,1074.9498488255529,-640.7763385826779,-640.1564173228364
1927.7123617972657,1074.090653108742,-637.7763385826779,-637.5180708661435
1934.0403103471108,1073.5619120090423,-634.7763385826779,-634.8797244094505
1940.3872588344514,1073.365074769056,-631.7763385826779,-632.2413779527576
1946.7358107146545,1073.5006809059757,-628.7763385826779,-629.6030314960647
1953.0685650482988,1073.968358732806,-625.7763385826779,-626.9646850393717
1959.3681641959402,1074.7668263771318,-622.7763385826779,-624.3263385826788
1965.617341394195,1075.8938952946403,-619.7763385826779,-621.6879921259858
1971.7989680827375,1077.3464762677704,-616.7763385826779,-619.0496456692929
1977.896100852494,1079.1205878730425,-613.7763385826779,-616.4112992125999
1983.8920278863493,1081.2113673938634,-610.7763385826779,-613.772952755907
1989.989160656106,1082.9854789991355,-613.7763385826779,-611.134606299214
1995.9850876899611,1085.0762585199564,-610.7763385826779,-608.4962598425211
2001.863374568687,1087.4779752749878,-607.7763385826779,-605.8579133858282
2007.6079093165438,1090.1840463255455,-604.7763385826779,-603.2195669291352
2013.202946563085,1093.1870545189768,-601.7763385826779,-600.5812204724423
2018.6331507001246,1096.47876881856,-598.7763385826779,-597.9428740157493
2023.8836379155714,1100.050166864204,-595.7763385826779,-595.3045275590564
2028.940016988925,1103.8914597021105,-592.7763385826779,-592.6661811023635
2033.7884287366098,1107.992118615616,-589.7763385826779,-590.0278346456705
2038.4155839990344,1112.3409039836718,-586.7763385826779,-587.3894881889776
2043.2639957467193,1116.4415628971772,-589.7763385826779,-590.0278346456705
2048.3203748200726,1120.2828557350838,-592.7763385826779,-592.6661811023635
2053.5708620355194,1123.8542537807277,-595.7763385826779,-595.3045275590564
2059.0010661725587,1127.145968080311,-598.7763385826779,-597.9428740157493
2064.5961034191,1130.1489762737422,-601.7763385826779,-600.5812204724423
2070.3406381669565,1132.8550473243,-604.7763385826779,-603.2195669291352
2076.218925045682,1135.2567640793313,-607.7763385826779,-605.8579133858282
2082.2148520795376,1137.3475436001522,-610.7763385826779,-608.4962598425211
2088.0931389582634,1139.7492603551837,-607.7763385826779,-608.4962598425211
2094.089065992119,1141.8400398760045,-610.7763385826779,-608.4962598425211
2099.9673528708445,1144.241756631036,-607.7763385826779,-608.4962598425211
2105.9632799047,1146.3325361518569,-610.7763385826779,-608.4962598425211
2111.8415667834256,1148.7342529068883,-607.7763385826779,-608.4962598425211
2117.837493817281,1150.8250324277092,-610.7763385826779,-608.4962598425211
2123.7157806960067,1153.2267491827406,-607.7763385826779,-608.4962598425211
2129.711707729862,1155.3175287035615,-610.7763385826779,-608.4962598425211
2135.808840499619,1157.0916403088336,-613.7763385826779,-611.134606299214
2141.804767533474,1159.1824198296545,-610.7763385826779,-613.772952755907
2147.901900303231,1160.9565314349265,-613.7763385826779,-616.4112992125999
2154.0835269917734,1162.4091124080567,-616.7763385826779,-619.0496456692929
2160.332704190028,1163.5361813255652,-619.7763385826779,-621.6879921259858
2166.6323033376693,1164.3346489698908,-622.7763385826779,-624.3263385826788
2172.965057671314,1164.8023267967212,-625.7763385826779,-626.9646850393717
2179.313609551517,1164.937932933641,-628.7763385826779,-629.6030314960647
2185.6605580388573,1164.7410956936546,-631.7763385826779,-632.2413779527576
2191.9885065887024,1164.212354593955,-634.7763385826779,-634.8797244094505
2198.2801107339274,1163.353158877144,-637.7763385826779,-637.5180708661435
2204.5181256248943,1162.1658635389597,-640.7763385826779,-640.1564173228364
2210.685453296386,1160.6537228733957,-643.7763385826779,-642.7947637795294
2216.765189531941,1158.820881552909,-646.7763385826779,-645.4331102362223
2222.740670197134,1156.6723632681599,-649.7763385826779,-648.0714566929153
2228.5955169148133,1154.214056958425,-652.7763385826779,-650.7098031496082
2234.3136819570905,1151.4527006704247,-655.7763385826779,-653.3481496063011
2239.8794922310494,1148.3958630898048,-658.7763385826779,-655.9864960629941
2245.5976572733266,1145.6345068018045,-655.7763385826779,-658.624842519687
2251.2415789624474,1142.7244126509102,-657.2763385826779,-661.26318897638
2256.8073892364064,1139.6675750702902,-658.7763385826779,-663.9015354330729
2262.2912735668606,1136.4660890637301,-660.2763385826779,-666.5398818897659
2267.6894735734154,1133.1221487698208,-661.7763385826779,-669.1782283464588
2272.998289599433,1129.6380459582062,-663.2763385826779,-671.8165748031518
2278.21408324759,1126.0161684589189,-664.7763385826779,-674.4549212598447
2283.333279873455,1122.2589985258796,-666.2763385826779,-677.0932677165376
2288.3523710353697,1118.3691111356861,-667.7763385826779,-679.7316141732306
2293.2679168989616,1114.3491722228512,-669.2763385826779,-682.3699606299235
2298.076548594632,1110.201936852705,-670.7763385826779,-685.0083070866165
2302.937750498854,1105.7822517908041,-672.2763385826779,-687.6466535433094
2307.840442843337,1101.084623902673,-673.7763385826779,-690.3733464566952
2312.7557047905816,1096.1217190083626,-675.2763385826779,-693.1883858267739
2317.539368695443,1091.0318482196956,-676.7763385826779,-696.0817322834669
2322.18815607363,1085.8184998798656,-678.2763385826779,-698.9750787401598
2326.6988808784863,1080.4852469574123,-679.7763385826779,-701.8684251968527
2331.068451684546,1075.0357445974869,-681.2763385826779,-704.7617716535457
2335.293873806243,1069.473727616798,-682.7763385826779,-707.6551181102386
2339.3722513503203,1063.8030079439552,-684.2763385826779,-710.5484645669316
2343.3007892005285,1058.0274720069638,-685.7763385826779,-713.4418110236245
2347.0767949332603,1052.1510780696601,-687.2763385826779,-716.3351574803174
2350.6976806628018,1046.1778535189167,-688.7763385826779,-719.2285039370104
2354.160964814941,1040.1118921044713,-690.2763385826779,-722.1218503937033
2357.4642738277153,1033.9573511332758,-691.7763385826779,-725.0151968503963
2360.605343778131,1027.7184486202857,-693.2763385826779,-727.9085433070892
2363.5820219337447,1021.3994603976433,-694.7763385826779,-730.8018897637821
2366.3922682280363,1015.0047171842359,-696.2763385826779,-733.6952362204751
2369.0341566585707,1008.5386016176375,-697.7763385826779,-736.588582677168
2371.5058766069833,1002.0055452504675,-699.2763385826779,-739.481929133861
2373.8057340798864,995.4100255132267,-700.7763385826779,-742.3752755905539
2375.9321528698483,988.7565626456895,-702.2763385826779,-745.2686220472468
2377.8836756356477,982.0497165989574,-703.7763385826779,-748.1619685039398
2379.658964901061,975.2940839102962,-705.2763385826779,-751.0553149606327
2381.2568039715043,968.4942945528995,-706.7763385826779,-753.9486614173256
2382.846848447192,961.6926783063493,-706.8420078740186,-756.8420078740186
2384.091541048641,954.8194719710283,-709.7353543307115,-759.7353543307115
2384.987708371368,947.8921991216541,-712.6287007874045,-762.6287007874045
2385.5330655930834,940.9285211781588,-715.5220472440974,-765.5220472440974
2385.726222298956,933.9461923770369,-718.4153937007903,-768.4153937007903
2385.566686026545,926.963014506054,-721.3087401574833,-771.3087401574833
2385.054863521357,919.9967915177208,-724.2020866141762,-774.2020866141762
2384.1920596998275,913.0652841372477,-727.0954330708691,-777.0954330708691
2382.9804743223726,906.18616458071,-729.9887795275621,-779.9887795275621
2381.410524080469,899.3798820977429,-732.9887795275621,-779.9887795275621
2379.486512098603,892.665092235533,-735.9887795275621,-779.9887795275621
2377.2137119598806,886.0601997663535,-738.9887795275621,-779.9887795275621
2374.598353251502,879.5833082413619,-741.9887795275621,-779.9887795275621
2371.647604489895,873.252170370025,-744.9887795275621,-779.9887795275621
2368.3695534723115,867.0841393611762,-747.9887795275621,-779.9887795275621
2364.7731851087365,861.096121359076,-750.9887795275621,-779.9887795275621
2360.8683567948733,855.3045291048463,-753.9887795275621,-779.9887795275621
2356.6657713937093,849.7252369502872,-756.9887795275621,-779.9887795275621
2352.176947899711,844.3735373473827,-759.9887795275621,-779.9887795275621
2347.4141898660614,839.2640989327521,-762.9887795275621,-779.9887795275621
2342.390551681475,834.4109263219372,-765.9887795275621,-779.9887795275621
2337.119802789027,829.8273217237244,-768.9887795275621,-779.9887795275621
2332.116700203608,825.9168915018976,-771.9887795275621,-779.9887795275621
2326.9157980914215,822.2736625467738,-774.9887795275621,-779.9887795275621
2321.531351763646,818.9076206956814,-777.9887795275621,-779.9887795275621
2315.9781196133977,815.8279920353635,-780.9887795275621,-779.9887795275621
2310.593673285622,812.4619501842711,-777.9887795275621,-779.9887795275621
2305.040441135374,809.3823215239532,-780.9887795275621,-779.9887795275621
2299.6559948075983,806.0162796728608,-777.9887795275621,-779.9887795275621
2294.10276265735,802.9366510125429,-780.9887795275621,-779.9887795275621
2288.7183163295745,799.5706091614505,-777.9887795275621,-779.9887795275621
2283.165084179326,796.4909805011326,-780.9887795275621,-779.9887795275621
2277.7806378515506,793.1249386500402,-777.9887795275621,-779.9887795275621
2272.2274057013024,790.0453099897223,-780.9887795275621,-779.9887795275621
2266.842959373527,786.6792681386299,-777.9887795275621,-779.9887795275621
2261.2897272232785,783.599639478312,-780.9887795275621,-779.9887795275621
2255.582930273881,780.8148650568643,-783.9887795275621,-782.627125984255
2249.7382104590984,778.3325777474084,-786.9887795275621,-785.265472440948
2243.7715877496807,776.1595813269181,-789.9887795275621,-787.9038188976409
2237.9097906896154,774.3661948023204,-792.9887795275621,-790.5421653543339
2232.175623052859,772.9353134258345,-795.9887795275621,-793.0921653543338
2226.7345748845437,771.2706528508,-792.9887795275621,-795.5538188976409
2221.4273165134678,769.9463007138495,-795.9887795275621,-797.9271259842551
2216.2739700755424,768.9435442674873,-798.9887795275621,-800.2120866141763
2211.293058877187,768.2425281235236,-801.9887795275621,-802.4087007874047
2206.5014445686847,767.8223706309609,-804.9887795275621,-804.5169685039401
2201.914272131051,767.6612836128252,-807.9887795275621,-806.5368897637826
2197.5449228513125,767.7366949624408,-810.9887795275621,-808.4684645669322
2193.3974793619486,767.5910498371111,-807.9887795275621,-810.3116929133889
2189.4680645634653,767.6588682819599,-810.9887795275621,-812.0665748031527
2185.7670513267635,767.9169400195832,-813.9887795275621,-813.7331102362235
2182.302982030978,768.3415856530178,-816.9887795275621,-815.3112992126015
2179.040902978683,768.5690504999255,-813.9887795275621,-816.8011417322865
2175.889493232517,768.955368518881,-816.9887795275621,-818.2026377952786
2172.762620706818,769.5060891449967,-819.9887795275621,-819.5659842519716
2169.6688559418326,770.2197028913167,-822.9887795275621,-820.9293307086646
2166.5419834161335,770.7704235174325,-819.9887795275621,-822.2926771653575
2163.448218651148,771.4840372637525,-822.9887795275621,-823.6560236220505
2160.3960414410526,772.3585881646006,-825.9887795275621,-825.0193700787435
2157.3938175914254,773.3916791367471,-828.9887795275621,-826.3827165354364
2154.34164038133,774.2662300375953,-825.9887795275621,-827.7460629921294
2151.3394165317027,775.2993210097418,-828.9887795275621,-829.1094094488224
2148.3953749294337,776.4881204226411,-831.9887795275621,-830.4727559055153
2145.3931510798066,777.5212113947877,-828.9887795275621,-831.8361023622083
2142.4491094775376,778.710010807687,-831.9887795275621,-833.1994488189013
2139.571319536021,780.051260244781,-834.9887795275621,-834.5627952755942
2136.7676690774533,781.5412834345916,-837.9887795275621,-835.9261417322872
2133.8898791359366,782.8825328716856,-834.9887795275621,-837.2894881889802
2131.086228677369,784.3725560614962,-837.9887795275621,-838.6528346456731
2128.364402312778,786.0072689540305,-840.9887795275621,-840.0161811023661
2125.5494480245734,787.9051776334242,-843.9887795275621,-841.379527559059
2122.4504236755984,789.7664334150024,-840.9887795275621,-842.8312204724449
2119.270644678466,791.9103155314899,-843.9887795275621,-844.3712598425236
2116.031699841424,794.3500412010275,-846.9887795275621,-845.9996456692953
2112.756321773791,797.0973168541187,-849.9887795275621,-847.7163779527599
2109.1659254624465,799.8017723127059,-846.9887795275621,-847.7163779527599
2105.553432459197,802.8318085008522,-849.9887795275621,-847.7163779527599
2101.6115846735497,805.8009937484891,-846.9887795275621,-847.7163779527599
2097.6619767346847,809.1137904716904,-849.9887795275621,-847.7163779527599
2093.368677474734,812.3477055083771,-846.9887795275621,-847.7163779527599
2089.0819546002526,815.9432627666334,-849.9887795275621,-847.7163779527599
2084.437203865999,819.4419075923697,-846.9887795275621,-847.7163779527599
2079.813366055902,823.320225385681,-849.9887795275621,-847.7163779527599
2074.8171638473455,827.0836000004671,-846.9887795275621,-847.7163779527599
2069.9519823901596,831.1643486313747,-849.9887795275621,-847.7163779527599
2064.879898613288,834.9848808142509,-846.9887795275621,-847.7163779527599
2060.014717156102,839.0656294451585,-849.9887795275621,-847.7163779527599
2054.9426333792303,842.8861616280348,-846.9887795275621,-845.078031496067
2049.6775495117486,846.4360055497284,-843.9887795275621,-842.439685039374
2044.2338967825667,849.7054313347968,-840.9887795275621,-839.8013385826811
2038.6265958654315,852.685477714418,-837.9887795275621,-837.1629921259881
2032.871015982398,855.367976588606,-834.9887795275621,-834.5246456692952
2026.98293277786,857.7455754144048,-831.9887795275621,-831.8862992126022
2020.978485078606,859.8117573586977,-828.9887795275621,-829.2479527559093
2014.8741306584152,861.5608591603941,-825.9887795275621,-826.6096062992164
2008.686601128445,862.988086653034,-822.9887795275621,-823.9712598425234
2002.4328560770473,864.0895279052655,-819.9887795275621,-821.3329133858305
1996.1300365847153,864.8621639431765,-816.9887795275621,-818.6945669291375
1989.7954182415738,865.3038770250922,-813.9887795275621,-816.0562204724446
1983.4463637961876,865.4134564461584,-810.9887795275621,-813.4178740157516
1977.100275565474,865.1906018567986,-807.9887795275621,-810.7795275590587
1970.7512211200878,865.3001812778648,-810.9887795275621,-808.1411811023657
1964.4051328893743,865.077326688505,-807.9887795275621,-805.5028346456728
1958.0794050600625,864.5226489176581,-804.9887795275621,-802.8644881889799
1951.791376012437,863.637668298539,-801.9887795275621,-800.2261417322869
1945.5582807970416,862.4248105015104,-798.9887795275621,-797.587795275594
1939.3972038946044,860.8873998854892,-795.9887795275621,-794.949448818901
1933.3250323886639,859.0296503861099,-792.9887795275621,-792.3111023622081
1927.3584096792465,856.8566539656196,-789.9887795275621,-789.6727559055151
1921.5136898644637,854.3743666561637,-786.9887795275621,-787.0344094488222
1915.8068929150663,851.589592234716,-783.9887795275621,-784.3960629921293
1910.2536607648183,848.5099635743981,-780.9887795275621,-781.7577165354363
1904.546863815421,845.7251891529503,-783.9887795275621,-781.7577165354363
1898.9936316651729,842.6455604926324,-780.9887795275621,-781.7577165354363
1893.2868347157755,839.8607860711846,-783.9887795275621,-781.7577165354363
1887.7336025655275,836.7811574108667,-780.9887795275621,-781.7577165354363
1882.02680561613,833.996382989419,-783.9887795275621,-781.7577165354363
1876.473573465882,830.9167543291011,-780.9887795275621,-781.7577165354363
1870.7667765164847,828.1319799076533,-783.9887795275621,-781.7577165354363
1864.9220567017019,825.6496925981975,-786.9887795275621,-784.3960629921293
1858.9554339922845,823.4766961777071,-789.9887795275621,-787.0344094488222
1853.1107141775017,820.9944088682513,-786.9887795275621,-789.6727559055151
1847.1440914680843,818.821412447761,-789.9887795275621,-792.3111023622081
1841.0719199621437,816.9636629483816,-792.9887795275621,-794.949448818901
1834.9108430597066,815.4262523323605,-795.9887795275621,-797.587795275594
1828.6777478443112,814.2133945353319,-798.9887795275621,-800.2261417322869
1822.3897187966857,813.3284139162128,-801.9887795275621,-802.8644881889799
1816.063990967374,812.7737361453659,-804.9887795275621,-805.5028346456728
1809.7179027366603,812.5508815560061,-807.9887795275621,-808.1411811023657
1803.3688482912742,812.6604609770723,-810.9887795275621,-810.7795275590587
1797.0342299481326,813.102174058988,-813.9887795275621,-813.4178740157516
1790.7314104558006,813.874810096899,-816.9887795275621,-816.0562204724446
1784.4776654044028,814.9762513491305,-819.9887795275621,-818.6945669291375
1778.2901358744327,816.4034788417704,-822.9887795275621,-821.3329133858305
1772.185781454242,818.1525806434668,-825.9887795275621,-823.9712598425234
1766.181333754988,820.2187625877597,-828.9887795275621,-826.6096062992164
1760.29325055045,822.5963614135585,-831.9887795275621,-829.2479527559093
1754.288802851196,824.6625433578514,-828.9887795275621,-831.8862992126022
1748.400719646658,827.0401421836502,-831.9887795275621,-834.5246456692952
1742.6451397636245,829.7226410578382,-834.9887795275621,-837.1629921259881
1737.0378388464892,832.7026874374594,-837.9887795275621,-839.8013385826811
1731.5941861173073,835.9721132225278,-840.9887795275621,-842.439685039374
1726.3291022498258,839.5219571442215,-843.9887795275621,-845.078031496067
1721.257018472954,843.3424893270977,-846.9887795275621,-847.7163779527599
1716.391837015768,847.4232379580053,-849.9887795275621,-850.3547244094528
1711.7468930024675,851.7530179885961,-852.9887795275621,-852.9930708661458
1707.3349179017266,856.3199617927656,-855.9887795275621,-855.6314173228387
1702.689973888426,860.6497418233564,-852.9887795275621,-855.6314173228387
1698.2779987876852,865.216685627526,-855.9887795275621,-855.6314173228387
1693.6330547743846,869.5464656581167,-852.9887795275621,-855.6314173228387
1689.2210796736438,874.1134094622863,-855.9887795275621,-855.6314173228387
1684.5761356603432,878.4431894928771,-852.9887795275621,-855.6314173228387
1680.1641605596024,883.0101332970467,-855.9887795275621,-852.9930708661458
1675.5192165463018,887.3399133276374,-852.9887795275621,-850.3547244094528
1670.6540350891157,891.420661958545,-849.9887795275621,-847.7163779527599
1665.581951312244,895.2411941414213,-846.9887795275621,-845.078031496067
1660.3168674447625,898.7910380631149,-843.9887795275621,-842.439685039374
1654.8732147155806,902.0604638481833,-840.9887795275621,-839.8013385826811
1649.2659137984454,905.0405102278045,-837.9887795275621,-837.1629921259881
1643.5103339154118,907.7230091019925,-834.9887795275621,-834.5246456692952
1637.622250710874,910.1006079277913,-831.9887795275621,-831.8862992126022
1631.6178030116198,912.1667898720842,-828.9887795275621,-829.2479527559093
1625.513448591429,913.9158916737806,-825.9887795275621,-826.6096062992164
1619.325919061459,915.3431191664205,-822.9887795275621,-823.9712598425234
1613.2888391929444,916.4064002492834,-819.9887795275621,-821.3329133858305
1607.4227505000808,917.1254993018903,-816.9887795275621,-818.7829133858305
1601.7465334335493,917.5213020477329,-813.9887795275621,-816.3212598425234
1596.2773479506732,917.6156956592655,-810.9887795275621,-813.9479527559092
1591.0400650685483,917.9808915143927,-813.9887795275621,-811.662992125988
1586.0108140669274,918.0676922211585,-810.9887795275621,-809.4663779527597
1581.2037771551586,917.8988842566198,-807.9887795275621,-807.3581102362242
1576.6313219210576,917.4979439466691,-804.9887795275621,-805.3381889763817
1572.3039696473372,916.8889100402832,-801.9887795275621,-803.4066141732321
1567.7984724758937,916.0122144043208,-798.9887795275621,-801.5633858267754
1563.0354142524168,915.3418590062165,-801.9887795275621,-799.6318110236258
1558.0980175699854,914.3811228299876,-798.9887795275621,-797.6118897637833
1553.00421383175,913.1100353128047,-795.9887795275621,-795.5036220472479
1547.7735401093098,911.5097377125519,-792.9887795275621,-793.3070078740195
1542.4270703114223,909.5625960381283,-789.9887795275621,-791.0220472440983
1536.9873389562465,907.2523097390915,-786.9887795275621,-788.6487401574841
1531.4782578066709,904.5640156913003,-783.9887795275621,-786.187086614177
1525.9250256564228,901.4843870309824,-780.9887795275621,-783.6370866141771
1520.2182287070254,898.6996126095346,-783.9887795275621,-780.9987401574841
1514.6649965567774,895.6199839492167,-780.9887795275621,-778.3603937007912
1509.2805502290018,892.2539420981243,-777.9887795275621,-775.7220472440982
1504.0796481168152,888.6107131430006,-774.9887795275621,-773.0837007874053
1499.0765455313965,884.7002829211738,-771.9887795275621,-770.4453543307123
1494.284955629171,880.5333696500712,-768.9887795275621,-767.8070078740194
1489.7180118250014,876.1213945493304,-765.9887795275621,-765.1686614173265
1485.3882317944106,871.4764505360298,-762.9887795275621,-762.5303149606335
1481.307483163503,866.6112690788439,-759.9887795275621,-759.8919685039406
1477.4869509806267,861.539185301972,-756.9887795275621,-757.2536220472476
1473.4062023497193,856.6740038447861,-759.9887795275621,-757.2536220472476
1469.5856701668429,851.6019200679142,-756.9887795275621,-757.2536220472476
1465.5049215359354,846.7367386107283,-759.9887795275621,-757.2536220472476
1461.684389353059,841.6646548338564,-756.9887795275621,-757.2536220472476
1457.6036407221516,836.7994733766704,-759.9887795275621,-757.2536220472476
1453.7831085392752,831.7273895997986,-756.9887795275621,-757.2536220472476
1449.7023599083677,826.8622081426126,-759.9887795275621,-759.8919685039406
1445.3725798777768,822.2172641293121,-762.9887795275621,-762.5303149606335
1440.8056360736073,817.8052890285712,-765.9887795275621,-765.1686614173265
1436.0140461713818,813.6383757574687,-768.9887795275621,-767.8070078740194
1431.010943585963,809.7279455356419,-771.9887795275621,-770.4453543307123
1425.8100414737764,806.0847165805181,-774.9887795275621,-773.0837007874053
1420.425595146001,802.7186747294257,-777.9887795275621,-775.7220472440982
1414.8723629957528,799.6390460691078,-780.9887795275621,-778.3603937007912
1409.1655660463555,796.8542716476601,-783.9887795275621,-780.9987401574841
1403.6123338961074,793.7746429873422,-780.9887795275621,-783.6370866141771
1397.90553694671,790.9898685658944,-783.9887795275621,-786.27543307087
1392.0608171319273,788.5075812564386,-786.9887795275621,-788.913779527563
1386.0941944225099,786.3345848359482,-789.9887795275621,-791.5521259842559
1380.0220229165693,784.4768353365689,-792.9887795275621,-794.1904724409488
1373.8609460141322,782.9394247205478,-795.9887795275621,-796.8288188976418
1367.6278507987367,781.7265669235192,-798.9887795275621,-799.4671653543347
1361.3398217511112,780.8415863044,-801.9887795275621,-802.1055118110277
1355.0140939217995,780.2869085335532,-804.9887795275621,-804.7438582677206
1348.668005691086,780.0640539441933,-807.9887795275621,-807.3822047244136
1342.3189512456997,780.1736333652595,-810.9887795275621,-810.0205511811065
1335.9843329025582,780.6153464471753,-813.9887795275621,-812.6588976377994
1329.6815134102262,781.3879824850862,-816.9887795275621,-815.2972440944924
1323.4277683588284,782.4894237373178,-819.9887795275621,-817.9355905511853
1317.2402388288583,783.9166512299577,-822.9887795275621,-820.5739370078783
1311.1358844086676,785.665753031654,-825.9887795275621,-823.2122834645712
1304.9483548786975,787.0929805242939,-822.9887795275621,-825.8506299212642
1298.8440004585068,788.8420823259903,-825.9887795275621,-828.4889763779571
1292.8395527592527,790.9082642702832,-828.9887795275621,-831.12732283465
1286.9514695547148,793.285863096082,-831.9887795275621,-833.765669291343
1281.1958896716812,795.96836197027,-834.9887795275621,-836.4040157480359
1275.588588754546,798.9484083498912,-837.9887795275621,-839.0423622047289
1270.1449360253641,802.2178341349596,-840.9887795275621,-841.6807086614218
1264.8798521578826,805.7676780566533,-843.9887795275621,-844.3190551181148
1259.8077683810109,809.5882102395295,-846.9887795275621,-846.9574015748077
1254.9425869238248,813.6689588704371,-849.9887795275621,-849.5957480315006
1250.2976429105242,817.9987389010279,-852.9887795275621,-852.2340944881936
1245.8856678097834,822.5656827051974,-855.9887795275621,-854.8724409448865
1241.7187545386807,827.3572726074229,-858.9887795275621,-857.5107874015795
1237.808324316854,832.3603751928416,-861.9887795275621,-860.1491338582724
1234.1650953617302,837.5612773050283,-864.9887795275621,-862.7874803149654
1230.7990535106378,842.9457236328037,-867.9887795275621,-865.4258267716583
1227.71942485032,848.4989557830518,-870.9887795275621,-868.0641732283513
1224.3533829992275,853.8834021108272,-867.9887795275621,-870.7025196850442
1221.2737543389096,859.4366342610753,-870.9887795275621,-870.7025196850442
1217.9077124878172,864.8210805888507,-867.9887795275621,-870.7025196850442
1214.8280838274993,870.3743127390987,-870.9887795275621,-870.7025196850442
1211.462041976407,875.7587590668742,-867.9887795275621,-870.7025196850442
1208.382413316089,881.3119912171222,-870.9887795275621,-870.7025196850442
1205.0163714649966,886.6964375448977,-867.9887795275621,-870.7025196850442
1201.9367428046787,892.2496696951457,-870.9887795275621,-870.7025196850442
1198.5707009535863,897.6341160229211,-867.9887795275621,-870.7025196850442
1195.4910722932684,903.1873481731692,-870.9887795275621,-870.7025196850442
1192.7062978718207,908.8941451225664,-873.9887795275621,-873.3408661417371
1190.2240105623648,914.7388649373493,-876.9887795275621,-875.9792125984301
1188.0510141418745,920.7054876467668,-879.9887795275621,-878.617559055123
1186.193264642495,926.7776591527073,-882.9887795275621,-881.255905511816
1184.655854026474,932.9387360551445,-885.9887795275621,-883.8942519685089
1183.4429962294453,939.1718312705401,-888.9887795275621,-886.5325984252019
1182.5580156103263,945.4598603181657,-891.9887795275621,-889.1709448818948
1181.3451578132976,951.6929555335613,-888.9887795275621,-891.8092913385877
1180.4601771941786,957.9809845811869,-891.9887795275621,-894.4476377952807
1179.9054994233318,964.3067124104987,-894.9887795275621,-894.4476377952807
1179.0205188042128,970.5947414581243,-891.9887795275621,-894.4476377952807
1178.465841033366,976.920469287436,-894.9887795275621,-894.4476377952807
1177.580860414247,983.2084983350617,-891.9887795275621,-894.4476377952807
1177.0261826434,989.5342261643734,-894.9887795275621,-894.4476377952807
1176.141202024281,995.822255211999,-891.9887795275621,-894.4476377952807
1175.5865242534342,1002.1479830413108,-894.9887795275621,-894.4476377952807
1174.7015436343152,1008.4360120889364,-891.9887795275621,-894.4476377952807
1174.1468658634683,1014.7617399182482,-894.9887795275621,-894.4476377952807
1173.2618852443493,1021.0497689658738,-891.9887795275621,-894.4476377952807
1172.7072074735024,1027.3754967951854,-894.9887795275621,-894.4476377952807
1171.8222268543834,1033.663525842811,-891.9887795275621,-894.4476377952807
1171.2675490835366,1039.9892536721227,-894.9887795275621,-894.4476377952807
1170.3825684644175,1046.2772827197482,-891.9887795275621,-894.4476377952807
1169.8278906935707,1052.60301054906,-894.9887795275621,-894.4476377952807
1168.9429100744517,1058.8910395966855,-891.9887795275621,-894.4476377952807
1168.3882323036048,1065.2167674259972,-894.9887795275621,-894.4476377952807
1167.5032516844858,1071.5047964736227,-891.9887795275621,-894.4476377952807
1166.948573913639,1077.8305243029345,-894.9887795275621,-894.4476377952807
1166.06359329452,1084.11855335056,-891.9887795275621,-894.4476377952807
1165.508915523673,1090.4442811798717,-894.9887795275621,-894.4476377952807
1165.2860609343131,1096.7903694105853,-897.9887795275621,-897.0859842519736
1165.3956403553793,1103.1394238559715,-900.9887795275621,-899.7243307086666
1165.8373534372952,1109.474042199113,-903.9887795275621,-902.3626771653595
1166.609989475206,1115.776861691445,-906.9887795275621,-905.0010236220525
1167.7114307274376,1122.0306067428428,-909.9887795275621,-907.6393700787454
1169.1386582200776,1128.218136272813,-912.9887795275621,-910.2777165354383
1170.240099472309,1134.4718813242107,-909.9887795275621,-912.9160629921313
1171.667326964949,1140.6594108541808,-912.9887795275621,-915.5544094488242
1173.4164287666454,1146.7637652743715,-915.9887795275621,-918.1927559055172
1175.4826107109384,1152.7682129736256,-918.9887795275621,-920.8311023622101
1177.860209536737,1158.6562961781635,-921.9887795275621,-923.4694488189031
1180.5427084109251,1164.411876061197,-924.9887795275621,-926.107795275596
1183.5227547905463,1170.0191769783323,-927.9887795275621,-928.746141732289
1186.7921805756148,1175.4628297075142,-930.9887795275621,-931.3844881889819
1190.3420244973086,1180.7279135749957,-933.9887795275621,-934.0228346456748
1194.162556680185,1185.7999973518674,-936.9887795275621,-936.6611811023678
1198.2433053110924,1190.6651788090535,-939.9887795275621,-939.2995275590607
1202.5730853416833,1195.310122822354,-942.9887795275621,-941.9378740157537
1207.1400291458528,1199.722097923095,-945.9887795275621,-944.5762204724466
1211.9316190480783,1203.8890111941976,-948.9887795275621,-947.2145669291396
1216.934721633497,1207.7994414160244,-951.9887795275621,-949.8529133858325
1222.1356237456837,1211.442670371148,-954.9887795275621,-952.4912598425254
1227.5200700734592,1214.8087122222405,-957.9887795275621,-955.1296062992184
1232.720972185646,1218.4519411773642,-954.9887795275621,-957.7679527559113
1238.1054185134215,1221.8179830284566,-957.9887795275621,-960.4062992126043
1243.6586506636695,1224.8976116887745,-960.9887795275621,-963.0446456692972
1249.3654476130669,1227.6823861102223,-963.9887795275621,-965.6829921259902
1255.2101674278497,1230.1646734196781,-966.9887795275621,-968.3213385826831
1261.176790137267,1232.3376698401685,-969.9887795275621,-970.959685039376
1267.2489616432076,1234.1954193395477,-972.9887795275621,-973.598031496069
1273.4100385456447,1235.7328299555688,-975.9887795275621,-976.2363779527619
1279.6431337610402,1236.9456877525975,-978.9887795275621,-978.8747244094549
1285.9311628086657,1237.8306683717165,-981.9887795275621,-981.5130708661478
1292.2568906379774,1238.3853461425633,-984.9887795275621,-984.1514173228408
1298.602978868691,1238.6082007319233,-987.9887795275621,-986.7897637795337
1304.9520333140772,1238.498621310857,-990.9887795275621,-989.4281102362266
1311.2866516572187,1238.0569082289412,-993.9887795275621,-992.0664566929196
1317.5894711495507,1237.2842721910304,-996.9887795275621,-994.7048031496125
1323.8432162009485,1236.1828309387988,-999.9887795275621,-997.3431496063055
1330.1460356932805,1235.410194900888,-996.9887795275621,-999.9814960629984
1336.3997807446783,1234.3087536486564,-999.9887795275621,-999.9814960629984
1342.7026002370103,1233.5361176107456,-996.9887795275621,-999.9814960629984
1348.956345288408,1232.434676358514,-999.9887795275621,-999.9814960629984
1355.25916478074,1231.6620403206032,-996.9887795275621,-999.9814960629984
1361.2962446492547,1230.5987592377403,-999.9887795275621,-999.9814960629984
1367.1623333421182,1229.8796601851334,-996.9887795275621,-999.9814960629984
1372.7660828448668,1228.8926994410078,-999.9887795275621,-999.9814960629984
1378.1954407382616,1228.227137373705,-996.9887795275621,-999.9814960629984
1383.365859875244,1227.3164969683169,-999.9887795275621,-999.9814960629984
1388.3584869691701,1226.704471886318,-996.9887795275621,-999.9814960629984
1393.0955757403865,1225.8701518196672,-999.9887795275621,-997.873228346463
1398.0882028343126,1225.2581267376684,-996.9887795275621,-995.8533070866205
1403.3254857164375,1224.8929308825411,-993.9887795275621,-993.745039370085
1408.7946711993136,1224.7985372710086,-990.9887795275621,-991.5484251968567
1414.4811660076223,1224.9982290211594,-987.9887795275621,-989.2634645669355
1420.3685756881312,1225.5144724267823,-984.9887795275621,-986.8901574803212
1426.4387517608784,1226.368792300042,-981.9887795275621,-984.4285039370142
1432.6718469762739,1227.5816500970707,-978.9887795275621,-981.8785039370142
1438.9598760238994,1228.4666307161897,-981.9887795275621,-979.2401574803213
1445.1929712392948,1229.6794885132183,-978.9887795275621,-976.6018110236283
1451.354048141732,1231.2168991292394,-975.9887795275621,-973.9634645669354
1457.4262196476725,1233.0746486286187,-972.9887795275621,-971.3251181102424
1463.3928423570899,1235.247645049109,-969.9887795275621,-968.6867716535495
1469.2375621718727,1237.7299323585648,-966.9887795275621,-966.0484251968566
1474.94435912127,1240.5147067800126,-963.9887795275621,-963.4100787401636
1480.497591271518,1243.5943354403305,-960.9887795275621,-960.7717322834707
1485.8820375992937,1246.960377291423,-957.9887795275621,-960.7717322834707
1491.4352697495417,1250.0400059517408,-960.9887795275621,-960.7717322834707
1496.8197160773173,1253.4060478028332,-957.9887795275621,-960.7717322834707
1502.3729482275653,1256.485676463151,-960.9887795275621,-960.7717322834707
1507.7573945553409,1259.8517183142435,-957.9887795275621,-960.7717322834707
1513.310626705589,1262.9313469745614,-960.9887795275621,-960.7717322834707
1518.6950730333645,1266.2973888256538,-957.9887795275621,-960.7717322834707
1524.2483051836125,1269.3770174859717,-960.9887795275621,-960.7717322834707
1529.632751511388,1272.743059337064,-957.9887795275621,-960.7717322834707
1535.185983661636,1275.822687997382,-960.9887795275621,-960.7717322834707
1540.5704299894117,1279.1887298484744,-957.9887795275621,-960.7717322834707
1546.1236621396597,1282.2683585087923,-960.9887795275621,-960.7717322834707
1551.5081084674352,1285.6344003598847,-957.9887795275621,-960.7717322834707
1557.0613406176833,1288.7140290202026,-960.9887795275621,-960.7717322834707
1562.4457869454588,1292.080070871295,-957.9887795275621,-960.7717322834707
1567.999019095707,1295.159699531613,-960.9887795275621,-960.7717322834707
1573.3834654234824,1298.5257413827053,-957.9887795275621,-960.7717322834707
1578.9366975737305,1301.6053700430232,-960.9887795275621,-960.7717322834707
1584.321143901506,1304.9714118941156,-957.9887795275621,-960.7717322834707
1589.874376051754,1308.0510405544335,-960.9887795275621,-963.4100787401636
1595.5811730011515,1310.8358149758812,-963.9887795275621,-966.0484251968566
1601.4258928159343,1313.318102285337,-966.9887795275621,-968.6867716535495
1607.3925155253517,1315.4910987058274,-969.9887795275621,-971.3251181102424
1613.4646870312922,1317.3488482052067,-972.9887795275621,-973.9634645669354
1619.6257639337293,1318.8862588212278,-975.9887795275621,-976.6018110236283
1625.8588591491248,1320.0991166182564,-978.9887795275621,-979.2401574803213
1632.1468881967503,1320.9840972373754,-981.9887795275621,-981.8785039370142
1638.472616026062,1321.5387750082223,-984.9887795275621,-984.5168503937072
1644.8187042567756,1321.7616295975822,-987.9887795275621,-987.1551968504001
1651.1677587021618,1321.652050176516,-990.9887795275621,-989.793543307093
1657.5023770453033,1321.2103370946002,-993.9887795275621,-992.431889763786
1663.8051965376353,1320.4377010566893,-996.9887795275621,-995.0702362204789
1670.058941589033,1319.3362598044578,-999.9887795275621,-997.7085826771719
1676.2464711190032,1317.9090323118178,-1002.9887795275621,-1000.3469291338648
1682.500216170401,1316.8075910595862,-999.9887795275621,-1002.9852755905578
1688.6877457003711,1315.3803635669462,-1002.9887795275621,-1005.6236220472507
1694.7921001205618,1313.6312617652497,-1005.9887795275621,-1008.2619685039436
1700.796547819816,1311.5650798209567,-1008.9887795275621,-1010.9003149606366
1706.6846310243538,1309.187480995158,-1011.9887795275621,-1013.5386614173295
1712.4402109073874,1306.50498212097,-1014.9887795275621,-1016.1770078740225
1718.0475118245226,1303.5249357413488,-1017.9887795275621,-1018.8153543307154
1723.4911645537045,1300.2555099562805,-1020.9887795275621,-1021.4537007874084
1728.756248421186,1296.7056660345868,-1023.9887795275621,-1024.0920472441012
1733.8283321980578,1292.8851338517104,-1026.9887795275622,-1026.7303937007941
1738.6935136552438,1288.804385220803,-1029.9887795275622,-1029.368740157487
1743.3384576685444,1284.474605190212,-1032.9887795275622,-1032.00708661418
1747.7504327692852,1279.9076613860425,-1035.9887795275622,-1034.645433070873
1751.9173460403879,1275.116071483817,-1038.9887795275622,-1037.283779527566
1755.8277762622147,1270.1129688983983,-1041.9887795275622,-1039.9221259842589
1759.4710052173384,1264.9120667862117,-1044.9887795275622,-1042.5604724409518
1762.8370470684308,1259.527620458436,-1047.9887795275622,-1045.1988188976447
1766.4802760235546,1254.3267183462494,-1044.9887795275622,-1045.1988188976447
1769.846317874647,1248.942272018474,-1047.9887795275622,-1045.1988188976447
1773.4895468297707,1243.7413699062872,-1044.9887795275622,-1045.1988188976447
1776.855588680863,1238.3569235785117,-1047.9887795275622,-1045.1988188976447
1780.4988176359868,1233.156021466325,-1044.9887795275622,-1045.1988188976447
1783.8648594870792,1227.7715751385495,-1047.9887795275622,-1045.1988188976447
1787.508088442203,1222.5706730263628,-1044.9887795275622,-1045.1988188976447
1790.8741302932954,1217.1862266985872,-1047.9887795275622,-1045.1988188976447
1794.517359248419,1211.9853245864006,-1044.9887795275622,-1045.1988188976447
1797.8834010995115,1206.600878258625,-1047.9887795275622,-1045.1988188976447
1801.5266300546352,1201.3999761464383,-1044.9887795275622,-1045.1988188976447
1804.8926719057276,1196.0155298186628,-1047.9887795275622,-1045.1988188976447
1808.5359008608514,1190.8146277064761,-1044.9887795275622,-1045.1988188976447
1811.9019427119438,1185.4301813787006,-1047.9887795275622,-1045.1988188976447
1815.5451716670675,1180.229279266514,-1044.9887795275622,-1045.1988188976447
1818.91121351816,1174.8448329387384,-1047.9887795275622,-1045.1988188976447
1822.5544424732836,1169.6439308265517,-1044.9887795275622,-1042.5604724409518
1826.4648726951104,1164.640828241133,-1041.9887795275622,-1039.9221259842589
1830.631785966213,1159.8492383389075,-1038.9887795275622,-1037.283779527566
1835.043761066954,1155.282294534738,-1035.9887795275622,-1034.645433070873
1839.6887050802545,1150.952514504147,-1032.9887795275622,-1032.00708661418
1844.5538865374406,1146.8717658732396,-1029.9887795275622,-1029.368740157487
1849.6259703143123,1143.0512336903632,-1026.9887795275622,-1026.7303937007941
1854.8910541817938,1139.5013897686695,-1023.9887795275622,-1024.0920472441012
1860.3347069109757,1136.231963983601,-1020.9887795275622,-1021.4537007874083
1865.942007828111,1133.2519176039798,-1017.9887795275622,-1018.8153543307153
1871.6975877111445,1130.5694187297918,-1014.9887795275622,-1016.1770078740224
1877.5856709156824,1128.191819903993,-1011.9887795275622,-1013.5386614173294
1883.5901186149365,1126.1256379597,-1008.9887795275622,-1010.9003149606365
1889.6944730351272,1124.3765361580035,-1005.9887795275622,-1008.2619685039435
1895.8820025650973,1122.9493086653636,-1002.9887795275622,-1005.6236220472506
1902.135747616495,1121.847867413132,-999.9887795275622,-1002.9852755905576
1908.3232771464652,1120.420639920492,-1002.9887795275622,-1000.3469291338647
1914.577022197863,1119.3191986682605,-999.9887795275622,-997.7085826771718
1920.879841690195,1118.5465626303494,-996.9887795275622,-995.0702362204788
1927.2144600333365,1118.1048495484335,-993.9887795275622,-992.4318897637859
1933.5635144787227,1117.9952701273673,-990.9887795275622,-989.7935433070929
1939.9096027094363,1118.218124716727,-987.9887795275622,-987.1551968504
1946.235330538748,1118.772802487574,-984.9887795275622,-984.516850393707
1952.5233595863735,1119.657783106693,-981.9887795275622,-981.8785039370141
1958.756454801769,1120.8706409037216,-978.9887795275622,-979.2401574803212
1964.917531704206,1122.4080515197427,-975.9887795275622,-976.6018110236282
1970.9897032101467,1124.265801019122,-972.9887795275622,-973.9634645669353
1976.956325919564,1126.4387974396122,-969.9887795275622,-971.3251181102423
1982.8010457343469,1128.921084749068,-966.9887795275622,-968.6867716535494
1988.5078426837442,1131.7058591705159,-963.9887795275622,-966.0484251968564
1994.0610748339923,1134.7854878308337,-960.9887795275622,-963.4100787401635
1999.4455211617678,1138.1515296819261,-957.9887795275622,-960.7717322834706
2004.9987533120159,1141.231158342244,-960.9887795275622,-958.1333858267776
2010.3831996397914,1144.5972001933364,-957.9887795275622,-958.1333858267776
2015.9364317900395,1147.6768288536543,-960.9887795275622,-958.1333858267776
2021.320878117815,1151.0428707047467,-957.9887795275622,-958.1333858267776
2026.874110268063,1154.1224993650646,-960.9887795275622,-958.1333858267776
2032.2585565958386,1157.488541216157,-957.9887795275622,-958.1333858267776
2037.8117887460867,1160.568169876475,-960.9887795275622,-958.1333858267776
2043.1962350738622,1163.9342117275673,-957.9887795275622,-958.1333858267776
2048.7494672241105,1167.0138403878852,-960.9887795275622,-958.1333858267776
2054.133913551886,1170.3798822389776,-957.9887795275622,-958.1333858267776
2059.6871457021343,1173.4595108992955,-960.9887795275622,-958.1333858267776
2065.07159202991,1176.825552750388,-957.9887795275622,-958.1333858267776
2070.624824180158,1179.9051814107058,-960.9887795275622,-958.1333858267776
2076.0092705079337,1183.2712232617982,-957.9887795275622,-960.7717322834706
2081.562502658182,1186.3508519221161,-960.9887795275622,-963.4100787401635
2087.2692996075793,1189.135626343564,-963.9887795275622,-966.0484251968564
2093.114019422362,1191.6179136530197,-966.9887795275622,-968.6867716535494
2099.0806421317798,1193.79091007351,-969.9887795275622,-971.3251181102423
2105.15281363772,1195.6486595728893,-972.9887795275622,-973.9634645669353
2111.3138905401574,1197.1860701889104,-975.9887795275622,-976.6018110236282
2117.546985755553,1198.398927985939,-978.9887795275622,-979.2401574803212
2123.8350148031786,1199.283908605058,-981.9887795275622,-981.8785039370141
2130.1607426324904,1199.838586375905,-984.9887795275622,-984.516850393707
2136.506830863204,1200.0614409652646,-987.9887795275622,-987.1551968504
2142.85588530859,1199.9518615441984,-990.9887795275622,-989.7935433070929
2149.1905036517314,1199.5101484622826,-993.9887795275622,-992.4318897637859
2155.4933231440637,1198.7375124243715,-996.9887795275622,-995.0702362204788
2161.827941487205,1198.2957993424557,-993.9887795275622,-995.0702362204788
2168.130760979537,1197.5231633045446,-996.9887795275622,-995.0702362204788
2174.4653793226785,1197.0814502226287,-993.9887795275622,-995.0702362204788
2180.7681988150107,1196.3088141847177,-996.9887795275622,-995.0702362204788
2187.102817158152,1195.8671011028018,-993.9887795275622,-995.0702362204788
2193.405636650484,1195.0944650648908,-996.9887795275622,-995.0702362204788
2199.7402549936255,1194.652751982975,-993.9887795275622,-995.0702362204788
2206.0430744859577,1193.8801159450638,-996.9887795275622,-995.0702362204788
2212.377692829099,1193.438402863148,-993.9887795275622,-995.0702362204788
2218.6805123214313,1192.665766825237,-996.9887795275622,-995.0702362204788
2225.0151306645726,1192.224053743321,-993.9887795275622,-995.0702362204788
2231.3179501569048,1191.45141770541,-996.9887795275622,-995.0702362204788
2237.652568500046,1191.0097046234941,-993.9887795275622,-995.0702362204788
2243.9553879923783,1190.237068585583,-996.9887795275622,-995.0702362204788
2250.2900063355196,1189.7953555036672,-993.9887795275622,-995.0702362204788
2256.592825827852,1189.0227194657562,-996.9887795275622,-995.0702362204788
2262.927444170993,1188.5810063838403,-993.9887795275622,-995.0702362204788
2269.2302636633253,1187.8083703459292,-996.9887795275622,-997.7085826771718
2275.484008714723,1186.7069290936977,-999.9887795275622,-1000.3469291338647
2281.6715382446932,1185.2797016010577,-1002.9887795275622,-1002.9852755905576
2287.775892664884,1183.5305997993612,-1005.9887795275622,-1005.6236220472506
2293.780340364138,1181.4644178550682,-1008.9887795275622,-1008.2619685039435
2299.6684235686757,1179.0868190292695,-1011.9887795275622,-1010.9003149606365
2305.4240034517093,1176.4043201550815,-1014.9887795275622,-1013.5386614173294
2311.1073914069,1173.5720769891807,-1016.4887795275622,-1016.1770078740224
2316.7146923240357,1170.5920306095595,-1017.9887795275622,-1018.8153543307153
2322.2420632391577,1167.4662233911497,-1019.4887795275622,-1021.4537007874083
2327.6857159683395,1164.1967976060812,-1020.9887795275622,-1024.0920472441012
2333.0419197039173,1160.7859939554758,-1022.4887795275622,-1026.7303937007941
2338.307003571399,1157.236150033782,-1023.9887795275622,-1029.368740157487
2343.4773591452986,1153.5496987267052,-1025.4887795275622,-1032.00708661418
2348.5494429221703,1149.7291665438288,-1026.9887795275622,-1034.645433070873
2353.51977874915,1145.7771718870713,-1028.4887795275622,-1037.283779527566
2358.384960206336,1141.6964232561638,-1029.9887795275622,-1039.9221259842589
2363.1416529413787,1137.48971739238,-1031.4887795275622,-1042.5604724409518
2367.786596954679,1133.1599373617892,-1032.9887795275622,-1045.1988188976447
2372.316608833631,1128.7100505793471,-1034.4887795275622,-1047.8371653543377
2376.7285839343717,1124.1431067751776,-1035.9887795275622,-1050.4755118110306
2381.1681601168793,1119.300064000257,-1037.4887795275622,-1053.1138582677236
2385.6238043862945,1114.176458419767,-1038.9887795275622,-1055.8405511811095
2390.067866176388,1108.7875309006934,-1040.4887795275622,-1058.6555905511882
2394.369339420398,1103.2841180567327,-1041.9887795275622,-1061.548937007881
2398.5252761034253,1097.6699916521468,-1043.4887795275622,-1064.4422834645738
2402.4066058485296,1092.1291880633369,-1044.9887795275622,-1067.3356299212667
2406.0201021685625,1086.672112899377,-1046.4887795275622,-1070.1406299212667
2409.372891886383,1081.3088651791911,-1047.9887795275622,-1072.8572834645738
2412.472443668843,1076.049226052041,-1049.4887795275622,-1075.485590551188
2415.3265562146653,1070.9026479096456,-1050.9887795275622,-1078.0255511811092
2417.9433461088915,1065.8782439002653,-1052.4887795275622,-1080.4771653543376
2420.331235356889,1060.9847778546798,-1053.9887795275622,-1082.840433070873
2422.498938611188,1056.2306546335903,-1055.4887795275622,-1085.1153543307155
2424.4554501047037,1051.6239109055607,-1056.9887795275622,-1087.301929133865
2426.2100303041616,1047.172206364189,-1058.4887795275622,-1089.4001574803217
2427.77219229779,1042.882815392773,-1059.9887795275622,-1091.4100393700855
2429.151687931595,1038.7626191843003,-1061.4887795275622,-1093.3315748031564
2430.3584937087508,1034.818098324142,-1062.9887795275622,-1095.1647637795343
2431.402796466849,1031.0553258423902,-1064.4887795275622,-1096.9096062992194
2432.2949788479573,1027.4799607423145,-1065.9887795275622,-1098.5661023622115
2433.0456045766173,1024.0972420109574,-1067.4887795275622,-1100.1342519685106
2433.665403561083,1020.9119831174206,-1068.9887795275622,-1101.614055118117
2434.1900429459342,1017.7806290148217,-1070.4887795275622,-1103.0055118110304
2434.632533255494,1014.6366144910089,-1071.9887795275622,-1104.3688582677232
2434.992571229007,1011.4820942964898,-1073.4887795275622,-1105.732204724416
2435.2699101144303,1008.3192303818339,-1074.9887795275622,-1107.095551181109
2435.4643598375455,1005.1501904159799,-1076.4887795275622,-1108.4588976378018
2435.5757871322253,1001.9771463006231,-1077.9887795275622,-1109.8222440944946
2435.604115631768,998.8022726817031,-1079.4887795275622,-1111.1855905511875
2435.549325921235,995.62774545901,-1080.9887795275622,-1112.5489370078803
2435.4114555507567,992.4557402949309,-1082.4887795275622,-1113.9122834645732
2435.190599009799,989.2884311233602,-1083.9887795275622,-1115.275629921266
2434.8869076624023,986.1279886597933,-1085.4887795275622,-1116.638976377959
2434.500589643447,982.9765789136273,-1086.9887795275622,-1118.0023228346517
2434.0319097160054,979.8363617036857,-1088.4887795275622,-1119.3656692913446
2433.4811890898895,976.7094891779868,-1089.9887795275622,-1120.7290157480375
2432.8488052015073,973.598104338769,-1091.4887795275622,-1122.0923622047303
